ISO-10303-21;
HEADER;
FILE_DESCRIPTION(('shape.step'),'2;1');
FILE_NAME('shape.step','2026-06-25',('tscircuit'),('tscircuit'),'generator','','');
FILE_SCHEMA(('AUTOMOTIVE_DESIGN { 1 0 10303 214 1 1 1 1 }'));
ENDSEC;
DATA;
#1 = APPLICATION_CONTEXT('core data for automotive mechanical design processes');
#2 = APPLICATION_PROTOCOL_DEFINITION('international standard','automotive_design',2000,#1);
#3 = PRODUCT_CONTEXT('',#1,'mechanical');
#4 = PRODUCT('shape','shape','',(#3));
#5 = PRODUCT_DEFINITION_CONTEXT('part definition',#1,'design');
#6 = PRODUCT_DEFINITION_FORMATION('','',#4);
#7 = PRODUCT_DEFINITION('design','',#6,#5);
#8 = PRODUCT_DEFINITION_SHAPE('','',#7);
#9 = (
LENGTH_UNIT()
NAMED_UNIT(*)
SI_UNIT(.MILLI.,.METRE.)
);
#10 = (
NAMED_UNIT(*)
PLANE_ANGLE_UNIT()
SI_UNIT($,.RADIAN.)
);
#11 = (
NAMED_UNIT(*)
SI_UNIT($,.STERADIAN.)
SOLID_ANGLE_UNIT()
);
#12 = UNCERTAINTY_MEASURE_WITH_UNIT(LENGTH_MEASURE(1.E-07),#9,'distance_accuracy_value','confusion accuracy');
#13 = (
GEOMETRIC_REPRESENTATION_CONTEXT(3)
GLOBAL_UNCERTAINTY_ASSIGNED_CONTEXT((#12))
GLOBAL_UNIT_ASSIGNED_CONTEXT((#9,#10,#11))
REPRESENTATION_CONTEXT('Context #1','3D
Context with
TORTURE://UNITS')
);
#14 = CARTESIAN_POINT('',(0.,0.,0.));
#15 = DIRECTION('',(0.,0.,1.));
#16 = DIRECTION('',(1.,0.,0.));
#17 = AXIS2_PLACEMENT_3D('',#14,#15,#16);
#18 = CARTESIAN_POINT('',(-12.7,-1.27,-3.6));
#19 = VERTEX_POINT('',#18);
#20 = CARTESIAN_POINT('',(-12.7,-1.27,-1.6));
#21 = VERTEX_POINT('',#20);
#22 = CARTESIAN_POINT('',(-12.7,1.27,-1.6));
#23 = VERTEX_POINT('',#22);
#24 = CARTESIAN_POINT('',(-12.7,1.27,-3.6));
#25 = VERTEX_POINT('',#24);
#26 = DIRECTION('',(0.,0.,-1.));
#27 = VECTOR('',#26,1.);
#28 = LINE('',#20,#27);
#29 = EDGE_CURVE('',#21,#19,#28,.T.);
#30 = ORIENTED_EDGE('',*,*,#29,.F.);
#31 = DIRECTION('',(0.,1.,0.));
#32 = VECTOR('',#31,1.);
#33 = LINE('',#20,#32);
#34 = EDGE_CURVE('',#21,#23,#33,.T.);
#35 = ORIENTED_EDGE('',*,*,#34,.T.);
#36 = DIRECTION('',(0.,0.,-1.));
#37 = VECTOR('',#36,1.);
#38 = LINE('',#22,#37);
#39 = EDGE_CURVE('',#23,#25,#38,.T.);
#40 = ORIENTED_EDGE('',*,*,#39,.T.);
#41 = DIRECTION('',(0.,1.,0.));
#42 = VECTOR('',#41,1.);
#43 = LINE('',#18,#42);
#44 = EDGE_CURVE('',#19,#25,#43,.T.);
#45 = ORIENTED_EDGE('',*,*,#44,.F.);
#46 = CARTESIAN_POINT('',(-12.7,-1.27,-3.6));
#47 = DIRECTION('',(-1.,0.,0.));
#48 = DIRECTION('',(0.,0.,1.));
#49 = AXIS2_PLACEMENT_3D('',#46,#47,#48);
#50 = PLANE('',#49);
#51 = EDGE_LOOP('',(#30,#35,#40,#45));
#52 = FACE_OUTER_BOUND('',#51,.T.);
#53 = ADVANCED_FACE('',(#52),#50,.T.);
#54 = CARTESIAN_POINT('',(-10.16,-1.27,-3.6));
#55 = VERTEX_POINT('',#54);
#56 = CARTESIAN_POINT('',(-10.16,1.27,-3.6));
#57 = VERTEX_POINT('',#56);
#58 = CARTESIAN_POINT('',(-10.16,1.27,-1.6));
#59 = VERTEX_POINT('',#58);
#60 = CARTESIAN_POINT('',(-10.16,-1.27,-1.6));
#61 = VERTEX_POINT('',#60);
#62 = DIRECTION('',(0.,1.,0.));
#63 = VECTOR('',#62,1.);
#64 = LINE('',#54,#63);
#65 = EDGE_CURVE('',#55,#57,#64,.T.);
#66 = ORIENTED_EDGE('',*,*,#65,.T.);
#67 = DIRECTION('',(0.,0.,-1.));
#68 = VECTOR('',#67,1.);
#69 = LINE('',#58,#68);
#70 = EDGE_CURVE('',#59,#57,#69,.T.);
#71 = ORIENTED_EDGE('',*,*,#70,.F.);
#72 = DIRECTION('',(0.,1.,0.));
#73 = VECTOR('',#72,1.);
#74 = LINE('',#60,#73);
#75 = EDGE_CURVE('',#61,#59,#74,.T.);
#76 = ORIENTED_EDGE('',*,*,#75,.F.);
#77 = DIRECTION('',(0.,0.,-1.));
#78 = VECTOR('',#77,1.);
#79 = LINE('',#60,#78);
#80 = EDGE_CURVE('',#61,#55,#79,.T.);
#81 = ORIENTED_EDGE('',*,*,#80,.T.);
#82 = CARTESIAN_POINT('',(-10.16,-1.27,-3.6));
#83 = DIRECTION('',(1.,0.,0.));
#84 = DIRECTION('',(0.,1.,0.));
#85 = AXIS2_PLACEMENT_3D('',#82,#83,#84);
#86 = PLANE('',#85);
#87 = EDGE_LOOP('',(#66,#71,#76,#81));
#88 = FACE_OUTER_BOUND('',#87,.T.);
#89 = ADVANCED_FACE('',(#88),#86,.T.);
#90 = DIRECTION('',(-1.,0.,0.));
#91 = VECTOR('',#90,1.);
#92 = LINE('',#54,#91);
#93 = EDGE_CURVE('',#55,#19,#92,.T.);
#94 = ORIENTED_EDGE('',*,*,#93,.F.);
#95 = ORIENTED_EDGE('',*,*,#80,.F.);
#96 = DIRECTION('',(-1.,0.,0.));
#97 = VECTOR('',#96,1.);
#98 = LINE('',#60,#97);
#99 = EDGE_CURVE('',#61,#21,#98,.T.);
#100 = ORIENTED_EDGE('',*,*,#99,.T.);
#101 = ORIENTED_EDGE('',*,*,#29,.T.);
#102 = CARTESIAN_POINT('',(-12.7,-1.27,-3.6));
#103 = DIRECTION('',(0.,-1.,0.));
#104 = DIRECTION('',(1.,0.,0.));
#105 = AXIS2_PLACEMENT_3D('',#102,#103,#104);
#106 = PLANE('',#105);
#107 = EDGE_LOOP('',(#94,#95,#100,#101));
#108 = FACE_OUTER_BOUND('',#107,.T.);
#109 = ADVANCED_FACE('',(#108),#106,.T.);
#110 = ORIENTED_EDGE('',*,*,#39,.F.);
#111 = DIRECTION('',(-1.,0.,0.));
#112 = VECTOR('',#111,1.);
#113 = LINE('',#58,#112);
#114 = EDGE_CURVE('',#59,#23,#113,.T.);
#115 = ORIENTED_EDGE('',*,*,#114,.F.);
#116 = ORIENTED_EDGE('',*,*,#70,.T.);
#117 = DIRECTION('',(-1.,0.,0.));
#118 = VECTOR('',#117,1.);
#119 = LINE('',#56,#118);
#120 = EDGE_CURVE('',#57,#25,#119,.T.);
#121 = ORIENTED_EDGE('',*,*,#120,.T.);
#122 = CARTESIAN_POINT('',(-12.7,1.27,-3.6));
#123 = DIRECTION('',(0.,1.,0.));
#124 = DIRECTION('',(0.,0.,1.));
#125 = AXIS2_PLACEMENT_3D('',#122,#123,#124);
#126 = PLANE('',#125);
#127 = EDGE_LOOP('',(#110,#115,#116,#121));
#128 = FACE_OUTER_BOUND('',#127,.T.);
#129 = ADVANCED_FACE('',(#128),#126,.T.);
#130 = ORIENTED_EDGE('',*,*,#44,.T.);
#131 = ORIENTED_EDGE('',*,*,#120,.F.);
#132 = ORIENTED_EDGE('',*,*,#65,.F.);
#133 = ORIENTED_EDGE('',*,*,#93,.T.);
#134 = CARTESIAN_POINT('',(-12.7,-1.27,-3.6));
#135 = DIRECTION('',(0.,0.,-1.));
#136 = DIRECTION('',(0.,1.,0.));
#137 = AXIS2_PLACEMENT_3D('',#134,#135,#136);
#138 = PLANE('',#137);
#139 = EDGE_LOOP('',(#130,#131,#132,#133));
#140 = FACE_OUTER_BOUND('',#139,.T.);
#141 = ADVANCED_FACE('',(#140),#138,.T.);
#142 = ORIENTED_EDGE('',*,*,#99,.F.);
#143 = ORIENTED_EDGE('',*,*,#75,.T.);
#144 = ORIENTED_EDGE('',*,*,#114,.T.);
#145 = ORIENTED_EDGE('',*,*,#34,.F.);
#146 = CARTESIAN_POINT('',(-12.7,-1.27,-1.6));
#147 = DIRECTION('',(0.,0.,1.));
#148 = DIRECTION('',(1.,0.,0.));
#149 = AXIS2_PLACEMENT_3D('',#146,#147,#148);
#150 = PLANE('',#149);
#151 = EDGE_LOOP('',(#142,#143,#144,#145));
#152 = FACE_OUTER_BOUND('',#151,.T.);
#153 = ADVANCED_FACE('',(#152),#150,.T.);
#154 = CLOSED_SHELL('',(#53,#89,#109,#129,#141,#153));
#155 = MANIFOLD_SOLID_BREP('',#154);
#156 = COLOUR_RGB('',0.13333333333333333,0.13333333333333333,0.13333333333333333);
#157 = FILL_AREA_STYLE_COLOUR('',#156);
#158 = FILL_AREA_STYLE('',(#157));
#159 = SURFACE_STYLE_FILL_AREA(#158);
#160 = SURFACE_SIDE_STYLE('',(#159));
#161 = SURFACE_STYLE_USAGE(.BOTH.,#160);
#162 = PRESENTATION_STYLE_ASSIGNMENT((#161));
#163 = STYLED_ITEM('',(#162),#155);
#164 = CARTESIAN_POINT('',(-11.745,0.315,-2.1500000000000004));
#165 = VERTEX_POINT('',#164);
#166 = CARTESIAN_POINT('',(-11.745,-0.315,-2.1500000000000004));
#167 = VERTEX_POINT('',#166);
#168 = CARTESIAN_POINT('',(-11.745,-0.315,0.5499999999999998));
#169 = VERTEX_POINT('',#168);
#170 = CARTESIAN_POINT('',(-11.745,0.315,0.5499999999999998));
#171 = VERTEX_POINT('',#170);
#172 = DIRECTION('',(0.,1.,0.));
#173 = VECTOR('',#172,1.);
#174 = LINE('',#166,#173);
#175 = EDGE_CURVE('',#167,#165,#174,.T.);
#176 = ORIENTED_EDGE('',*,*,#175,.F.);
#177 = DIRECTION('',(0.,0.,1.));
#178 = VECTOR('',#177,1.);
#179 = LINE('',#166,#178);
#180 = EDGE_CURVE('',#167,#169,#179,.T.);
#181 = ORIENTED_EDGE('',*,*,#180,.T.);
#182 = DIRECTION('',(0.,1.,0.));
#183 = VECTOR('',#182,1.);
#184 = LINE('',#168,#183);
#185 = EDGE_CURVE('',#169,#171,#184,.T.);
#186 = ORIENTED_EDGE('',*,*,#185,.T.);
#187 = DIRECTION('',(0.,0.,1.));
#188 = VECTOR('',#187,1.);
#189 = LINE('',#164,#188);
#190 = EDGE_CURVE('',#165,#171,#189,.T.);
#191 = ORIENTED_EDGE('',*,*,#190,.F.);
#192 = CARTESIAN_POINT('',(-11.745,0.315,-2.1500000000000004));
#193 = DIRECTION('',(-1.,0.,0.));
#194 = DIRECTION('',(0.,-1.,0.));
#195 = AXIS2_PLACEMENT_3D('',#192,#193,#194);
#196 = PLANE('',#195);
#197 = EDGE_LOOP('',(#176,#181,#186,#191));
#198 = FACE_OUTER_BOUND('',#197,.T.);
#199 = ADVANCED_FACE('',(#198),#196,.T.);
#200 = CARTESIAN_POINT('',(-11.115,0.315,0.5499999999999998));
#201 = VERTEX_POINT('',#200);
#202 = CARTESIAN_POINT('',(-11.115,0.315,-2.1500000000000004));
#203 = VERTEX_POINT('',#202);
#204 = DIRECTION('',(0.,0.,1.));
#205 = VECTOR('',#204,1.);
#206 = LINE('',#202,#205);
#207 = EDGE_CURVE('',#203,#201,#206,.T.);
#208 = ORIENTED_EDGE('',*,*,#207,.F.);
#209 = DIRECTION('',(-1.,0.,0.));
#210 = VECTOR('',#209,1.);
#211 = LINE('',#202,#210);
#212 = EDGE_CURVE('',#203,#165,#211,.T.);
#213 = ORIENTED_EDGE('',*,*,#212,.T.);
#214 = ORIENTED_EDGE('',*,*,#190,.T.);
#215 = DIRECTION('',(-1.,0.,0.));
#216 = VECTOR('',#215,1.);
#217 = LINE('',#200,#216);
#218 = EDGE_CURVE('',#201,#171,#217,.T.);
#219 = ORIENTED_EDGE('',*,*,#218,.F.);
#220 = CARTESIAN_POINT('',(-11.115,0.315,0.5499999999999998));
#221 = DIRECTION('',(0.,1.,0.));
#222 = DIRECTION('',(0.,0.,-1.));
#223 = AXIS2_PLACEMENT_3D('',#220,#221,#222);
#224 = PLANE('',#223);
#225 = EDGE_LOOP('',(#208,#213,#214,#219));
#226 = FACE_OUTER_BOUND('',#225,.T.);
#227 = ADVANCED_FACE('',(#226),#224,.T.);
#228 = CARTESIAN_POINT('',(-11.605,0.175,0.8999999999999999));
#229 = VERTEX_POINT('',#228);
#230 = CARTESIAN_POINT('',(-11.605,-0.175,0.8999999999999999));
#231 = VERTEX_POINT('',#230);
#232 = DIRECTION('',(-0.34815531191139293,0.348155311911396,-0.87038827977849));
#233 = VECTOR('',#232,1.);
#234 = LINE('',#228,#233);
#235 = EDGE_CURVE('',#229,#171,#234,.T.);
#236 = ORIENTED_EDGE('',*,*,#235,.T.);
#237 = ORIENTED_EDGE('',*,*,#185,.F.);
#238 = DIRECTION('',(-0.34815531191139293,-0.348155311911396,-0.87038827977849));
#239 = VECTOR('',#238,1.);
#240 = LINE('',#230,#239);
#241 = EDGE_CURVE('',#231,#169,#240,.T.);
#242 = ORIENTED_EDGE('',*,*,#241,.F.);
#243 = DIRECTION('',(0.,1.,0.));
#244 = VECTOR('',#243,1.);
#245 = LINE('',#230,#244);
#246 = EDGE_CURVE('',#231,#229,#245,.T.);
#247 = ORIENTED_EDGE('',*,*,#246,.T.);
#248 = CARTESIAN_POINT('',(-11.605,0.175,0.8999999999999999));
#249 = DIRECTION('',(-0.9284766908852604,0.,0.3713906763541009));
#250 = DIRECTION('',(-0.34815531191139293,0.348155311911396,-0.87038827977849));
#251 = AXIS2_PLACEMENT_3D('',#248,#249,#250);
#252 = PLANE('',#251);
#253 = EDGE_LOOP('',(#236,#237,#242,#247));
#254 = FACE_OUTER_BOUND('',#253,.T.);
#255 = ADVANCED_FACE('',(#254),#252,.T.);
#256 = CARTESIAN_POINT('',(-11.115,-0.315,-2.1500000000000004));
#257 = VERTEX_POINT('',#256);
#258 = CARTESIAN_POINT('',(-11.115,-0.315,0.5499999999999998));
#259 = VERTEX_POINT('',#258);
#260 = DIRECTION('',(0.,1.,0.));
#261 = VECTOR('',#260,1.);
#262 = LINE('',#256,#261);
#263 = EDGE_CURVE('',#257,#203,#262,.T.);
#264 = ORIENTED_EDGE('',*,*,#263,.T.);
#265 = ORIENTED_EDGE('',*,*,#207,.T.);
#266 = DIRECTION('',(0.,1.,0.));
#267 = VECTOR('',#266,1.);
#268 = LINE('',#258,#267);
#269 = EDGE_CURVE('',#259,#201,#268,.T.);
#270 = ORIENTED_EDGE('',*,*,#269,.F.);
#271 = DIRECTION('',(0.,0.,1.));
#272 = VECTOR('',#271,1.);
#273 = LINE('',#256,#272);
#274 = EDGE_CURVE('',#257,#259,#273,.T.);
#275 = ORIENTED_EDGE('',*,*,#274,.F.);
#276 = CARTESIAN_POINT('',(-11.115,-0.315,-2.1500000000000004));
#277 = DIRECTION('',(1.,0.,0.));
#278 = DIRECTION('',(0.,1.,0.));
#279 = AXIS2_PLACEMENT_3D('',#276,#277,#278);
#280 = PLANE('',#279);
#281 = EDGE_LOOP('',(#264,#265,#270,#275));
#282 = FACE_OUTER_BOUND('',#281,.T.);
#283 = ADVANCED_FACE('',(#282),#280,.T.);
#284 = ORIENTED_EDGE('',*,*,#274,.T.);
#285 = DIRECTION('',(-1.,0.,0.));
#286 = VECTOR('',#285,1.);
#287 = LINE('',#258,#286);
#288 = EDGE_CURVE('',#259,#169,#287,.T.);
#289 = ORIENTED_EDGE('',*,*,#288,.T.);
#290 = ORIENTED_EDGE('',*,*,#180,.F.);
#291 = DIRECTION('',(-1.,0.,0.));
#292 = VECTOR('',#291,1.);
#293 = LINE('',#256,#292);
#294 = EDGE_CURVE('',#257,#167,#293,.T.);
#295 = ORIENTED_EDGE('',*,*,#294,.F.);
#296 = CARTESIAN_POINT('',(-11.115,-0.315,-2.1500000000000004));
#297 = DIRECTION('',(0.,-1.,0.));
#298 = DIRECTION('',(0.,0.,1.));
#299 = AXIS2_PLACEMENT_3D('',#296,#297,#298);
#300 = PLANE('',#299);
#301 = EDGE_LOOP('',(#284,#289,#290,#295));
#302 = FACE_OUTER_BOUND('',#301,.T.);
#303 = ADVANCED_FACE('',(#302),#300,.T.);
#304 = ORIENTED_EDGE('',*,*,#294,.T.);
#305 = ORIENTED_EDGE('',*,*,#175,.T.);
#306 = ORIENTED_EDGE('',*,*,#212,.F.);
#307 = ORIENTED_EDGE('',*,*,#263,.F.);
#308 = CARTESIAN_POINT('',(-11.115,-0.315,-2.1500000000000004));
#309 = DIRECTION('',(0.,0.,-1.));
#310 = DIRECTION('',(-1.,0.,0.));
#311 = AXIS2_PLACEMENT_3D('',#308,#309,#310);
#312 = PLANE('',#311);
#313 = EDGE_LOOP('',(#304,#305,#306,#307));
#314 = FACE_OUTER_BOUND('',#313,.T.);
#315 = ADVANCED_FACE('',(#314),#312,.T.);
#316 = CARTESIAN_POINT('',(-11.254999999999999,0.175,0.8999999999999999));
#317 = VERTEX_POINT('',#316);
#318 = DIRECTION('',(-0.34815531191139293,-0.348155311911396,0.87038827977849));
#319 = VECTOR('',#318,1.);
#320 = LINE('',#200,#319);
#321 = EDGE_CURVE('',#201,#317,#320,.T.);
#322 = ORIENTED_EDGE('',*,*,#321,.F.);
#323 = ORIENTED_EDGE('',*,*,#218,.T.);
#324 = ORIENTED_EDGE('',*,*,#235,.F.);
#325 = DIRECTION('',(-1.,0.,0.));
#326 = VECTOR('',#325,1.);
#327 = LINE('',#316,#326);
#328 = EDGE_CURVE('',#317,#229,#327,.T.);
#329 = ORIENTED_EDGE('',*,*,#328,.F.);
#330 = CARTESIAN_POINT('',(-11.254999999999999,0.175,0.8999999999999999));
#331 = DIRECTION('',(0.,0.9284766908852599,0.371390676354102));
#332 = DIRECTION('',(0.34815531191139293,0.348155311911396,-0.87038827977849));
#333 = AXIS2_PLACEMENT_3D('',#330,#331,#332);
#334 = PLANE('',#333);
#335 = EDGE_LOOP('',(#322,#323,#324,#329));
#336 = FACE_OUTER_BOUND('',#335,.T.);
#337 = ADVANCED_FACE('',(#336),#334,.T.);
#338 = CARTESIAN_POINT('',(-11.254999999999999,-0.175,0.8999999999999999));
#339 = VERTEX_POINT('',#338);
#340 = DIRECTION('',(-0.34815531191139293,0.348155311911396,0.87038827977849));
#341 = VECTOR('',#340,1.);
#342 = LINE('',#258,#341);
#343 = EDGE_CURVE('',#259,#339,#342,.T.);
#344 = ORIENTED_EDGE('',*,*,#343,.F.);
#345 = ORIENTED_EDGE('',*,*,#269,.T.);
#346 = ORIENTED_EDGE('',*,*,#321,.T.);
#347 = DIRECTION('',(0.,1.,0.));
#348 = VECTOR('',#347,1.);
#349 = LINE('',#338,#348);
#350 = EDGE_CURVE('',#339,#317,#349,.T.);
#351 = ORIENTED_EDGE('',*,*,#350,.F.);
#352 = CARTESIAN_POINT('',(-11.254999999999999,-0.175,0.8999999999999999));
#353 = DIRECTION('',(0.9284766908852604,0.,0.3713906763541009));
#354 = DIRECTION('',(0.34815531191139293,-0.348155311911396,-0.87038827977849));
#355 = AXIS2_PLACEMENT_3D('',#352,#353,#354);
#356 = PLANE('',#355);
#357 = EDGE_LOOP('',(#344,#345,#346,#351));
#358 = FACE_OUTER_BOUND('',#357,.T.);
#359 = ADVANCED_FACE('',(#358),#356,.T.);
#360 = ORIENTED_EDGE('',*,*,#350,.T.);
#361 = ORIENTED_EDGE('',*,*,#328,.T.);
#362 = ORIENTED_EDGE('',*,*,#246,.F.);
#363 = DIRECTION('',(-1.,0.,0.));
#364 = VECTOR('',#363,1.);
#365 = LINE('',#338,#364);
#366 = EDGE_CURVE('',#339,#231,#365,.T.);
#367 = ORIENTED_EDGE('',*,*,#366,.F.);
#368 = CARTESIAN_POINT('',(-11.254999999999999,-0.175,0.8999999999999999));
#369 = DIRECTION('',(0.,0.,1.));
#370 = DIRECTION('',(0.,1.,0.));
#371 = AXIS2_PLACEMENT_3D('',#368,#369,#370);
#372 = PLANE('',#371);
#373 = EDGE_LOOP('',(#360,#361,#362,#367));
#374 = FACE_OUTER_BOUND('',#373,.T.);
#375 = ADVANCED_FACE('',(#374),#372,.T.);
#376 = ORIENTED_EDGE('',*,*,#366,.T.);
#377 = ORIENTED_EDGE('',*,*,#241,.T.);
#378 = ORIENTED_EDGE('',*,*,#288,.F.);
#379 = ORIENTED_EDGE('',*,*,#343,.T.);
#380 = CARTESIAN_POINT('',(-11.254999999999999,-0.175,0.8999999999999999));
#381 = DIRECTION('',(0.,-0.9284766908852599,0.3713906763541022));
#382 = DIRECTION('',(-1.,0.,0.));
#383 = AXIS2_PLACEMENT_3D('',#380,#381,#382);
#384 = PLANE('',#383);
#385 = EDGE_LOOP('',(#376,#377,#378,#379));
#386 = FACE_OUTER_BOUND('',#385,.T.);
#387 = ADVANCED_FACE('',(#386),#384,.T.);
#388 = CLOSED_SHELL('',(#199,#227,#255,#283,#303,#315,#337,#359,#375,#387));
#389 = MANIFOLD_SOLID_BREP('',#388);
#390 = CARTESIAN_POINT('',(-11.115,0.315,-3.6000000000000005));
#391 = VERTEX_POINT('',#390);
#392 = CARTESIAN_POINT('',(-11.115,0.315,-9.));
#393 = VERTEX_POINT('',#392);
#394 = CARTESIAN_POINT('',(-11.745,0.315,-9.));
#395 = VERTEX_POINT('',#394);
#396 = CARTESIAN_POINT('',(-11.745,0.315,-3.6000000000000005));
#397 = VERTEX_POINT('',#396);
#398 = DIRECTION('',(0.,0.,-1.));
#399 = VECTOR('',#398,1.);
#400 = LINE('',#390,#399);
#401 = EDGE_CURVE('',#391,#393,#400,.T.);
#402 = ORIENTED_EDGE('',*,*,#401,.T.);
#403 = DIRECTION('',(-1.,0.,0.));
#404 = VECTOR('',#403,1.);
#405 = LINE('',#392,#404);
#406 = EDGE_CURVE('',#393,#395,#405,.T.);
#407 = ORIENTED_EDGE('',*,*,#406,.T.);
#408 = DIRECTION('',(0.,0.,-1.));
#409 = VECTOR('',#408,1.);
#410 = LINE('',#396,#409);
#411 = EDGE_CURVE('',#397,#395,#410,.T.);
#412 = ORIENTED_EDGE('',*,*,#411,.F.);
#413 = DIRECTION('',(-1.,0.,0.));
#414 = VECTOR('',#413,1.);
#415 = LINE('',#390,#414);
#416 = EDGE_CURVE('',#391,#397,#415,.T.);
#417 = ORIENTED_EDGE('',*,*,#416,.F.);
#418 = CARTESIAN_POINT('',(-11.115,0.315,-3.6000000000000005));
#419 = DIRECTION('',(0.,1.,0.));
#420 = DIRECTION('',(0.,0.,-1.));
#421 = AXIS2_PLACEMENT_3D('',#418,#419,#420);
#422 = PLANE('',#421);
#423 = EDGE_LOOP('',(#402,#407,#412,#417));
#424 = FACE_OUTER_BOUND('',#423,.T.);
#425 = ADVANCED_FACE('',(#424),#422,.T.);
#426 = CARTESIAN_POINT('',(-11.745,-0.315,-9.));
#427 = VERTEX_POINT('',#426);
#428 = CARTESIAN_POINT('',(-11.745,-0.315,-3.6000000000000005));
#429 = VERTEX_POINT('',#428);
#430 = DIRECTION('',(0.,0.,-1.));
#431 = VECTOR('',#430,1.);
#432 = LINE('',#428,#431);
#433 = EDGE_CURVE('',#429,#427,#432,.T.);
#434 = ORIENTED_EDGE('',*,*,#433,.F.);
#435 = DIRECTION('',(0.,1.,0.));
#436 = VECTOR('',#435,1.);
#437 = LINE('',#428,#436);
#438 = EDGE_CURVE('',#429,#397,#437,.T.);
#439 = ORIENTED_EDGE('',*,*,#438,.T.);
#440 = ORIENTED_EDGE('',*,*,#411,.T.);
#441 = DIRECTION('',(0.,1.,0.));
#442 = VECTOR('',#441,1.);
#443 = LINE('',#426,#442);
#444 = EDGE_CURVE('',#427,#395,#443,.T.);
#445 = ORIENTED_EDGE('',*,*,#444,.F.);
#446 = CARTESIAN_POINT('',(-11.745,-0.315,-9.));
#447 = DIRECTION('',(-1.,0.,0.));
#448 = DIRECTION('',(0.,0.,1.));
#449 = AXIS2_PLACEMENT_3D('',#446,#447,#448);
#450 = PLANE('',#449);
#451 = EDGE_LOOP('',(#434,#439,#440,#445));
#452 = FACE_OUTER_BOUND('',#451,.T.);
#453 = ADVANCED_FACE('',(#452),#450,.T.);
#454 = CARTESIAN_POINT('',(-11.605,0.175,-9.6));
#455 = VERTEX_POINT('',#454);
#456 = CARTESIAN_POINT('',(-11.605,-0.175,-9.6));
#457 = VERTEX_POINT('',#456);
#458 = ORIENTED_EDGE('',*,*,#444,.T.);
#459 = DIRECTION('',(-0.22158112824151976,0.2215811282415217,0.949633406749378));
#460 = VECTOR('',#459,1.);
#461 = LINE('',#454,#460);
#462 = EDGE_CURVE('',#455,#395,#461,.T.);
#463 = ORIENTED_EDGE('',*,*,#462,.F.);
#464 = DIRECTION('',(0.,1.,0.));
#465 = VECTOR('',#464,1.);
#466 = LINE('',#456,#465);
#467 = EDGE_CURVE('',#457,#455,#466,.T.);
#468 = ORIENTED_EDGE('',*,*,#467,.F.);
#469 = DIRECTION('',(-0.22158112824151976,-0.2215811282415217,0.949633406749378));
#470 = VECTOR('',#469,1.);
#471 = LINE('',#456,#470);
#472 = EDGE_CURVE('',#457,#427,#471,.T.);
#473 = ORIENTED_EDGE('',*,*,#472,.T.);
#474 = CARTESIAN_POINT('',(-11.745,-0.315,-9.));
#475 = DIRECTION('',(-0.9738412097417938,0.,-0.22722961560641605));
#476 = DIRECTION('',(0.,1.,0.));
#477 = AXIS2_PLACEMENT_3D('',#474,#475,#476);
#478 = PLANE('',#477);
#479 = EDGE_LOOP('',(#458,#463,#468,#473));
#480 = FACE_OUTER_BOUND('',#479,.T.);
#481 = ADVANCED_FACE('',(#480),#478,.T.);
#482 = CARTESIAN_POINT('',(-11.254999999999999,0.175,-9.6));
#483 = VERTEX_POINT('',#482);
#484 = DIRECTION('',(-1.,0.,0.));
#485 = VECTOR('',#484,1.);
#486 = LINE('',#482,#485);
#487 = EDGE_CURVE('',#483,#455,#486,.T.);
#488 = ORIENTED_EDGE('',*,*,#487,.T.);
#489 = ORIENTED_EDGE('',*,*,#462,.T.);
#490 = ORIENTED_EDGE('',*,*,#406,.F.);
#491 = DIRECTION('',(-0.22158112824151976,-0.2215811282415217,-0.949633406749378));
#492 = VECTOR('',#491,1.);
#493 = LINE('',#392,#492);
#494 = EDGE_CURVE('',#393,#483,#493,.T.);
#495 = ORIENTED_EDGE('',*,*,#494,.T.);
#496 = CARTESIAN_POINT('',(-11.254999999999999,0.175,-9.6));
#497 = DIRECTION('',(0.,0.9738412097417934,-0.22722961560641752));
#498 = DIRECTION('',(-1.,0.,0.));
#499 = AXIS2_PLACEMENT_3D('',#496,#497,#498);
#500 = PLANE('',#499);
#501 = EDGE_LOOP('',(#488,#489,#490,#495));
#502 = FACE_OUTER_BOUND('',#501,.T.);
#503 = ADVANCED_FACE('',(#502),#500,.T.);
#504 = CARTESIAN_POINT('',(-11.115,-0.315,-3.6000000000000005));
#505 = VERTEX_POINT('',#504);
#506 = DIRECTION('',(0.,1.,0.));
#507 = VECTOR('',#506,1.);
#508 = LINE('',#504,#507);
#509 = EDGE_CURVE('',#505,#391,#508,.T.);
#510 = ORIENTED_EDGE('',*,*,#509,.T.);
#511 = ORIENTED_EDGE('',*,*,#416,.T.);
#512 = ORIENTED_EDGE('',*,*,#438,.F.);
#513 = DIRECTION('',(-1.,0.,0.));
#514 = VECTOR('',#513,1.);
#515 = LINE('',#504,#514);
#516 = EDGE_CURVE('',#505,#429,#515,.T.);
#517 = ORIENTED_EDGE('',*,*,#516,.F.);
#518 = CARTESIAN_POINT('',(-11.115,-0.315,-3.6000000000000005));
#519 = DIRECTION('',(0.,0.,1.));
#520 = DIRECTION('',(0.,1.,0.));
#521 = AXIS2_PLACEMENT_3D('',#518,#519,#520);
#522 = PLANE('',#521);
#523 = EDGE_LOOP('',(#510,#511,#512,#517));
#524 = FACE_OUTER_BOUND('',#523,.T.);
#525 = ADVANCED_FACE('',(#524),#522,.T.);
#526 = CARTESIAN_POINT('',(-11.115,-0.315,-9.));
#527 = VERTEX_POINT('',#526);
#528 = DIRECTION('',(0.,1.,0.));
#529 = VECTOR('',#528,1.);
#530 = LINE('',#526,#529);
#531 = EDGE_CURVE('',#527,#393,#530,.T.);
#532 = ORIENTED_EDGE('',*,*,#531,.T.);
#533 = ORIENTED_EDGE('',*,*,#401,.F.);
#534 = ORIENTED_EDGE('',*,*,#509,.F.);
#535 = DIRECTION('',(0.,0.,-1.));
#536 = VECTOR('',#535,1.);
#537 = LINE('',#504,#536);
#538 = EDGE_CURVE('',#505,#527,#537,.T.);
#539 = ORIENTED_EDGE('',*,*,#538,.T.);
#540 = CARTESIAN_POINT('',(-11.115,-0.315,-9.));
#541 = DIRECTION('',(1.,0.,0.));
#542 = DIRECTION('',(0.,1.,0.));
#543 = AXIS2_PLACEMENT_3D('',#540,#541,#542);
#544 = PLANE('',#543);
#545 = EDGE_LOOP('',(#532,#533,#534,#539));
#546 = FACE_OUTER_BOUND('',#545,.T.);
#547 = ADVANCED_FACE('',(#546),#544,.T.);
#548 = ORIENTED_EDGE('',*,*,#538,.F.);
#549 = ORIENTED_EDGE('',*,*,#516,.T.);
#550 = ORIENTED_EDGE('',*,*,#433,.T.);
#551 = DIRECTION('',(-1.,0.,0.));
#552 = VECTOR('',#551,1.);
#553 = LINE('',#526,#552);
#554 = EDGE_CURVE('',#527,#427,#553,.T.);
#555 = ORIENTED_EDGE('',*,*,#554,.F.);
#556 = CARTESIAN_POINT('',(-11.115,-0.315,-9.));
#557 = DIRECTION('',(0.,-1.,0.));
#558 = DIRECTION('',(0.,0.,1.));
#559 = AXIS2_PLACEMENT_3D('',#556,#557,#558);
#560 = PLANE('',#559);
#561 = EDGE_LOOP('',(#548,#549,#550,#555));
#562 = FACE_OUTER_BOUND('',#561,.T.);
#563 = ADVANCED_FACE('',(#562),#560,.T.);
#564 = CARTESIAN_POINT('',(-11.254999999999999,-0.175,-9.6));
#565 = VERTEX_POINT('',#564);
#566 = DIRECTION('',(0.,1.,0.));
#567 = VECTOR('',#566,1.);
#568 = LINE('',#564,#567);
#569 = EDGE_CURVE('',#565,#483,#568,.T.);
#570 = ORIENTED_EDGE('',*,*,#569,.T.);
#571 = ORIENTED_EDGE('',*,*,#494,.F.);
#572 = ORIENTED_EDGE('',*,*,#531,.F.);
#573 = DIRECTION('',(-0.22158112824151976,0.2215811282415217,-0.949633406749378));
#574 = VECTOR('',#573,1.);
#575 = LINE('',#526,#574);
#576 = EDGE_CURVE('',#527,#565,#575,.T.);
#577 = ORIENTED_EDGE('',*,*,#576,.T.);
#578 = CARTESIAN_POINT('',(-11.254999999999999,-0.175,-9.6));
#579 = DIRECTION('',(0.9738412097417938,0.,-0.22722961560641639));
#580 = DIRECTION('',(0.,1.,0.));
#581 = AXIS2_PLACEMENT_3D('',#578,#579,#580);
#582 = PLANE('',#581);
#583 = EDGE_LOOP('',(#570,#571,#572,#577));
#584 = FACE_OUTER_BOUND('',#583,.T.);
#585 = ADVANCED_FACE('',(#584),#582,.T.);
#586 = ORIENTED_EDGE('',*,*,#576,.F.);
#587 = ORIENTED_EDGE('',*,*,#554,.T.);
#588 = ORIENTED_EDGE('',*,*,#472,.F.);
#589 = DIRECTION('',(-1.,0.,0.));
#590 = VECTOR('',#589,1.);
#591 = LINE('',#564,#590);
#592 = EDGE_CURVE('',#565,#457,#591,.T.);
#593 = ORIENTED_EDGE('',*,*,#592,.F.);
#594 = CARTESIAN_POINT('',(-11.254999999999999,-0.175,-9.6));
#595 = DIRECTION('',(0.,-0.9738412097417937,-0.22722961560641744));
#596 = DIRECTION('',(0.22158112824151976,-0.2215811282415217,0.949633406749378));
#597 = AXIS2_PLACEMENT_3D('',#594,#595,#596);
#598 = PLANE('',#597);
#599 = EDGE_LOOP('',(#586,#587,#588,#593));
#600 = FACE_OUTER_BOUND('',#599,.T.);
#601 = ADVANCED_FACE('',(#600),#598,.T.);
#602 = ORIENTED_EDGE('',*,*,#592,.T.);
#603 = ORIENTED_EDGE('',*,*,#467,.T.);
#604 = ORIENTED_EDGE('',*,*,#487,.F.);
#605 = ORIENTED_EDGE('',*,*,#569,.F.);
#606 = CARTESIAN_POINT('',(-11.254999999999999,-0.175,-9.6));
#607 = DIRECTION('',(0.,0.,-1.));
#608 = DIRECTION('',(-1.,0.,0.));
#609 = AXIS2_PLACEMENT_3D('',#606,#607,#608);
#610 = PLANE('',#609);
#611 = EDGE_LOOP('',(#602,#603,#604,#605));
#612 = FACE_OUTER_BOUND('',#611,.T.);
#613 = ADVANCED_FACE('',(#612),#610,.T.);
#614 = CLOSED_SHELL('',(#425,#453,#481,#503,#525,#547,#563,#585,#601,#613));
#615 = MANIFOLD_SOLID_BREP('',#614);
#616 = CARTESIAN_POINT('',(-10.16,-1.27,-3.6));
#617 = VERTEX_POINT('',#616);
#618 = CARTESIAN_POINT('',(-10.16,-1.27,-1.6));
#619 = VERTEX_POINT('',#618);
#620 = CARTESIAN_POINT('',(-10.16,1.27,-1.6));
#621 = VERTEX_POINT('',#620);
#622 = CARTESIAN_POINT('',(-10.16,1.27,-3.6));
#623 = VERTEX_POINT('',#622);
#624 = DIRECTION('',(0.,0.,-1.));
#625 = VECTOR('',#624,1.);
#626 = LINE('',#618,#625);
#627 = EDGE_CURVE('',#619,#617,#626,.T.);
#628 = ORIENTED_EDGE('',*,*,#627,.F.);
#629 = DIRECTION('',(0.,1.,0.));
#630 = VECTOR('',#629,1.);
#631 = LINE('',#618,#630);
#632 = EDGE_CURVE('',#619,#621,#631,.T.);
#633 = ORIENTED_EDGE('',*,*,#632,.T.);
#634 = DIRECTION('',(0.,0.,-1.));
#635 = VECTOR('',#634,1.);
#636 = LINE('',#620,#635);
#637 = EDGE_CURVE('',#621,#623,#636,.T.);
#638 = ORIENTED_EDGE('',*,*,#637,.T.);
#639 = DIRECTION('',(0.,1.,0.));
#640 = VECTOR('',#639,1.);
#641 = LINE('',#616,#640);
#642 = EDGE_CURVE('',#617,#623,#641,.T.);
#643 = ORIENTED_EDGE('',*,*,#642,.F.);
#644 = CARTESIAN_POINT('',(-10.16,-1.27,-3.6));
#645 = DIRECTION('',(-1.,0.,0.));
#646 = DIRECTION('',(0.,0.,1.));
#647 = AXIS2_PLACEMENT_3D('',#644,#645,#646);
#648 = PLANE('',#647);
#649 = EDGE_LOOP('',(#628,#633,#638,#643));
#650 = FACE_OUTER_BOUND('',#649,.T.);
#651 = ADVANCED_FACE('',(#650),#648,.T.);
#652 = CARTESIAN_POINT('',(-7.620000000000001,-1.27,-3.6));
#653 = VERTEX_POINT('',#652);
#654 = CARTESIAN_POINT('',(-7.620000000000001,1.27,-3.6));
#655 = VERTEX_POINT('',#654);
#656 = CARTESIAN_POINT('',(-7.620000000000001,1.27,-1.6));
#657 = VERTEX_POINT('',#656);
#658 = CARTESIAN_POINT('',(-7.620000000000001,-1.27,-1.6));
#659 = VERTEX_POINT('',#658);
#660 = DIRECTION('',(0.,1.,0.));
#661 = VECTOR('',#660,1.);
#662 = LINE('',#652,#661);
#663 = EDGE_CURVE('',#653,#655,#662,.T.);
#664 = ORIENTED_EDGE('',*,*,#663,.T.);
#665 = DIRECTION('',(0.,0.,-1.));
#666 = VECTOR('',#665,1.);
#667 = LINE('',#656,#666);
#668 = EDGE_CURVE('',#657,#655,#667,.T.);
#669 = ORIENTED_EDGE('',*,*,#668,.F.);
#670 = DIRECTION('',(0.,1.,0.));
#671 = VECTOR('',#670,1.);
#672 = LINE('',#658,#671);
#673 = EDGE_CURVE('',#659,#657,#672,.T.);
#674 = ORIENTED_EDGE('',*,*,#673,.F.);
#675 = DIRECTION('',(0.,0.,-1.));
#676 = VECTOR('',#675,1.);
#677 = LINE('',#658,#676);
#678 = EDGE_CURVE('',#659,#653,#677,.T.);
#679 = ORIENTED_EDGE('',*,*,#678,.T.);
#680 = CARTESIAN_POINT('',(-7.620000000000001,-1.27,-3.6));
#681 = DIRECTION('',(1.,0.,0.));
#682 = DIRECTION('',(0.,1.,0.));
#683 = AXIS2_PLACEMENT_3D('',#680,#681,#682);
#684 = PLANE('',#683);
#685 = EDGE_LOOP('',(#664,#669,#674,#679));
#686 = FACE_OUTER_BOUND('',#685,.T.);
#687 = ADVANCED_FACE('',(#686),#684,.T.);
#688 = DIRECTION('',(1.,0.,0.));
#689 = VECTOR('',#688,1.);
#690 = LINE('',#616,#689);
#691 = EDGE_CURVE('',#617,#653,#690,.T.);
#692 = ORIENTED_EDGE('',*,*,#691,.T.);
#693 = ORIENTED_EDGE('',*,*,#678,.F.);
#694 = DIRECTION('',(1.,0.,0.));
#695 = VECTOR('',#694,1.);
#696 = LINE('',#618,#695);
#697 = EDGE_CURVE('',#619,#659,#696,.T.);
#698 = ORIENTED_EDGE('',*,*,#697,.F.);
#699 = ORIENTED_EDGE('',*,*,#627,.T.);
#700 = CARTESIAN_POINT('',(-10.16,-1.27,-3.6));
#701 = DIRECTION('',(0.,-1.,0.));
#702 = DIRECTION('',(1.,0.,0.));
#703 = AXIS2_PLACEMENT_3D('',#700,#701,#702);
#704 = PLANE('',#703);
#705 = EDGE_LOOP('',(#692,#693,#698,#699));
#706 = FACE_OUTER_BOUND('',#705,.T.);
#707 = ADVANCED_FACE('',(#706),#704,.T.);
#708 = ORIENTED_EDGE('',*,*,#637,.F.);
#709 = DIRECTION('',(1.,0.,0.));
#710 = VECTOR('',#709,1.);
#711 = LINE('',#620,#710);
#712 = EDGE_CURVE('',#621,#657,#711,.T.);
#713 = ORIENTED_EDGE('',*,*,#712,.T.);
#714 = ORIENTED_EDGE('',*,*,#668,.T.);
#715 = DIRECTION('',(1.,0.,0.));
#716 = VECTOR('',#715,1.);
#717 = LINE('',#622,#716);
#718 = EDGE_CURVE('',#623,#655,#717,.T.);
#719 = ORIENTED_EDGE('',*,*,#718,.F.);
#720 = CARTESIAN_POINT('',(-10.16,1.27,-3.6));
#721 = DIRECTION('',(0.,1.,0.));
#722 = DIRECTION('',(0.,0.,1.));
#723 = AXIS2_PLACEMENT_3D('',#720,#721,#722);
#724 = PLANE('',#723);
#725 = EDGE_LOOP('',(#708,#713,#714,#719));
#726 = FACE_OUTER_BOUND('',#725,.T.);
#727 = ADVANCED_FACE('',(#726),#724,.T.);
#728 = ORIENTED_EDGE('',*,*,#642,.T.);
#729 = ORIENTED_EDGE('',*,*,#718,.T.);
#730 = ORIENTED_EDGE('',*,*,#663,.F.);
#731 = ORIENTED_EDGE('',*,*,#691,.F.);
#732 = CARTESIAN_POINT('',(-10.16,-1.27,-3.6));
#733 = DIRECTION('',(0.,0.,-1.));
#734 = DIRECTION('',(0.,1.,0.));
#735 = AXIS2_PLACEMENT_3D('',#732,#733,#734);
#736 = PLANE('',#735);
#737 = EDGE_LOOP('',(#728,#729,#730,#731));
#738 = FACE_OUTER_BOUND('',#737,.T.);
#739 = ADVANCED_FACE('',(#738),#736,.T.);
#740 = ORIENTED_EDGE('',*,*,#697,.T.);
#741 = ORIENTED_EDGE('',*,*,#673,.T.);
#742 = ORIENTED_EDGE('',*,*,#712,.F.);
#743 = ORIENTED_EDGE('',*,*,#632,.F.);
#744 = CARTESIAN_POINT('',(-10.16,-1.27,-1.6));
#745 = DIRECTION('',(0.,0.,1.));
#746 = DIRECTION('',(1.,0.,0.));
#747 = AXIS2_PLACEMENT_3D('',#744,#745,#746);
#748 = PLANE('',#747);
#749 = EDGE_LOOP('',(#740,#741,#742,#743));
#750 = FACE_OUTER_BOUND('',#749,.T.);
#751 = ADVANCED_FACE('',(#750),#748,.T.);
#752 = CLOSED_SHELL('',(#651,#687,#707,#727,#739,#751));
#753 = MANIFOLD_SOLID_BREP('',#752);
#754 = COLOUR_RGB('',0.13333333333333333,0.13333333333333333,0.13333333333333333);
#755 = FILL_AREA_STYLE_COLOUR('',#754);
#756 = FILL_AREA_STYLE('',(#755));
#757 = SURFACE_STYLE_FILL_AREA(#756);
#758 = SURFACE_SIDE_STYLE('',(#757));
#759 = SURFACE_STYLE_USAGE(.BOTH.,#758);
#760 = PRESENTATION_STYLE_ASSIGNMENT((#759));
#761 = STYLED_ITEM('',(#760),#753);
#762 = CARTESIAN_POINT('',(-8.575000000000001,-0.315,-2.1500000000000004));
#763 = VERTEX_POINT('',#762);
#764 = CARTESIAN_POINT('',(-8.575000000000001,-0.315,0.5499999999999998));
#765 = VERTEX_POINT('',#764);
#766 = CARTESIAN_POINT('',(-9.205,-0.315,0.5499999999999998));
#767 = VERTEX_POINT('',#766);
#768 = CARTESIAN_POINT('',(-9.205,-0.315,-2.1500000000000004));
#769 = VERTEX_POINT('',#768);
#770 = DIRECTION('',(0.,0.,1.));
#771 = VECTOR('',#770,1.);
#772 = LINE('',#762,#771);
#773 = EDGE_CURVE('',#763,#765,#772,.T.);
#774 = ORIENTED_EDGE('',*,*,#773,.T.);
#775 = DIRECTION('',(-1.,0.,0.));
#776 = VECTOR('',#775,1.);
#777 = LINE('',#764,#776);
#778 = EDGE_CURVE('',#765,#767,#777,.T.);
#779 = ORIENTED_EDGE('',*,*,#778,.T.);
#780 = DIRECTION('',(0.,0.,1.));
#781 = VECTOR('',#780,1.);
#782 = LINE('',#768,#781);
#783 = EDGE_CURVE('',#769,#767,#782,.T.);
#784 = ORIENTED_EDGE('',*,*,#783,.F.);
#785 = DIRECTION('',(-1.,0.,0.));
#786 = VECTOR('',#785,1.);
#787 = LINE('',#762,#786);
#788 = EDGE_CURVE('',#763,#769,#787,.T.);
#789 = ORIENTED_EDGE('',*,*,#788,.F.);
#790 = CARTESIAN_POINT('',(-8.575000000000001,-0.315,-2.1500000000000004));
#791 = DIRECTION('',(0.,-1.,0.));
#792 = DIRECTION('',(0.,0.,1.));
#793 = AXIS2_PLACEMENT_3D('',#790,#791,#792);
#794 = PLANE('',#793);
#795 = EDGE_LOOP('',(#774,#779,#784,#789));
#796 = FACE_OUTER_BOUND('',#795,.T.);
#797 = ADVANCED_FACE('',(#796),#794,.T.);
#798 = CARTESIAN_POINT('',(-8.575000000000001,0.315,0.5499999999999998));
#799 = VERTEX_POINT('',#798);
#800 = CARTESIAN_POINT('',(-8.575000000000001,0.315,-2.1500000000000004));
#801 = VERTEX_POINT('',#800);
#802 = DIRECTION('',(0.,1.,0.));
#803 = VECTOR('',#802,1.);
#804 = LINE('',#764,#803);
#805 = EDGE_CURVE('',#765,#799,#804,.T.);
#806 = ORIENTED_EDGE('',*,*,#805,.F.);
#807 = ORIENTED_EDGE('',*,*,#773,.F.);
#808 = DIRECTION('',(0.,1.,0.));
#809 = VECTOR('',#808,1.);
#810 = LINE('',#762,#809);
#811 = EDGE_CURVE('',#763,#801,#810,.T.);
#812 = ORIENTED_EDGE('',*,*,#811,.T.);
#813 = DIRECTION('',(0.,0.,1.));
#814 = VECTOR('',#813,1.);
#815 = LINE('',#800,#814);
#816 = EDGE_CURVE('',#801,#799,#815,.T.);
#817 = ORIENTED_EDGE('',*,*,#816,.T.);
#818 = CARTESIAN_POINT('',(-8.575000000000001,0.315,0.5499999999999998));
#819 = DIRECTION('',(1.,0.,0.));
#820 = DIRECTION('',(0.,-1.,0.));
#821 = AXIS2_PLACEMENT_3D('',#818,#819,#820);
#822 = PLANE('',#821);
#823 = EDGE_LOOP('',(#806,#807,#812,#817));
#824 = FACE_OUTER_BOUND('',#823,.T.);
#825 = ADVANCED_FACE('',(#824),#822,.T.);
#826 = CARTESIAN_POINT('',(-9.205,0.315,-2.1500000000000004));
#827 = VERTEX_POINT('',#826);
#828 = DIRECTION('',(-1.,0.,0.));
#829 = VECTOR('',#828,1.);
#830 = LINE('',#800,#829);
#831 = EDGE_CURVE('',#801,#827,#830,.T.);
#832 = ORIENTED_EDGE('',*,*,#831,.F.);
#833 = ORIENTED_EDGE('',*,*,#811,.F.);
#834 = ORIENTED_EDGE('',*,*,#788,.T.);
#835 = DIRECTION('',(0.,1.,0.));
#836 = VECTOR('',#835,1.);
#837 = LINE('',#768,#836);
#838 = EDGE_CURVE('',#769,#827,#837,.T.);
#839 = ORIENTED_EDGE('',*,*,#838,.T.);
#840 = CARTESIAN_POINT('',(-9.205,0.315,-2.1500000000000004));
#841 = DIRECTION('',(0.,0.,-1.));
#842 = DIRECTION('',(1.,0.,0.));
#843 = AXIS2_PLACEMENT_3D('',#840,#841,#842);
#844 = PLANE('',#843);
#845 = EDGE_LOOP('',(#832,#833,#834,#839));
#846 = FACE_OUTER_BOUND('',#845,.T.);
#847 = ADVANCED_FACE('',(#846),#844,.T.);
#848 = CARTESIAN_POINT('',(-8.715,-0.175,0.8999999999999999));
#849 = VERTEX_POINT('',#848);
#850 = CARTESIAN_POINT('',(-8.715,0.175,0.8999999999999999));
#851 = VERTEX_POINT('',#850);
#852 = DIRECTION('',(-0.34815531191139293,0.348155311911396,0.87038827977849));
#853 = VECTOR('',#852,1.);
#854 = LINE('',#764,#853);
#855 = EDGE_CURVE('',#765,#849,#854,.T.);
#856 = ORIENTED_EDGE('',*,*,#855,.F.);
#857 = ORIENTED_EDGE('',*,*,#805,.T.);
#858 = DIRECTION('',(-0.34815531191139293,-0.348155311911396,0.87038827977849));
#859 = VECTOR('',#858,1.);
#860 = LINE('',#798,#859);
#861 = EDGE_CURVE('',#799,#851,#860,.T.);
#862 = ORIENTED_EDGE('',*,*,#861,.T.);
#863 = DIRECTION('',(0.,1.,0.));
#864 = VECTOR('',#863,1.);
#865 = LINE('',#848,#864);
#866 = EDGE_CURVE('',#849,#851,#865,.T.);
#867 = ORIENTED_EDGE('',*,*,#866,.F.);
#868 = CARTESIAN_POINT('',(-8.715,-0.175,0.8999999999999999));
#869 = DIRECTION('',(0.9284766908852604,0.,0.3713906763541009));
#870 = DIRECTION('',(0.34815531191139293,-0.348155311911396,-0.87038827977849));
#871 = AXIS2_PLACEMENT_3D('',#868,#869,#870);
#872 = PLANE('',#871);
#873 = EDGE_LOOP('',(#856,#857,#862,#867));
#874 = FACE_OUTER_BOUND('',#873,.T.);
#875 = ADVANCED_FACE('',(#874),#872,.T.);
#876 = CARTESIAN_POINT('',(-9.065000000000001,-0.175,0.8999999999999999));
#877 = VERTEX_POINT('',#876);
#878 = DIRECTION('',(-1.,0.,0.));
#879 = VECTOR('',#878,1.);
#880 = LINE('',#848,#879);
#881 = EDGE_CURVE('',#849,#877,#880,.T.);
#882 = ORIENTED_EDGE('',*,*,#881,.T.);
#883 = DIRECTION('',(-0.34815531191139293,-0.348155311911396,-0.87038827977849));
#884 = VECTOR('',#883,1.);
#885 = LINE('',#876,#884);
#886 = EDGE_CURVE('',#877,#767,#885,.T.);
#887 = ORIENTED_EDGE('',*,*,#886,.T.);
#888 = ORIENTED_EDGE('',*,*,#778,.F.);
#889 = ORIENTED_EDGE('',*,*,#855,.T.);
#890 = CARTESIAN_POINT('',(-8.715,-0.175,0.8999999999999999));
#891 = DIRECTION('',(0.,-0.9284766908852595,0.3713906763541031));
#892 = DIRECTION('',(-1.,0.,0.));
#893 = AXIS2_PLACEMENT_3D('',#890,#891,#892);
#894 = PLANE('',#893);
#895 = EDGE_LOOP('',(#882,#887,#888,#889));
#896 = FACE_OUTER_BOUND('',#895,.T.);
#897 = ADVANCED_FACE('',(#896),#894,.T.);
#898 = CARTESIAN_POINT('',(-9.205,0.315,0.5499999999999998));
#899 = VERTEX_POINT('',#898);
#900 = DIRECTION('',(0.,0.,1.));
#901 = VECTOR('',#900,1.);
#902 = LINE('',#826,#901);
#903 = EDGE_CURVE('',#827,#899,#902,.T.);
#904 = ORIENTED_EDGE('',*,*,#903,.F.);
#905 = ORIENTED_EDGE('',*,*,#838,.F.);
#906 = ORIENTED_EDGE('',*,*,#783,.T.);
#907 = DIRECTION('',(0.,1.,0.));
#908 = VECTOR('',#907,1.);
#909 = LINE('',#766,#908);
#910 = EDGE_CURVE('',#767,#899,#909,.T.);
#911 = ORIENTED_EDGE('',*,*,#910,.T.);
#912 = CARTESIAN_POINT('',(-9.205,0.315,0.5499999999999998));
#913 = DIRECTION('',(-1.,0.,0.));
#914 = DIRECTION('',(0.,0.,-1.));
#915 = AXIS2_PLACEMENT_3D('',#912,#913,#914);
#916 = PLANE('',#915);
#917 = EDGE_LOOP('',(#904,#905,#906,#911));
#918 = FACE_OUTER_BOUND('',#917,.T.);
#919 = ADVANCED_FACE('',(#918),#916,.T.);
#920 = DIRECTION('',(-1.,0.,0.));
#921 = VECTOR('',#920,1.);
#922 = LINE('',#798,#921);
#923 = EDGE_CURVE('',#799,#899,#922,.T.);
#924 = ORIENTED_EDGE('',*,*,#923,.F.);
#925 = ORIENTED_EDGE('',*,*,#816,.F.);
#926 = ORIENTED_EDGE('',*,*,#831,.T.);
#927 = ORIENTED_EDGE('',*,*,#903,.T.);
#928 = CARTESIAN_POINT('',(-9.205,0.315,0.5499999999999998));
#929 = DIRECTION('',(0.,1.,0.));
#930 = DIRECTION('',(1.,0.,0.));
#931 = AXIS2_PLACEMENT_3D('',#928,#929,#930);
#932 = PLANE('',#931);
#933 = EDGE_LOOP('',(#924,#925,#926,#927));
#934 = FACE_OUTER_BOUND('',#933,.T.);
#935 = ADVANCED_FACE('',(#934),#932,.T.);
#936 = CARTESIAN_POINT('',(-9.065000000000001,0.175,0.8999999999999999));
#937 = VERTEX_POINT('',#936);
#938 = DIRECTION('',(-1.,0.,0.));
#939 = VECTOR('',#938,1.);
#940 = LINE('',#850,#939);
#941 = EDGE_CURVE('',#851,#937,#940,.T.);
#942 = ORIENTED_EDGE('',*,*,#941,.F.);
#943 = ORIENTED_EDGE('',*,*,#861,.F.);
#944 = ORIENTED_EDGE('',*,*,#923,.T.);
#945 = DIRECTION('',(-0.34815531191139293,0.348155311911396,-0.87038827977849));
#946 = VECTOR('',#945,1.);
#947 = LINE('',#936,#946);
#948 = EDGE_CURVE('',#937,#899,#947,.T.);
#949 = ORIENTED_EDGE('',*,*,#948,.F.);
#950 = CARTESIAN_POINT('',(-9.065000000000001,0.175,0.8999999999999999));
#951 = DIRECTION('',(0.,0.9284766908852595,0.3713906763541031));
#952 = DIRECTION('',(1.,0.,0.));
#953 = AXIS2_PLACEMENT_3D('',#950,#951,#952);
#954 = PLANE('',#953);
#955 = EDGE_LOOP('',(#942,#943,#944,#949));
#956 = FACE_OUTER_BOUND('',#955,.T.);
#957 = ADVANCED_FACE('',(#956),#954,.T.);
#958 = ORIENTED_EDGE('',*,*,#948,.T.);
#959 = ORIENTED_EDGE('',*,*,#910,.F.);
#960 = ORIENTED_EDGE('',*,*,#886,.F.);
#961 = DIRECTION('',(0.,1.,0.));
#962 = VECTOR('',#961,1.);
#963 = LINE('',#876,#962);
#964 = EDGE_CURVE('',#877,#937,#963,.T.);
#965 = ORIENTED_EDGE('',*,*,#964,.T.);
#966 = CARTESIAN_POINT('',(-9.065000000000001,0.175,0.8999999999999999));
#967 = DIRECTION('',(-0.9284766908852604,0.,0.3713906763541009));
#968 = DIRECTION('',(-0.34815531191139293,0.348155311911396,-0.87038827977849));
#969 = AXIS2_PLACEMENT_3D('',#966,#967,#968);
#970 = PLANE('',#969);
#971 = EDGE_LOOP('',(#958,#959,#960,#965));
#972 = FACE_OUTER_BOUND('',#971,.T.);
#973 = ADVANCED_FACE('',(#972),#970,.T.);
#974 = ORIENTED_EDGE('',*,*,#964,.F.);
#975 = ORIENTED_EDGE('',*,*,#881,.F.);
#976 = ORIENTED_EDGE('',*,*,#866,.T.);
#977 = ORIENTED_EDGE('',*,*,#941,.T.);
#978 = CARTESIAN_POINT('',(-9.065000000000001,0.175,0.8999999999999999));
#979 = DIRECTION('',(0.,0.,1.));
#980 = DIRECTION('',(0.,-1.,0.));
#981 = AXIS2_PLACEMENT_3D('',#978,#979,#980);
#982 = PLANE('',#981);
#983 = EDGE_LOOP('',(#974,#975,#976,#977));
#984 = FACE_OUTER_BOUND('',#983,.T.);
#985 = ADVANCED_FACE('',(#984),#982,.T.);
#986 = CLOSED_SHELL('',(#797,#825,#847,#875,#897,#919,#935,#957,#973,#985));
#987 = MANIFOLD_SOLID_BREP('',#986);
#988 = CARTESIAN_POINT('',(-9.205,-0.315,-9.));
#989 = VERTEX_POINT('',#988);
#990 = CARTESIAN_POINT('',(-8.575000000000001,-0.315,-9.));
#991 = VERTEX_POINT('',#990);
#992 = CARTESIAN_POINT('',(-8.575000000000001,-0.315,-3.6000000000000005));
#993 = VERTEX_POINT('',#992);
#994 = CARTESIAN_POINT('',(-9.205,-0.315,-3.6000000000000005));
#995 = VERTEX_POINT('',#994);
#996 = DIRECTION('',(-1.,0.,0.));
#997 = VECTOR('',#996,1.);
#998 = LINE('',#990,#997);
#999 = EDGE_CURVE('',#991,#989,#998,.T.);
#1000 = ORIENTED_EDGE('',*,*,#999,.F.);
#1001 = DIRECTION('',(0.,0.,-1.));
#1002 = VECTOR('',#1001,1.);
#1003 = LINE('',#992,#1002);
#1004 = EDGE_CURVE('',#993,#991,#1003,.T.);
#1005 = ORIENTED_EDGE('',*,*,#1004,.F.);
#1006 = DIRECTION('',(-1.,0.,0.));
#1007 = VECTOR('',#1006,1.);
#1008 = LINE('',#992,#1007);
#1009 = EDGE_CURVE('',#993,#995,#1008,.T.);
#1010 = ORIENTED_EDGE('',*,*,#1009,.T.);
#1011 = DIRECTION('',(0.,0.,-1.));
#1012 = VECTOR('',#1011,1.);
#1013 = LINE('',#994,#1012);
#1014 = EDGE_CURVE('',#995,#989,#1013,.T.);
#1015 = ORIENTED_EDGE('',*,*,#1014,.T.);
#1016 = CARTESIAN_POINT('',(-9.205,-0.315,-9.));
#1017 = DIRECTION('',(0.,-1.,0.));
#1018 = DIRECTION('',(1.,0.,0.));
#1019 = AXIS2_PLACEMENT_3D('',#1016,#1017,#1018);
#1020 = PLANE('',#1019);
#1021 = EDGE_LOOP('',(#1000,#1005,#1010,#1015));
#1022 = FACE_OUTER_BOUND('',#1021,.T.);
#1023 = ADVANCED_FACE('',(#1022),#1020,.T.);
#1024 = CARTESIAN_POINT('',(-8.575000000000001,0.315,-3.6000000000000005));
#1025 = VERTEX_POINT('',#1024);
#1026 = CARTESIAN_POINT('',(-8.575000000000001,0.315,-9.));
#1027 = VERTEX_POINT('',#1026);
#1028 = DIRECTION('',(0.,1.,0.));
#1029 = VECTOR('',#1028,1.);
#1030 = LINE('',#992,#1029);
#1031 = EDGE_CURVE('',#993,#1025,#1030,.T.);
#1032 = ORIENTED_EDGE('',*,*,#1031,.F.);
#1033 = ORIENTED_EDGE('',*,*,#1004,.T.);
#1034 = DIRECTION('',(0.,1.,0.));
#1035 = VECTOR('',#1034,1.);
#1036 = LINE('',#990,#1035);
#1037 = EDGE_CURVE('',#991,#1027,#1036,.T.);
#1038 = ORIENTED_EDGE('',*,*,#1037,.T.);
#1039 = DIRECTION('',(0.,0.,-1.));
#1040 = VECTOR('',#1039,1.);
#1041 = LINE('',#1024,#1040);
#1042 = EDGE_CURVE('',#1025,#1027,#1041,.T.);
#1043 = ORIENTED_EDGE('',*,*,#1042,.F.);
#1044 = CARTESIAN_POINT('',(-8.575000000000001,0.315,-3.6000000000000005));
#1045 = DIRECTION('',(1.,0.,0.));
#1046 = DIRECTION('',(0.,-1.,0.));
#1047 = AXIS2_PLACEMENT_3D('',#1044,#1045,#1046);
#1048 = PLANE('',#1047);
#1049 = EDGE_LOOP('',(#1032,#1033,#1038,#1043));
#1050 = FACE_OUTER_BOUND('',#1049,.T.);
#1051 = ADVANCED_FACE('',(#1050),#1048,.T.);
#1052 = CARTESIAN_POINT('',(-8.715,-0.175,-9.6));
#1053 = VERTEX_POINT('',#1052);
#1054 = CARTESIAN_POINT('',(-8.715,0.175,-9.6));
#1055 = VERTEX_POINT('',#1054);
#1056 = DIRECTION('',(0.,1.,0.));
#1057 = VECTOR('',#1056,1.);
#1058 = LINE('',#1052,#1057);
#1059 = EDGE_CURVE('',#1053,#1055,#1058,.T.);
#1060 = ORIENTED_EDGE('',*,*,#1059,.T.);
#1061 = DIRECTION('',(-0.22158112824151976,-0.2215811282415217,-0.949633406749378));
#1062 = VECTOR('',#1061,1.);
#1063 = LINE('',#1026,#1062);
#1064 = EDGE_CURVE('',#1027,#1055,#1063,.T.);
#1065 = ORIENTED_EDGE('',*,*,#1064,.F.);
#1066 = ORIENTED_EDGE('',*,*,#1037,.F.);
#1067 = DIRECTION('',(-0.22158112824151976,0.2215811282415217,-0.949633406749378));
#1068 = VECTOR('',#1067,1.);
#1069 = LINE('',#990,#1068);
#1070 = EDGE_CURVE('',#991,#1053,#1069,.T.);
#1071 = ORIENTED_EDGE('',*,*,#1070,.T.);
#1072 = CARTESIAN_POINT('',(-8.715,-0.175,-9.6));
#1073 = DIRECTION('',(0.9738412097417938,0.,-0.22722961560641639));
#1074 = DIRECTION('',(0.,1.,0.));
#1075 = AXIS2_PLACEMENT_3D('',#1072,#1073,#1074);
#1076 = PLANE('',#1075);
#1077 = EDGE_LOOP('',(#1060,#1065,#1066,#1071));
#1078 = FACE_OUTER_BOUND('',#1077,.T.);
#1079 = ADVANCED_FACE('',(#1078),#1076,.T.);
#1080 = CARTESIAN_POINT('',(-9.065000000000001,-0.175,-9.6));
#1081 = VERTEX_POINT('',#1080);
#1082 = ORIENTED_EDGE('',*,*,#1070,.F.);
#1083 = ORIENTED_EDGE('',*,*,#999,.T.);
#1084 = DIRECTION('',(-0.22158112824151976,-0.2215811282415217,0.949633406749378));
#1085 = VECTOR('',#1084,1.);
#1086 = LINE('',#1080,#1085);
#1087 = EDGE_CURVE('',#1081,#989,#1086,.T.);
#1088 = ORIENTED_EDGE('',*,*,#1087,.F.);
#1089 = DIRECTION('',(-1.,0.,0.));
#1090 = VECTOR('',#1089,1.);
#1091 = LINE('',#1052,#1090);
#1092 = EDGE_CURVE('',#1053,#1081,#1091,.T.);
#1093 = ORIENTED_EDGE('',*,*,#1092,.F.);
#1094 = CARTESIAN_POINT('',(-8.715,-0.175,-9.6));
#1095 = DIRECTION('',(0.,-0.9738412097417937,-0.22722961560641744));
#1096 = DIRECTION('',(0.22158112824151976,-0.2215811282415217,0.949633406749378));
#1097 = AXIS2_PLACEMENT_3D('',#1094,#1095,#1096);
#1098 = PLANE('',#1097);
#1099 = EDGE_LOOP('',(#1082,#1083,#1088,#1093));
#1100 = FACE_OUTER_BOUND('',#1099,.T.);
#1101 = ADVANCED_FACE('',(#1100),#1098,.T.);
#1102 = CARTESIAN_POINT('',(-9.065000000000001,0.175,-9.6));
#1103 = VERTEX_POINT('',#1102);
#1104 = CARTESIAN_POINT('',(-9.205,0.315,-9.));
#1105 = VERTEX_POINT('',#1104);
#1106 = DIRECTION('',(0.,1.,0.));
#1107 = VECTOR('',#1106,1.);
#1108 = LINE('',#1080,#1107);
#1109 = EDGE_CURVE('',#1081,#1103,#1108,.T.);
#1110 = ORIENTED_EDGE('',*,*,#1109,.F.);
#1111 = ORIENTED_EDGE('',*,*,#1087,.T.);
#1112 = DIRECTION('',(0.,1.,0.));
#1113 = VECTOR('',#1112,1.);
#1114 = LINE('',#988,#1113);
#1115 = EDGE_CURVE('',#989,#1105,#1114,.T.);
#1116 = ORIENTED_EDGE('',*,*,#1115,.T.);
#1117 = DIRECTION('',(-0.22158112824151976,0.2215811282415217,0.949633406749378));
#1118 = VECTOR('',#1117,1.);
#1119 = LINE('',#1102,#1118);
#1120 = EDGE_CURVE('',#1103,#1105,#1119,.T.);
#1121 = ORIENTED_EDGE('',*,*,#1120,.F.);
#1122 = CARTESIAN_POINT('',(-9.065000000000001,0.175,-9.6));
#1123 = DIRECTION('',(-0.9738412097417938,0.,-0.22722961560641639));
#1124 = DIRECTION('',(0.,-1.,0.));
#1125 = AXIS2_PLACEMENT_3D('',#1122,#1123,#1124);
#1126 = PLANE('',#1125);
#1127 = EDGE_LOOP('',(#1110,#1111,#1116,#1121));
#1128 = FACE_OUTER_BOUND('',#1127,.T.);
#1129 = ADVANCED_FACE('',(#1128),#1126,.T.);
#1130 = ORIENTED_EDGE('',*,*,#1120,.T.);
#1131 = DIRECTION('',(-1.,0.,0.));
#1132 = VECTOR('',#1131,1.);
#1133 = LINE('',#1026,#1132);
#1134 = EDGE_CURVE('',#1027,#1105,#1133,.T.);
#1135 = ORIENTED_EDGE('',*,*,#1134,.F.);
#1136 = ORIENTED_EDGE('',*,*,#1064,.T.);
#1137 = DIRECTION('',(-1.,0.,0.));
#1138 = VECTOR('',#1137,1.);
#1139 = LINE('',#1054,#1138);
#1140 = EDGE_CURVE('',#1055,#1103,#1139,.T.);
#1141 = ORIENTED_EDGE('',*,*,#1140,.T.);
#1142 = CARTESIAN_POINT('',(-9.065000000000001,0.175,-9.6));
#1143 = DIRECTION('',(0.,0.9738412097417937,-0.22722961560641744));
#1144 = DIRECTION('',(-0.22158112824151976,0.2215811282415217,0.949633406749378));
#1145 = AXIS2_PLACEMENT_3D('',#1142,#1143,#1144);
#1146 = PLANE('',#1145);
#1147 = EDGE_LOOP('',(#1130,#1135,#1136,#1141));
#1148 = FACE_OUTER_BOUND('',#1147,.T.);
#1149 = ADVANCED_FACE('',(#1148),#1146,.T.);
#1150 = ORIENTED_EDGE('',*,*,#1140,.F.);
#1151 = ORIENTED_EDGE('',*,*,#1059,.F.);
#1152 = ORIENTED_EDGE('',*,*,#1092,.T.);
#1153 = ORIENTED_EDGE('',*,*,#1109,.T.);
#1154 = CARTESIAN_POINT('',(-9.065000000000001,0.175,-9.6));
#1155 = DIRECTION('',(0.,0.,-1.));
#1156 = DIRECTION('',(1.,0.,0.));
#1157 = AXIS2_PLACEMENT_3D('',#1154,#1155,#1156);
#1158 = PLANE('',#1157);
#1159 = EDGE_LOOP('',(#1150,#1151,#1152,#1153));
#1160 = FACE_OUTER_BOUND('',#1159,.T.);
#1161 = ADVANCED_FACE('',(#1160),#1158,.T.);
#1162 = CARTESIAN_POINT('',(-9.205,0.315,-3.6000000000000005));
#1163 = VERTEX_POINT('',#1162);
#1164 = DIRECTION('',(-1.,0.,0.));
#1165 = VECTOR('',#1164,1.);
#1166 = LINE('',#1024,#1165);
#1167 = EDGE_CURVE('',#1025,#1163,#1166,.T.);
#1168 = ORIENTED_EDGE('',*,*,#1167,.F.);
#1169 = ORIENTED_EDGE('',*,*,#1042,.T.);
#1170 = ORIENTED_EDGE('',*,*,#1134,.T.);
#1171 = DIRECTION('',(0.,0.,-1.));
#1172 = VECTOR('',#1171,1.);
#1173 = LINE('',#1162,#1172);
#1174 = EDGE_CURVE('',#1163,#1105,#1173,.T.);
#1175 = ORIENTED_EDGE('',*,*,#1174,.F.);
#1176 = CARTESIAN_POINT('',(-9.205,0.315,-3.6000000000000005));
#1177 = DIRECTION('',(0.,1.,0.));
#1178 = DIRECTION('',(1.,0.,0.));
#1179 = AXIS2_PLACEMENT_3D('',#1176,#1177,#1178);
#1180 = PLANE('',#1179);
#1181 = EDGE_LOOP('',(#1168,#1169,#1170,#1175));
#1182 = FACE_OUTER_BOUND('',#1181,.T.);
#1183 = ADVANCED_FACE('',(#1182),#1180,.T.);
#1184 = ORIENTED_EDGE('',*,*,#1174,.T.);
#1185 = ORIENTED_EDGE('',*,*,#1115,.F.);
#1186 = ORIENTED_EDGE('',*,*,#1014,.F.);
#1187 = DIRECTION('',(0.,1.,0.));
#1188 = VECTOR('',#1187,1.);
#1189 = LINE('',#994,#1188);
#1190 = EDGE_CURVE('',#995,#1163,#1189,.T.);
#1191 = ORIENTED_EDGE('',*,*,#1190,.T.);
#1192 = CARTESIAN_POINT('',(-9.205,0.315,-3.6000000000000005));
#1193 = DIRECTION('',(-1.,0.,0.));
#1194 = DIRECTION('',(0.,0.,-1.));
#1195 = AXIS2_PLACEMENT_3D('',#1192,#1193,#1194);
#1196 = PLANE('',#1195);
#1197 = EDGE_LOOP('',(#1184,#1185,#1186,#1191));
#1198 = FACE_OUTER_BOUND('',#1197,.T.);
#1199 = ADVANCED_FACE('',(#1198),#1196,.T.);
#1200 = ORIENTED_EDGE('',*,*,#1190,.F.);
#1201 = ORIENTED_EDGE('',*,*,#1009,.F.);
#1202 = ORIENTED_EDGE('',*,*,#1031,.T.);
#1203 = ORIENTED_EDGE('',*,*,#1167,.T.);
#1204 = CARTESIAN_POINT('',(-9.205,0.315,-3.6000000000000005));
#1205 = DIRECTION('',(0.,0.,1.));
#1206 = DIRECTION('',(0.,-1.,0.));
#1207 = AXIS2_PLACEMENT_3D('',#1204,#1205,#1206);
#1208 = PLANE('',#1207);
#1209 = EDGE_LOOP('',(#1200,#1201,#1202,#1203));
#1210 = FACE_OUTER_BOUND('',#1209,.T.);
#1211 = ADVANCED_FACE('',(#1210),#1208,.T.);
#1212 = CLOSED_SHELL('',(#1023,#1051,#1079,#1101,#1129,#1149,#1161,#1183,#1199,#1211));
#1213 = MANIFOLD_SOLID_BREP('',#1212);
#1214 = CARTESIAN_POINT('',(-7.619999999999999,-1.27,-3.6));
#1215 = VERTEX_POINT('',#1214);
#1216 = CARTESIAN_POINT('',(-7.619999999999999,-1.27,-1.6));
#1217 = VERTEX_POINT('',#1216);
#1218 = CARTESIAN_POINT('',(-7.619999999999999,1.27,-1.6));
#1219 = VERTEX_POINT('',#1218);
#1220 = CARTESIAN_POINT('',(-7.619999999999999,1.27,-3.6));
#1221 = VERTEX_POINT('',#1220);
#1222 = DIRECTION('',(0.,0.,-1.));
#1223 = VECTOR('',#1222,1.);
#1224 = LINE('',#1216,#1223);
#1225 = EDGE_CURVE('',#1217,#1215,#1224,.T.);
#1226 = ORIENTED_EDGE('',*,*,#1225,.F.);
#1227 = DIRECTION('',(0.,1.,0.));
#1228 = VECTOR('',#1227,1.);
#1229 = LINE('',#1216,#1228);
#1230 = EDGE_CURVE('',#1217,#1219,#1229,.T.);
#1231 = ORIENTED_EDGE('',*,*,#1230,.T.);
#1232 = DIRECTION('',(0.,0.,-1.));
#1233 = VECTOR('',#1232,1.);
#1234 = LINE('',#1218,#1233);
#1235 = EDGE_CURVE('',#1219,#1221,#1234,.T.);
#1236 = ORIENTED_EDGE('',*,*,#1235,.T.);
#1237 = DIRECTION('',(0.,1.,0.));
#1238 = VECTOR('',#1237,1.);
#1239 = LINE('',#1214,#1238);
#1240 = EDGE_CURVE('',#1215,#1221,#1239,.T.);
#1241 = ORIENTED_EDGE('',*,*,#1240,.F.);
#1242 = CARTESIAN_POINT('',(-7.619999999999999,-1.27,-3.6));
#1243 = DIRECTION('',(-1.,0.,0.));
#1244 = DIRECTION('',(0.,0.,1.));
#1245 = AXIS2_PLACEMENT_3D('',#1242,#1243,#1244);
#1246 = PLANE('',#1245);
#1247 = EDGE_LOOP('',(#1226,#1231,#1236,#1241));
#1248 = FACE_OUTER_BOUND('',#1247,.T.);
#1249 = ADVANCED_FACE('',(#1248),#1246,.T.);
#1250 = CARTESIAN_POINT('',(-5.08,-1.27,-3.6));
#1251 = VERTEX_POINT('',#1250);
#1252 = CARTESIAN_POINT('',(-5.08,1.27,-3.6));
#1253 = VERTEX_POINT('',#1252);
#1254 = CARTESIAN_POINT('',(-5.08,1.27,-1.6));
#1255 = VERTEX_POINT('',#1254);
#1256 = CARTESIAN_POINT('',(-5.08,-1.27,-1.6));
#1257 = VERTEX_POINT('',#1256);
#1258 = DIRECTION('',(0.,1.,0.));
#1259 = VECTOR('',#1258,1.);
#1260 = LINE('',#1250,#1259);
#1261 = EDGE_CURVE('',#1251,#1253,#1260,.T.);
#1262 = ORIENTED_EDGE('',*,*,#1261,.T.);
#1263 = DIRECTION('',(0.,0.,-1.));
#1264 = VECTOR('',#1263,1.);
#1265 = LINE('',#1254,#1264);
#1266 = EDGE_CURVE('',#1255,#1253,#1265,.T.);
#1267 = ORIENTED_EDGE('',*,*,#1266,.F.);
#1268 = DIRECTION('',(0.,1.,0.));
#1269 = VECTOR('',#1268,1.);
#1270 = LINE('',#1256,#1269);
#1271 = EDGE_CURVE('',#1257,#1255,#1270,.T.);
#1272 = ORIENTED_EDGE('',*,*,#1271,.F.);
#1273 = DIRECTION('',(0.,0.,-1.));
#1274 = VECTOR('',#1273,1.);
#1275 = LINE('',#1256,#1274);
#1276 = EDGE_CURVE('',#1257,#1251,#1275,.T.);
#1277 = ORIENTED_EDGE('',*,*,#1276,.T.);
#1278 = CARTESIAN_POINT('',(-5.08,-1.27,-3.6));
#1279 = DIRECTION('',(1.,0.,0.));
#1280 = DIRECTION('',(0.,1.,0.));
#1281 = AXIS2_PLACEMENT_3D('',#1278,#1279,#1280);
#1282 = PLANE('',#1281);
#1283 = EDGE_LOOP('',(#1262,#1267,#1272,#1277));
#1284 = FACE_OUTER_BOUND('',#1283,.T.);
#1285 = ADVANCED_FACE('',(#1284),#1282,.T.);
#1286 = DIRECTION('',(-1.,0.,0.));
#1287 = VECTOR('',#1286,1.);
#1288 = LINE('',#1250,#1287);
#1289 = EDGE_CURVE('',#1251,#1215,#1288,.T.);
#1290 = ORIENTED_EDGE('',*,*,#1289,.F.);
#1291 = ORIENTED_EDGE('',*,*,#1276,.F.);
#1292 = DIRECTION('',(-1.,0.,0.));
#1293 = VECTOR('',#1292,1.);
#1294 = LINE('',#1256,#1293);
#1295 = EDGE_CURVE('',#1257,#1217,#1294,.T.);
#1296 = ORIENTED_EDGE('',*,*,#1295,.T.);
#1297 = ORIENTED_EDGE('',*,*,#1225,.T.);
#1298 = CARTESIAN_POINT('',(-7.619999999999999,-1.27,-3.6));
#1299 = DIRECTION('',(0.,-1.,0.));
#1300 = DIRECTION('',(1.,0.,0.));
#1301 = AXIS2_PLACEMENT_3D('',#1298,#1299,#1300);
#1302 = PLANE('',#1301);
#1303 = EDGE_LOOP('',(#1290,#1291,#1296,#1297));
#1304 = FACE_OUTER_BOUND('',#1303,.T.);
#1305 = ADVANCED_FACE('',(#1304),#1302,.T.);
#1306 = ORIENTED_EDGE('',*,*,#1235,.F.);
#1307 = DIRECTION('',(-1.,0.,0.));
#1308 = VECTOR('',#1307,1.);
#1309 = LINE('',#1254,#1308);
#1310 = EDGE_CURVE('',#1255,#1219,#1309,.T.);
#1311 = ORIENTED_EDGE('',*,*,#1310,.F.);
#1312 = ORIENTED_EDGE('',*,*,#1266,.T.);
#1313 = DIRECTION('',(-1.,0.,0.));
#1314 = VECTOR('',#1313,1.);
#1315 = LINE('',#1252,#1314);
#1316 = EDGE_CURVE('',#1253,#1221,#1315,.T.);
#1317 = ORIENTED_EDGE('',*,*,#1316,.T.);
#1318 = CARTESIAN_POINT('',(-7.619999999999999,1.27,-3.6));
#1319 = DIRECTION('',(0.,1.,0.));
#1320 = DIRECTION('',(0.,0.,1.));
#1321 = AXIS2_PLACEMENT_3D('',#1318,#1319,#1320);
#1322 = PLANE('',#1321);
#1323 = EDGE_LOOP('',(#1306,#1311,#1312,#1317));
#1324 = FACE_OUTER_BOUND('',#1323,.T.);
#1325 = ADVANCED_FACE('',(#1324),#1322,.T.);
#1326 = ORIENTED_EDGE('',*,*,#1240,.T.);
#1327 = ORIENTED_EDGE('',*,*,#1316,.F.);
#1328 = ORIENTED_EDGE('',*,*,#1261,.F.);
#1329 = ORIENTED_EDGE('',*,*,#1289,.T.);
#1330 = CARTESIAN_POINT('',(-7.619999999999999,-1.27,-3.6));
#1331 = DIRECTION('',(0.,0.,-1.));
#1332 = DIRECTION('',(0.,1.,0.));
#1333 = AXIS2_PLACEMENT_3D('',#1330,#1331,#1332);
#1334 = PLANE('',#1333);
#1335 = EDGE_LOOP('',(#1326,#1327,#1328,#1329));
#1336 = FACE_OUTER_BOUND('',#1335,.T.);
#1337 = ADVANCED_FACE('',(#1336),#1334,.T.);
#1338 = ORIENTED_EDGE('',*,*,#1295,.F.);
#1339 = ORIENTED_EDGE('',*,*,#1271,.T.);
#1340 = ORIENTED_EDGE('',*,*,#1310,.T.);
#1341 = ORIENTED_EDGE('',*,*,#1230,.F.);
#1342 = CARTESIAN_POINT('',(-7.619999999999999,-1.27,-1.6));
#1343 = DIRECTION('',(0.,0.,1.));
#1344 = DIRECTION('',(1.,0.,0.));
#1345 = AXIS2_PLACEMENT_3D('',#1342,#1343,#1344);
#1346 = PLANE('',#1345);
#1347 = EDGE_LOOP('',(#1338,#1339,#1340,#1341));
#1348 = FACE_OUTER_BOUND('',#1347,.T.);
#1349 = ADVANCED_FACE('',(#1348),#1346,.T.);
#1350 = CLOSED_SHELL('',(#1249,#1285,#1305,#1325,#1337,#1349));
#1351 = MANIFOLD_SOLID_BREP('',#1350);
#1352 = COLOUR_RGB('',0.13333333333333333,0.13333333333333333,0.13333333333333333);
#1353 = FILL_AREA_STYLE_COLOUR('',#1352);
#1354 = FILL_AREA_STYLE('',(#1353));
#1355 = SURFACE_STYLE_FILL_AREA(#1354);
#1356 = SURFACE_SIDE_STYLE('',(#1355));
#1357 = SURFACE_STYLE_USAGE(.BOTH.,#1356);
#1358 = PRESENTATION_STYLE_ASSIGNMENT((#1357));
#1359 = STYLED_ITEM('',(#1358),#1351);
#1360 = CARTESIAN_POINT('',(-6.665,0.315,-2.1500000000000004));
#1361 = VERTEX_POINT('',#1360);
#1362 = CARTESIAN_POINT('',(-6.665,-0.315,-2.1500000000000004));
#1363 = VERTEX_POINT('',#1362);
#1364 = CARTESIAN_POINT('',(-6.665,-0.315,0.5499999999999998));
#1365 = VERTEX_POINT('',#1364);
#1366 = CARTESIAN_POINT('',(-6.665,0.315,0.5499999999999998));
#1367 = VERTEX_POINT('',#1366);
#1368 = DIRECTION('',(0.,1.,0.));
#1369 = VECTOR('',#1368,1.);
#1370 = LINE('',#1362,#1369);
#1371 = EDGE_CURVE('',#1363,#1361,#1370,.T.);
#1372 = ORIENTED_EDGE('',*,*,#1371,.F.);
#1373 = DIRECTION('',(0.,0.,1.));
#1374 = VECTOR('',#1373,1.);
#1375 = LINE('',#1362,#1374);
#1376 = EDGE_CURVE('',#1363,#1365,#1375,.T.);
#1377 = ORIENTED_EDGE('',*,*,#1376,.T.);
#1378 = DIRECTION('',(0.,1.,0.));
#1379 = VECTOR('',#1378,1.);
#1380 = LINE('',#1364,#1379);
#1381 = EDGE_CURVE('',#1365,#1367,#1380,.T.);
#1382 = ORIENTED_EDGE('',*,*,#1381,.T.);
#1383 = DIRECTION('',(0.,0.,1.));
#1384 = VECTOR('',#1383,1.);
#1385 = LINE('',#1360,#1384);
#1386 = EDGE_CURVE('',#1361,#1367,#1385,.T.);
#1387 = ORIENTED_EDGE('',*,*,#1386,.F.);
#1388 = CARTESIAN_POINT('',(-6.665,0.315,-2.1500000000000004));
#1389 = DIRECTION('',(-1.,0.,0.));
#1390 = DIRECTION('',(0.,-1.,0.));
#1391 = AXIS2_PLACEMENT_3D('',#1388,#1389,#1390);
#1392 = PLANE('',#1391);
#1393 = EDGE_LOOP('',(#1372,#1377,#1382,#1387));
#1394 = FACE_OUTER_BOUND('',#1393,.T.);
#1395 = ADVANCED_FACE('',(#1394),#1392,.T.);
#1396 = CARTESIAN_POINT('',(-6.034999999999999,0.315,0.5499999999999998));
#1397 = VERTEX_POINT('',#1396);
#1398 = CARTESIAN_POINT('',(-6.034999999999999,0.315,-2.1500000000000004));
#1399 = VERTEX_POINT('',#1398);
#1400 = DIRECTION('',(0.,0.,1.));
#1401 = VECTOR('',#1400,1.);
#1402 = LINE('',#1398,#1401);
#1403 = EDGE_CURVE('',#1399,#1397,#1402,.T.);
#1404 = ORIENTED_EDGE('',*,*,#1403,.F.);
#1405 = DIRECTION('',(-1.,0.,0.));
#1406 = VECTOR('',#1405,1.);
#1407 = LINE('',#1398,#1406);
#1408 = EDGE_CURVE('',#1399,#1361,#1407,.T.);
#1409 = ORIENTED_EDGE('',*,*,#1408,.T.);
#1410 = ORIENTED_EDGE('',*,*,#1386,.T.);
#1411 = DIRECTION('',(-1.,0.,0.));
#1412 = VECTOR('',#1411,1.);
#1413 = LINE('',#1396,#1412);
#1414 = EDGE_CURVE('',#1397,#1367,#1413,.T.);
#1415 = ORIENTED_EDGE('',*,*,#1414,.F.);
#1416 = CARTESIAN_POINT('',(-6.034999999999999,0.315,0.5499999999999998));
#1417 = DIRECTION('',(0.,1.,0.));
#1418 = DIRECTION('',(0.,0.,-1.));
#1419 = AXIS2_PLACEMENT_3D('',#1416,#1417,#1418);
#1420 = PLANE('',#1419);
#1421 = EDGE_LOOP('',(#1404,#1409,#1410,#1415));
#1422 = FACE_OUTER_BOUND('',#1421,.T.);
#1423 = ADVANCED_FACE('',(#1422),#1420,.T.);
#1424 = CARTESIAN_POINT('',(-6.5249999999999995,0.175,0.8999999999999999));
#1425 = VERTEX_POINT('',#1424);
#1426 = CARTESIAN_POINT('',(-6.5249999999999995,-0.175,0.8999999999999999));
#1427 = VERTEX_POINT('',#1426);
#1428 = DIRECTION('',(-0.3481553119113968,0.3481553119113954,-0.8703882797784888));
#1429 = VECTOR('',#1428,1.);
#1430 = LINE('',#1424,#1429);
#1431 = EDGE_CURVE('',#1425,#1367,#1430,.T.);
#1432 = ORIENTED_EDGE('',*,*,#1431,.T.);
#1433 = ORIENTED_EDGE('',*,*,#1381,.F.);
#1434 = DIRECTION('',(-0.3481553119113968,-0.3481553119113954,-0.8703882797784888));
#1435 = VECTOR('',#1434,1.);
#1436 = LINE('',#1426,#1435);
#1437 = EDGE_CURVE('',#1427,#1365,#1436,.T.);
#1438 = ORIENTED_EDGE('',*,*,#1437,.F.);
#1439 = DIRECTION('',(0.,1.,0.));
#1440 = VECTOR('',#1439,1.);
#1441 = LINE('',#1426,#1440);
#1442 = EDGE_CURVE('',#1427,#1425,#1441,.T.);
#1443 = ORIENTED_EDGE('',*,*,#1442,.T.);
#1444 = CARTESIAN_POINT('',(-6.5249999999999995,0.175,0.8999999999999999));
#1445 = DIRECTION('',(-0.9284766908852589,0.,0.37139067635410494));
#1446 = DIRECTION('',(-0.3481553119113968,0.3481553119113954,-0.8703882797784888));
#1447 = AXIS2_PLACEMENT_3D('',#1444,#1445,#1446);
#1448 = PLANE('',#1447);
#1449 = EDGE_LOOP('',(#1432,#1433,#1438,#1443));
#1450 = FACE_OUTER_BOUND('',#1449,.T.);
#1451 = ADVANCED_FACE('',(#1450),#1448,.T.);
#1452 = CARTESIAN_POINT('',(-6.034999999999999,-0.315,-2.1500000000000004));
#1453 = VERTEX_POINT('',#1452);
#1454 = CARTESIAN_POINT('',(-6.034999999999999,-0.315,0.5499999999999998));
#1455 = VERTEX_POINT('',#1454);
#1456 = DIRECTION('',(0.,1.,0.));
#1457 = VECTOR('',#1456,1.);
#1458 = LINE('',#1452,#1457);
#1459 = EDGE_CURVE('',#1453,#1399,#1458,.T.);
#1460 = ORIENTED_EDGE('',*,*,#1459,.T.);
#1461 = ORIENTED_EDGE('',*,*,#1403,.T.);
#1462 = DIRECTION('',(0.,1.,0.));
#1463 = VECTOR('',#1462,1.);
#1464 = LINE('',#1454,#1463);
#1465 = EDGE_CURVE('',#1455,#1397,#1464,.T.);
#1466 = ORIENTED_EDGE('',*,*,#1465,.F.);
#1467 = DIRECTION('',(0.,0.,1.));
#1468 = VECTOR('',#1467,1.);
#1469 = LINE('',#1452,#1468);
#1470 = EDGE_CURVE('',#1453,#1455,#1469,.T.);
#1471 = ORIENTED_EDGE('',*,*,#1470,.F.);
#1472 = CARTESIAN_POINT('',(-6.034999999999999,-0.315,-2.1500000000000004));
#1473 = DIRECTION('',(1.,0.,0.));
#1474 = DIRECTION('',(0.,1.,0.));
#1475 = AXIS2_PLACEMENT_3D('',#1472,#1473,#1474);
#1476 = PLANE('',#1475);
#1477 = EDGE_LOOP('',(#1460,#1461,#1466,#1471));
#1478 = FACE_OUTER_BOUND('',#1477,.T.);
#1479 = ADVANCED_FACE('',(#1478),#1476,.T.);
#1480 = ORIENTED_EDGE('',*,*,#1470,.T.);
#1481 = DIRECTION('',(-1.,0.,0.));
#1482 = VECTOR('',#1481,1.);
#1483 = LINE('',#1454,#1482);
#1484 = EDGE_CURVE('',#1455,#1365,#1483,.T.);
#1485 = ORIENTED_EDGE('',*,*,#1484,.T.);
#1486 = ORIENTED_EDGE('',*,*,#1376,.F.);
#1487 = DIRECTION('',(-1.,0.,0.));
#1488 = VECTOR('',#1487,1.);
#1489 = LINE('',#1452,#1488);
#1490 = EDGE_CURVE('',#1453,#1363,#1489,.T.);
#1491 = ORIENTED_EDGE('',*,*,#1490,.F.);
#1492 = CARTESIAN_POINT('',(-6.034999999999999,-0.315,-2.1500000000000004));
#1493 = DIRECTION('',(0.,-1.,0.));
#1494 = DIRECTION('',(0.,0.,1.));
#1495 = AXIS2_PLACEMENT_3D('',#1492,#1493,#1494);
#1496 = PLANE('',#1495);
#1497 = EDGE_LOOP('',(#1480,#1485,#1486,#1491));
#1498 = FACE_OUTER_BOUND('',#1497,.T.);
#1499 = ADVANCED_FACE('',(#1498),#1496,.T.);
#1500 = ORIENTED_EDGE('',*,*,#1490,.T.);
#1501 = ORIENTED_EDGE('',*,*,#1371,.T.);
#1502 = ORIENTED_EDGE('',*,*,#1408,.F.);
#1503 = ORIENTED_EDGE('',*,*,#1459,.F.);
#1504 = CARTESIAN_POINT('',(-6.034999999999999,-0.315,-2.1500000000000004));
#1505 = DIRECTION('',(0.,0.,-1.));
#1506 = DIRECTION('',(-1.,0.,0.));
#1507 = AXIS2_PLACEMENT_3D('',#1504,#1505,#1506);
#1508 = PLANE('',#1507);
#1509 = EDGE_LOOP('',(#1500,#1501,#1502,#1503));
#1510 = FACE_OUTER_BOUND('',#1509,.T.);
#1511 = ADVANCED_FACE('',(#1510),#1508,.T.);
#1512 = CARTESIAN_POINT('',(-6.175,0.175,0.8999999999999999));
#1513 = VERTEX_POINT('',#1512);
#1514 = DIRECTION('',(-0.3481553119113968,-0.3481553119113954,0.8703882797784888));
#1515 = VECTOR('',#1514,1.);
#1516 = LINE('',#1396,#1515);
#1517 = EDGE_CURVE('',#1397,#1513,#1516,.T.);
#1518 = ORIENTED_EDGE('',*,*,#1517,.F.);
#1519 = ORIENTED_EDGE('',*,*,#1414,.T.);
#1520 = ORIENTED_EDGE('',*,*,#1431,.F.);
#1521 = DIRECTION('',(-1.,0.,0.));
#1522 = VECTOR('',#1521,1.);
#1523 = LINE('',#1512,#1522);
#1524 = EDGE_CURVE('',#1513,#1425,#1523,.T.);
#1525 = ORIENTED_EDGE('',*,*,#1524,.F.);
#1526 = CARTESIAN_POINT('',(-6.175,0.175,0.8999999999999999));
#1527 = DIRECTION('',(0.,0.9284766908852591,0.3713906763541038));
#1528 = DIRECTION('',(0.3481553119113968,0.3481553119113954,-0.8703882797784888));
#1529 = AXIS2_PLACEMENT_3D('',#1526,#1527,#1528);
#1530 = PLANE('',#1529);
#1531 = EDGE_LOOP('',(#1518,#1519,#1520,#1525));
#1532 = FACE_OUTER_BOUND('',#1531,.T.);
#1533 = ADVANCED_FACE('',(#1532),#1530,.T.);
#1534 = CARTESIAN_POINT('',(-6.175,-0.175,0.8999999999999999));
#1535 = VERTEX_POINT('',#1534);
#1536 = DIRECTION('',(-0.3481553119113968,0.3481553119113954,0.8703882797784888));
#1537 = VECTOR('',#1536,1.);
#1538 = LINE('',#1454,#1537);
#1539 = EDGE_CURVE('',#1455,#1535,#1538,.T.);
#1540 = ORIENTED_EDGE('',*,*,#1539,.F.);
#1541 = ORIENTED_EDGE('',*,*,#1465,.T.);
#1542 = ORIENTED_EDGE('',*,*,#1517,.T.);
#1543 = DIRECTION('',(0.,1.,0.));
#1544 = VECTOR('',#1543,1.);
#1545 = LINE('',#1534,#1544);
#1546 = EDGE_CURVE('',#1535,#1513,#1545,.T.);
#1547 = ORIENTED_EDGE('',*,*,#1546,.F.);
#1548 = CARTESIAN_POINT('',(-6.175,-0.175,0.8999999999999999));
#1549 = DIRECTION('',(0.9284766908852589,0.,0.37139067635410494));
#1550 = DIRECTION('',(0.3481553119113968,-0.3481553119113954,-0.8703882797784888));
#1551 = AXIS2_PLACEMENT_3D('',#1548,#1549,#1550);
#1552 = PLANE('',#1551);
#1553 = EDGE_LOOP('',(#1540,#1541,#1542,#1547));
#1554 = FACE_OUTER_BOUND('',#1553,.T.);
#1555 = ADVANCED_FACE('',(#1554),#1552,.T.);
#1556 = ORIENTED_EDGE('',*,*,#1546,.T.);
#1557 = ORIENTED_EDGE('',*,*,#1524,.T.);
#1558 = ORIENTED_EDGE('',*,*,#1442,.F.);
#1559 = DIRECTION('',(-1.,0.,0.));
#1560 = VECTOR('',#1559,1.);
#1561 = LINE('',#1534,#1560);
#1562 = EDGE_CURVE('',#1535,#1427,#1561,.T.);
#1563 = ORIENTED_EDGE('',*,*,#1562,.F.);
#1564 = CARTESIAN_POINT('',(-6.175,-0.175,0.8999999999999999));
#1565 = DIRECTION('',(0.,0.,1.));
#1566 = DIRECTION('',(0.,1.,0.));
#1567 = AXIS2_PLACEMENT_3D('',#1564,#1565,#1566);
#1568 = PLANE('',#1567);
#1569 = EDGE_LOOP('',(#1556,#1557,#1558,#1563));
#1570 = FACE_OUTER_BOUND('',#1569,.T.);
#1571 = ADVANCED_FACE('',(#1570),#1568,.T.);
#1572 = ORIENTED_EDGE('',*,*,#1562,.T.);
#1573 = ORIENTED_EDGE('',*,*,#1437,.T.);
#1574 = ORIENTED_EDGE('',*,*,#1484,.F.);
#1575 = ORIENTED_EDGE('',*,*,#1539,.T.);
#1576 = CARTESIAN_POINT('',(-6.175,-0.175,0.8999999999999999));
#1577 = DIRECTION('',(0.,-0.9284766908852591,0.3713906763541038));
#1578 = DIRECTION('',(-1.,0.,0.));
#1579 = AXIS2_PLACEMENT_3D('',#1576,#1577,#1578);
#1580 = PLANE('',#1579);
#1581 = EDGE_LOOP('',(#1572,#1573,#1574,#1575));
#1582 = FACE_OUTER_BOUND('',#1581,.T.);
#1583 = ADVANCED_FACE('',(#1582),#1580,.T.);
#1584 = CLOSED_SHELL('',(#1395,#1423,#1451,#1479,#1499,#1511,#1533,#1555,#1571,#1583));
#1585 = MANIFOLD_SOLID_BREP('',#1584);
#1586 = CARTESIAN_POINT('',(-6.665,-0.315,-9.));
#1587 = VERTEX_POINT('',#1586);
#1588 = CARTESIAN_POINT('',(-6.034999999999999,-0.315,-9.));
#1589 = VERTEX_POINT('',#1588);
#1590 = CARTESIAN_POINT('',(-6.034999999999999,-0.315,-3.6000000000000005));
#1591 = VERTEX_POINT('',#1590);
#1592 = CARTESIAN_POINT('',(-6.665,-0.315,-3.6000000000000005));
#1593 = VERTEX_POINT('',#1592);
#1594 = DIRECTION('',(-1.,0.,0.));
#1595 = VECTOR('',#1594,1.);
#1596 = LINE('',#1588,#1595);
#1597 = EDGE_CURVE('',#1589,#1587,#1596,.T.);
#1598 = ORIENTED_EDGE('',*,*,#1597,.F.);
#1599 = DIRECTION('',(0.,0.,-1.));
#1600 = VECTOR('',#1599,1.);
#1601 = LINE('',#1590,#1600);
#1602 = EDGE_CURVE('',#1591,#1589,#1601,.T.);
#1603 = ORIENTED_EDGE('',*,*,#1602,.F.);
#1604 = DIRECTION('',(-1.,0.,0.));
#1605 = VECTOR('',#1604,1.);
#1606 = LINE('',#1590,#1605);
#1607 = EDGE_CURVE('',#1591,#1593,#1606,.T.);
#1608 = ORIENTED_EDGE('',*,*,#1607,.T.);
#1609 = DIRECTION('',(0.,0.,-1.));
#1610 = VECTOR('',#1609,1.);
#1611 = LINE('',#1592,#1610);
#1612 = EDGE_CURVE('',#1593,#1587,#1611,.T.);
#1613 = ORIENTED_EDGE('',*,*,#1612,.T.);
#1614 = CARTESIAN_POINT('',(-6.665,-0.315,-9.));
#1615 = DIRECTION('',(0.,-1.,0.));
#1616 = DIRECTION('',(1.,0.,0.));
#1617 = AXIS2_PLACEMENT_3D('',#1614,#1615,#1616);
#1618 = PLANE('',#1617);
#1619 = EDGE_LOOP('',(#1598,#1603,#1608,#1613));
#1620 = FACE_OUTER_BOUND('',#1619,.T.);
#1621 = ADVANCED_FACE('',(#1620),#1618,.T.);
#1622 = CARTESIAN_POINT('',(-6.034999999999999,0.315,-3.6000000000000005));
#1623 = VERTEX_POINT('',#1622);
#1624 = CARTESIAN_POINT('',(-6.034999999999999,0.315,-9.));
#1625 = VERTEX_POINT('',#1624);
#1626 = DIRECTION('',(0.,1.,0.));
#1627 = VECTOR('',#1626,1.);
#1628 = LINE('',#1590,#1627);
#1629 = EDGE_CURVE('',#1591,#1623,#1628,.T.);
#1630 = ORIENTED_EDGE('',*,*,#1629,.F.);
#1631 = ORIENTED_EDGE('',*,*,#1602,.T.);
#1632 = DIRECTION('',(0.,1.,0.));
#1633 = VECTOR('',#1632,1.);
#1634 = LINE('',#1588,#1633);
#1635 = EDGE_CURVE('',#1589,#1625,#1634,.T.);
#1636 = ORIENTED_EDGE('',*,*,#1635,.T.);
#1637 = DIRECTION('',(0.,0.,-1.));
#1638 = VECTOR('',#1637,1.);
#1639 = LINE('',#1622,#1638);
#1640 = EDGE_CURVE('',#1623,#1625,#1639,.T.);
#1641 = ORIENTED_EDGE('',*,*,#1640,.F.);
#1642 = CARTESIAN_POINT('',(-6.034999999999999,0.315,-3.6000000000000005));
#1643 = DIRECTION('',(1.,0.,0.));
#1644 = DIRECTION('',(0.,-1.,0.));
#1645 = AXIS2_PLACEMENT_3D('',#1642,#1643,#1644);
#1646 = PLANE('',#1645);
#1647 = EDGE_LOOP('',(#1630,#1631,#1636,#1641));
#1648 = FACE_OUTER_BOUND('',#1647,.T.);
#1649 = ADVANCED_FACE('',(#1648),#1646,.T.);
#1650 = CARTESIAN_POINT('',(-6.175,-0.175,-9.6));
#1651 = VERTEX_POINT('',#1650);
#1652 = CARTESIAN_POINT('',(-6.175,0.175,-9.6));
#1653 = VERTEX_POINT('',#1652);
#1654 = DIRECTION('',(0.,1.,0.));
#1655 = VECTOR('',#1654,1.);
#1656 = LINE('',#1650,#1655);
#1657 = EDGE_CURVE('',#1651,#1653,#1656,.T.);
#1658 = ORIENTED_EDGE('',*,*,#1657,.T.);
#1659 = DIRECTION('',(-0.22158112824152243,-0.22158112824152154,-0.9496334067493774));
#1660 = VECTOR('',#1659,1.);
#1661 = LINE('',#1624,#1660);
#1662 = EDGE_CURVE('',#1625,#1653,#1661,.T.);
#1663 = ORIENTED_EDGE('',*,*,#1662,.F.);
#1664 = ORIENTED_EDGE('',*,*,#1635,.F.);
#1665 = DIRECTION('',(-0.22158112824152243,0.22158112824152154,-0.9496334067493774));
#1666 = VECTOR('',#1665,1.);
#1667 = LINE('',#1588,#1666);
#1668 = EDGE_CURVE('',#1589,#1651,#1667,.T.);
#1669 = ORIENTED_EDGE('',*,*,#1668,.T.);
#1670 = CARTESIAN_POINT('',(-6.175,-0.175,-9.6));
#1671 = DIRECTION('',(0.9738412097417932,0.,-0.2272296156064191));
#1672 = DIRECTION('',(0.,1.,0.));
#1673 = AXIS2_PLACEMENT_3D('',#1670,#1671,#1672);
#1674 = PLANE('',#1673);
#1675 = EDGE_LOOP('',(#1658,#1663,#1664,#1669));
#1676 = FACE_OUTER_BOUND('',#1675,.T.);
#1677 = ADVANCED_FACE('',(#1676),#1674,.T.);
#1678 = CARTESIAN_POINT('',(-6.5249999999999995,-0.175,-9.6));
#1679 = VERTEX_POINT('',#1678);
#1680 = ORIENTED_EDGE('',*,*,#1668,.F.);
#1681 = ORIENTED_EDGE('',*,*,#1597,.T.);
#1682 = DIRECTION('',(-0.22158112824152243,-0.22158112824152154,0.9496334067493774));
#1683 = VECTOR('',#1682,1.);
#1684 = LINE('',#1678,#1683);
#1685 = EDGE_CURVE('',#1679,#1587,#1684,.T.);
#1686 = ORIENTED_EDGE('',*,*,#1685,.F.);
#1687 = DIRECTION('',(-1.,0.,0.));
#1688 = VECTOR('',#1687,1.);
#1689 = LINE('',#1650,#1688);
#1690 = EDGE_CURVE('',#1651,#1679,#1689,.T.);
#1691 = ORIENTED_EDGE('',*,*,#1690,.F.);
#1692 = CARTESIAN_POINT('',(-6.175,-0.175,-9.6));
#1693 = DIRECTION('',(0.,-0.9738412097417931,-0.22722961560641844));
#1694 = DIRECTION('',(0.22158112824152243,-0.22158112824152154,0.9496334067493774));
#1695 = AXIS2_PLACEMENT_3D('',#1692,#1693,#1694);
#1696 = PLANE('',#1695);
#1697 = EDGE_LOOP('',(#1680,#1681,#1686,#1691));
#1698 = FACE_OUTER_BOUND('',#1697,.T.);
#1699 = ADVANCED_FACE('',(#1698),#1696,.T.);
#1700 = CARTESIAN_POINT('',(-6.5249999999999995,0.175,-9.6));
#1701 = VERTEX_POINT('',#1700);
#1702 = CARTESIAN_POINT('',(-6.665,0.315,-9.));
#1703 = VERTEX_POINT('',#1702);
#1704 = DIRECTION('',(0.,1.,0.));
#1705 = VECTOR('',#1704,1.);
#1706 = LINE('',#1678,#1705);
#1707 = EDGE_CURVE('',#1679,#1701,#1706,.T.);
#1708 = ORIENTED_EDGE('',*,*,#1707,.F.);
#1709 = ORIENTED_EDGE('',*,*,#1685,.T.);
#1710 = DIRECTION('',(0.,1.,0.));
#1711 = VECTOR('',#1710,1.);
#1712 = LINE('',#1586,#1711);
#1713 = EDGE_CURVE('',#1587,#1703,#1712,.T.);
#1714 = ORIENTED_EDGE('',*,*,#1713,.T.);
#1715 = DIRECTION('',(-0.22158112824152243,0.22158112824152154,0.9496334067493774));
#1716 = VECTOR('',#1715,1.);
#1717 = LINE('',#1700,#1716);
#1718 = EDGE_CURVE('',#1701,#1703,#1717,.T.);
#1719 = ORIENTED_EDGE('',*,*,#1718,.F.);
#1720 = CARTESIAN_POINT('',(-6.5249999999999995,0.175,-9.6));
#1721 = DIRECTION('',(-0.9738412097417932,0.,-0.2272296156064191));
#1722 = DIRECTION('',(0.,-1.,0.));
#1723 = AXIS2_PLACEMENT_3D('',#1720,#1721,#1722);
#1724 = PLANE('',#1723);
#1725 = EDGE_LOOP('',(#1708,#1709,#1714,#1719));
#1726 = FACE_OUTER_BOUND('',#1725,.T.);
#1727 = ADVANCED_FACE('',(#1726),#1724,.T.);
#1728 = ORIENTED_EDGE('',*,*,#1718,.T.);
#1729 = DIRECTION('',(-1.,0.,0.));
#1730 = VECTOR('',#1729,1.);
#1731 = LINE('',#1624,#1730);
#1732 = EDGE_CURVE('',#1625,#1703,#1731,.T.);
#1733 = ORIENTED_EDGE('',*,*,#1732,.F.);
#1734 = ORIENTED_EDGE('',*,*,#1662,.T.);
#1735 = DIRECTION('',(-1.,0.,0.));
#1736 = VECTOR('',#1735,1.);
#1737 = LINE('',#1652,#1736);
#1738 = EDGE_CURVE('',#1653,#1701,#1737,.T.);
#1739 = ORIENTED_EDGE('',*,*,#1738,.T.);
#1740 = CARTESIAN_POINT('',(-6.5249999999999995,0.175,-9.6));
#1741 = DIRECTION('',(0.,0.9738412097417931,-0.22722961560641844));
#1742 = DIRECTION('',(-0.22158112824152243,0.22158112824152154,0.9496334067493774));
#1743 = AXIS2_PLACEMENT_3D('',#1740,#1741,#1742);
#1744 = PLANE('',#1743);
#1745 = EDGE_LOOP('',(#1728,#1733,#1734,#1739));
#1746 = FACE_OUTER_BOUND('',#1745,.T.);
#1747 = ADVANCED_FACE('',(#1746),#1744,.T.);
#1748 = ORIENTED_EDGE('',*,*,#1738,.F.);
#1749 = ORIENTED_EDGE('',*,*,#1657,.F.);
#1750 = ORIENTED_EDGE('',*,*,#1690,.T.);
#1751 = ORIENTED_EDGE('',*,*,#1707,.T.);
#1752 = CARTESIAN_POINT('',(-6.5249999999999995,0.175,-9.6));
#1753 = DIRECTION('',(0.,0.,-1.));
#1754 = DIRECTION('',(1.,0.,0.));
#1755 = AXIS2_PLACEMENT_3D('',#1752,#1753,#1754);
#1756 = PLANE('',#1755);
#1757 = EDGE_LOOP('',(#1748,#1749,#1750,#1751));
#1758 = FACE_OUTER_BOUND('',#1757,.T.);
#1759 = ADVANCED_FACE('',(#1758),#1756,.T.);
#1760 = CARTESIAN_POINT('',(-6.665,0.315,-3.6000000000000005));
#1761 = VERTEX_POINT('',#1760);
#1762 = DIRECTION('',(-1.,0.,0.));
#1763 = VECTOR('',#1762,1.);
#1764 = LINE('',#1622,#1763);
#1765 = EDGE_CURVE('',#1623,#1761,#1764,.T.);
#1766 = ORIENTED_EDGE('',*,*,#1765,.F.);
#1767 = ORIENTED_EDGE('',*,*,#1640,.T.);
#1768 = ORIENTED_EDGE('',*,*,#1732,.T.);
#1769 = DIRECTION('',(0.,0.,-1.));
#1770 = VECTOR('',#1769,1.);
#1771 = LINE('',#1760,#1770);
#1772 = EDGE_CURVE('',#1761,#1703,#1771,.T.);
#1773 = ORIENTED_EDGE('',*,*,#1772,.F.);
#1774 = CARTESIAN_POINT('',(-6.665,0.315,-3.6000000000000005));
#1775 = DIRECTION('',(0.,1.,0.));
#1776 = DIRECTION('',(1.,0.,0.));
#1777 = AXIS2_PLACEMENT_3D('',#1774,#1775,#1776);
#1778 = PLANE('',#1777);
#1779 = EDGE_LOOP('',(#1766,#1767,#1768,#1773));
#1780 = FACE_OUTER_BOUND('',#1779,.T.);
#1781 = ADVANCED_FACE('',(#1780),#1778,.T.);
#1782 = ORIENTED_EDGE('',*,*,#1772,.T.);
#1783 = ORIENTED_EDGE('',*,*,#1713,.F.);
#1784 = ORIENTED_EDGE('',*,*,#1612,.F.);
#1785 = DIRECTION('',(0.,1.,0.));
#1786 = VECTOR('',#1785,1.);
#1787 = LINE('',#1592,#1786);
#1788 = EDGE_CURVE('',#1593,#1761,#1787,.T.);
#1789 = ORIENTED_EDGE('',*,*,#1788,.T.);
#1790 = CARTESIAN_POINT('',(-6.665,0.315,-3.6000000000000005));
#1791 = DIRECTION('',(-1.,0.,0.));
#1792 = DIRECTION('',(0.,0.,-1.));
#1793 = AXIS2_PLACEMENT_3D('',#1790,#1791,#1792);
#1794 = PLANE('',#1793);
#1795 = EDGE_LOOP('',(#1782,#1783,#1784,#1789));
#1796 = FACE_OUTER_BOUND('',#1795,.T.);
#1797 = ADVANCED_FACE('',(#1796),#1794,.T.);
#1798 = ORIENTED_EDGE('',*,*,#1788,.F.);
#1799 = ORIENTED_EDGE('',*,*,#1607,.F.);
#1800 = ORIENTED_EDGE('',*,*,#1629,.T.);
#1801 = ORIENTED_EDGE('',*,*,#1765,.T.);
#1802 = CARTESIAN_POINT('',(-6.665,0.315,-3.6000000000000005));
#1803 = DIRECTION('',(0.,0.,1.));
#1804 = DIRECTION('',(0.,-1.,0.));
#1805 = AXIS2_PLACEMENT_3D('',#1802,#1803,#1804);
#1806 = PLANE('',#1805);
#1807 = EDGE_LOOP('',(#1798,#1799,#1800,#1801));
#1808 = FACE_OUTER_BOUND('',#1807,.T.);
#1809 = ADVANCED_FACE('',(#1808),#1806,.T.);
#1810 = CLOSED_SHELL('',(#1621,#1649,#1677,#1699,#1727,#1747,#1759,#1781,#1797,#1809));
#1811 = MANIFOLD_SOLID_BREP('',#1810);
#1812 = CARTESIAN_POINT('',(-5.08,-1.27,-3.6));
#1813 = VERTEX_POINT('',#1812);
#1814 = CARTESIAN_POINT('',(-5.08,-1.27,-1.6));
#1815 = VERTEX_POINT('',#1814);
#1816 = CARTESIAN_POINT('',(-5.08,1.27,-1.6));
#1817 = VERTEX_POINT('',#1816);
#1818 = CARTESIAN_POINT('',(-5.08,1.27,-3.6));
#1819 = VERTEX_POINT('',#1818);
#1820 = DIRECTION('',(0.,0.,-1.));
#1821 = VECTOR('',#1820,1.);
#1822 = LINE('',#1814,#1821);
#1823 = EDGE_CURVE('',#1815,#1813,#1822,.T.);
#1824 = ORIENTED_EDGE('',*,*,#1823,.F.);
#1825 = DIRECTION('',(0.,1.,0.));
#1826 = VECTOR('',#1825,1.);
#1827 = LINE('',#1814,#1826);
#1828 = EDGE_CURVE('',#1815,#1817,#1827,.T.);
#1829 = ORIENTED_EDGE('',*,*,#1828,.T.);
#1830 = DIRECTION('',(0.,0.,-1.));
#1831 = VECTOR('',#1830,1.);
#1832 = LINE('',#1816,#1831);
#1833 = EDGE_CURVE('',#1817,#1819,#1832,.T.);
#1834 = ORIENTED_EDGE('',*,*,#1833,.T.);
#1835 = DIRECTION('',(0.,1.,0.));
#1836 = VECTOR('',#1835,1.);
#1837 = LINE('',#1812,#1836);
#1838 = EDGE_CURVE('',#1813,#1819,#1837,.T.);
#1839 = ORIENTED_EDGE('',*,*,#1838,.F.);
#1840 = CARTESIAN_POINT('',(-5.08,-1.27,-3.6));
#1841 = DIRECTION('',(-1.,0.,0.));
#1842 = DIRECTION('',(0.,0.,1.));
#1843 = AXIS2_PLACEMENT_3D('',#1840,#1841,#1842);
#1844 = PLANE('',#1843);
#1845 = EDGE_LOOP('',(#1824,#1829,#1834,#1839));
#1846 = FACE_OUTER_BOUND('',#1845,.T.);
#1847 = ADVANCED_FACE('',(#1846),#1844,.T.);
#1848 = CARTESIAN_POINT('',(-2.5399999999999996,-1.27,-3.6));
#1849 = VERTEX_POINT('',#1848);
#1850 = CARTESIAN_POINT('',(-2.5399999999999996,1.27,-3.6));
#1851 = VERTEX_POINT('',#1850);
#1852 = CARTESIAN_POINT('',(-2.5399999999999996,1.27,-1.6));
#1853 = VERTEX_POINT('',#1852);
#1854 = CARTESIAN_POINT('',(-2.5399999999999996,-1.27,-1.6));
#1855 = VERTEX_POINT('',#1854);
#1856 = DIRECTION('',(0.,1.,0.));
#1857 = VECTOR('',#1856,1.);
#1858 = LINE('',#1848,#1857);
#1859 = EDGE_CURVE('',#1849,#1851,#1858,.T.);
#1860 = ORIENTED_EDGE('',*,*,#1859,.T.);
#1861 = DIRECTION('',(0.,0.,-1.));
#1862 = VECTOR('',#1861,1.);
#1863 = LINE('',#1852,#1862);
#1864 = EDGE_CURVE('',#1853,#1851,#1863,.T.);
#1865 = ORIENTED_EDGE('',*,*,#1864,.F.);
#1866 = DIRECTION('',(0.,1.,0.));
#1867 = VECTOR('',#1866,1.);
#1868 = LINE('',#1854,#1867);
#1869 = EDGE_CURVE('',#1855,#1853,#1868,.T.);
#1870 = ORIENTED_EDGE('',*,*,#1869,.F.);
#1871 = DIRECTION('',(0.,0.,-1.));
#1872 = VECTOR('',#1871,1.);
#1873 = LINE('',#1854,#1872);
#1874 = EDGE_CURVE('',#1855,#1849,#1873,.T.);
#1875 = ORIENTED_EDGE('',*,*,#1874,.T.);
#1876 = CARTESIAN_POINT('',(-2.5399999999999996,-1.27,-3.6));
#1877 = DIRECTION('',(1.,0.,0.));
#1878 = DIRECTION('',(0.,1.,0.));
#1879 = AXIS2_PLACEMENT_3D('',#1876,#1877,#1878);
#1880 = PLANE('',#1879);
#1881 = EDGE_LOOP('',(#1860,#1865,#1870,#1875));
#1882 = FACE_OUTER_BOUND('',#1881,.T.);
#1883 = ADVANCED_FACE('',(#1882),#1880,.T.);
#1884 = DIRECTION('',(-1.,0.,0.));
#1885 = VECTOR('',#1884,1.);
#1886 = LINE('',#1848,#1885);
#1887 = EDGE_CURVE('',#1849,#1813,#1886,.T.);
#1888 = ORIENTED_EDGE('',*,*,#1887,.F.);
#1889 = ORIENTED_EDGE('',*,*,#1874,.F.);
#1890 = DIRECTION('',(-1.,0.,0.));
#1891 = VECTOR('',#1890,1.);
#1892 = LINE('',#1854,#1891);
#1893 = EDGE_CURVE('',#1855,#1815,#1892,.T.);
#1894 = ORIENTED_EDGE('',*,*,#1893,.T.);
#1895 = ORIENTED_EDGE('',*,*,#1823,.T.);
#1896 = CARTESIAN_POINT('',(-5.08,-1.27,-3.6));
#1897 = DIRECTION('',(0.,-1.,0.));
#1898 = DIRECTION('',(1.,0.,0.));
#1899 = AXIS2_PLACEMENT_3D('',#1896,#1897,#1898);
#1900 = PLANE('',#1899);
#1901 = EDGE_LOOP('',(#1888,#1889,#1894,#1895));
#1902 = FACE_OUTER_BOUND('',#1901,.T.);
#1903 = ADVANCED_FACE('',(#1902),#1900,.T.);
#1904 = ORIENTED_EDGE('',*,*,#1833,.F.);
#1905 = DIRECTION('',(-1.,0.,0.));
#1906 = VECTOR('',#1905,1.);
#1907 = LINE('',#1852,#1906);
#1908 = EDGE_CURVE('',#1853,#1817,#1907,.T.);
#1909 = ORIENTED_EDGE('',*,*,#1908,.F.);
#1910 = ORIENTED_EDGE('',*,*,#1864,.T.);
#1911 = DIRECTION('',(-1.,0.,0.));
#1912 = VECTOR('',#1911,1.);
#1913 = LINE('',#1850,#1912);
#1914 = EDGE_CURVE('',#1851,#1819,#1913,.T.);
#1915 = ORIENTED_EDGE('',*,*,#1914,.T.);
#1916 = CARTESIAN_POINT('',(-5.08,1.27,-3.6));
#1917 = DIRECTION('',(0.,1.,0.));
#1918 = DIRECTION('',(0.,0.,1.));
#1919 = AXIS2_PLACEMENT_3D('',#1916,#1917,#1918);
#1920 = PLANE('',#1919);
#1921 = EDGE_LOOP('',(#1904,#1909,#1910,#1915));
#1922 = FACE_OUTER_BOUND('',#1921,.T.);
#1923 = ADVANCED_FACE('',(#1922),#1920,.T.);
#1924 = ORIENTED_EDGE('',*,*,#1838,.T.);
#1925 = ORIENTED_EDGE('',*,*,#1914,.F.);
#1926 = ORIENTED_EDGE('',*,*,#1859,.F.);
#1927 = ORIENTED_EDGE('',*,*,#1887,.T.);
#1928 = CARTESIAN_POINT('',(-5.08,-1.27,-3.6));
#1929 = DIRECTION('',(0.,0.,-1.));
#1930 = DIRECTION('',(0.,1.,0.));
#1931 = AXIS2_PLACEMENT_3D('',#1928,#1929,#1930);
#1932 = PLANE('',#1931);
#1933 = EDGE_LOOP('',(#1924,#1925,#1926,#1927));
#1934 = FACE_OUTER_BOUND('',#1933,.T.);
#1935 = ADVANCED_FACE('',(#1934),#1932,.T.);
#1936 = ORIENTED_EDGE('',*,*,#1893,.F.);
#1937 = ORIENTED_EDGE('',*,*,#1869,.T.);
#1938 = ORIENTED_EDGE('',*,*,#1908,.T.);
#1939 = ORIENTED_EDGE('',*,*,#1828,.F.);
#1940 = CARTESIAN_POINT('',(-5.08,-1.27,-1.6));
#1941 = DIRECTION('',(0.,0.,1.));
#1942 = DIRECTION('',(1.,0.,0.));
#1943 = AXIS2_PLACEMENT_3D('',#1940,#1941,#1942);
#1944 = PLANE('',#1943);
#1945 = EDGE_LOOP('',(#1936,#1937,#1938,#1939));
#1946 = FACE_OUTER_BOUND('',#1945,.T.);
#1947 = ADVANCED_FACE('',(#1946),#1944,.T.);
#1948 = CLOSED_SHELL('',(#1847,#1883,#1903,#1923,#1935,#1947));
#1949 = MANIFOLD_SOLID_BREP('',#1948);
#1950 = COLOUR_RGB('',0.13333333333333333,0.13333333333333333,0.13333333333333333);
#1951 = FILL_AREA_STYLE_COLOUR('',#1950);
#1952 = FILL_AREA_STYLE('',(#1951));
#1953 = SURFACE_STYLE_FILL_AREA(#1952);
#1954 = SURFACE_SIDE_STYLE('',(#1953));
#1955 = SURFACE_STYLE_USAGE(.BOTH.,#1954);
#1956 = PRESENTATION_STYLE_ASSIGNMENT((#1955));
#1957 = STYLED_ITEM('',(#1956),#1949);
#1958 = CARTESIAN_POINT('',(-4.125,0.315,-2.1500000000000004));
#1959 = VERTEX_POINT('',#1958);
#1960 = CARTESIAN_POINT('',(-4.125,-0.315,-2.1500000000000004));
#1961 = VERTEX_POINT('',#1960);
#1962 = CARTESIAN_POINT('',(-4.125,-0.315,0.5499999999999998));
#1963 = VERTEX_POINT('',#1962);
#1964 = CARTESIAN_POINT('',(-4.125,0.315,0.5499999999999998));
#1965 = VERTEX_POINT('',#1964);
#1966 = DIRECTION('',(0.,1.,0.));
#1967 = VECTOR('',#1966,1.);
#1968 = LINE('',#1960,#1967);
#1969 = EDGE_CURVE('',#1961,#1959,#1968,.T.);
#1970 = ORIENTED_EDGE('',*,*,#1969,.F.);
#1971 = DIRECTION('',(0.,0.,1.));
#1972 = VECTOR('',#1971,1.);
#1973 = LINE('',#1960,#1972);
#1974 = EDGE_CURVE('',#1961,#1963,#1973,.T.);
#1975 = ORIENTED_EDGE('',*,*,#1974,.T.);
#1976 = DIRECTION('',(0.,1.,0.));
#1977 = VECTOR('',#1976,1.);
#1978 = LINE('',#1962,#1977);
#1979 = EDGE_CURVE('',#1963,#1965,#1978,.T.);
#1980 = ORIENTED_EDGE('',*,*,#1979,.T.);
#1981 = DIRECTION('',(0.,0.,1.));
#1982 = VECTOR('',#1981,1.);
#1983 = LINE('',#1958,#1982);
#1984 = EDGE_CURVE('',#1959,#1965,#1983,.T.);
#1985 = ORIENTED_EDGE('',*,*,#1984,.F.);
#1986 = CARTESIAN_POINT('',(-4.125,0.315,-2.1500000000000004));
#1987 = DIRECTION('',(-1.,0.,0.));
#1988 = DIRECTION('',(0.,-1.,0.));
#1989 = AXIS2_PLACEMENT_3D('',#1986,#1987,#1988);
#1990 = PLANE('',#1989);
#1991 = EDGE_LOOP('',(#1970,#1975,#1980,#1985));
#1992 = FACE_OUTER_BOUND('',#1991,.T.);
#1993 = ADVANCED_FACE('',(#1992),#1990,.T.);
#1994 = CARTESIAN_POINT('',(-3.4949999999999997,0.315,0.5499999999999998));
#1995 = VERTEX_POINT('',#1994);
#1996 = CARTESIAN_POINT('',(-3.4949999999999997,0.315,-2.1500000000000004));
#1997 = VERTEX_POINT('',#1996);
#1998 = DIRECTION('',(0.,0.,1.));
#1999 = VECTOR('',#1998,1.);
#2000 = LINE('',#1996,#1999);
#2001 = EDGE_CURVE('',#1997,#1995,#2000,.T.);
#2002 = ORIENTED_EDGE('',*,*,#2001,.F.);
#2003 = DIRECTION('',(-1.,0.,0.));
#2004 = VECTOR('',#2003,1.);
#2005 = LINE('',#1996,#2004);
#2006 = EDGE_CURVE('',#1997,#1959,#2005,.T.);
#2007 = ORIENTED_EDGE('',*,*,#2006,.T.);
#2008 = ORIENTED_EDGE('',*,*,#1984,.T.);
#2009 = DIRECTION('',(-1.,0.,0.));
#2010 = VECTOR('',#2009,1.);
#2011 = LINE('',#1994,#2010);
#2012 = EDGE_CURVE('',#1995,#1965,#2011,.T.);
#2013 = ORIENTED_EDGE('',*,*,#2012,.F.);
#2014 = CARTESIAN_POINT('',(-3.4949999999999997,0.315,0.5499999999999998));
#2015 = DIRECTION('',(0.,1.,0.));
#2016 = DIRECTION('',(0.,0.,-1.));
#2017 = AXIS2_PLACEMENT_3D('',#2014,#2015,#2016);
#2018 = PLANE('',#2017);
#2019 = EDGE_LOOP('',(#2002,#2007,#2008,#2013));
#2020 = FACE_OUTER_BOUND('',#2019,.T.);
#2021 = ADVANCED_FACE('',(#2020),#2018,.T.);
#2022 = CARTESIAN_POINT('',(-3.9849999999999994,0.175,0.8999999999999999));
#2023 = VERTEX_POINT('',#2022);
#2024 = CARTESIAN_POINT('',(-3.9849999999999994,-0.175,0.8999999999999999));
#2025 = VERTEX_POINT('',#2024);
#2026 = DIRECTION('',(-0.3481553119113968,0.3481553119113954,-0.8703882797784888));
#2027 = VECTOR('',#2026,1.);
#2028 = LINE('',#2022,#2027);
#2029 = EDGE_CURVE('',#2023,#1965,#2028,.T.);
#2030 = ORIENTED_EDGE('',*,*,#2029,.T.);
#2031 = ORIENTED_EDGE('',*,*,#1979,.F.);
#2032 = DIRECTION('',(-0.3481553119113968,-0.3481553119113954,-0.8703882797784888));
#2033 = VECTOR('',#2032,1.);
#2034 = LINE('',#2024,#2033);
#2035 = EDGE_CURVE('',#2025,#1963,#2034,.T.);
#2036 = ORIENTED_EDGE('',*,*,#2035,.F.);
#2037 = DIRECTION('',(0.,1.,0.));
#2038 = VECTOR('',#2037,1.);
#2039 = LINE('',#2024,#2038);
#2040 = EDGE_CURVE('',#2025,#2023,#2039,.T.);
#2041 = ORIENTED_EDGE('',*,*,#2040,.T.);
#2042 = CARTESIAN_POINT('',(-3.9849999999999994,0.175,0.8999999999999999));
#2043 = DIRECTION('',(-0.9284766908852589,0.,0.37139067635410494));
#2044 = DIRECTION('',(-0.3481553119113968,0.3481553119113954,-0.8703882797784888));
#2045 = AXIS2_PLACEMENT_3D('',#2042,#2043,#2044);
#2046 = PLANE('',#2045);
#2047 = EDGE_LOOP('',(#2030,#2031,#2036,#2041));
#2048 = FACE_OUTER_BOUND('',#2047,.T.);
#2049 = ADVANCED_FACE('',(#2048),#2046,.T.);
#2050 = CARTESIAN_POINT('',(-3.4949999999999997,-0.315,-2.1500000000000004));
#2051 = VERTEX_POINT('',#2050);
#2052 = CARTESIAN_POINT('',(-3.4949999999999997,-0.315,0.5499999999999998));
#2053 = VERTEX_POINT('',#2052);
#2054 = DIRECTION('',(0.,1.,0.));
#2055 = VECTOR('',#2054,1.);
#2056 = LINE('',#2050,#2055);
#2057 = EDGE_CURVE('',#2051,#1997,#2056,.T.);
#2058 = ORIENTED_EDGE('',*,*,#2057,.T.);
#2059 = ORIENTED_EDGE('',*,*,#2001,.T.);
#2060 = DIRECTION('',(0.,1.,0.));
#2061 = VECTOR('',#2060,1.);
#2062 = LINE('',#2052,#2061);
#2063 = EDGE_CURVE('',#2053,#1995,#2062,.T.);
#2064 = ORIENTED_EDGE('',*,*,#2063,.F.);
#2065 = DIRECTION('',(0.,0.,1.));
#2066 = VECTOR('',#2065,1.);
#2067 = LINE('',#2050,#2066);
#2068 = EDGE_CURVE('',#2051,#2053,#2067,.T.);
#2069 = ORIENTED_EDGE('',*,*,#2068,.F.);
#2070 = CARTESIAN_POINT('',(-3.4949999999999997,-0.315,-2.1500000000000004));
#2071 = DIRECTION('',(1.,0.,0.));
#2072 = DIRECTION('',(0.,1.,0.));
#2073 = AXIS2_PLACEMENT_3D('',#2070,#2071,#2072);
#2074 = PLANE('',#2073);
#2075 = EDGE_LOOP('',(#2058,#2059,#2064,#2069));
#2076 = FACE_OUTER_BOUND('',#2075,.T.);
#2077 = ADVANCED_FACE('',(#2076),#2074,.T.);
#2078 = ORIENTED_EDGE('',*,*,#2068,.T.);
#2079 = DIRECTION('',(-1.,0.,0.));
#2080 = VECTOR('',#2079,1.);
#2081 = LINE('',#2052,#2080);
#2082 = EDGE_CURVE('',#2053,#1963,#2081,.T.);
#2083 = ORIENTED_EDGE('',*,*,#2082,.T.);
#2084 = ORIENTED_EDGE('',*,*,#1974,.F.);
#2085 = DIRECTION('',(-1.,0.,0.));
#2086 = VECTOR('',#2085,1.);
#2087 = LINE('',#2050,#2086);
#2088 = EDGE_CURVE('',#2051,#1961,#2087,.T.);
#2089 = ORIENTED_EDGE('',*,*,#2088,.F.);
#2090 = CARTESIAN_POINT('',(-3.4949999999999997,-0.315,-2.1500000000000004));
#2091 = DIRECTION('',(0.,-1.,0.));
#2092 = DIRECTION('',(0.,0.,1.));
#2093 = AXIS2_PLACEMENT_3D('',#2090,#2091,#2092);
#2094 = PLANE('',#2093);
#2095 = EDGE_LOOP('',(#2078,#2083,#2084,#2089));
#2096 = FACE_OUTER_BOUND('',#2095,.T.);
#2097 = ADVANCED_FACE('',(#2096),#2094,.T.);
#2098 = ORIENTED_EDGE('',*,*,#2088,.T.);
#2099 = ORIENTED_EDGE('',*,*,#1969,.T.);
#2100 = ORIENTED_EDGE('',*,*,#2006,.F.);
#2101 = ORIENTED_EDGE('',*,*,#2057,.F.);
#2102 = CARTESIAN_POINT('',(-3.4949999999999997,-0.315,-2.1500000000000004));
#2103 = DIRECTION('',(0.,0.,-1.));
#2104 = DIRECTION('',(-1.,0.,0.));
#2105 = AXIS2_PLACEMENT_3D('',#2102,#2103,#2104);
#2106 = PLANE('',#2105);
#2107 = EDGE_LOOP('',(#2098,#2099,#2100,#2101));
#2108 = FACE_OUTER_BOUND('',#2107,.T.);
#2109 = ADVANCED_FACE('',(#2108),#2106,.T.);
#2110 = CARTESIAN_POINT('',(-3.635,0.175,0.8999999999999999));
#2111 = VERTEX_POINT('',#2110);
#2112 = DIRECTION('',(-0.34815531191139587,-0.3481553119113956,0.8703882797784892));
#2113 = VECTOR('',#2112,1.);
#2114 = LINE('',#1994,#2113);
#2115 = EDGE_CURVE('',#1995,#2111,#2114,.T.);
#2116 = ORIENTED_EDGE('',*,*,#2115,.F.);
#2117 = ORIENTED_EDGE('',*,*,#2012,.T.);
#2118 = ORIENTED_EDGE('',*,*,#2029,.F.);
#2119 = DIRECTION('',(-1.,0.,0.));
#2120 = VECTOR('',#2119,1.);
#2121 = LINE('',#2110,#2120);
#2122 = EDGE_CURVE('',#2111,#2023,#2121,.T.);
#2123 = ORIENTED_EDGE('',*,*,#2122,.F.);
#2124 = CARTESIAN_POINT('',(-3.635,0.175,0.8999999999999999));
#2125 = DIRECTION('',(0.,0.9284766908852593,0.3713906763541033));
#2126 = DIRECTION('',(0.34815531191139587,0.3481553119113956,-0.8703882797784892));
#2127 = AXIS2_PLACEMENT_3D('',#2124,#2125,#2126);
#2128 = PLANE('',#2127);
#2129 = EDGE_LOOP('',(#2116,#2117,#2118,#2123));
#2130 = FACE_OUTER_BOUND('',#2129,.T.);
#2131 = ADVANCED_FACE('',(#2130),#2128,.T.);
#2132 = CARTESIAN_POINT('',(-3.635,-0.175,0.8999999999999999));
#2133 = VERTEX_POINT('',#2132);
#2134 = DIRECTION('',(-0.34815531191139587,0.3481553119113956,0.8703882797784892));
#2135 = VECTOR('',#2134,1.);
#2136 = LINE('',#2052,#2135);
#2137 = EDGE_CURVE('',#2053,#2133,#2136,.T.);
#2138 = ORIENTED_EDGE('',*,*,#2137,.F.);
#2139 = ORIENTED_EDGE('',*,*,#2063,.T.);
#2140 = ORIENTED_EDGE('',*,*,#2115,.T.);
#2141 = DIRECTION('',(0.,1.,0.));
#2142 = VECTOR('',#2141,1.);
#2143 = LINE('',#2132,#2142);
#2144 = EDGE_CURVE('',#2133,#2111,#2143,.T.);
#2145 = ORIENTED_EDGE('',*,*,#2144,.F.);
#2146 = CARTESIAN_POINT('',(-3.635,-0.175,0.8999999999999999));
#2147 = DIRECTION('',(0.9284766908852591,0.,0.3713906763541039));
#2148 = DIRECTION('',(0.34815531191139587,-0.3481553119113956,-0.8703882797784892));
#2149 = AXIS2_PLACEMENT_3D('',#2146,#2147,#2148);
#2150 = PLANE('',#2149);
#2151 = EDGE_LOOP('',(#2138,#2139,#2140,#2145));
#2152 = FACE_OUTER_BOUND('',#2151,.T.);
#2153 = ADVANCED_FACE('',(#2152),#2150,.T.);
#2154 = ORIENTED_EDGE('',*,*,#2144,.T.);
#2155 = ORIENTED_EDGE('',*,*,#2122,.T.);
#2156 = ORIENTED_EDGE('',*,*,#2040,.F.);
#2157 = DIRECTION('',(-1.,0.,0.));
#2158 = VECTOR('',#2157,1.);
#2159 = LINE('',#2132,#2158);
#2160 = EDGE_CURVE('',#2133,#2025,#2159,.T.);
#2161 = ORIENTED_EDGE('',*,*,#2160,.F.);
#2162 = CARTESIAN_POINT('',(-3.635,-0.175,0.8999999999999999));
#2163 = DIRECTION('',(0.,0.,1.));
#2164 = DIRECTION('',(0.,1.,0.));
#2165 = AXIS2_PLACEMENT_3D('',#2162,#2163,#2164);
#2166 = PLANE('',#2165);
#2167 = EDGE_LOOP('',(#2154,#2155,#2156,#2161));
#2168 = FACE_OUTER_BOUND('',#2167,.T.);
#2169 = ADVANCED_FACE('',(#2168),#2166,.T.);
#2170 = ORIENTED_EDGE('',*,*,#2160,.T.);
#2171 = ORIENTED_EDGE('',*,*,#2035,.T.);
#2172 = ORIENTED_EDGE('',*,*,#2082,.F.);
#2173 = ORIENTED_EDGE('',*,*,#2137,.T.);
#2174 = CARTESIAN_POINT('',(-3.635,-0.175,0.8999999999999999));
#2175 = DIRECTION('',(0.,-0.9284766908852593,0.3713906763541033));
#2176 = DIRECTION('',(-1.,0.,0.));
#2177 = AXIS2_PLACEMENT_3D('',#2174,#2175,#2176);
#2178 = PLANE('',#2177);
#2179 = EDGE_LOOP('',(#2170,#2171,#2172,#2173));
#2180 = FACE_OUTER_BOUND('',#2179,.T.);
#2181 = ADVANCED_FACE('',(#2180),#2178,.T.);
#2182 = CLOSED_SHELL('',(#1993,#2021,#2049,#2077,#2097,#2109,#2131,#2153,#2169,#2181));
#2183 = MANIFOLD_SOLID_BREP('',#2182);
#2184 = CARTESIAN_POINT('',(-3.4949999999999997,0.315,-3.6000000000000005));
#2185 = VERTEX_POINT('',#2184);
#2186 = CARTESIAN_POINT('',(-3.4949999999999997,0.315,-9.));
#2187 = VERTEX_POINT('',#2186);
#2188 = CARTESIAN_POINT('',(-4.125,0.315,-9.));
#2189 = VERTEX_POINT('',#2188);
#2190 = CARTESIAN_POINT('',(-4.125,0.315,-3.6000000000000005));
#2191 = VERTEX_POINT('',#2190);
#2192 = DIRECTION('',(0.,0.,-1.));
#2193 = VECTOR('',#2192,1.);
#2194 = LINE('',#2184,#2193);
#2195 = EDGE_CURVE('',#2185,#2187,#2194,.T.);
#2196 = ORIENTED_EDGE('',*,*,#2195,.T.);
#2197 = DIRECTION('',(-1.,0.,0.));
#2198 = VECTOR('',#2197,1.);
#2199 = LINE('',#2186,#2198);
#2200 = EDGE_CURVE('',#2187,#2189,#2199,.T.);
#2201 = ORIENTED_EDGE('',*,*,#2200,.T.);
#2202 = DIRECTION('',(0.,0.,-1.));
#2203 = VECTOR('',#2202,1.);
#2204 = LINE('',#2190,#2203);
#2205 = EDGE_CURVE('',#2191,#2189,#2204,.T.);
#2206 = ORIENTED_EDGE('',*,*,#2205,.F.);
#2207 = DIRECTION('',(-1.,0.,0.));
#2208 = VECTOR('',#2207,1.);
#2209 = LINE('',#2184,#2208);
#2210 = EDGE_CURVE('',#2185,#2191,#2209,.T.);
#2211 = ORIENTED_EDGE('',*,*,#2210,.F.);
#2212 = CARTESIAN_POINT('',(-3.4949999999999997,0.315,-3.6000000000000005));
#2213 = DIRECTION('',(0.,1.,0.));
#2214 = DIRECTION('',(0.,0.,-1.));
#2215 = AXIS2_PLACEMENT_3D('',#2212,#2213,#2214);
#2216 = PLANE('',#2215);
#2217 = EDGE_LOOP('',(#2196,#2201,#2206,#2211));
#2218 = FACE_OUTER_BOUND('',#2217,.T.);
#2219 = ADVANCED_FACE('',(#2218),#2216,.T.);
#2220 = CARTESIAN_POINT('',(-4.125,-0.315,-9.));
#2221 = VERTEX_POINT('',#2220);
#2222 = CARTESIAN_POINT('',(-4.125,-0.315,-3.6000000000000005));
#2223 = VERTEX_POINT('',#2222);
#2224 = DIRECTION('',(0.,0.,-1.));
#2225 = VECTOR('',#2224,1.);
#2226 = LINE('',#2222,#2225);
#2227 = EDGE_CURVE('',#2223,#2221,#2226,.T.);
#2228 = ORIENTED_EDGE('',*,*,#2227,.F.);
#2229 = DIRECTION('',(0.,1.,0.));
#2230 = VECTOR('',#2229,1.);
#2231 = LINE('',#2222,#2230);
#2232 = EDGE_CURVE('',#2223,#2191,#2231,.T.);
#2233 = ORIENTED_EDGE('',*,*,#2232,.T.);
#2234 = ORIENTED_EDGE('',*,*,#2205,.T.);
#2235 = DIRECTION('',(0.,1.,0.));
#2236 = VECTOR('',#2235,1.);
#2237 = LINE('',#2220,#2236);
#2238 = EDGE_CURVE('',#2221,#2189,#2237,.T.);
#2239 = ORIENTED_EDGE('',*,*,#2238,.F.);
#2240 = CARTESIAN_POINT('',(-4.125,-0.315,-9.));
#2241 = DIRECTION('',(-1.,0.,0.));
#2242 = DIRECTION('',(0.,0.,1.));
#2243 = AXIS2_PLACEMENT_3D('',#2240,#2241,#2242);
#2244 = PLANE('',#2243);
#2245 = EDGE_LOOP('',(#2228,#2233,#2234,#2239));
#2246 = FACE_OUTER_BOUND('',#2245,.T.);
#2247 = ADVANCED_FACE('',(#2246),#2244,.T.);
#2248 = CARTESIAN_POINT('',(-3.9849999999999994,0.175,-9.6));
#2249 = VERTEX_POINT('',#2248);
#2250 = CARTESIAN_POINT('',(-3.9849999999999994,-0.175,-9.6));
#2251 = VERTEX_POINT('',#2250);
#2252 = ORIENTED_EDGE('',*,*,#2238,.T.);
#2253 = DIRECTION('',(-0.22158112824152243,0.22158112824152154,0.9496334067493774));
#2254 = VECTOR('',#2253,1.);
#2255 = LINE('',#2248,#2254);
#2256 = EDGE_CURVE('',#2249,#2189,#2255,.T.);
#2257 = ORIENTED_EDGE('',*,*,#2256,.F.);
#2258 = DIRECTION('',(0.,1.,0.));
#2259 = VECTOR('',#2258,1.);
#2260 = LINE('',#2250,#2259);
#2261 = EDGE_CURVE('',#2251,#2249,#2260,.T.);
#2262 = ORIENTED_EDGE('',*,*,#2261,.F.);
#2263 = DIRECTION('',(-0.22158112824152243,-0.22158112824152154,0.9496334067493774));
#2264 = VECTOR('',#2263,1.);
#2265 = LINE('',#2250,#2264);
#2266 = EDGE_CURVE('',#2251,#2221,#2265,.T.);
#2267 = ORIENTED_EDGE('',*,*,#2266,.T.);
#2268 = CARTESIAN_POINT('',(-4.125,-0.315,-9.));
#2269 = DIRECTION('',(-0.9738412097417932,0.,-0.22722961560641877));
#2270 = DIRECTION('',(0.,1.,0.));
#2271 = AXIS2_PLACEMENT_3D('',#2268,#2269,#2270);
#2272 = PLANE('',#2271);
#2273 = EDGE_LOOP('',(#2252,#2257,#2262,#2267));
#2274 = FACE_OUTER_BOUND('',#2273,.T.);
#2275 = ADVANCED_FACE('',(#2274),#2272,.T.);
#2276 = CARTESIAN_POINT('',(-3.635,0.175,-9.6));
#2277 = VERTEX_POINT('',#2276);
#2278 = DIRECTION('',(-1.,0.,0.));
#2279 = VECTOR('',#2278,1.);
#2280 = LINE('',#2276,#2279);
#2281 = EDGE_CURVE('',#2277,#2249,#2280,.T.);
#2282 = ORIENTED_EDGE('',*,*,#2281,.T.);
#2283 = ORIENTED_EDGE('',*,*,#2256,.T.);
#2284 = ORIENTED_EDGE('',*,*,#2200,.F.);
#2285 = DIRECTION('',(-0.22158112824152176,-0.22158112824152157,-0.9496334067493776));
#2286 = VECTOR('',#2285,1.);
#2287 = LINE('',#2186,#2286);
#2288 = EDGE_CURVE('',#2187,#2277,#2287,.T.);
#2289 = ORIENTED_EDGE('',*,*,#2288,.T.);
#2290 = CARTESIAN_POINT('',(-3.635,0.175,-9.6));
#2291 = DIRECTION('',(0.,0.9738412097417931,-0.22722961560641836));
#2292 = DIRECTION('',(-1.,0.,0.));
#2293 = AXIS2_PLACEMENT_3D('',#2290,#2291,#2292);
#2294 = PLANE('',#2293);
#2295 = EDGE_LOOP('',(#2282,#2283,#2284,#2289));
#2296 = FACE_OUTER_BOUND('',#2295,.T.);
#2297 = ADVANCED_FACE('',(#2296),#2294,.T.);
#2298 = CARTESIAN_POINT('',(-3.4949999999999997,-0.315,-3.6000000000000005));
#2299 = VERTEX_POINT('',#2298);
#2300 = DIRECTION('',(0.,1.,0.));
#2301 = VECTOR('',#2300,1.);
#2302 = LINE('',#2298,#2301);
#2303 = EDGE_CURVE('',#2299,#2185,#2302,.T.);
#2304 = ORIENTED_EDGE('',*,*,#2303,.T.);
#2305 = ORIENTED_EDGE('',*,*,#2210,.T.);
#2306 = ORIENTED_EDGE('',*,*,#2232,.F.);
#2307 = DIRECTION('',(-1.,0.,0.));
#2308 = VECTOR('',#2307,1.);
#2309 = LINE('',#2298,#2308);
#2310 = EDGE_CURVE('',#2299,#2223,#2309,.T.);
#2311 = ORIENTED_EDGE('',*,*,#2310,.F.);
#2312 = CARTESIAN_POINT('',(-3.4949999999999997,-0.315,-3.6000000000000005));
#2313 = DIRECTION('',(0.,0.,1.));
#2314 = DIRECTION('',(0.,1.,0.));
#2315 = AXIS2_PLACEMENT_3D('',#2312,#2313,#2314);
#2316 = PLANE('',#2315);
#2317 = EDGE_LOOP('',(#2304,#2305,#2306,#2311));
#2318 = FACE_OUTER_BOUND('',#2317,.T.);
#2319 = ADVANCED_FACE('',(#2318),#2316,.T.);
#2320 = CARTESIAN_POINT('',(-3.4949999999999997,-0.315,-9.));
#2321 = VERTEX_POINT('',#2320);
#2322 = DIRECTION('',(0.,1.,0.));
#2323 = VECTOR('',#2322,1.);
#2324 = LINE('',#2320,#2323);
#2325 = EDGE_CURVE('',#2321,#2187,#2324,.T.);
#2326 = ORIENTED_EDGE('',*,*,#2325,.T.);
#2327 = ORIENTED_EDGE('',*,*,#2195,.F.);
#2328 = ORIENTED_EDGE('',*,*,#2303,.F.);
#2329 = DIRECTION('',(0.,0.,-1.));
#2330 = VECTOR('',#2329,1.);
#2331 = LINE('',#2298,#2330);
#2332 = EDGE_CURVE('',#2299,#2321,#2331,.T.);
#2333 = ORIENTED_EDGE('',*,*,#2332,.T.);
#2334 = CARTESIAN_POINT('',(-3.4949999999999997,-0.315,-9.));
#2335 = DIRECTION('',(1.,0.,0.));
#2336 = DIRECTION('',(0.,1.,0.));
#2337 = AXIS2_PLACEMENT_3D('',#2334,#2335,#2336);
#2338 = PLANE('',#2337);
#2339 = EDGE_LOOP('',(#2326,#2327,#2328,#2333));
#2340 = FACE_OUTER_BOUND('',#2339,.T.);
#2341 = ADVANCED_FACE('',(#2340),#2338,.T.);
#2342 = ORIENTED_EDGE('',*,*,#2332,.F.);
#2343 = ORIENTED_EDGE('',*,*,#2310,.T.);
#2344 = ORIENTED_EDGE('',*,*,#2227,.T.);
#2345 = DIRECTION('',(-1.,0.,0.));
#2346 = VECTOR('',#2345,1.);
#2347 = LINE('',#2320,#2346);
#2348 = EDGE_CURVE('',#2321,#2221,#2347,.T.);
#2349 = ORIENTED_EDGE('',*,*,#2348,.F.);
#2350 = CARTESIAN_POINT('',(-3.4949999999999997,-0.315,-9.));
#2351 = DIRECTION('',(0.,-1.,0.));
#2352 = DIRECTION('',(0.,0.,1.));
#2353 = AXIS2_PLACEMENT_3D('',#2350,#2351,#2352);
#2354 = PLANE('',#2353);
#2355 = EDGE_LOOP('',(#2342,#2343,#2344,#2349));
#2356 = FACE_OUTER_BOUND('',#2355,.T.);
#2357 = ADVANCED_FACE('',(#2356),#2354,.T.);
#2358 = CARTESIAN_POINT('',(-3.635,-0.175,-9.6));
#2359 = VERTEX_POINT('',#2358);
#2360 = DIRECTION('',(0.,1.,0.));
#2361 = VECTOR('',#2360,1.);
#2362 = LINE('',#2358,#2361);
#2363 = EDGE_CURVE('',#2359,#2277,#2362,.T.);
#2364 = ORIENTED_EDGE('',*,*,#2363,.T.);
#2365 = ORIENTED_EDGE('',*,*,#2288,.F.);
#2366 = ORIENTED_EDGE('',*,*,#2325,.F.);
#2367 = DIRECTION('',(-0.22158112824152176,0.22158112824152157,-0.9496334067493776));
#2368 = VECTOR('',#2367,1.);
#2369 = LINE('',#2320,#2368);
#2370 = EDGE_CURVE('',#2321,#2359,#2369,.T.);
#2371 = ORIENTED_EDGE('',*,*,#2370,.T.);
#2372 = CARTESIAN_POINT('',(-3.635,-0.175,-9.6));
#2373 = DIRECTION('',(0.9738412097417932,0.,-0.2272296156064184));
#2374 = DIRECTION('',(0.,1.,0.));
#2375 = AXIS2_PLACEMENT_3D('',#2372,#2373,#2374);
#2376 = PLANE('',#2375);
#2377 = EDGE_LOOP('',(#2364,#2365,#2366,#2371));
#2378 = FACE_OUTER_BOUND('',#2377,.T.);
#2379 = ADVANCED_FACE('',(#2378),#2376,.T.);
#2380 = ORIENTED_EDGE('',*,*,#2370,.F.);
#2381 = ORIENTED_EDGE('',*,*,#2348,.T.);
#2382 = ORIENTED_EDGE('',*,*,#2266,.F.);
#2383 = DIRECTION('',(-1.,0.,0.));
#2384 = VECTOR('',#2383,1.);
#2385 = LINE('',#2358,#2384);
#2386 = EDGE_CURVE('',#2359,#2251,#2385,.T.);
#2387 = ORIENTED_EDGE('',*,*,#2386,.F.);
#2388 = CARTESIAN_POINT('',(-3.635,-0.175,-9.6));
#2389 = DIRECTION('',(0.,-0.9738412097417931,-0.22722961560641836));
#2390 = DIRECTION('',(0.22158112824152176,-0.22158112824152157,0.9496334067493776));
#2391 = AXIS2_PLACEMENT_3D('',#2388,#2389,#2390);
#2392 = PLANE('',#2391);
#2393 = EDGE_LOOP('',(#2380,#2381,#2382,#2387));
#2394 = FACE_OUTER_BOUND('',#2393,.T.);
#2395 = ADVANCED_FACE('',(#2394),#2392,.T.);
#2396 = ORIENTED_EDGE('',*,*,#2386,.T.);
#2397 = ORIENTED_EDGE('',*,*,#2261,.T.);
#2398 = ORIENTED_EDGE('',*,*,#2281,.F.);
#2399 = ORIENTED_EDGE('',*,*,#2363,.F.);
#2400 = CARTESIAN_POINT('',(-3.635,-0.175,-9.6));
#2401 = DIRECTION('',(0.,0.,-1.));
#2402 = DIRECTION('',(-1.,0.,0.));
#2403 = AXIS2_PLACEMENT_3D('',#2400,#2401,#2402);
#2404 = PLANE('',#2403);
#2405 = EDGE_LOOP('',(#2396,#2397,#2398,#2399));
#2406 = FACE_OUTER_BOUND('',#2405,.T.);
#2407 = ADVANCED_FACE('',(#2406),#2404,.T.);
#2408 = CLOSED_SHELL('',(#2219,#2247,#2275,#2297,#2319,#2341,#2357,#2379,#2395,#2407));
#2409 = MANIFOLD_SOLID_BREP('',#2408);
#2410 = CARTESIAN_POINT('',(-2.5399999999999996,-1.27,-3.6));
#2411 = VERTEX_POINT('',#2410);
#2412 = CARTESIAN_POINT('',(-2.5399999999999996,-1.27,-1.6));
#2413 = VERTEX_POINT('',#2412);
#2414 = CARTESIAN_POINT('',(-2.5399999999999996,1.27,-1.6));
#2415 = VERTEX_POINT('',#2414);
#2416 = CARTESIAN_POINT('',(-2.5399999999999996,1.27,-3.6));
#2417 = VERTEX_POINT('',#2416);
#2418 = DIRECTION('',(0.,0.,-1.));
#2419 = VECTOR('',#2418,1.);
#2420 = LINE('',#2412,#2419);
#2421 = EDGE_CURVE('',#2413,#2411,#2420,.T.);
#2422 = ORIENTED_EDGE('',*,*,#2421,.F.);
#2423 = DIRECTION('',(0.,1.,0.));
#2424 = VECTOR('',#2423,1.);
#2425 = LINE('',#2412,#2424);
#2426 = EDGE_CURVE('',#2413,#2415,#2425,.T.);
#2427 = ORIENTED_EDGE('',*,*,#2426,.T.);
#2428 = DIRECTION('',(0.,0.,-1.));
#2429 = VECTOR('',#2428,1.);
#2430 = LINE('',#2414,#2429);
#2431 = EDGE_CURVE('',#2415,#2417,#2430,.T.);
#2432 = ORIENTED_EDGE('',*,*,#2431,.T.);
#2433 = DIRECTION('',(0.,1.,0.));
#2434 = VECTOR('',#2433,1.);
#2435 = LINE('',#2410,#2434);
#2436 = EDGE_CURVE('',#2411,#2417,#2435,.T.);
#2437 = ORIENTED_EDGE('',*,*,#2436,.F.);
#2438 = CARTESIAN_POINT('',(-2.5399999999999996,-1.27,-3.6));
#2439 = DIRECTION('',(-1.,0.,0.));
#2440 = DIRECTION('',(0.,0.,1.));
#2441 = AXIS2_PLACEMENT_3D('',#2438,#2439,#2440);
#2442 = PLANE('',#2441);
#2443 = EDGE_LOOP('',(#2422,#2427,#2432,#2437));
#2444 = FACE_OUTER_BOUND('',#2443,.T.);
#2445 = ADVANCED_FACE('',(#2444),#2442,.T.);
#2446 = CARTESIAN_POINT('',(0.,-1.27,-3.6));
#2447 = VERTEX_POINT('',#2446);
#2448 = CARTESIAN_POINT('',(0.,1.27,-3.6));
#2449 = VERTEX_POINT('',#2448);
#2450 = CARTESIAN_POINT('',(0.,1.27,-1.6));
#2451 = VERTEX_POINT('',#2450);
#2452 = CARTESIAN_POINT('',(0.,-1.27,-1.6));
#2453 = VERTEX_POINT('',#2452);
#2454 = DIRECTION('',(0.,1.,0.));
#2455 = VECTOR('',#2454,1.);
#2456 = LINE('',#2446,#2455);
#2457 = EDGE_CURVE('',#2447,#2449,#2456,.T.);
#2458 = ORIENTED_EDGE('',*,*,#2457,.T.);
#2459 = DIRECTION('',(0.,0.,-1.));
#2460 = VECTOR('',#2459,1.);
#2461 = LINE('',#2450,#2460);
#2462 = EDGE_CURVE('',#2451,#2449,#2461,.T.);
#2463 = ORIENTED_EDGE('',*,*,#2462,.F.);
#2464 = DIRECTION('',(0.,1.,0.));
#2465 = VECTOR('',#2464,1.);
#2466 = LINE('',#2452,#2465);
#2467 = EDGE_CURVE('',#2453,#2451,#2466,.T.);
#2468 = ORIENTED_EDGE('',*,*,#2467,.F.);
#2469 = DIRECTION('',(0.,0.,-1.));
#2470 = VECTOR('',#2469,1.);
#2471 = LINE('',#2452,#2470);
#2472 = EDGE_CURVE('',#2453,#2447,#2471,.T.);
#2473 = ORIENTED_EDGE('',*,*,#2472,.T.);
#2474 = CARTESIAN_POINT('',(0.,-1.27,-3.6));
#2475 = DIRECTION('',(1.,0.,0.));
#2476 = DIRECTION('',(0.,1.,0.));
#2477 = AXIS2_PLACEMENT_3D('',#2474,#2475,#2476);
#2478 = PLANE('',#2477);
#2479 = EDGE_LOOP('',(#2458,#2463,#2468,#2473));
#2480 = FACE_OUTER_BOUND('',#2479,.T.);
#2481 = ADVANCED_FACE('',(#2480),#2478,.T.);
#2482 = DIRECTION('',(1.,0.,0.));
#2483 = VECTOR('',#2482,1.);
#2484 = LINE('',#2410,#2483);
#2485 = EDGE_CURVE('',#2411,#2447,#2484,.T.);
#2486 = ORIENTED_EDGE('',*,*,#2485,.T.);
#2487 = ORIENTED_EDGE('',*,*,#2472,.F.);
#2488 = DIRECTION('',(1.,0.,0.));
#2489 = VECTOR('',#2488,1.);
#2490 = LINE('',#2412,#2489);
#2491 = EDGE_CURVE('',#2413,#2453,#2490,.T.);
#2492 = ORIENTED_EDGE('',*,*,#2491,.F.);
#2493 = ORIENTED_EDGE('',*,*,#2421,.T.);
#2494 = CARTESIAN_POINT('',(-2.5399999999999996,-1.27,-3.6));
#2495 = DIRECTION('',(0.,-1.,0.));
#2496 = DIRECTION('',(1.,0.,0.));
#2497 = AXIS2_PLACEMENT_3D('',#2494,#2495,#2496);
#2498 = PLANE('',#2497);
#2499 = EDGE_LOOP('',(#2486,#2487,#2492,#2493));
#2500 = FACE_OUTER_BOUND('',#2499,.T.);
#2501 = ADVANCED_FACE('',(#2500),#2498,.T.);
#2502 = ORIENTED_EDGE('',*,*,#2431,.F.);
#2503 = DIRECTION('',(1.,0.,0.));
#2504 = VECTOR('',#2503,1.);
#2505 = LINE('',#2414,#2504);
#2506 = EDGE_CURVE('',#2415,#2451,#2505,.T.);
#2507 = ORIENTED_EDGE('',*,*,#2506,.T.);
#2508 = ORIENTED_EDGE('',*,*,#2462,.T.);
#2509 = DIRECTION('',(1.,0.,0.));
#2510 = VECTOR('',#2509,1.);
#2511 = LINE('',#2416,#2510);
#2512 = EDGE_CURVE('',#2417,#2449,#2511,.T.);
#2513 = ORIENTED_EDGE('',*,*,#2512,.F.);
#2514 = CARTESIAN_POINT('',(-2.5399999999999996,1.27,-3.6));
#2515 = DIRECTION('',(0.,1.,0.));
#2516 = DIRECTION('',(0.,0.,1.));
#2517 = AXIS2_PLACEMENT_3D('',#2514,#2515,#2516);
#2518 = PLANE('',#2517);
#2519 = EDGE_LOOP('',(#2502,#2507,#2508,#2513));
#2520 = FACE_OUTER_BOUND('',#2519,.T.);
#2521 = ADVANCED_FACE('',(#2520),#2518,.T.);
#2522 = ORIENTED_EDGE('',*,*,#2436,.T.);
#2523 = ORIENTED_EDGE('',*,*,#2512,.T.);
#2524 = ORIENTED_EDGE('',*,*,#2457,.F.);
#2525 = ORIENTED_EDGE('',*,*,#2485,.F.);
#2526 = CARTESIAN_POINT('',(-2.5399999999999996,-1.27,-3.6));
#2527 = DIRECTION('',(0.,0.,-1.));
#2528 = DIRECTION('',(0.,1.,0.));
#2529 = AXIS2_PLACEMENT_3D('',#2526,#2527,#2528);
#2530 = PLANE('',#2529);
#2531 = EDGE_LOOP('',(#2522,#2523,#2524,#2525));
#2532 = FACE_OUTER_BOUND('',#2531,.T.);
#2533 = ADVANCED_FACE('',(#2532),#2530,.T.);
#2534 = ORIENTED_EDGE('',*,*,#2491,.T.);
#2535 = ORIENTED_EDGE('',*,*,#2467,.T.);
#2536 = ORIENTED_EDGE('',*,*,#2506,.F.);
#2537 = ORIENTED_EDGE('',*,*,#2426,.F.);
#2538 = CARTESIAN_POINT('',(-2.5399999999999996,-1.27,-1.6));
#2539 = DIRECTION('',(0.,0.,1.));
#2540 = DIRECTION('',(1.,0.,0.));
#2541 = AXIS2_PLACEMENT_3D('',#2538,#2539,#2540);
#2542 = PLANE('',#2541);
#2543 = EDGE_LOOP('',(#2534,#2535,#2536,#2537));
#2544 = FACE_OUTER_BOUND('',#2543,.T.);
#2545 = ADVANCED_FACE('',(#2544),#2542,.T.);
#2546 = CLOSED_SHELL('',(#2445,#2481,#2501,#2521,#2533,#2545));
#2547 = MANIFOLD_SOLID_BREP('',#2546);
#2548 = COLOUR_RGB('',0.13333333333333333,0.13333333333333333,0.13333333333333333);
#2549 = FILL_AREA_STYLE_COLOUR('',#2548);
#2550 = FILL_AREA_STYLE('',(#2549));
#2551 = SURFACE_STYLE_FILL_AREA(#2550);
#2552 = SURFACE_SIDE_STYLE('',(#2551));
#2553 = SURFACE_STYLE_USAGE(.BOTH.,#2552);
#2554 = PRESENTATION_STYLE_ASSIGNMENT((#2553));
#2555 = STYLED_ITEM('',(#2554),#2547);
#2556 = CARTESIAN_POINT('',(-0.9549999999999996,-0.315,-2.1500000000000004));
#2557 = VERTEX_POINT('',#2556);
#2558 = CARTESIAN_POINT('',(-0.9549999999999996,-0.315,0.5499999999999998));
#2559 = VERTEX_POINT('',#2558);
#2560 = CARTESIAN_POINT('',(-1.5849999999999995,-0.315,0.5499999999999998));
#2561 = VERTEX_POINT('',#2560);
#2562 = CARTESIAN_POINT('',(-1.5849999999999995,-0.315,-2.1500000000000004));
#2563 = VERTEX_POINT('',#2562);
#2564 = DIRECTION('',(0.,0.,1.));
#2565 = VECTOR('',#2564,1.);
#2566 = LINE('',#2556,#2565);
#2567 = EDGE_CURVE('',#2557,#2559,#2566,.T.);
#2568 = ORIENTED_EDGE('',*,*,#2567,.T.);
#2569 = DIRECTION('',(-1.,0.,0.));
#2570 = VECTOR('',#2569,1.);
#2571 = LINE('',#2558,#2570);
#2572 = EDGE_CURVE('',#2559,#2561,#2571,.T.);
#2573 = ORIENTED_EDGE('',*,*,#2572,.T.);
#2574 = DIRECTION('',(0.,0.,1.));
#2575 = VECTOR('',#2574,1.);
#2576 = LINE('',#2562,#2575);
#2577 = EDGE_CURVE('',#2563,#2561,#2576,.T.);
#2578 = ORIENTED_EDGE('',*,*,#2577,.F.);
#2579 = DIRECTION('',(-1.,0.,0.));
#2580 = VECTOR('',#2579,1.);
#2581 = LINE('',#2556,#2580);
#2582 = EDGE_CURVE('',#2557,#2563,#2581,.T.);
#2583 = ORIENTED_EDGE('',*,*,#2582,.F.);
#2584 = CARTESIAN_POINT('',(-0.9549999999999996,-0.315,-2.1500000000000004));
#2585 = DIRECTION('',(0.,-1.,0.));
#2586 = DIRECTION('',(0.,0.,1.));
#2587 = AXIS2_PLACEMENT_3D('',#2584,#2585,#2586);
#2588 = PLANE('',#2587);
#2589 = EDGE_LOOP('',(#2568,#2573,#2578,#2583));
#2590 = FACE_OUTER_BOUND('',#2589,.T.);
#2591 = ADVANCED_FACE('',(#2590),#2588,.T.);
#2592 = CARTESIAN_POINT('',(-0.9549999999999996,0.315,0.5499999999999998));
#2593 = VERTEX_POINT('',#2592);
#2594 = CARTESIAN_POINT('',(-0.9549999999999996,0.315,-2.1500000000000004));
#2595 = VERTEX_POINT('',#2594);
#2596 = DIRECTION('',(0.,1.,0.));
#2597 = VECTOR('',#2596,1.);
#2598 = LINE('',#2558,#2597);
#2599 = EDGE_CURVE('',#2559,#2593,#2598,.T.);
#2600 = ORIENTED_EDGE('',*,*,#2599,.F.);
#2601 = ORIENTED_EDGE('',*,*,#2567,.F.);
#2602 = DIRECTION('',(0.,1.,0.));
#2603 = VECTOR('',#2602,1.);
#2604 = LINE('',#2556,#2603);
#2605 = EDGE_CURVE('',#2557,#2595,#2604,.T.);
#2606 = ORIENTED_EDGE('',*,*,#2605,.T.);
#2607 = DIRECTION('',(0.,0.,1.));
#2608 = VECTOR('',#2607,1.);
#2609 = LINE('',#2594,#2608);
#2610 = EDGE_CURVE('',#2595,#2593,#2609,.T.);
#2611 = ORIENTED_EDGE('',*,*,#2610,.T.);
#2612 = CARTESIAN_POINT('',(-0.9549999999999996,0.315,0.5499999999999998));
#2613 = DIRECTION('',(1.,0.,0.));
#2614 = DIRECTION('',(0.,-1.,0.));
#2615 = AXIS2_PLACEMENT_3D('',#2612,#2613,#2614);
#2616 = PLANE('',#2615);
#2617 = EDGE_LOOP('',(#2600,#2601,#2606,#2611));
#2618 = FACE_OUTER_BOUND('',#2617,.T.);
#2619 = ADVANCED_FACE('',(#2618),#2616,.T.);
#2620 = CARTESIAN_POINT('',(-1.5849999999999995,0.315,-2.1500000000000004));
#2621 = VERTEX_POINT('',#2620);
#2622 = DIRECTION('',(-1.,0.,0.));
#2623 = VECTOR('',#2622,1.);
#2624 = LINE('',#2594,#2623);
#2625 = EDGE_CURVE('',#2595,#2621,#2624,.T.);
#2626 = ORIENTED_EDGE('',*,*,#2625,.F.);
#2627 = ORIENTED_EDGE('',*,*,#2605,.F.);
#2628 = ORIENTED_EDGE('',*,*,#2582,.T.);
#2629 = DIRECTION('',(0.,1.,0.));
#2630 = VECTOR('',#2629,1.);
#2631 = LINE('',#2562,#2630);
#2632 = EDGE_CURVE('',#2563,#2621,#2631,.T.);
#2633 = ORIENTED_EDGE('',*,*,#2632,.T.);
#2634 = CARTESIAN_POINT('',(-1.5849999999999995,0.315,-2.1500000000000004));
#2635 = DIRECTION('',(0.,0.,-1.));
#2636 = DIRECTION('',(1.,0.,0.));
#2637 = AXIS2_PLACEMENT_3D('',#2634,#2635,#2636);
#2638 = PLANE('',#2637);
#2639 = EDGE_LOOP('',(#2626,#2627,#2628,#2633));
#2640 = FACE_OUTER_BOUND('',#2639,.T.);
#2641 = ADVANCED_FACE('',(#2640),#2638,.T.);
#2642 = CARTESIAN_POINT('',(-1.0949999999999995,-0.175,0.8999999999999999));
#2643 = VERTEX_POINT('',#2642);
#2644 = CARTESIAN_POINT('',(-1.0949999999999995,0.175,0.8999999999999999));
#2645 = VERTEX_POINT('',#2644);
#2646 = DIRECTION('',(-0.3481553119113954,0.3481553119113957,0.8703882797784894));
#2647 = VECTOR('',#2646,1.);
#2648 = LINE('',#2558,#2647);
#2649 = EDGE_CURVE('',#2559,#2643,#2648,.T.);
#2650 = ORIENTED_EDGE('',*,*,#2649,.F.);
#2651 = ORIENTED_EDGE('',*,*,#2599,.T.);
#2652 = DIRECTION('',(-0.3481553119113954,-0.3481553119113957,0.8703882797784894));
#2653 = VECTOR('',#2652,1.);
#2654 = LINE('',#2592,#2653);
#2655 = EDGE_CURVE('',#2593,#2645,#2654,.T.);
#2656 = ORIENTED_EDGE('',*,*,#2655,.T.);
#2657 = DIRECTION('',(0.,1.,0.));
#2658 = VECTOR('',#2657,1.);
#2659 = LINE('',#2642,#2658);
#2660 = EDGE_CURVE('',#2643,#2645,#2659,.T.);
#2661 = ORIENTED_EDGE('',*,*,#2660,.F.);
#2662 = CARTESIAN_POINT('',(-1.0949999999999995,-0.175,0.8999999999999999));
#2663 = DIRECTION('',(0.9284766908852594,0.,0.37139067635410344));
#2664 = DIRECTION('',(0.3481553119113954,-0.3481553119113957,-0.8703882797784894));
#2665 = AXIS2_PLACEMENT_3D('',#2662,#2663,#2664);
#2666 = PLANE('',#2665);
#2667 = EDGE_LOOP('',(#2650,#2651,#2656,#2661));
#2668 = FACE_OUTER_BOUND('',#2667,.T.);
#2669 = ADVANCED_FACE('',(#2668),#2666,.T.);
#2670 = CARTESIAN_POINT('',(-1.4449999999999996,-0.175,0.8999999999999999));
#2671 = VERTEX_POINT('',#2670);
#2672 = DIRECTION('',(-1.,0.,0.));
#2673 = VECTOR('',#2672,1.);
#2674 = LINE('',#2642,#2673);
#2675 = EDGE_CURVE('',#2643,#2671,#2674,.T.);
#2676 = ORIENTED_EDGE('',*,*,#2675,.T.);
#2677 = DIRECTION('',(-0.3481553119113954,-0.3481553119113957,-0.8703882797784894));
#2678 = VECTOR('',#2677,1.);
#2679 = LINE('',#2670,#2678);
#2680 = EDGE_CURVE('',#2671,#2561,#2679,.T.);
#2681 = ORIENTED_EDGE('',*,*,#2680,.T.);
#2682 = ORIENTED_EDGE('',*,*,#2572,.F.);
#2683 = ORIENTED_EDGE('',*,*,#2649,.T.);
#2684 = CARTESIAN_POINT('',(-1.0949999999999995,-0.175,0.8999999999999999));
#2685 = DIRECTION('',(0.,-0.9284766908852594,0.37139067635410355));
#2686 = DIRECTION('',(-1.,0.,0.));
#2687 = AXIS2_PLACEMENT_3D('',#2684,#2685,#2686);
#2688 = PLANE('',#2687);
#2689 = EDGE_LOOP('',(#2676,#2681,#2682,#2683));
#2690 = FACE_OUTER_BOUND('',#2689,.T.);
#2691 = ADVANCED_FACE('',(#2690),#2688,.T.);
#2692 = CARTESIAN_POINT('',(-1.5849999999999995,0.315,0.5499999999999998));
#2693 = VERTEX_POINT('',#2692);
#2694 = DIRECTION('',(0.,0.,1.));
#2695 = VECTOR('',#2694,1.);
#2696 = LINE('',#2620,#2695);
#2697 = EDGE_CURVE('',#2621,#2693,#2696,.T.);
#2698 = ORIENTED_EDGE('',*,*,#2697,.F.);
#2699 = ORIENTED_EDGE('',*,*,#2632,.F.);
#2700 = ORIENTED_EDGE('',*,*,#2577,.T.);
#2701 = DIRECTION('',(0.,1.,0.));
#2702 = VECTOR('',#2701,1.);
#2703 = LINE('',#2560,#2702);
#2704 = EDGE_CURVE('',#2561,#2693,#2703,.T.);
#2705 = ORIENTED_EDGE('',*,*,#2704,.T.);
#2706 = CARTESIAN_POINT('',(-1.5849999999999995,0.315,0.5499999999999998));
#2707 = DIRECTION('',(-1.,0.,0.));
#2708 = DIRECTION('',(0.,0.,-1.));
#2709 = AXIS2_PLACEMENT_3D('',#2706,#2707,#2708);
#2710 = PLANE('',#2709);
#2711 = EDGE_LOOP('',(#2698,#2699,#2700,#2705));
#2712 = FACE_OUTER_BOUND('',#2711,.T.);
#2713 = ADVANCED_FACE('',(#2712),#2710,.T.);
#2714 = DIRECTION('',(-1.,0.,0.));
#2715 = VECTOR('',#2714,1.);
#2716 = LINE('',#2592,#2715);
#2717 = EDGE_CURVE('',#2593,#2693,#2716,.T.);
#2718 = ORIENTED_EDGE('',*,*,#2717,.F.);
#2719 = ORIENTED_EDGE('',*,*,#2610,.F.);
#2720 = ORIENTED_EDGE('',*,*,#2625,.T.);
#2721 = ORIENTED_EDGE('',*,*,#2697,.T.);
#2722 = CARTESIAN_POINT('',(-1.5849999999999995,0.315,0.5499999999999998));
#2723 = DIRECTION('',(0.,1.,0.));
#2724 = DIRECTION('',(1.,0.,0.));
#2725 = AXIS2_PLACEMENT_3D('',#2722,#2723,#2724);
#2726 = PLANE('',#2725);
#2727 = EDGE_LOOP('',(#2718,#2719,#2720,#2721));
#2728 = FACE_OUTER_BOUND('',#2727,.T.);
#2729 = ADVANCED_FACE('',(#2728),#2726,.T.);
#2730 = CARTESIAN_POINT('',(-1.4449999999999996,0.175,0.8999999999999999));
#2731 = VERTEX_POINT('',#2730);
#2732 = DIRECTION('',(-1.,0.,0.));
#2733 = VECTOR('',#2732,1.);
#2734 = LINE('',#2644,#2733);
#2735 = EDGE_CURVE('',#2645,#2731,#2734,.T.);
#2736 = ORIENTED_EDGE('',*,*,#2735,.F.);
#2737 = ORIENTED_EDGE('',*,*,#2655,.F.);
#2738 = ORIENTED_EDGE('',*,*,#2717,.T.);
#2739 = DIRECTION('',(-0.3481553119113954,0.3481553119113957,-0.8703882797784894));
#2740 = VECTOR('',#2739,1.);
#2741 = LINE('',#2730,#2740);
#2742 = EDGE_CURVE('',#2731,#2693,#2741,.T.);
#2743 = ORIENTED_EDGE('',*,*,#2742,.F.);
#2744 = CARTESIAN_POINT('',(-1.4449999999999996,0.175,0.8999999999999999));
#2745 = DIRECTION('',(0.,0.9284766908852594,0.37139067635410355));
#2746 = DIRECTION('',(1.,0.,0.));
#2747 = AXIS2_PLACEMENT_3D('',#2744,#2745,#2746);
#2748 = PLANE('',#2747);
#2749 = EDGE_LOOP('',(#2736,#2737,#2738,#2743));
#2750 = FACE_OUTER_BOUND('',#2749,.T.);
#2751 = ADVANCED_FACE('',(#2750),#2748,.T.);
#2752 = ORIENTED_EDGE('',*,*,#2742,.T.);
#2753 = ORIENTED_EDGE('',*,*,#2704,.F.);
#2754 = ORIENTED_EDGE('',*,*,#2680,.F.);
#2755 = DIRECTION('',(0.,1.,0.));
#2756 = VECTOR('',#2755,1.);
#2757 = LINE('',#2670,#2756);
#2758 = EDGE_CURVE('',#2671,#2731,#2757,.T.);
#2759 = ORIENTED_EDGE('',*,*,#2758,.T.);
#2760 = CARTESIAN_POINT('',(-1.4449999999999996,0.175,0.8999999999999999));
#2761 = DIRECTION('',(-0.9284766908852594,0.,0.37139067635410344));
#2762 = DIRECTION('',(-0.3481553119113954,0.3481553119113957,-0.8703882797784894));
#2763 = AXIS2_PLACEMENT_3D('',#2760,#2761,#2762);
#2764 = PLANE('',#2763);
#2765 = EDGE_LOOP('',(#2752,#2753,#2754,#2759));
#2766 = FACE_OUTER_BOUND('',#2765,.T.);
#2767 = ADVANCED_FACE('',(#2766),#2764,.T.);
#2768 = ORIENTED_EDGE('',*,*,#2758,.F.);
#2769 = ORIENTED_EDGE('',*,*,#2675,.F.);
#2770 = ORIENTED_EDGE('',*,*,#2660,.T.);
#2771 = ORIENTED_EDGE('',*,*,#2735,.T.);
#2772 = CARTESIAN_POINT('',(-1.4449999999999996,0.175,0.8999999999999999));
#2773 = DIRECTION('',(0.,0.,1.));
#2774 = DIRECTION('',(0.,-1.,0.));
#2775 = AXIS2_PLACEMENT_3D('',#2772,#2773,#2774);
#2776 = PLANE('',#2775);
#2777 = EDGE_LOOP('',(#2768,#2769,#2770,#2771));
#2778 = FACE_OUTER_BOUND('',#2777,.T.);
#2779 = ADVANCED_FACE('',(#2778),#2776,.T.);
#2780 = CLOSED_SHELL('',(#2591,#2619,#2641,#2669,#2691,#2713,#2729,#2751,#2767,#2779));
#2781 = MANIFOLD_SOLID_BREP('',#2780);
#2782 = CARTESIAN_POINT('',(-0.9549999999999996,0.315,-3.6000000000000005));
#2783 = VERTEX_POINT('',#2782);
#2784 = CARTESIAN_POINT('',(-0.9549999999999996,0.315,-9.));
#2785 = VERTEX_POINT('',#2784);
#2786 = CARTESIAN_POINT('',(-1.5849999999999995,0.315,-9.));
#2787 = VERTEX_POINT('',#2786);
#2788 = CARTESIAN_POINT('',(-1.5849999999999995,0.315,-3.6000000000000005));
#2789 = VERTEX_POINT('',#2788);
#2790 = DIRECTION('',(0.,0.,-1.));
#2791 = VECTOR('',#2790,1.);
#2792 = LINE('',#2782,#2791);
#2793 = EDGE_CURVE('',#2783,#2785,#2792,.T.);
#2794 = ORIENTED_EDGE('',*,*,#2793,.T.);
#2795 = DIRECTION('',(-1.,0.,0.));
#2796 = VECTOR('',#2795,1.);
#2797 = LINE('',#2784,#2796);
#2798 = EDGE_CURVE('',#2785,#2787,#2797,.T.);
#2799 = ORIENTED_EDGE('',*,*,#2798,.T.);
#2800 = DIRECTION('',(0.,0.,-1.));
#2801 = VECTOR('',#2800,1.);
#2802 = LINE('',#2788,#2801);
#2803 = EDGE_CURVE('',#2789,#2787,#2802,.T.);
#2804 = ORIENTED_EDGE('',*,*,#2803,.F.);
#2805 = DIRECTION('',(-1.,0.,0.));
#2806 = VECTOR('',#2805,1.);
#2807 = LINE('',#2782,#2806);
#2808 = EDGE_CURVE('',#2783,#2789,#2807,.T.);
#2809 = ORIENTED_EDGE('',*,*,#2808,.F.);
#2810 = CARTESIAN_POINT('',(-0.9549999999999996,0.315,-3.6000000000000005));
#2811 = DIRECTION('',(0.,1.,0.));
#2812 = DIRECTION('',(0.,0.,-1.));
#2813 = AXIS2_PLACEMENT_3D('',#2810,#2811,#2812);
#2814 = PLANE('',#2813);
#2815 = EDGE_LOOP('',(#2794,#2799,#2804,#2809));
#2816 = FACE_OUTER_BOUND('',#2815,.T.);
#2817 = ADVANCED_FACE('',(#2816),#2814,.T.);
#2818 = CARTESIAN_POINT('',(-1.5849999999999995,-0.315,-9.));
#2819 = VERTEX_POINT('',#2818);
#2820 = CARTESIAN_POINT('',(-1.5849999999999995,-0.315,-3.6000000000000005));
#2821 = VERTEX_POINT('',#2820);
#2822 = DIRECTION('',(0.,0.,-1.));
#2823 = VECTOR('',#2822,1.);
#2824 = LINE('',#2820,#2823);
#2825 = EDGE_CURVE('',#2821,#2819,#2824,.T.);
#2826 = ORIENTED_EDGE('',*,*,#2825,.F.);
#2827 = DIRECTION('',(0.,1.,0.));
#2828 = VECTOR('',#2827,1.);
#2829 = LINE('',#2820,#2828);
#2830 = EDGE_CURVE('',#2821,#2789,#2829,.T.);
#2831 = ORIENTED_EDGE('',*,*,#2830,.T.);
#2832 = ORIENTED_EDGE('',*,*,#2803,.T.);
#2833 = DIRECTION('',(0.,1.,0.));
#2834 = VECTOR('',#2833,1.);
#2835 = LINE('',#2818,#2834);
#2836 = EDGE_CURVE('',#2819,#2787,#2835,.T.);
#2837 = ORIENTED_EDGE('',*,*,#2836,.F.);
#2838 = CARTESIAN_POINT('',(-1.5849999999999995,-0.315,-9.));
#2839 = DIRECTION('',(-1.,0.,0.));
#2840 = DIRECTION('',(0.,0.,1.));
#2841 = AXIS2_PLACEMENT_3D('',#2838,#2839,#2840);
#2842 = PLANE('',#2841);
#2843 = EDGE_LOOP('',(#2826,#2831,#2832,#2837));
#2844 = FACE_OUTER_BOUND('',#2843,.T.);
#2845 = ADVANCED_FACE('',(#2844),#2842,.T.);
#2846 = CARTESIAN_POINT('',(-1.4449999999999996,0.175,-9.6));
#2847 = VERTEX_POINT('',#2846);
#2848 = CARTESIAN_POINT('',(-1.4449999999999996,-0.175,-9.6));
#2849 = VERTEX_POINT('',#2848);
#2850 = ORIENTED_EDGE('',*,*,#2836,.T.);
#2851 = DIRECTION('',(-0.2215811282415214,0.22158112824152157,0.9496334067493776));
#2852 = VECTOR('',#2851,1.);
#2853 = LINE('',#2846,#2852);
#2854 = EDGE_CURVE('',#2847,#2787,#2853,.T.);
#2855 = ORIENTED_EDGE('',*,*,#2854,.F.);
#2856 = DIRECTION('',(0.,1.,0.));
#2857 = VECTOR('',#2856,1.);
#2858 = LINE('',#2848,#2857);
#2859 = EDGE_CURVE('',#2849,#2847,#2858,.T.);
#2860 = ORIENTED_EDGE('',*,*,#2859,.F.);
#2861 = DIRECTION('',(-0.2215811282415214,-0.22158112824152157,0.9496334067493776));
#2862 = VECTOR('',#2861,1.);
#2863 = LINE('',#2848,#2862);
#2864 = EDGE_CURVE('',#2849,#2819,#2863,.T.);
#2865 = ORIENTED_EDGE('',*,*,#2864,.T.);
#2866 = CARTESIAN_POINT('',(-1.5849999999999995,-0.315,-9.));
#2867 = DIRECTION('',(-0.9738412097417934,0.,-0.22722961560641775));
#2868 = DIRECTION('',(0.,1.,0.));
#2869 = AXIS2_PLACEMENT_3D('',#2866,#2867,#2868);
#2870 = PLANE('',#2869);
#2871 = EDGE_LOOP('',(#2850,#2855,#2860,#2865));
#2872 = FACE_OUTER_BOUND('',#2871,.T.);
#2873 = ADVANCED_FACE('',(#2872),#2870,.T.);
#2874 = CARTESIAN_POINT('',(-1.0949999999999995,0.175,-9.6));
#2875 = VERTEX_POINT('',#2874);
#2876 = DIRECTION('',(-1.,0.,0.));
#2877 = VECTOR('',#2876,1.);
#2878 = LINE('',#2874,#2877);
#2879 = EDGE_CURVE('',#2875,#2847,#2878,.T.);
#2880 = ORIENTED_EDGE('',*,*,#2879,.T.);
#2881 = ORIENTED_EDGE('',*,*,#2854,.T.);
#2882 = ORIENTED_EDGE('',*,*,#2798,.F.);
#2883 = DIRECTION('',(-0.2215811282415214,-0.22158112824152157,-0.9496334067493776));
#2884 = VECTOR('',#2883,1.);
#2885 = LINE('',#2784,#2884);
#2886 = EDGE_CURVE('',#2785,#2875,#2885,.T.);
#2887 = ORIENTED_EDGE('',*,*,#2886,.T.);
#2888 = CARTESIAN_POINT('',(-1.0949999999999995,0.175,-9.6));
#2889 = DIRECTION('',(0.,0.9738412097417931,-0.22722961560641844));
#2890 = DIRECTION('',(-1.,0.,0.));
#2891 = AXIS2_PLACEMENT_3D('',#2888,#2889,#2890);
#2892 = PLANE('',#2891);
#2893 = EDGE_LOOP('',(#2880,#2881,#2882,#2887));
#2894 = FACE_OUTER_BOUND('',#2893,.T.);
#2895 = ADVANCED_FACE('',(#2894),#2892,.T.);
#2896 = CARTESIAN_POINT('',(-0.9549999999999996,-0.315,-3.6000000000000005));
#2897 = VERTEX_POINT('',#2896);
#2898 = DIRECTION('',(0.,1.,0.));
#2899 = VECTOR('',#2898,1.);
#2900 = LINE('',#2896,#2899);
#2901 = EDGE_CURVE('',#2897,#2783,#2900,.T.);
#2902 = ORIENTED_EDGE('',*,*,#2901,.T.);
#2903 = ORIENTED_EDGE('',*,*,#2808,.T.);
#2904 = ORIENTED_EDGE('',*,*,#2830,.F.);
#2905 = DIRECTION('',(-1.,0.,0.));
#2906 = VECTOR('',#2905,1.);
#2907 = LINE('',#2896,#2906);
#2908 = EDGE_CURVE('',#2897,#2821,#2907,.T.);
#2909 = ORIENTED_EDGE('',*,*,#2908,.F.);
#2910 = CARTESIAN_POINT('',(-0.9549999999999996,-0.315,-3.6000000000000005));
#2911 = DIRECTION('',(0.,0.,1.));
#2912 = DIRECTION('',(0.,1.,0.));
#2913 = AXIS2_PLACEMENT_3D('',#2910,#2911,#2912);
#2914 = PLANE('',#2913);
#2915 = EDGE_LOOP('',(#2902,#2903,#2904,#2909));
#2916 = FACE_OUTER_BOUND('',#2915,.T.);
#2917 = ADVANCED_FACE('',(#2916),#2914,.T.);
#2918 = CARTESIAN_POINT('',(-0.9549999999999996,-0.315,-9.));
#2919 = VERTEX_POINT('',#2918);
#2920 = DIRECTION('',(0.,1.,0.));
#2921 = VECTOR('',#2920,1.);
#2922 = LINE('',#2918,#2921);
#2923 = EDGE_CURVE('',#2919,#2785,#2922,.T.);
#2924 = ORIENTED_EDGE('',*,*,#2923,.T.);
#2925 = ORIENTED_EDGE('',*,*,#2793,.F.);
#2926 = ORIENTED_EDGE('',*,*,#2901,.F.);
#2927 = DIRECTION('',(0.,0.,-1.));
#2928 = VECTOR('',#2927,1.);
#2929 = LINE('',#2896,#2928);
#2930 = EDGE_CURVE('',#2897,#2919,#2929,.T.);
#2931 = ORIENTED_EDGE('',*,*,#2930,.T.);
#2932 = CARTESIAN_POINT('',(-0.9549999999999996,-0.315,-9.));
#2933 = DIRECTION('',(1.,0.,0.));
#2934 = DIRECTION('',(0.,1.,0.));
#2935 = AXIS2_PLACEMENT_3D('',#2932,#2933,#2934);
#2936 = PLANE('',#2935);
#2937 = EDGE_LOOP('',(#2924,#2925,#2926,#2931));
#2938 = FACE_OUTER_BOUND('',#2937,.T.);
#2939 = ADVANCED_FACE('',(#2938),#2936,.T.);
#2940 = ORIENTED_EDGE('',*,*,#2930,.F.);
#2941 = ORIENTED_EDGE('',*,*,#2908,.T.);
#2942 = ORIENTED_EDGE('',*,*,#2825,.T.);
#2943 = DIRECTION('',(-1.,0.,0.));
#2944 = VECTOR('',#2943,1.);
#2945 = LINE('',#2918,#2944);
#2946 = EDGE_CURVE('',#2919,#2819,#2945,.T.);
#2947 = ORIENTED_EDGE('',*,*,#2946,.F.);
#2948 = CARTESIAN_POINT('',(-0.9549999999999996,-0.315,-9.));
#2949 = DIRECTION('',(0.,-1.,0.));
#2950 = DIRECTION('',(0.,0.,1.));
#2951 = AXIS2_PLACEMENT_3D('',#2948,#2949,#2950);
#2952 = PLANE('',#2951);
#2953 = EDGE_LOOP('',(#2940,#2941,#2942,#2947));
#2954 = FACE_OUTER_BOUND('',#2953,.T.);
#2955 = ADVANCED_FACE('',(#2954),#2952,.T.);
#2956 = CARTESIAN_POINT('',(-1.0949999999999995,-0.175,-9.6));
#2957 = VERTEX_POINT('',#2956);
#2958 = DIRECTION('',(0.,1.,0.));
#2959 = VECTOR('',#2958,1.);
#2960 = LINE('',#2956,#2959);
#2961 = EDGE_CURVE('',#2957,#2875,#2960,.T.);
#2962 = ORIENTED_EDGE('',*,*,#2961,.T.);
#2963 = ORIENTED_EDGE('',*,*,#2886,.F.);
#2964 = ORIENTED_EDGE('',*,*,#2923,.F.);
#2965 = DIRECTION('',(-0.2215811282415214,0.22158112824152157,-0.9496334067493776));
#2966 = VECTOR('',#2965,1.);
#2967 = LINE('',#2918,#2966);
#2968 = EDGE_CURVE('',#2919,#2957,#2967,.T.);
#2969 = ORIENTED_EDGE('',*,*,#2968,.T.);
#2970 = CARTESIAN_POINT('',(-1.0949999999999995,-0.175,-9.6));
#2971 = DIRECTION('',(0.9738412097417933,0.,-0.2272296156064181));
#2972 = DIRECTION('',(0.,1.,0.));
#2973 = AXIS2_PLACEMENT_3D('',#2970,#2971,#2972);
#2974 = PLANE('',#2973);
#2975 = EDGE_LOOP('',(#2962,#2963,#2964,#2969));
#2976 = FACE_OUTER_BOUND('',#2975,.T.);
#2977 = ADVANCED_FACE('',(#2976),#2974,.T.);
#2978 = ORIENTED_EDGE('',*,*,#2968,.F.);
#2979 = ORIENTED_EDGE('',*,*,#2946,.T.);
#2980 = ORIENTED_EDGE('',*,*,#2864,.F.);
#2981 = DIRECTION('',(-1.,0.,0.));
#2982 = VECTOR('',#2981,1.);
#2983 = LINE('',#2956,#2982);
#2984 = EDGE_CURVE('',#2957,#2849,#2983,.T.);
#2985 = ORIENTED_EDGE('',*,*,#2984,.F.);
#2986 = CARTESIAN_POINT('',(-1.0949999999999995,-0.175,-9.6));
#2987 = DIRECTION('',(0.,-0.9738412097417931,-0.2272296156064185));
#2988 = DIRECTION('',(0.2215811282415214,-0.22158112824152157,0.9496334067493776));
#2989 = AXIS2_PLACEMENT_3D('',#2986,#2987,#2988);
#2990 = PLANE('',#2989);
#2991 = EDGE_LOOP('',(#2978,#2979,#2980,#2985));
#2992 = FACE_OUTER_BOUND('',#2991,.T.);
#2993 = ADVANCED_FACE('',(#2992),#2990,.T.);
#2994 = ORIENTED_EDGE('',*,*,#2984,.T.);
#2995 = ORIENTED_EDGE('',*,*,#2859,.T.);
#2996 = ORIENTED_EDGE('',*,*,#2879,.F.);
#2997 = ORIENTED_EDGE('',*,*,#2961,.F.);
#2998 = CARTESIAN_POINT('',(-1.0949999999999995,-0.175,-9.6));
#2999 = DIRECTION('',(0.,0.,-1.));
#3000 = DIRECTION('',(-1.,0.,0.));
#3001 = AXIS2_PLACEMENT_3D('',#2998,#2999,#3000);
#3002 = PLANE('',#3001);
#3003 = EDGE_LOOP('',(#2994,#2995,#2996,#2997));
#3004 = FACE_OUTER_BOUND('',#3003,.T.);
#3005 = ADVANCED_FACE('',(#3004),#3002,.T.);
#3006 = CLOSED_SHELL('',(#2817,#2845,#2873,#2895,#2917,#2939,#2955,#2977,#2993,#3005));
#3007 = MANIFOLD_SOLID_BREP('',#3006);
#3008 = CARTESIAN_POINT('',(0.,-1.27,-3.6));
#3009 = VERTEX_POINT('',#3008);
#3010 = CARTESIAN_POINT('',(0.,-1.27,-1.6));
#3011 = VERTEX_POINT('',#3010);
#3012 = CARTESIAN_POINT('',(0.,1.27,-1.6));
#3013 = VERTEX_POINT('',#3012);
#3014 = CARTESIAN_POINT('',(0.,1.27,-3.6));
#3015 = VERTEX_POINT('',#3014);
#3016 = DIRECTION('',(0.,0.,-1.));
#3017 = VECTOR('',#3016,1.);
#3018 = LINE('',#3010,#3017);
#3019 = EDGE_CURVE('',#3011,#3009,#3018,.T.);
#3020 = ORIENTED_EDGE('',*,*,#3019,.F.);
#3021 = DIRECTION('',(0.,1.,0.));
#3022 = VECTOR('',#3021,1.);
#3023 = LINE('',#3010,#3022);
#3024 = EDGE_CURVE('',#3011,#3013,#3023,.T.);
#3025 = ORIENTED_EDGE('',*,*,#3024,.T.);
#3026 = DIRECTION('',(0.,0.,-1.));
#3027 = VECTOR('',#3026,1.);
#3028 = LINE('',#3012,#3027);
#3029 = EDGE_CURVE('',#3013,#3015,#3028,.T.);
#3030 = ORIENTED_EDGE('',*,*,#3029,.T.);
#3031 = DIRECTION('',(0.,1.,0.));
#3032 = VECTOR('',#3031,1.);
#3033 = LINE('',#3008,#3032);
#3034 = EDGE_CURVE('',#3009,#3015,#3033,.T.);
#3035 = ORIENTED_EDGE('',*,*,#3034,.F.);
#3036 = CARTESIAN_POINT('',(0.,-1.27,-3.6));
#3037 = DIRECTION('',(-1.,0.,0.));
#3038 = DIRECTION('',(0.,0.,1.));
#3039 = AXIS2_PLACEMENT_3D('',#3036,#3037,#3038);
#3040 = PLANE('',#3039);
#3041 = EDGE_LOOP('',(#3020,#3025,#3030,#3035));
#3042 = FACE_OUTER_BOUND('',#3041,.T.);
#3043 = ADVANCED_FACE('',(#3042),#3040,.T.);
#3044 = CARTESIAN_POINT('',(2.5399999999999996,-1.27,-3.6));
#3045 = VERTEX_POINT('',#3044);
#3046 = CARTESIAN_POINT('',(2.5399999999999996,1.27,-3.6));
#3047 = VERTEX_POINT('',#3046);
#3048 = CARTESIAN_POINT('',(2.5399999999999996,1.27,-1.6));
#3049 = VERTEX_POINT('',#3048);
#3050 = CARTESIAN_POINT('',(2.5399999999999996,-1.27,-1.6));
#3051 = VERTEX_POINT('',#3050);
#3052 = DIRECTION('',(0.,1.,0.));
#3053 = VECTOR('',#3052,1.);
#3054 = LINE('',#3044,#3053);
#3055 = EDGE_CURVE('',#3045,#3047,#3054,.T.);
#3056 = ORIENTED_EDGE('',*,*,#3055,.T.);
#3057 = DIRECTION('',(0.,0.,-1.));
#3058 = VECTOR('',#3057,1.);
#3059 = LINE('',#3048,#3058);
#3060 = EDGE_CURVE('',#3049,#3047,#3059,.T.);
#3061 = ORIENTED_EDGE('',*,*,#3060,.F.);
#3062 = DIRECTION('',(0.,1.,0.));
#3063 = VECTOR('',#3062,1.);
#3064 = LINE('',#3050,#3063);
#3065 = EDGE_CURVE('',#3051,#3049,#3064,.T.);
#3066 = ORIENTED_EDGE('',*,*,#3065,.F.);
#3067 = DIRECTION('',(0.,0.,-1.));
#3068 = VECTOR('',#3067,1.);
#3069 = LINE('',#3050,#3068);
#3070 = EDGE_CURVE('',#3051,#3045,#3069,.T.);
#3071 = ORIENTED_EDGE('',*,*,#3070,.T.);
#3072 = CARTESIAN_POINT('',(2.5399999999999996,-1.27,-3.6));
#3073 = DIRECTION('',(1.,0.,0.));
#3074 = DIRECTION('',(0.,1.,0.));
#3075 = AXIS2_PLACEMENT_3D('',#3072,#3073,#3074);
#3076 = PLANE('',#3075);
#3077 = EDGE_LOOP('',(#3056,#3061,#3066,#3071));
#3078 = FACE_OUTER_BOUND('',#3077,.T.);
#3079 = ADVANCED_FACE('',(#3078),#3076,.T.);
#3080 = DIRECTION('',(1.,0.,0.));
#3081 = VECTOR('',#3080,1.);
#3082 = LINE('',#3008,#3081);
#3083 = EDGE_CURVE('',#3009,#3045,#3082,.T.);
#3084 = ORIENTED_EDGE('',*,*,#3083,.T.);
#3085 = ORIENTED_EDGE('',*,*,#3070,.F.);
#3086 = DIRECTION('',(1.,0.,0.));
#3087 = VECTOR('',#3086,1.);
#3088 = LINE('',#3010,#3087);
#3089 = EDGE_CURVE('',#3011,#3051,#3088,.T.);
#3090 = ORIENTED_EDGE('',*,*,#3089,.F.);
#3091 = ORIENTED_EDGE('',*,*,#3019,.T.);
#3092 = CARTESIAN_POINT('',(0.,-1.27,-3.6));
#3093 = DIRECTION('',(0.,-1.,0.));
#3094 = DIRECTION('',(1.,0.,0.));
#3095 = AXIS2_PLACEMENT_3D('',#3092,#3093,#3094);
#3096 = PLANE('',#3095);
#3097 = EDGE_LOOP('',(#3084,#3085,#3090,#3091));
#3098 = FACE_OUTER_BOUND('',#3097,.T.);
#3099 = ADVANCED_FACE('',(#3098),#3096,.T.);
#3100 = ORIENTED_EDGE('',*,*,#3029,.F.);
#3101 = DIRECTION('',(1.,0.,0.));
#3102 = VECTOR('',#3101,1.);
#3103 = LINE('',#3012,#3102);
#3104 = EDGE_CURVE('',#3013,#3049,#3103,.T.);
#3105 = ORIENTED_EDGE('',*,*,#3104,.T.);
#3106 = ORIENTED_EDGE('',*,*,#3060,.T.);
#3107 = DIRECTION('',(1.,0.,0.));
#3108 = VECTOR('',#3107,1.);
#3109 = LINE('',#3014,#3108);
#3110 = EDGE_CURVE('',#3015,#3047,#3109,.T.);
#3111 = ORIENTED_EDGE('',*,*,#3110,.F.);
#3112 = CARTESIAN_POINT('',(0.,1.27,-3.6));
#3113 = DIRECTION('',(0.,1.,0.));
#3114 = DIRECTION('',(0.,0.,1.));
#3115 = AXIS2_PLACEMENT_3D('',#3112,#3113,#3114);
#3116 = PLANE('',#3115);
#3117 = EDGE_LOOP('',(#3100,#3105,#3106,#3111));
#3118 = FACE_OUTER_BOUND('',#3117,.T.);
#3119 = ADVANCED_FACE('',(#3118),#3116,.T.);
#3120 = ORIENTED_EDGE('',*,*,#3034,.T.);
#3121 = ORIENTED_EDGE('',*,*,#3110,.T.);
#3122 = ORIENTED_EDGE('',*,*,#3055,.F.);
#3123 = ORIENTED_EDGE('',*,*,#3083,.F.);
#3124 = CARTESIAN_POINT('',(0.,-1.27,-3.6));
#3125 = DIRECTION('',(0.,0.,-1.));
#3126 = DIRECTION('',(0.,1.,0.));
#3127 = AXIS2_PLACEMENT_3D('',#3124,#3125,#3126);
#3128 = PLANE('',#3127);
#3129 = EDGE_LOOP('',(#3120,#3121,#3122,#3123));
#3130 = FACE_OUTER_BOUND('',#3129,.T.);
#3131 = ADVANCED_FACE('',(#3130),#3128,.T.);
#3132 = ORIENTED_EDGE('',*,*,#3089,.T.);
#3133 = ORIENTED_EDGE('',*,*,#3065,.T.);
#3134 = ORIENTED_EDGE('',*,*,#3104,.F.);
#3135 = ORIENTED_EDGE('',*,*,#3024,.F.);
#3136 = CARTESIAN_POINT('',(0.,-1.27,-1.6));
#3137 = DIRECTION('',(0.,0.,1.));
#3138 = DIRECTION('',(1.,0.,0.));
#3139 = AXIS2_PLACEMENT_3D('',#3136,#3137,#3138);
#3140 = PLANE('',#3139);
#3141 = EDGE_LOOP('',(#3132,#3133,#3134,#3135));
#3142 = FACE_OUTER_BOUND('',#3141,.T.);
#3143 = ADVANCED_FACE('',(#3142),#3140,.T.);
#3144 = CLOSED_SHELL('',(#3043,#3079,#3099,#3119,#3131,#3143));
#3145 = MANIFOLD_SOLID_BREP('',#3144);
#3146 = COLOUR_RGB('',0.13333333333333333,0.13333333333333333,0.13333333333333333);
#3147 = FILL_AREA_STYLE_COLOUR('',#3146);
#3148 = FILL_AREA_STYLE('',(#3147));
#3149 = SURFACE_STYLE_FILL_AREA(#3148);
#3150 = SURFACE_SIDE_STYLE('',(#3149));
#3151 = SURFACE_STYLE_USAGE(.BOTH.,#3150);
#3152 = PRESENTATION_STYLE_ASSIGNMENT((#3151));
#3153 = STYLED_ITEM('',(#3152),#3145);
#3154 = CARTESIAN_POINT('',(0.9549999999999996,0.315,0.5499999999999998));
#3155 = VERTEX_POINT('',#3154);
#3156 = CARTESIAN_POINT('',(1.5849999999999995,0.315,0.5499999999999998));
#3157 = VERTEX_POINT('',#3156);
#3158 = CARTESIAN_POINT('',(1.5849999999999995,0.315,-2.1500000000000004));
#3159 = VERTEX_POINT('',#3158);
#3160 = CARTESIAN_POINT('',(0.9549999999999996,0.315,-2.1500000000000004));
#3161 = VERTEX_POINT('',#3160);
#3162 = DIRECTION('',(1.,0.,0.));
#3163 = VECTOR('',#3162,1.);
#3164 = LINE('',#3154,#3163);
#3165 = EDGE_CURVE('',#3155,#3157,#3164,.T.);
#3166 = ORIENTED_EDGE('',*,*,#3165,.T.);
#3167 = DIRECTION('',(0.,0.,1.));
#3168 = VECTOR('',#3167,1.);
#3169 = LINE('',#3158,#3168);
#3170 = EDGE_CURVE('',#3159,#3157,#3169,.T.);
#3171 = ORIENTED_EDGE('',*,*,#3170,.F.);
#3172 = DIRECTION('',(1.,0.,0.));
#3173 = VECTOR('',#3172,1.);
#3174 = LINE('',#3160,#3173);
#3175 = EDGE_CURVE('',#3161,#3159,#3174,.T.);
#3176 = ORIENTED_EDGE('',*,*,#3175,.F.);
#3177 = DIRECTION('',(0.,0.,1.));
#3178 = VECTOR('',#3177,1.);
#3179 = LINE('',#3160,#3178);
#3180 = EDGE_CURVE('',#3161,#3155,#3179,.T.);
#3181 = ORIENTED_EDGE('',*,*,#3180,.T.);
#3182 = CARTESIAN_POINT('',(0.9549999999999996,0.315,0.5499999999999998));
#3183 = DIRECTION('',(0.,1.,0.));
#3184 = DIRECTION('',(1.,0.,0.));
#3185 = AXIS2_PLACEMENT_3D('',#3182,#3183,#3184);
#3186 = PLANE('',#3185);
#3187 = EDGE_LOOP('',(#3166,#3171,#3176,#3181));
#3188 = FACE_OUTER_BOUND('',#3187,.T.);
#3189 = ADVANCED_FACE('',(#3188),#3186,.T.);
#3190 = CARTESIAN_POINT('',(0.9549999999999996,-0.315,-2.1500000000000004));
#3191 = VERTEX_POINT('',#3190);
#3192 = CARTESIAN_POINT('',(0.9549999999999996,-0.315,0.5499999999999998));
#3193 = VERTEX_POINT('',#3192);
#3194 = ORIENTED_EDGE('',*,*,#3180,.F.);
#3195 = DIRECTION('',(0.,1.,0.));
#3196 = VECTOR('',#3195,1.);
#3197 = LINE('',#3190,#3196);
#3198 = EDGE_CURVE('',#3191,#3161,#3197,.T.);
#3199 = ORIENTED_EDGE('',*,*,#3198,.F.);
#3200 = DIRECTION('',(0.,0.,1.));
#3201 = VECTOR('',#3200,1.);
#3202 = LINE('',#3190,#3201);
#3203 = EDGE_CURVE('',#3191,#3193,#3202,.T.);
#3204 = ORIENTED_EDGE('',*,*,#3203,.T.);
#3205 = DIRECTION('',(0.,1.,0.));
#3206 = VECTOR('',#3205,1.);
#3207 = LINE('',#3192,#3206);
#3208 = EDGE_CURVE('',#3193,#3155,#3207,.T.);
#3209 = ORIENTED_EDGE('',*,*,#3208,.T.);
#3210 = CARTESIAN_POINT('',(0.9549999999999996,0.315,0.5499999999999998));
#3211 = DIRECTION('',(-1.,0.,0.));
#3212 = DIRECTION('',(0.,0.,-1.));
#3213 = AXIS2_PLACEMENT_3D('',#3210,#3211,#3212);
#3214 = PLANE('',#3213);
#3215 = EDGE_LOOP('',(#3194,#3199,#3204,#3209));
#3216 = FACE_OUTER_BOUND('',#3215,.T.);
#3217 = ADVANCED_FACE('',(#3216),#3214,.T.);
#3218 = CARTESIAN_POINT('',(1.4449999999999996,-0.175,0.8999999999999999));
#3219 = VERTEX_POINT('',#3218);
#3220 = CARTESIAN_POINT('',(1.0949999999999995,-0.175,0.8999999999999999));
#3221 = VERTEX_POINT('',#3220);
#3222 = CARTESIAN_POINT('',(1.5849999999999995,-0.315,0.5499999999999998));
#3223 = VERTEX_POINT('',#3222);
#3224 = DIRECTION('',(1.,0.,0.));
#3225 = VECTOR('',#3224,1.);
#3226 = LINE('',#3220,#3225);
#3227 = EDGE_CURVE('',#3221,#3219,#3226,.T.);
#3228 = ORIENTED_EDGE('',*,*,#3227,.F.);
#3229 = DIRECTION('',(0.3481553119113954,0.3481553119113957,0.8703882797784894));
#3230 = VECTOR('',#3229,1.);
#3231 = LINE('',#3192,#3230);
#3232 = EDGE_CURVE('',#3193,#3221,#3231,.T.);
#3233 = ORIENTED_EDGE('',*,*,#3232,.F.);
#3234 = DIRECTION('',(1.,0.,0.));
#3235 = VECTOR('',#3234,1.);
#3236 = LINE('',#3192,#3235);
#3237 = EDGE_CURVE('',#3193,#3223,#3236,.T.);
#3238 = ORIENTED_EDGE('',*,*,#3237,.T.);
#3239 = DIRECTION('',(0.3481553119113954,-0.3481553119113957,-0.8703882797784894));
#3240 = VECTOR('',#3239,1.);
#3241 = LINE('',#3218,#3240);
#3242 = EDGE_CURVE('',#3219,#3223,#3241,.T.);
#3243 = ORIENTED_EDGE('',*,*,#3242,.F.);
#3244 = CARTESIAN_POINT('',(1.4449999999999996,-0.175,0.8999999999999999));
#3245 = DIRECTION('',(0.,-0.9284766908852594,0.37139067635410355));
#3246 = DIRECTION('',(-1.,0.,0.));
#3247 = AXIS2_PLACEMENT_3D('',#3244,#3245,#3246);
#3248 = PLANE('',#3247);
#3249 = EDGE_LOOP('',(#3228,#3233,#3238,#3243));
#3250 = FACE_OUTER_BOUND('',#3249,.T.);
#3251 = ADVANCED_FACE('',(#3250),#3248,.T.);
#3252 = CARTESIAN_POINT('',(1.5849999999999995,-0.315,-2.1500000000000004));
#3253 = VERTEX_POINT('',#3252);
#3254 = DIRECTION('',(0.,1.,0.));
#3255 = VECTOR('',#3254,1.);
#3256 = LINE('',#3252,#3255);
#3257 = EDGE_CURVE('',#3253,#3159,#3256,.T.);
#3258 = ORIENTED_EDGE('',*,*,#3257,.T.);
#3259 = ORIENTED_EDGE('',*,*,#3170,.T.);
#3260 = DIRECTION('',(0.,1.,0.));
#3261 = VECTOR('',#3260,1.);
#3262 = LINE('',#3222,#3261);
#3263 = EDGE_CURVE('',#3223,#3157,#3262,.T.);
#3264 = ORIENTED_EDGE('',*,*,#3263,.F.);
#3265 = DIRECTION('',(0.,0.,1.));
#3266 = VECTOR('',#3265,1.);
#3267 = LINE('',#3252,#3266);
#3268 = EDGE_CURVE('',#3253,#3223,#3267,.T.);
#3269 = ORIENTED_EDGE('',*,*,#3268,.F.);
#3270 = CARTESIAN_POINT('',(1.5849999999999995,-0.315,-2.1500000000000004));
#3271 = DIRECTION('',(1.,0.,0.));
#3272 = DIRECTION('',(0.,1.,0.));
#3273 = AXIS2_PLACEMENT_3D('',#3270,#3271,#3272);
#3274 = PLANE('',#3273);
#3275 = EDGE_LOOP('',(#3258,#3259,#3264,#3269));
#3276 = FACE_OUTER_BOUND('',#3275,.T.);
#3277 = ADVANCED_FACE('',(#3276),#3274,.T.);
#3278 = ORIENTED_EDGE('',*,*,#3268,.T.);
#3279 = ORIENTED_EDGE('',*,*,#3237,.F.);
#3280 = ORIENTED_EDGE('',*,*,#3203,.F.);
#3281 = DIRECTION('',(1.,0.,0.));
#3282 = VECTOR('',#3281,1.);
#3283 = LINE('',#3190,#3282);
#3284 = EDGE_CURVE('',#3191,#3253,#3283,.T.);
#3285 = ORIENTED_EDGE('',*,*,#3284,.T.);
#3286 = CARTESIAN_POINT('',(1.5849999999999995,-0.315,-2.1500000000000004));
#3287 = DIRECTION('',(0.,-1.,0.));
#3288 = DIRECTION('',(0.,0.,1.));
#3289 = AXIS2_PLACEMENT_3D('',#3286,#3287,#3288);
#3290 = PLANE('',#3289);
#3291 = EDGE_LOOP('',(#3278,#3279,#3280,#3285));
#3292 = FACE_OUTER_BOUND('',#3291,.T.);
#3293 = ADVANCED_FACE('',(#3292),#3290,.T.);
#3294 = ORIENTED_EDGE('',*,*,#3284,.F.);
#3295 = ORIENTED_EDGE('',*,*,#3198,.T.);
#3296 = ORIENTED_EDGE('',*,*,#3175,.T.);
#3297 = ORIENTED_EDGE('',*,*,#3257,.F.);
#3298 = CARTESIAN_POINT('',(1.5849999999999995,-0.315,-2.1500000000000004));
#3299 = DIRECTION('',(0.,0.,-1.));
#3300 = DIRECTION('',(-1.,0.,0.));
#3301 = AXIS2_PLACEMENT_3D('',#3298,#3299,#3300);
#3302 = PLANE('',#3301);
#3303 = EDGE_LOOP('',(#3294,#3295,#3296,#3297));
#3304 = FACE_OUTER_BOUND('',#3303,.T.);
#3305 = ADVANCED_FACE('',(#3304),#3302,.T.);
#3306 = CARTESIAN_POINT('',(1.0949999999999995,0.175,0.8999999999999999));
#3307 = VERTEX_POINT('',#3306);
#3308 = DIRECTION('',(0.3481553119113954,-0.3481553119113957,0.8703882797784894));
#3309 = VECTOR('',#3308,1.);
#3310 = LINE('',#3154,#3309);
#3311 = EDGE_CURVE('',#3155,#3307,#3310,.T.);
#3312 = ORIENTED_EDGE('',*,*,#3311,.F.);
#3313 = ORIENTED_EDGE('',*,*,#3208,.F.);
#3314 = ORIENTED_EDGE('',*,*,#3232,.T.);
#3315 = DIRECTION('',(0.,1.,0.));
#3316 = VECTOR('',#3315,1.);
#3317 = LINE('',#3220,#3316);
#3318 = EDGE_CURVE('',#3221,#3307,#3317,.T.);
#3319 = ORIENTED_EDGE('',*,*,#3318,.T.);
#3320 = CARTESIAN_POINT('',(1.0949999999999995,0.175,0.8999999999999999));
#3321 = DIRECTION('',(-0.9284766908852594,0.,0.37139067635410344));
#3322 = DIRECTION('',(-0.3481553119113954,0.3481553119113957,-0.8703882797784894));
#3323 = AXIS2_PLACEMENT_3D('',#3320,#3321,#3322);
#3324 = PLANE('',#3323);
#3325 = EDGE_LOOP('',(#3312,#3313,#3314,#3319));
#3326 = FACE_OUTER_BOUND('',#3325,.T.);
#3327 = ADVANCED_FACE('',(#3326),#3324,.T.);
#3328 = CARTESIAN_POINT('',(1.4449999999999996,0.175,0.8999999999999999));
#3329 = VERTEX_POINT('',#3328);
#3330 = DIRECTION('',(0.3481553119113954,0.3481553119113957,-0.8703882797784894));
#3331 = VECTOR('',#3330,1.);
#3332 = LINE('',#3328,#3331);
#3333 = EDGE_CURVE('',#3329,#3157,#3332,.T.);
#3334 = ORIENTED_EDGE('',*,*,#3333,.T.);
#3335 = ORIENTED_EDGE('',*,*,#3165,.F.);
#3336 = ORIENTED_EDGE('',*,*,#3311,.T.);
#3337 = DIRECTION('',(1.,0.,0.));
#3338 = VECTOR('',#3337,1.);
#3339 = LINE('',#3306,#3338);
#3340 = EDGE_CURVE('',#3307,#3329,#3339,.T.);
#3341 = ORIENTED_EDGE('',*,*,#3340,.T.);
#3342 = CARTESIAN_POINT('',(1.4449999999999996,0.175,0.8999999999999999));
#3343 = DIRECTION('',(0.,0.9284766908852594,0.3713906763541036));
#3344 = DIRECTION('',(0.3481553119113954,0.3481553119113957,-0.8703882797784894));
#3345 = AXIS2_PLACEMENT_3D('',#3342,#3343,#3344);
#3346 = PLANE('',#3345);
#3347 = EDGE_LOOP('',(#3334,#3335,#3336,#3341));
#3348 = FACE_OUTER_BOUND('',#3347,.T.);
#3349 = ADVANCED_FACE('',(#3348),#3346,.T.);
#3350 = ORIENTED_EDGE('',*,*,#3340,.F.);
#3351 = ORIENTED_EDGE('',*,*,#3318,.F.);
#3352 = ORIENTED_EDGE('',*,*,#3227,.T.);
#3353 = DIRECTION('',(0.,1.,0.));
#3354 = VECTOR('',#3353,1.);
#3355 = LINE('',#3218,#3354);
#3356 = EDGE_CURVE('',#3219,#3329,#3355,.T.);
#3357 = ORIENTED_EDGE('',*,*,#3356,.T.);
#3358 = CARTESIAN_POINT('',(1.4449999999999996,0.175,0.8999999999999999));
#3359 = DIRECTION('',(0.,0.,1.));
#3360 = DIRECTION('',(-1.,0.,0.));
#3361 = AXIS2_PLACEMENT_3D('',#3358,#3359,#3360);
#3362 = PLANE('',#3361);
#3363 = EDGE_LOOP('',(#3350,#3351,#3352,#3357));
#3364 = FACE_OUTER_BOUND('',#3363,.T.);
#3365 = ADVANCED_FACE('',(#3364),#3362,.T.);
#3366 = ORIENTED_EDGE('',*,*,#3356,.F.);
#3367 = ORIENTED_EDGE('',*,*,#3242,.T.);
#3368 = ORIENTED_EDGE('',*,*,#3263,.T.);
#3369 = ORIENTED_EDGE('',*,*,#3333,.F.);
#3370 = CARTESIAN_POINT('',(1.4449999999999996,0.175,0.8999999999999999));
#3371 = DIRECTION('',(0.9284766908852594,0.,0.37139067635410344));
#3372 = DIRECTION('',(0.,-1.,0.));
#3373 = AXIS2_PLACEMENT_3D('',#3370,#3371,#3372);
#3374 = PLANE('',#3373);
#3375 = EDGE_LOOP('',(#3366,#3367,#3368,#3369));
#3376 = FACE_OUTER_BOUND('',#3375,.T.);
#3377 = ADVANCED_FACE('',(#3376),#3374,.T.);
#3378 = CLOSED_SHELL('',(#3189,#3217,#3251,#3277,#3293,#3305,#3327,#3349,#3365,#3377));
#3379 = MANIFOLD_SOLID_BREP('',#3378);
#3380 = CARTESIAN_POINT('',(0.9549999999999996,-0.315,-9.));
#3381 = VERTEX_POINT('',#3380);
#3382 = CARTESIAN_POINT('',(1.5849999999999995,-0.315,-9.));
#3383 = VERTEX_POINT('',#3382);
#3384 = CARTESIAN_POINT('',(1.5849999999999995,-0.315,-3.6000000000000005));
#3385 = VERTEX_POINT('',#3384);
#3386 = CARTESIAN_POINT('',(0.9549999999999996,-0.315,-3.6000000000000005));
#3387 = VERTEX_POINT('',#3386);
#3388 = DIRECTION('',(1.,0.,0.));
#3389 = VECTOR('',#3388,1.);
#3390 = LINE('',#3380,#3389);
#3391 = EDGE_CURVE('',#3381,#3383,#3390,.T.);
#3392 = ORIENTED_EDGE('',*,*,#3391,.T.);
#3393 = DIRECTION('',(0.,0.,-1.));
#3394 = VECTOR('',#3393,1.);
#3395 = LINE('',#3384,#3394);
#3396 = EDGE_CURVE('',#3385,#3383,#3395,.T.);
#3397 = ORIENTED_EDGE('',*,*,#3396,.F.);
#3398 = DIRECTION('',(1.,0.,0.));
#3399 = VECTOR('',#3398,1.);
#3400 = LINE('',#3386,#3399);
#3401 = EDGE_CURVE('',#3387,#3385,#3400,.T.);
#3402 = ORIENTED_EDGE('',*,*,#3401,.F.);
#3403 = DIRECTION('',(0.,0.,-1.));
#3404 = VECTOR('',#3403,1.);
#3405 = LINE('',#3386,#3404);
#3406 = EDGE_CURVE('',#3387,#3381,#3405,.T.);
#3407 = ORIENTED_EDGE('',*,*,#3406,.T.);
#3408 = CARTESIAN_POINT('',(0.9549999999999996,-0.315,-9.));
#3409 = DIRECTION('',(0.,-1.,0.));
#3410 = DIRECTION('',(1.,0.,0.));
#3411 = AXIS2_PLACEMENT_3D('',#3408,#3409,#3410);
#3412 = PLANE('',#3411);
#3413 = EDGE_LOOP('',(#3392,#3397,#3402,#3407));
#3414 = FACE_OUTER_BOUND('',#3413,.T.);
#3415 = ADVANCED_FACE('',(#3414),#3412,.T.);
#3416 = CARTESIAN_POINT('',(1.5849999999999995,0.315,-3.6000000000000005));
#3417 = VERTEX_POINT('',#3416);
#3418 = CARTESIAN_POINT('',(1.5849999999999995,0.315,-9.));
#3419 = VERTEX_POINT('',#3418);
#3420 = DIRECTION('',(0.,1.,0.));
#3421 = VECTOR('',#3420,1.);
#3422 = LINE('',#3384,#3421);
#3423 = EDGE_CURVE('',#3385,#3417,#3422,.T.);
#3424 = ORIENTED_EDGE('',*,*,#3423,.F.);
#3425 = ORIENTED_EDGE('',*,*,#3396,.T.);
#3426 = DIRECTION('',(0.,1.,0.));
#3427 = VECTOR('',#3426,1.);
#3428 = LINE('',#3382,#3427);
#3429 = EDGE_CURVE('',#3383,#3419,#3428,.T.);
#3430 = ORIENTED_EDGE('',*,*,#3429,.T.);
#3431 = DIRECTION('',(0.,0.,-1.));
#3432 = VECTOR('',#3431,1.);
#3433 = LINE('',#3416,#3432);
#3434 = EDGE_CURVE('',#3417,#3419,#3433,.T.);
#3435 = ORIENTED_EDGE('',*,*,#3434,.F.);
#3436 = CARTESIAN_POINT('',(1.5849999999999995,0.315,-3.6000000000000005));
#3437 = DIRECTION('',(1.,0.,0.));
#3438 = DIRECTION('',(0.,-1.,0.));
#3439 = AXIS2_PLACEMENT_3D('',#3436,#3437,#3438);
#3440 = PLANE('',#3439);
#3441 = EDGE_LOOP('',(#3424,#3425,#3430,#3435));
#3442 = FACE_OUTER_BOUND('',#3441,.T.);
#3443 = ADVANCED_FACE('',(#3442),#3440,.T.);
#3444 = CARTESIAN_POINT('',(1.4449999999999996,-0.175,-9.6));
#3445 = VERTEX_POINT('',#3444);
#3446 = CARTESIAN_POINT('',(1.4449999999999996,0.175,-9.6));
#3447 = VERTEX_POINT('',#3446);
#3448 = DIRECTION('',(0.,1.,0.));
#3449 = VECTOR('',#3448,1.);
#3450 = LINE('',#3444,#3449);
#3451 = EDGE_CURVE('',#3445,#3447,#3450,.T.);
#3452 = ORIENTED_EDGE('',*,*,#3451,.T.);
#3453 = DIRECTION('',(0.2215811282415214,0.22158112824152157,0.9496334067493776));
#3454 = VECTOR('',#3453,1.);
#3455 = LINE('',#3446,#3454);
#3456 = EDGE_CURVE('',#3447,#3419,#3455,.T.);
#3457 = ORIENTED_EDGE('',*,*,#3456,.T.);
#3458 = ORIENTED_EDGE('',*,*,#3429,.F.);
#3459 = DIRECTION('',(0.2215811282415214,-0.22158112824152157,0.9496334067493776));
#3460 = VECTOR('',#3459,1.);
#3461 = LINE('',#3444,#3460);
#3462 = EDGE_CURVE('',#3445,#3383,#3461,.T.);
#3463 = ORIENTED_EDGE('',*,*,#3462,.F.);
#3464 = CARTESIAN_POINT('',(1.4449999999999996,-0.175,-9.6));
#3465 = DIRECTION('',(0.9738412097417933,0.,-0.2272296156064181));
#3466 = DIRECTION('',(0.,1.,0.));
#3467 = AXIS2_PLACEMENT_3D('',#3464,#3465,#3466);
#3468 = PLANE('',#3467);
#3469 = EDGE_LOOP('',(#3452,#3457,#3458,#3463));
#3470 = FACE_OUTER_BOUND('',#3469,.T.);
#3471 = ADVANCED_FACE('',(#3470),#3468,.T.);
#3472 = CARTESIAN_POINT('',(1.0949999999999995,-0.175,-9.6));
#3473 = VERTEX_POINT('',#3472);
#3474 = ORIENTED_EDGE('',*,*,#3462,.T.);
#3475 = ORIENTED_EDGE('',*,*,#3391,.F.);
#3476 = DIRECTION('',(0.2215811282415214,0.22158112824152157,-0.9496334067493776));
#3477 = VECTOR('',#3476,1.);
#3478 = LINE('',#3380,#3477);
#3479 = EDGE_CURVE('',#3381,#3473,#3478,.T.);
#3480 = ORIENTED_EDGE('',*,*,#3479,.T.);
#3481 = DIRECTION('',(1.,0.,0.));
#3482 = VECTOR('',#3481,1.);
#3483 = LINE('',#3472,#3482);
#3484 = EDGE_CURVE('',#3473,#3445,#3483,.T.);
#3485 = ORIENTED_EDGE('',*,*,#3484,.T.);
#3486 = CARTESIAN_POINT('',(1.4449999999999996,-0.175,-9.6));
#3487 = DIRECTION('',(0.,-0.9738412097417931,-0.2272296156064185));
#3488 = DIRECTION('',(0.2215811282415214,-0.22158112824152157,0.9496334067493776));
#3489 = AXIS2_PLACEMENT_3D('',#3486,#3487,#3488);
#3490 = PLANE('',#3489);
#3491 = EDGE_LOOP('',(#3474,#3475,#3480,#3485));
#3492 = FACE_OUTER_BOUND('',#3491,.T.);
#3493 = ADVANCED_FACE('',(#3492),#3490,.T.);
#3494 = CARTESIAN_POINT('',(1.0949999999999995,0.175,-9.6));
#3495 = VERTEX_POINT('',#3494);
#3496 = CARTESIAN_POINT('',(0.9549999999999996,0.315,-9.));
#3497 = VERTEX_POINT('',#3496);
#3498 = DIRECTION('',(0.,1.,0.));
#3499 = VECTOR('',#3498,1.);
#3500 = LINE('',#3472,#3499);
#3501 = EDGE_CURVE('',#3473,#3495,#3500,.T.);
#3502 = ORIENTED_EDGE('',*,*,#3501,.F.);
#3503 = ORIENTED_EDGE('',*,*,#3479,.F.);
#3504 = DIRECTION('',(0.,1.,0.));
#3505 = VECTOR('',#3504,1.);
#3506 = LINE('',#3380,#3505);
#3507 = EDGE_CURVE('',#3381,#3497,#3506,.T.);
#3508 = ORIENTED_EDGE('',*,*,#3507,.T.);
#3509 = DIRECTION('',(0.2215811282415214,-0.22158112824152157,-0.9496334067493776));
#3510 = VECTOR('',#3509,1.);
#3511 = LINE('',#3496,#3510);
#3512 = EDGE_CURVE('',#3497,#3495,#3511,.T.);
#3513 = ORIENTED_EDGE('',*,*,#3512,.T.);
#3514 = CARTESIAN_POINT('',(1.0949999999999995,0.175,-9.6));
#3515 = DIRECTION('',(-0.9738412097417933,0.,-0.2272296156064181));
#3516 = DIRECTION('',(0.,-1.,0.));
#3517 = AXIS2_PLACEMENT_3D('',#3514,#3515,#3516);
#3518 = PLANE('',#3517);
#3519 = EDGE_LOOP('',(#3502,#3503,#3508,#3513));
#3520 = FACE_OUTER_BOUND('',#3519,.T.);
#3521 = ADVANCED_FACE('',(#3520),#3518,.T.);
#3522 = ORIENTED_EDGE('',*,*,#3512,.F.);
#3523 = DIRECTION('',(1.,0.,0.));
#3524 = VECTOR('',#3523,1.);
#3525 = LINE('',#3496,#3524);
#3526 = EDGE_CURVE('',#3497,#3419,#3525,.T.);
#3527 = ORIENTED_EDGE('',*,*,#3526,.T.);
#3528 = ORIENTED_EDGE('',*,*,#3456,.F.);
#3529 = DIRECTION('',(1.,0.,0.));
#3530 = VECTOR('',#3529,1.);
#3531 = LINE('',#3494,#3530);
#3532 = EDGE_CURVE('',#3495,#3447,#3531,.T.);
#3533 = ORIENTED_EDGE('',*,*,#3532,.F.);
#3534 = CARTESIAN_POINT('',(1.0949999999999995,0.175,-9.6));
#3535 = DIRECTION('',(0.,0.9738412097417931,-0.2272296156064185));
#3536 = DIRECTION('',(-0.2215811282415214,0.22158112824152157,0.9496334067493776));
#3537 = AXIS2_PLACEMENT_3D('',#3534,#3535,#3536);
#3538 = PLANE('',#3537);
#3539 = EDGE_LOOP('',(#3522,#3527,#3528,#3533));
#3540 = FACE_OUTER_BOUND('',#3539,.T.);
#3541 = ADVANCED_FACE('',(#3540),#3538,.T.);
#3542 = ORIENTED_EDGE('',*,*,#3532,.T.);
#3543 = ORIENTED_EDGE('',*,*,#3451,.F.);
#3544 = ORIENTED_EDGE('',*,*,#3484,.F.);
#3545 = ORIENTED_EDGE('',*,*,#3501,.T.);
#3546 = CARTESIAN_POINT('',(1.0949999999999995,0.175,-9.6));
#3547 = DIRECTION('',(0.,0.,-1.));
#3548 = DIRECTION('',(1.,0.,0.));
#3549 = AXIS2_PLACEMENT_3D('',#3546,#3547,#3548);
#3550 = PLANE('',#3549);
#3551 = EDGE_LOOP('',(#3542,#3543,#3544,#3545));
#3552 = FACE_OUTER_BOUND('',#3551,.T.);
#3553 = ADVANCED_FACE('',(#3552),#3550,.T.);
#3554 = CARTESIAN_POINT('',(0.9549999999999996,0.315,-3.6000000000000005));
#3555 = VERTEX_POINT('',#3554);
#3556 = DIRECTION('',(1.,0.,0.));
#3557 = VECTOR('',#3556,1.);
#3558 = LINE('',#3554,#3557);
#3559 = EDGE_CURVE('',#3555,#3417,#3558,.T.);
#3560 = ORIENTED_EDGE('',*,*,#3559,.T.);
#3561 = ORIENTED_EDGE('',*,*,#3434,.T.);
#3562 = ORIENTED_EDGE('',*,*,#3526,.F.);
#3563 = DIRECTION('',(0.,0.,-1.));
#3564 = VECTOR('',#3563,1.);
#3565 = LINE('',#3554,#3564);
#3566 = EDGE_CURVE('',#3555,#3497,#3565,.T.);
#3567 = ORIENTED_EDGE('',*,*,#3566,.F.);
#3568 = CARTESIAN_POINT('',(0.9549999999999996,0.315,-3.6000000000000005));
#3569 = DIRECTION('',(0.,1.,0.));
#3570 = DIRECTION('',(1.,0.,0.));
#3571 = AXIS2_PLACEMENT_3D('',#3568,#3569,#3570);
#3572 = PLANE('',#3571);
#3573 = EDGE_LOOP('',(#3560,#3561,#3562,#3567));
#3574 = FACE_OUTER_BOUND('',#3573,.T.);
#3575 = ADVANCED_FACE('',(#3574),#3572,.T.);
#3576 = ORIENTED_EDGE('',*,*,#3566,.T.);
#3577 = ORIENTED_EDGE('',*,*,#3507,.F.);
#3578 = ORIENTED_EDGE('',*,*,#3406,.F.);
#3579 = DIRECTION('',(0.,1.,0.));
#3580 = VECTOR('',#3579,1.);
#3581 = LINE('',#3386,#3580);
#3582 = EDGE_CURVE('',#3387,#3555,#3581,.T.);
#3583 = ORIENTED_EDGE('',*,*,#3582,.T.);
#3584 = CARTESIAN_POINT('',(0.9549999999999996,0.315,-3.6000000000000005));
#3585 = DIRECTION('',(-1.,0.,0.));
#3586 = DIRECTION('',(0.,0.,-1.));
#3587 = AXIS2_PLACEMENT_3D('',#3584,#3585,#3586);
#3588 = PLANE('',#3587);
#3589 = EDGE_LOOP('',(#3576,#3577,#3578,#3583));
#3590 = FACE_OUTER_BOUND('',#3589,.T.);
#3591 = ADVANCED_FACE('',(#3590),#3588,.T.);
#3592 = ORIENTED_EDGE('',*,*,#3582,.F.);
#3593 = ORIENTED_EDGE('',*,*,#3401,.T.);
#3594 = ORIENTED_EDGE('',*,*,#3423,.T.);
#3595 = ORIENTED_EDGE('',*,*,#3559,.F.);
#3596 = CARTESIAN_POINT('',(0.9549999999999996,0.315,-3.6000000000000005));
#3597 = DIRECTION('',(0.,0.,1.));
#3598 = DIRECTION('',(0.,-1.,0.));
#3599 = AXIS2_PLACEMENT_3D('',#3596,#3597,#3598);
#3600 = PLANE('',#3599);
#3601 = EDGE_LOOP('',(#3592,#3593,#3594,#3595));
#3602 = FACE_OUTER_BOUND('',#3601,.T.);
#3603 = ADVANCED_FACE('',(#3602),#3600,.T.);
#3604 = CLOSED_SHELL('',(#3415,#3443,#3471,#3493,#3521,#3541,#3553,#3575,#3591,#3603));
#3605 = MANIFOLD_SOLID_BREP('',#3604);
#3606 = CARTESIAN_POINT('',(2.5400000000000005,-1.27,-3.6));
#3607 = VERTEX_POINT('',#3606);
#3608 = CARTESIAN_POINT('',(2.5400000000000005,-1.27,-1.6));
#3609 = VERTEX_POINT('',#3608);
#3610 = CARTESIAN_POINT('',(2.5400000000000005,1.27,-1.6));
#3611 = VERTEX_POINT('',#3610);
#3612 = CARTESIAN_POINT('',(2.5400000000000005,1.27,-3.6));
#3613 = VERTEX_POINT('',#3612);
#3614 = DIRECTION('',(0.,0.,-1.));
#3615 = VECTOR('',#3614,1.);
#3616 = LINE('',#3608,#3615);
#3617 = EDGE_CURVE('',#3609,#3607,#3616,.T.);
#3618 = ORIENTED_EDGE('',*,*,#3617,.F.);
#3619 = DIRECTION('',(0.,1.,0.));
#3620 = VECTOR('',#3619,1.);
#3621 = LINE('',#3608,#3620);
#3622 = EDGE_CURVE('',#3609,#3611,#3621,.T.);
#3623 = ORIENTED_EDGE('',*,*,#3622,.T.);
#3624 = DIRECTION('',(0.,0.,-1.));
#3625 = VECTOR('',#3624,1.);
#3626 = LINE('',#3610,#3625);
#3627 = EDGE_CURVE('',#3611,#3613,#3626,.T.);
#3628 = ORIENTED_EDGE('',*,*,#3627,.T.);
#3629 = DIRECTION('',(0.,1.,0.));
#3630 = VECTOR('',#3629,1.);
#3631 = LINE('',#3606,#3630);
#3632 = EDGE_CURVE('',#3607,#3613,#3631,.T.);
#3633 = ORIENTED_EDGE('',*,*,#3632,.F.);
#3634 = CARTESIAN_POINT('',(2.5400000000000005,-1.27,-3.6));
#3635 = DIRECTION('',(-1.,0.,0.));
#3636 = DIRECTION('',(0.,0.,1.));
#3637 = AXIS2_PLACEMENT_3D('',#3634,#3635,#3636);
#3638 = PLANE('',#3637);
#3639 = EDGE_LOOP('',(#3618,#3623,#3628,#3633));
#3640 = FACE_OUTER_BOUND('',#3639,.T.);
#3641 = ADVANCED_FACE('',(#3640),#3638,.T.);
#3642 = CARTESIAN_POINT('',(5.08,-1.27,-3.6));
#3643 = VERTEX_POINT('',#3642);
#3644 = CARTESIAN_POINT('',(5.08,1.27,-3.6));
#3645 = VERTEX_POINT('',#3644);
#3646 = CARTESIAN_POINT('',(5.08,1.27,-1.6));
#3647 = VERTEX_POINT('',#3646);
#3648 = CARTESIAN_POINT('',(5.08,-1.27,-1.6));
#3649 = VERTEX_POINT('',#3648);
#3650 = DIRECTION('',(0.,1.,0.));
#3651 = VECTOR('',#3650,1.);
#3652 = LINE('',#3642,#3651);
#3653 = EDGE_CURVE('',#3643,#3645,#3652,.T.);
#3654 = ORIENTED_EDGE('',*,*,#3653,.T.);
#3655 = DIRECTION('',(0.,0.,-1.));
#3656 = VECTOR('',#3655,1.);
#3657 = LINE('',#3646,#3656);
#3658 = EDGE_CURVE('',#3647,#3645,#3657,.T.);
#3659 = ORIENTED_EDGE('',*,*,#3658,.F.);
#3660 = DIRECTION('',(0.,1.,0.));
#3661 = VECTOR('',#3660,1.);
#3662 = LINE('',#3648,#3661);
#3663 = EDGE_CURVE('',#3649,#3647,#3662,.T.);
#3664 = ORIENTED_EDGE('',*,*,#3663,.F.);
#3665 = DIRECTION('',(0.,0.,-1.));
#3666 = VECTOR('',#3665,1.);
#3667 = LINE('',#3648,#3666);
#3668 = EDGE_CURVE('',#3649,#3643,#3667,.T.);
#3669 = ORIENTED_EDGE('',*,*,#3668,.T.);
#3670 = CARTESIAN_POINT('',(5.08,-1.27,-3.6));
#3671 = DIRECTION('',(1.,0.,0.));
#3672 = DIRECTION('',(0.,1.,0.));
#3673 = AXIS2_PLACEMENT_3D('',#3670,#3671,#3672);
#3674 = PLANE('',#3673);
#3675 = EDGE_LOOP('',(#3654,#3659,#3664,#3669));
#3676 = FACE_OUTER_BOUND('',#3675,.T.);
#3677 = ADVANCED_FACE('',(#3676),#3674,.T.);
#3678 = DIRECTION('',(1.,0.,0.));
#3679 = VECTOR('',#3678,1.);
#3680 = LINE('',#3606,#3679);
#3681 = EDGE_CURVE('',#3607,#3643,#3680,.T.);
#3682 = ORIENTED_EDGE('',*,*,#3681,.T.);
#3683 = ORIENTED_EDGE('',*,*,#3668,.F.);
#3684 = DIRECTION('',(1.,0.,0.));
#3685 = VECTOR('',#3684,1.);
#3686 = LINE('',#3608,#3685);
#3687 = EDGE_CURVE('',#3609,#3649,#3686,.T.);
#3688 = ORIENTED_EDGE('',*,*,#3687,.F.);
#3689 = ORIENTED_EDGE('',*,*,#3617,.T.);
#3690 = CARTESIAN_POINT('',(2.5400000000000005,-1.27,-3.6));
#3691 = DIRECTION('',(0.,-1.,0.));
#3692 = DIRECTION('',(1.,0.,0.));
#3693 = AXIS2_PLACEMENT_3D('',#3690,#3691,#3692);
#3694 = PLANE('',#3693);
#3695 = EDGE_LOOP('',(#3682,#3683,#3688,#3689));
#3696 = FACE_OUTER_BOUND('',#3695,.T.);
#3697 = ADVANCED_FACE('',(#3696),#3694,.T.);
#3698 = ORIENTED_EDGE('',*,*,#3627,.F.);
#3699 = DIRECTION('',(1.,0.,0.));
#3700 = VECTOR('',#3699,1.);
#3701 = LINE('',#3610,#3700);
#3702 = EDGE_CURVE('',#3611,#3647,#3701,.T.);
#3703 = ORIENTED_EDGE('',*,*,#3702,.T.);
#3704 = ORIENTED_EDGE('',*,*,#3658,.T.);
#3705 = DIRECTION('',(1.,0.,0.));
#3706 = VECTOR('',#3705,1.);
#3707 = LINE('',#3612,#3706);
#3708 = EDGE_CURVE('',#3613,#3645,#3707,.T.);
#3709 = ORIENTED_EDGE('',*,*,#3708,.F.);
#3710 = CARTESIAN_POINT('',(2.5400000000000005,1.27,-3.6));
#3711 = DIRECTION('',(0.,1.,0.));
#3712 = DIRECTION('',(0.,0.,1.));
#3713 = AXIS2_PLACEMENT_3D('',#3710,#3711,#3712);
#3714 = PLANE('',#3713);
#3715 = EDGE_LOOP('',(#3698,#3703,#3704,#3709));
#3716 = FACE_OUTER_BOUND('',#3715,.T.);
#3717 = ADVANCED_FACE('',(#3716),#3714,.T.);
#3718 = ORIENTED_EDGE('',*,*,#3632,.T.);
#3719 = ORIENTED_EDGE('',*,*,#3708,.T.);
#3720 = ORIENTED_EDGE('',*,*,#3653,.F.);
#3721 = ORIENTED_EDGE('',*,*,#3681,.F.);
#3722 = CARTESIAN_POINT('',(2.5400000000000005,-1.27,-3.6));
#3723 = DIRECTION('',(0.,0.,-1.));
#3724 = DIRECTION('',(0.,1.,0.));
#3725 = AXIS2_PLACEMENT_3D('',#3722,#3723,#3724);
#3726 = PLANE('',#3725);
#3727 = EDGE_LOOP('',(#3718,#3719,#3720,#3721));
#3728 = FACE_OUTER_BOUND('',#3727,.T.);
#3729 = ADVANCED_FACE('',(#3728),#3726,.T.);
#3730 = ORIENTED_EDGE('',*,*,#3687,.T.);
#3731 = ORIENTED_EDGE('',*,*,#3663,.T.);
#3732 = ORIENTED_EDGE('',*,*,#3702,.F.);
#3733 = ORIENTED_EDGE('',*,*,#3622,.F.);
#3734 = CARTESIAN_POINT('',(2.5400000000000005,-1.27,-1.6));
#3735 = DIRECTION('',(0.,0.,1.));
#3736 = DIRECTION('',(1.,0.,0.));
#3737 = AXIS2_PLACEMENT_3D('',#3734,#3735,#3736);
#3738 = PLANE('',#3737);
#3739 = EDGE_LOOP('',(#3730,#3731,#3732,#3733));
#3740 = FACE_OUTER_BOUND('',#3739,.T.);
#3741 = ADVANCED_FACE('',(#3740),#3738,.T.);
#3742 = CLOSED_SHELL('',(#3641,#3677,#3697,#3717,#3729,#3741));
#3743 = MANIFOLD_SOLID_BREP('',#3742);
#3744 = COLOUR_RGB('',0.13333333333333333,0.13333333333333333,0.13333333333333333);
#3745 = FILL_AREA_STYLE_COLOUR('',#3744);
#3746 = FILL_AREA_STYLE('',(#3745));
#3747 = SURFACE_STYLE_FILL_AREA(#3746);
#3748 = SURFACE_SIDE_STYLE('',(#3747));
#3749 = SURFACE_STYLE_USAGE(.BOTH.,#3748);
#3750 = PRESENTATION_STYLE_ASSIGNMENT((#3749));
#3751 = STYLED_ITEM('',(#3750),#3743);
#3752 = CARTESIAN_POINT('',(3.4950000000000006,0.315,-2.1500000000000004));
#3753 = VERTEX_POINT('',#3752);
#3754 = CARTESIAN_POINT('',(3.4950000000000006,-0.315,-2.1500000000000004));
#3755 = VERTEX_POINT('',#3754);
#3756 = CARTESIAN_POINT('',(3.4950000000000006,-0.315,0.5499999999999998));
#3757 = VERTEX_POINT('',#3756);
#3758 = CARTESIAN_POINT('',(3.4950000000000006,0.315,0.5499999999999998));
#3759 = VERTEX_POINT('',#3758);
#3760 = DIRECTION('',(0.,1.,0.));
#3761 = VECTOR('',#3760,1.);
#3762 = LINE('',#3754,#3761);
#3763 = EDGE_CURVE('',#3755,#3753,#3762,.T.);
#3764 = ORIENTED_EDGE('',*,*,#3763,.F.);
#3765 = DIRECTION('',(0.,0.,1.));
#3766 = VECTOR('',#3765,1.);
#3767 = LINE('',#3754,#3766);
#3768 = EDGE_CURVE('',#3755,#3757,#3767,.T.);
#3769 = ORIENTED_EDGE('',*,*,#3768,.T.);
#3770 = DIRECTION('',(0.,1.,0.));
#3771 = VECTOR('',#3770,1.);
#3772 = LINE('',#3756,#3771);
#3773 = EDGE_CURVE('',#3757,#3759,#3772,.T.);
#3774 = ORIENTED_EDGE('',*,*,#3773,.T.);
#3775 = DIRECTION('',(0.,0.,1.));
#3776 = VECTOR('',#3775,1.);
#3777 = LINE('',#3752,#3776);
#3778 = EDGE_CURVE('',#3753,#3759,#3777,.T.);
#3779 = ORIENTED_EDGE('',*,*,#3778,.F.);
#3780 = CARTESIAN_POINT('',(3.4950000000000006,0.315,-2.1500000000000004));
#3781 = DIRECTION('',(-1.,0.,0.));
#3782 = DIRECTION('',(0.,-1.,0.));
#3783 = AXIS2_PLACEMENT_3D('',#3780,#3781,#3782);
#3784 = PLANE('',#3783);
#3785 = EDGE_LOOP('',(#3764,#3769,#3774,#3779));
#3786 = FACE_OUTER_BOUND('',#3785,.T.);
#3787 = ADVANCED_FACE('',(#3786),#3784,.T.);
#3788 = CARTESIAN_POINT('',(4.125000000000001,0.315,0.5499999999999998));
#3789 = VERTEX_POINT('',#3788);
#3790 = CARTESIAN_POINT('',(4.125000000000001,0.315,-2.1500000000000004));
#3791 = VERTEX_POINT('',#3790);
#3792 = DIRECTION('',(0.,0.,1.));
#3793 = VECTOR('',#3792,1.);
#3794 = LINE('',#3790,#3793);
#3795 = EDGE_CURVE('',#3791,#3789,#3794,.T.);
#3796 = ORIENTED_EDGE('',*,*,#3795,.F.);
#3797 = DIRECTION('',(1.,0.,0.));
#3798 = VECTOR('',#3797,1.);
#3799 = LINE('',#3752,#3798);
#3800 = EDGE_CURVE('',#3753,#3791,#3799,.T.);
#3801 = ORIENTED_EDGE('',*,*,#3800,.F.);
#3802 = ORIENTED_EDGE('',*,*,#3778,.T.);
#3803 = DIRECTION('',(1.,0.,0.));
#3804 = VECTOR('',#3803,1.);
#3805 = LINE('',#3758,#3804);
#3806 = EDGE_CURVE('',#3759,#3789,#3805,.T.);
#3807 = ORIENTED_EDGE('',*,*,#3806,.T.);
#3808 = CARTESIAN_POINT('',(4.125000000000001,0.315,0.5499999999999998));
#3809 = DIRECTION('',(0.,1.,0.));
#3810 = DIRECTION('',(0.,0.,-1.));
#3811 = AXIS2_PLACEMENT_3D('',#3808,#3809,#3810);
#3812 = PLANE('',#3811);
#3813 = EDGE_LOOP('',(#3796,#3801,#3802,#3807));
#3814 = FACE_OUTER_BOUND('',#3813,.T.);
#3815 = ADVANCED_FACE('',(#3814),#3812,.T.);
#3816 = CARTESIAN_POINT('',(3.6350000000000007,0.175,0.8999999999999999));
#3817 = VERTEX_POINT('',#3816);
#3818 = CARTESIAN_POINT('',(3.6350000000000007,-0.175,0.8999999999999999));
#3819 = VERTEX_POINT('',#3818);
#3820 = DIRECTION('',(0.34815531191139587,-0.3481553119113956,0.8703882797784892));
#3821 = VECTOR('',#3820,1.);
#3822 = LINE('',#3758,#3821);
#3823 = EDGE_CURVE('',#3759,#3817,#3822,.T.);
#3824 = ORIENTED_EDGE('',*,*,#3823,.F.);
#3825 = ORIENTED_EDGE('',*,*,#3773,.F.);
#3826 = DIRECTION('',(0.34815531191139587,0.3481553119113956,0.8703882797784892));
#3827 = VECTOR('',#3826,1.);
#3828 = LINE('',#3756,#3827);
#3829 = EDGE_CURVE('',#3757,#3819,#3828,.T.);
#3830 = ORIENTED_EDGE('',*,*,#3829,.T.);
#3831 = DIRECTION('',(0.,1.,0.));
#3832 = VECTOR('',#3831,1.);
#3833 = LINE('',#3818,#3832);
#3834 = EDGE_CURVE('',#3819,#3817,#3833,.T.);
#3835 = ORIENTED_EDGE('',*,*,#3834,.T.);
#3836 = CARTESIAN_POINT('',(3.6350000000000007,0.175,0.8999999999999999));
#3837 = DIRECTION('',(-0.9284766908852591,0.,0.3713906763541039));
#3838 = DIRECTION('',(-0.34815531191139587,0.3481553119113956,-0.8703882797784892));
#3839 = AXIS2_PLACEMENT_3D('',#3836,#3837,#3838);
#3840 = PLANE('',#3839);
#3841 = EDGE_LOOP('',(#3824,#3825,#3830,#3835));
#3842 = FACE_OUTER_BOUND('',#3841,.T.);
#3843 = ADVANCED_FACE('',(#3842),#3840,.T.);
#3844 = CARTESIAN_POINT('',(4.125000000000001,-0.315,-2.1500000000000004));
#3845 = VERTEX_POINT('',#3844);
#3846 = CARTESIAN_POINT('',(4.125000000000001,-0.315,0.5499999999999998));
#3847 = VERTEX_POINT('',#3846);
#3848 = DIRECTION('',(0.,1.,0.));
#3849 = VECTOR('',#3848,1.);
#3850 = LINE('',#3844,#3849);
#3851 = EDGE_CURVE('',#3845,#3791,#3850,.T.);
#3852 = ORIENTED_EDGE('',*,*,#3851,.T.);
#3853 = ORIENTED_EDGE('',*,*,#3795,.T.);
#3854 = DIRECTION('',(0.,1.,0.));
#3855 = VECTOR('',#3854,1.);
#3856 = LINE('',#3846,#3855);
#3857 = EDGE_CURVE('',#3847,#3789,#3856,.T.);
#3858 = ORIENTED_EDGE('',*,*,#3857,.F.);
#3859 = DIRECTION('',(0.,0.,1.));
#3860 = VECTOR('',#3859,1.);
#3861 = LINE('',#3844,#3860);
#3862 = EDGE_CURVE('',#3845,#3847,#3861,.T.);
#3863 = ORIENTED_EDGE('',*,*,#3862,.F.);
#3864 = CARTESIAN_POINT('',(4.125000000000001,-0.315,-2.1500000000000004));
#3865 = DIRECTION('',(1.,0.,0.));
#3866 = DIRECTION('',(0.,1.,0.));
#3867 = AXIS2_PLACEMENT_3D('',#3864,#3865,#3866);
#3868 = PLANE('',#3867);
#3869 = EDGE_LOOP('',(#3852,#3853,#3858,#3863));
#3870 = FACE_OUTER_BOUND('',#3869,.T.);
#3871 = ADVANCED_FACE('',(#3870),#3868,.T.);
#3872 = ORIENTED_EDGE('',*,*,#3862,.T.);
#3873 = DIRECTION('',(1.,0.,0.));
#3874 = VECTOR('',#3873,1.);
#3875 = LINE('',#3756,#3874);
#3876 = EDGE_CURVE('',#3757,#3847,#3875,.T.);
#3877 = ORIENTED_EDGE('',*,*,#3876,.F.);
#3878 = ORIENTED_EDGE('',*,*,#3768,.F.);
#3879 = DIRECTION('',(1.,0.,0.));
#3880 = VECTOR('',#3879,1.);
#3881 = LINE('',#3754,#3880);
#3882 = EDGE_CURVE('',#3755,#3845,#3881,.T.);
#3883 = ORIENTED_EDGE('',*,*,#3882,.T.);
#3884 = CARTESIAN_POINT('',(4.125000000000001,-0.315,-2.1500000000000004));
#3885 = DIRECTION('',(0.,-1.,0.));
#3886 = DIRECTION('',(0.,0.,1.));
#3887 = AXIS2_PLACEMENT_3D('',#3884,#3885,#3886);
#3888 = PLANE('',#3887);
#3889 = EDGE_LOOP('',(#3872,#3877,#3878,#3883));
#3890 = FACE_OUTER_BOUND('',#3889,.T.);
#3891 = ADVANCED_FACE('',(#3890),#3888,.T.);
#3892 = ORIENTED_EDGE('',*,*,#3882,.F.);
#3893 = ORIENTED_EDGE('',*,*,#3763,.T.);
#3894 = ORIENTED_EDGE('',*,*,#3800,.T.);
#3895 = ORIENTED_EDGE('',*,*,#3851,.F.);
#3896 = CARTESIAN_POINT('',(4.125000000000001,-0.315,-2.1500000000000004));
#3897 = DIRECTION('',(0.,0.,-1.));
#3898 = DIRECTION('',(-1.,0.,0.));
#3899 = AXIS2_PLACEMENT_3D('',#3896,#3897,#3898);
#3900 = PLANE('',#3899);
#3901 = EDGE_LOOP('',(#3892,#3893,#3894,#3895));
#3902 = FACE_OUTER_BOUND('',#3901,.T.);
#3903 = ADVANCED_FACE('',(#3902),#3900,.T.);
#3904 = CARTESIAN_POINT('',(3.9850000000000003,0.175,0.8999999999999999));
#3905 = VERTEX_POINT('',#3904);
#3906 = DIRECTION('',(0.3481553119113968,0.3481553119113954,-0.8703882797784888));
#3907 = VECTOR('',#3906,1.);
#3908 = LINE('',#3904,#3907);
#3909 = EDGE_CURVE('',#3905,#3789,#3908,.T.);
#3910 = ORIENTED_EDGE('',*,*,#3909,.T.);
#3911 = ORIENTED_EDGE('',*,*,#3806,.F.);
#3912 = ORIENTED_EDGE('',*,*,#3823,.T.);
#3913 = DIRECTION('',(1.,0.,0.));
#3914 = VECTOR('',#3913,1.);
#3915 = LINE('',#3816,#3914);
#3916 = EDGE_CURVE('',#3817,#3905,#3915,.T.);
#3917 = ORIENTED_EDGE('',*,*,#3916,.T.);
#3918 = CARTESIAN_POINT('',(3.9850000000000003,0.175,0.8999999999999999));
#3919 = DIRECTION('',(0.,0.9284766908852593,0.3713906763541033));
#3920 = DIRECTION('',(0.3481553119113968,0.3481553119113954,-0.8703882797784888));
#3921 = AXIS2_PLACEMENT_3D('',#3918,#3919,#3920);
#3922 = PLANE('',#3921);
#3923 = EDGE_LOOP('',(#3910,#3911,#3912,#3917));
#3924 = FACE_OUTER_BOUND('',#3923,.T.);
#3925 = ADVANCED_FACE('',(#3924),#3922,.T.);
#3926 = CARTESIAN_POINT('',(3.9850000000000003,-0.175,0.8999999999999999));
#3927 = VERTEX_POINT('',#3926);
#3928 = DIRECTION('',(0.3481553119113968,-0.3481553119113954,-0.8703882797784888));
#3929 = VECTOR('',#3928,1.);
#3930 = LINE('',#3926,#3929);
#3931 = EDGE_CURVE('',#3927,#3847,#3930,.T.);
#3932 = ORIENTED_EDGE('',*,*,#3931,.T.);
#3933 = ORIENTED_EDGE('',*,*,#3857,.T.);
#3934 = ORIENTED_EDGE('',*,*,#3909,.F.);
#3935 = DIRECTION('',(0.,1.,0.));
#3936 = VECTOR('',#3935,1.);
#3937 = LINE('',#3926,#3936);
#3938 = EDGE_CURVE('',#3927,#3905,#3937,.T.);
#3939 = ORIENTED_EDGE('',*,*,#3938,.F.);
#3940 = CARTESIAN_POINT('',(3.9850000000000003,-0.175,0.8999999999999999));
#3941 = DIRECTION('',(0.9284766908852589,0.,0.37139067635410494));
#3942 = DIRECTION('',(0.3481553119113968,-0.3481553119113954,-0.8703882797784888));
#3943 = AXIS2_PLACEMENT_3D('',#3940,#3941,#3942);
#3944 = PLANE('',#3943);
#3945 = EDGE_LOOP('',(#3932,#3933,#3934,#3939));
#3946 = FACE_OUTER_BOUND('',#3945,.T.);
#3947 = ADVANCED_FACE('',(#3946),#3944,.T.);
#3948 = ORIENTED_EDGE('',*,*,#3938,.T.);
#3949 = ORIENTED_EDGE('',*,*,#3916,.F.);
#3950 = ORIENTED_EDGE('',*,*,#3834,.F.);
#3951 = DIRECTION('',(1.,0.,0.));
#3952 = VECTOR('',#3951,1.);
#3953 = LINE('',#3818,#3952);
#3954 = EDGE_CURVE('',#3819,#3927,#3953,.T.);
#3955 = ORIENTED_EDGE('',*,*,#3954,.T.);
#3956 = CARTESIAN_POINT('',(3.9850000000000003,-0.175,0.8999999999999999));
#3957 = DIRECTION('',(0.,0.,1.));
#3958 = DIRECTION('',(0.,1.,0.));
#3959 = AXIS2_PLACEMENT_3D('',#3956,#3957,#3958);
#3960 = PLANE('',#3959);
#3961 = EDGE_LOOP('',(#3948,#3949,#3950,#3955));
#3962 = FACE_OUTER_BOUND('',#3961,.T.);
#3963 = ADVANCED_FACE('',(#3962),#3960,.T.);
#3964 = ORIENTED_EDGE('',*,*,#3954,.F.);
#3965 = ORIENTED_EDGE('',*,*,#3829,.F.);
#3966 = ORIENTED_EDGE('',*,*,#3876,.T.);
#3967 = ORIENTED_EDGE('',*,*,#3931,.F.);
#3968 = CARTESIAN_POINT('',(3.9850000000000003,-0.175,0.8999999999999999));
#3969 = DIRECTION('',(0.,-0.9284766908852593,0.3713906763541033));
#3970 = DIRECTION('',(-1.,0.,0.));
#3971 = AXIS2_PLACEMENT_3D('',#3968,#3969,#3970);
#3972 = PLANE('',#3971);
#3973 = EDGE_LOOP('',(#3964,#3965,#3966,#3967));
#3974 = FACE_OUTER_BOUND('',#3973,.T.);
#3975 = ADVANCED_FACE('',(#3974),#3972,.T.);
#3976 = CLOSED_SHELL('',(#3787,#3815,#3843,#3871,#3891,#3903,#3925,#3947,#3963,#3975));
#3977 = MANIFOLD_SOLID_BREP('',#3976);
#3978 = CARTESIAN_POINT('',(4.125000000000001,0.315,-3.6000000000000005));
#3979 = VERTEX_POINT('',#3978);
#3980 = CARTESIAN_POINT('',(4.125000000000001,0.315,-9.));
#3981 = VERTEX_POINT('',#3980);
#3982 = CARTESIAN_POINT('',(3.4950000000000006,0.315,-9.));
#3983 = VERTEX_POINT('',#3982);
#3984 = CARTESIAN_POINT('',(3.4950000000000006,0.315,-3.6000000000000005));
#3985 = VERTEX_POINT('',#3984);
#3986 = DIRECTION('',(0.,0.,-1.));
#3987 = VECTOR('',#3986,1.);
#3988 = LINE('',#3978,#3987);
#3989 = EDGE_CURVE('',#3979,#3981,#3988,.T.);
#3990 = ORIENTED_EDGE('',*,*,#3989,.T.);
#3991 = DIRECTION('',(1.,0.,0.));
#3992 = VECTOR('',#3991,1.);
#3993 = LINE('',#3982,#3992);
#3994 = EDGE_CURVE('',#3983,#3981,#3993,.T.);
#3995 = ORIENTED_EDGE('',*,*,#3994,.F.);
#3996 = DIRECTION('',(0.,0.,-1.));
#3997 = VECTOR('',#3996,1.);
#3998 = LINE('',#3984,#3997);
#3999 = EDGE_CURVE('',#3985,#3983,#3998,.T.);
#4000 = ORIENTED_EDGE('',*,*,#3999,.F.);
#4001 = DIRECTION('',(1.,0.,0.));
#4002 = VECTOR('',#4001,1.);
#4003 = LINE('',#3984,#4002);
#4004 = EDGE_CURVE('',#3985,#3979,#4003,.T.);
#4005 = ORIENTED_EDGE('',*,*,#4004,.T.);
#4006 = CARTESIAN_POINT('',(4.125000000000001,0.315,-3.6000000000000005));
#4007 = DIRECTION('',(0.,1.,0.));
#4008 = DIRECTION('',(0.,0.,-1.));
#4009 = AXIS2_PLACEMENT_3D('',#4006,#4007,#4008);
#4010 = PLANE('',#4009);
#4011 = EDGE_LOOP('',(#3990,#3995,#4000,#4005));
#4012 = FACE_OUTER_BOUND('',#4011,.T.);
#4013 = ADVANCED_FACE('',(#4012),#4010,.T.);
#4014 = CARTESIAN_POINT('',(3.4950000000000006,-0.315,-9.));
#4015 = VERTEX_POINT('',#4014);
#4016 = CARTESIAN_POINT('',(3.4950000000000006,-0.315,-3.6000000000000005));
#4017 = VERTEX_POINT('',#4016);
#4018 = DIRECTION('',(0.,0.,-1.));
#4019 = VECTOR('',#4018,1.);
#4020 = LINE('',#4016,#4019);
#4021 = EDGE_CURVE('',#4017,#4015,#4020,.T.);
#4022 = ORIENTED_EDGE('',*,*,#4021,.F.);
#4023 = DIRECTION('',(0.,1.,0.));
#4024 = VECTOR('',#4023,1.);
#4025 = LINE('',#4016,#4024);
#4026 = EDGE_CURVE('',#4017,#3985,#4025,.T.);
#4027 = ORIENTED_EDGE('',*,*,#4026,.T.);
#4028 = ORIENTED_EDGE('',*,*,#3999,.T.);
#4029 = DIRECTION('',(0.,1.,0.));
#4030 = VECTOR('',#4029,1.);
#4031 = LINE('',#4014,#4030);
#4032 = EDGE_CURVE('',#4015,#3983,#4031,.T.);
#4033 = ORIENTED_EDGE('',*,*,#4032,.F.);
#4034 = CARTESIAN_POINT('',(3.4950000000000006,-0.315,-9.));
#4035 = DIRECTION('',(-1.,0.,0.));
#4036 = DIRECTION('',(0.,0.,1.));
#4037 = AXIS2_PLACEMENT_3D('',#4034,#4035,#4036);
#4038 = PLANE('',#4037);
#4039 = EDGE_LOOP('',(#4022,#4027,#4028,#4033));
#4040 = FACE_OUTER_BOUND('',#4039,.T.);
#4041 = ADVANCED_FACE('',(#4040),#4038,.T.);
#4042 = CARTESIAN_POINT('',(3.6350000000000007,0.175,-9.6));
#4043 = VERTEX_POINT('',#4042);
#4044 = CARTESIAN_POINT('',(3.6350000000000007,-0.175,-9.6));
#4045 = VERTEX_POINT('',#4044);
#4046 = ORIENTED_EDGE('',*,*,#4032,.T.);
#4047 = DIRECTION('',(0.22158112824152176,-0.22158112824152157,-0.9496334067493776));
#4048 = VECTOR('',#4047,1.);
#4049 = LINE('',#3982,#4048);
#4050 = EDGE_CURVE('',#3983,#4043,#4049,.T.);
#4051 = ORIENTED_EDGE('',*,*,#4050,.T.);
#4052 = DIRECTION('',(0.,1.,0.));
#4053 = VECTOR('',#4052,1.);
#4054 = LINE('',#4044,#4053);
#4055 = EDGE_CURVE('',#4045,#4043,#4054,.T.);
#4056 = ORIENTED_EDGE('',*,*,#4055,.F.);
#4057 = DIRECTION('',(0.22158112824152176,0.22158112824152157,-0.9496334067493776));
#4058 = VECTOR('',#4057,1.);
#4059 = LINE('',#4014,#4058);
#4060 = EDGE_CURVE('',#4015,#4045,#4059,.T.);
#4061 = ORIENTED_EDGE('',*,*,#4060,.F.);
#4062 = CARTESIAN_POINT('',(3.4950000000000006,-0.315,-9.));
#4063 = DIRECTION('',(-0.9738412097417934,0.,-0.22722961560641813));
#4064 = DIRECTION('',(0.,1.,0.));
#4065 = AXIS2_PLACEMENT_3D('',#4062,#4063,#4064);
#4066 = PLANE('',#4065);
#4067 = EDGE_LOOP('',(#4046,#4051,#4056,#4061));
#4068 = FACE_OUTER_BOUND('',#4067,.T.);
#4069 = ADVANCED_FACE('',(#4068),#4066,.T.);
#4070 = CARTESIAN_POINT('',(3.9850000000000003,0.175,-9.6));
#4071 = VERTEX_POINT('',#4070);
#4072 = DIRECTION('',(1.,0.,0.));
#4073 = VECTOR('',#4072,1.);
#4074 = LINE('',#4042,#4073);
#4075 = EDGE_CURVE('',#4043,#4071,#4074,.T.);
#4076 = ORIENTED_EDGE('',*,*,#4075,.F.);
#4077 = ORIENTED_EDGE('',*,*,#4050,.F.);
#4078 = ORIENTED_EDGE('',*,*,#3994,.T.);
#4079 = DIRECTION('',(0.22158112824152243,0.22158112824152154,0.9496334067493774));
#4080 = VECTOR('',#4079,1.);
#4081 = LINE('',#4070,#4080);
#4082 = EDGE_CURVE('',#4071,#3981,#4081,.T.);
#4083 = ORIENTED_EDGE('',*,*,#4082,.F.);
#4084 = CARTESIAN_POINT('',(3.9850000000000003,0.175,-9.6));
#4085 = DIRECTION('',(0.,0.9738412097417931,-0.22722961560641836));
#4086 = DIRECTION('',(-1.,0.,0.));
#4087 = AXIS2_PLACEMENT_3D('',#4084,#4085,#4086);
#4088 = PLANE('',#4087);
#4089 = EDGE_LOOP('',(#4076,#4077,#4078,#4083));
#4090 = FACE_OUTER_BOUND('',#4089,.T.);
#4091 = ADVANCED_FACE('',(#4090),#4088,.T.);
#4092 = CARTESIAN_POINT('',(4.125000000000001,-0.315,-3.6000000000000005));
#4093 = VERTEX_POINT('',#4092);
#4094 = DIRECTION('',(0.,1.,0.));
#4095 = VECTOR('',#4094,1.);
#4096 = LINE('',#4092,#4095);
#4097 = EDGE_CURVE('',#4093,#3979,#4096,.T.);
#4098 = ORIENTED_EDGE('',*,*,#4097,.T.);
#4099 = ORIENTED_EDGE('',*,*,#4004,.F.);
#4100 = ORIENTED_EDGE('',*,*,#4026,.F.);
#4101 = DIRECTION('',(1.,0.,0.));
#4102 = VECTOR('',#4101,1.);
#4103 = LINE('',#4016,#4102);
#4104 = EDGE_CURVE('',#4017,#4093,#4103,.T.);
#4105 = ORIENTED_EDGE('',*,*,#4104,.T.);
#4106 = CARTESIAN_POINT('',(4.125000000000001,-0.315,-3.6000000000000005));
#4107 = DIRECTION('',(0.,0.,1.));
#4108 = DIRECTION('',(0.,1.,0.));
#4109 = AXIS2_PLACEMENT_3D('',#4106,#4107,#4108);
#4110 = PLANE('',#4109);
#4111 = EDGE_LOOP('',(#4098,#4099,#4100,#4105));
#4112 = FACE_OUTER_BOUND('',#4111,.T.);
#4113 = ADVANCED_FACE('',(#4112),#4110,.T.);
#4114 = CARTESIAN_POINT('',(4.125000000000001,-0.315,-9.));
#4115 = VERTEX_POINT('',#4114);
#4116 = DIRECTION('',(0.,1.,0.));
#4117 = VECTOR('',#4116,1.);
#4118 = LINE('',#4114,#4117);
#4119 = EDGE_CURVE('',#4115,#3981,#4118,.T.);
#4120 = ORIENTED_EDGE('',*,*,#4119,.T.);
#4121 = ORIENTED_EDGE('',*,*,#3989,.F.);
#4122 = ORIENTED_EDGE('',*,*,#4097,.F.);
#4123 = DIRECTION('',(0.,0.,-1.));
#4124 = VECTOR('',#4123,1.);
#4125 = LINE('',#4092,#4124);
#4126 = EDGE_CURVE('',#4093,#4115,#4125,.T.);
#4127 = ORIENTED_EDGE('',*,*,#4126,.T.);
#4128 = CARTESIAN_POINT('',(4.125000000000001,-0.315,-9.));
#4129 = DIRECTION('',(1.,0.,0.));
#4130 = DIRECTION('',(0.,1.,0.));
#4131 = AXIS2_PLACEMENT_3D('',#4128,#4129,#4130);
#4132 = PLANE('',#4131);
#4133 = EDGE_LOOP('',(#4120,#4121,#4122,#4127));
#4134 = FACE_OUTER_BOUND('',#4133,.T.);
#4135 = ADVANCED_FACE('',(#4134),#4132,.T.);
#4136 = ORIENTED_EDGE('',*,*,#4126,.F.);
#4137 = ORIENTED_EDGE('',*,*,#4104,.F.);
#4138 = ORIENTED_EDGE('',*,*,#4021,.T.);
#4139 = DIRECTION('',(1.,0.,0.));
#4140 = VECTOR('',#4139,1.);
#4141 = LINE('',#4014,#4140);
#4142 = EDGE_CURVE('',#4015,#4115,#4141,.T.);
#4143 = ORIENTED_EDGE('',*,*,#4142,.T.);
#4144 = CARTESIAN_POINT('',(4.125000000000001,-0.315,-9.));
#4145 = DIRECTION('',(0.,-1.,0.));
#4146 = DIRECTION('',(0.,0.,1.));
#4147 = AXIS2_PLACEMENT_3D('',#4144,#4145,#4146);
#4148 = PLANE('',#4147);
#4149 = EDGE_LOOP('',(#4136,#4137,#4138,#4143));
#4150 = FACE_OUTER_BOUND('',#4149,.T.);
#4151 = ADVANCED_FACE('',(#4150),#4148,.T.);
#4152 = CARTESIAN_POINT('',(3.9850000000000003,-0.175,-9.6));
#4153 = VERTEX_POINT('',#4152);
#4154 = DIRECTION('',(0.,1.,0.));
#4155 = VECTOR('',#4154,1.);
#4156 = LINE('',#4152,#4155);
#4157 = EDGE_CURVE('',#4153,#4071,#4156,.T.);
#4158 = ORIENTED_EDGE('',*,*,#4157,.T.);
#4159 = ORIENTED_EDGE('',*,*,#4082,.T.);
#4160 = ORIENTED_EDGE('',*,*,#4119,.F.);
#4161 = DIRECTION('',(0.22158112824152243,-0.22158112824152154,0.9496334067493774));
#4162 = VECTOR('',#4161,1.);
#4163 = LINE('',#4152,#4162);
#4164 = EDGE_CURVE('',#4153,#4115,#4163,.T.);
#4165 = ORIENTED_EDGE('',*,*,#4164,.F.);
#4166 = CARTESIAN_POINT('',(3.9850000000000003,-0.175,-9.6));
#4167 = DIRECTION('',(0.9738412097417932,0.,-0.2272296156064191));
#4168 = DIRECTION('',(0.,1.,0.));
#4169 = AXIS2_PLACEMENT_3D('',#4166,#4167,#4168);
#4170 = PLANE('',#4169);
#4171 = EDGE_LOOP('',(#4158,#4159,#4160,#4165));
#4172 = FACE_OUTER_BOUND('',#4171,.T.);
#4173 = ADVANCED_FACE('',(#4172),#4170,.T.);
#4174 = ORIENTED_EDGE('',*,*,#4164,.T.);
#4175 = ORIENTED_EDGE('',*,*,#4142,.F.);
#4176 = ORIENTED_EDGE('',*,*,#4060,.T.);
#4177 = DIRECTION('',(1.,0.,0.));
#4178 = VECTOR('',#4177,1.);
#4179 = LINE('',#4044,#4178);
#4180 = EDGE_CURVE('',#4045,#4153,#4179,.T.);
#4181 = ORIENTED_EDGE('',*,*,#4180,.T.);
#4182 = CARTESIAN_POINT('',(3.9850000000000003,-0.175,-9.6));
#4183 = DIRECTION('',(0.,-0.9738412097417931,-0.22722961560641836));
#4184 = DIRECTION('',(0.22158112824152243,-0.22158112824152154,0.9496334067493774));
#4185 = AXIS2_PLACEMENT_3D('',#4182,#4183,#4184);
#4186 = PLANE('',#4185);
#4187 = EDGE_LOOP('',(#4174,#4175,#4176,#4181));
#4188 = FACE_OUTER_BOUND('',#4187,.T.);
#4189 = ADVANCED_FACE('',(#4188),#4186,.T.);
#4190 = ORIENTED_EDGE('',*,*,#4180,.F.);
#4191 = ORIENTED_EDGE('',*,*,#4055,.T.);
#4192 = ORIENTED_EDGE('',*,*,#4075,.T.);
#4193 = ORIENTED_EDGE('',*,*,#4157,.F.);
#4194 = CARTESIAN_POINT('',(3.9850000000000003,-0.175,-9.6));
#4195 = DIRECTION('',(0.,0.,-1.));
#4196 = DIRECTION('',(-1.,0.,0.));
#4197 = AXIS2_PLACEMENT_3D('',#4194,#4195,#4196);
#4198 = PLANE('',#4197);
#4199 = EDGE_LOOP('',(#4190,#4191,#4192,#4193));
#4200 = FACE_OUTER_BOUND('',#4199,.T.);
#4201 = ADVANCED_FACE('',(#4200),#4198,.T.);
#4202 = CLOSED_SHELL('',(#4013,#4041,#4069,#4091,#4113,#4135,#4151,#4173,#4189,#4201));
#4203 = MANIFOLD_SOLID_BREP('',#4202);
#4204 = CARTESIAN_POINT('',(5.080000000000002,-1.27,-3.6));
#4205 = VERTEX_POINT('',#4204);
#4206 = CARTESIAN_POINT('',(5.080000000000002,-1.27,-1.6));
#4207 = VERTEX_POINT('',#4206);
#4208 = CARTESIAN_POINT('',(5.080000000000002,1.27,-1.6));
#4209 = VERTEX_POINT('',#4208);
#4210 = CARTESIAN_POINT('',(5.080000000000002,1.27,-3.6));
#4211 = VERTEX_POINT('',#4210);
#4212 = DIRECTION('',(0.,0.,-1.));
#4213 = VECTOR('',#4212,1.);
#4214 = LINE('',#4206,#4213);
#4215 = EDGE_CURVE('',#4207,#4205,#4214,.T.);
#4216 = ORIENTED_EDGE('',*,*,#4215,.F.);
#4217 = DIRECTION('',(0.,1.,0.));
#4218 = VECTOR('',#4217,1.);
#4219 = LINE('',#4206,#4218);
#4220 = EDGE_CURVE('',#4207,#4209,#4219,.T.);
#4221 = ORIENTED_EDGE('',*,*,#4220,.T.);
#4222 = DIRECTION('',(0.,0.,-1.));
#4223 = VECTOR('',#4222,1.);
#4224 = LINE('',#4208,#4223);
#4225 = EDGE_CURVE('',#4209,#4211,#4224,.T.);
#4226 = ORIENTED_EDGE('',*,*,#4225,.T.);
#4227 = DIRECTION('',(0.,1.,0.));
#4228 = VECTOR('',#4227,1.);
#4229 = LINE('',#4204,#4228);
#4230 = EDGE_CURVE('',#4205,#4211,#4229,.T.);
#4231 = ORIENTED_EDGE('',*,*,#4230,.F.);
#4232 = CARTESIAN_POINT('',(5.080000000000002,-1.27,-3.6));
#4233 = DIRECTION('',(-1.,0.,0.));
#4234 = DIRECTION('',(0.,0.,1.));
#4235 = AXIS2_PLACEMENT_3D('',#4232,#4233,#4234);
#4236 = PLANE('',#4235);
#4237 = EDGE_LOOP('',(#4216,#4221,#4226,#4231));
#4238 = FACE_OUTER_BOUND('',#4237,.T.);
#4239 = ADVANCED_FACE('',(#4238),#4236,.T.);
#4240 = CARTESIAN_POINT('',(7.620000000000001,-1.27,-3.6));
#4241 = VERTEX_POINT('',#4240);
#4242 = CARTESIAN_POINT('',(7.620000000000001,1.27,-3.6));
#4243 = VERTEX_POINT('',#4242);
#4244 = CARTESIAN_POINT('',(7.620000000000001,1.27,-1.6));
#4245 = VERTEX_POINT('',#4244);
#4246 = CARTESIAN_POINT('',(7.620000000000001,-1.27,-1.6));
#4247 = VERTEX_POINT('',#4246);
#4248 = DIRECTION('',(0.,1.,0.));
#4249 = VECTOR('',#4248,1.);
#4250 = LINE('',#4240,#4249);
#4251 = EDGE_CURVE('',#4241,#4243,#4250,.T.);
#4252 = ORIENTED_EDGE('',*,*,#4251,.T.);
#4253 = DIRECTION('',(0.,0.,-1.));
#4254 = VECTOR('',#4253,1.);
#4255 = LINE('',#4244,#4254);
#4256 = EDGE_CURVE('',#4245,#4243,#4255,.T.);
#4257 = ORIENTED_EDGE('',*,*,#4256,.F.);
#4258 = DIRECTION('',(0.,1.,0.));
#4259 = VECTOR('',#4258,1.);
#4260 = LINE('',#4246,#4259);
#4261 = EDGE_CURVE('',#4247,#4245,#4260,.T.);
#4262 = ORIENTED_EDGE('',*,*,#4261,.F.);
#4263 = DIRECTION('',(0.,0.,-1.));
#4264 = VECTOR('',#4263,1.);
#4265 = LINE('',#4246,#4264);
#4266 = EDGE_CURVE('',#4247,#4241,#4265,.T.);
#4267 = ORIENTED_EDGE('',*,*,#4266,.T.);
#4268 = CARTESIAN_POINT('',(7.620000000000001,-1.27,-3.6));
#4269 = DIRECTION('',(1.,0.,0.));
#4270 = DIRECTION('',(0.,1.,0.));
#4271 = AXIS2_PLACEMENT_3D('',#4268,#4269,#4270);
#4272 = PLANE('',#4271);
#4273 = EDGE_LOOP('',(#4252,#4257,#4262,#4267));
#4274 = FACE_OUTER_BOUND('',#4273,.T.);
#4275 = ADVANCED_FACE('',(#4274),#4272,.T.);
#4276 = DIRECTION('',(1.,0.,0.));
#4277 = VECTOR('',#4276,1.);
#4278 = LINE('',#4204,#4277);
#4279 = EDGE_CURVE('',#4205,#4241,#4278,.T.);
#4280 = ORIENTED_EDGE('',*,*,#4279,.T.);
#4281 = ORIENTED_EDGE('',*,*,#4266,.F.);
#4282 = DIRECTION('',(1.,0.,0.));
#4283 = VECTOR('',#4282,1.);
#4284 = LINE('',#4206,#4283);
#4285 = EDGE_CURVE('',#4207,#4247,#4284,.T.);
#4286 = ORIENTED_EDGE('',*,*,#4285,.F.);
#4287 = ORIENTED_EDGE('',*,*,#4215,.T.);
#4288 = CARTESIAN_POINT('',(5.080000000000002,-1.27,-3.6));
#4289 = DIRECTION('',(0.,-1.,0.));
#4290 = DIRECTION('',(1.,0.,0.));
#4291 = AXIS2_PLACEMENT_3D('',#4288,#4289,#4290);
#4292 = PLANE('',#4291);
#4293 = EDGE_LOOP('',(#4280,#4281,#4286,#4287));
#4294 = FACE_OUTER_BOUND('',#4293,.T.);
#4295 = ADVANCED_FACE('',(#4294),#4292,.T.);
#4296 = ORIENTED_EDGE('',*,*,#4225,.F.);
#4297 = DIRECTION('',(1.,0.,0.));
#4298 = VECTOR('',#4297,1.);
#4299 = LINE('',#4208,#4298);
#4300 = EDGE_CURVE('',#4209,#4245,#4299,.T.);
#4301 = ORIENTED_EDGE('',*,*,#4300,.T.);
#4302 = ORIENTED_EDGE('',*,*,#4256,.T.);
#4303 = DIRECTION('',(1.,0.,0.));
#4304 = VECTOR('',#4303,1.);
#4305 = LINE('',#4210,#4304);
#4306 = EDGE_CURVE('',#4211,#4243,#4305,.T.);
#4307 = ORIENTED_EDGE('',*,*,#4306,.F.);
#4308 = CARTESIAN_POINT('',(5.080000000000002,1.27,-3.6));
#4309 = DIRECTION('',(0.,1.,0.));
#4310 = DIRECTION('',(0.,0.,1.));
#4311 = AXIS2_PLACEMENT_3D('',#4308,#4309,#4310);
#4312 = PLANE('',#4311);
#4313 = EDGE_LOOP('',(#4296,#4301,#4302,#4307));
#4314 = FACE_OUTER_BOUND('',#4313,.T.);
#4315 = ADVANCED_FACE('',(#4314),#4312,.T.);
#4316 = ORIENTED_EDGE('',*,*,#4230,.T.);
#4317 = ORIENTED_EDGE('',*,*,#4306,.T.);
#4318 = ORIENTED_EDGE('',*,*,#4251,.F.);
#4319 = ORIENTED_EDGE('',*,*,#4279,.F.);
#4320 = CARTESIAN_POINT('',(5.080000000000002,-1.27,-3.6));
#4321 = DIRECTION('',(0.,0.,-1.));
#4322 = DIRECTION('',(0.,1.,0.));
#4323 = AXIS2_PLACEMENT_3D('',#4320,#4321,#4322);
#4324 = PLANE('',#4323);
#4325 = EDGE_LOOP('',(#4316,#4317,#4318,#4319));
#4326 = FACE_OUTER_BOUND('',#4325,.T.);
#4327 = ADVANCED_FACE('',(#4326),#4324,.T.);
#4328 = ORIENTED_EDGE('',*,*,#4285,.T.);
#4329 = ORIENTED_EDGE('',*,*,#4261,.T.);
#4330 = ORIENTED_EDGE('',*,*,#4300,.F.);
#4331 = ORIENTED_EDGE('',*,*,#4220,.F.);
#4332 = CARTESIAN_POINT('',(5.080000000000002,-1.27,-1.6));
#4333 = DIRECTION('',(0.,0.,1.));
#4334 = DIRECTION('',(1.,0.,0.));
#4335 = AXIS2_PLACEMENT_3D('',#4332,#4333,#4334);
#4336 = PLANE('',#4335);
#4337 = EDGE_LOOP('',(#4328,#4329,#4330,#4331));
#4338 = FACE_OUTER_BOUND('',#4337,.T.);
#4339 = ADVANCED_FACE('',(#4338),#4336,.T.);
#4340 = CLOSED_SHELL('',(#4239,#4275,#4295,#4315,#4327,#4339));
#4341 = MANIFOLD_SOLID_BREP('',#4340);
#4342 = COLOUR_RGB('',0.13333333333333333,0.13333333333333333,0.13333333333333333);
#4343 = FILL_AREA_STYLE_COLOUR('',#4342);
#4344 = FILL_AREA_STYLE('',(#4343));
#4345 = SURFACE_STYLE_FILL_AREA(#4344);
#4346 = SURFACE_SIDE_STYLE('',(#4345));
#4347 = SURFACE_STYLE_USAGE(.BOTH.,#4346);
#4348 = PRESENTATION_STYLE_ASSIGNMENT((#4347));
#4349 = STYLED_ITEM('',(#4348),#4341);
#4350 = CARTESIAN_POINT('',(6.665000000000002,-0.315,0.5499999999999998));
#4351 = VERTEX_POINT('',#4350);
#4352 = CARTESIAN_POINT('',(6.035000000000001,-0.315,0.5499999999999998));
#4353 = VERTEX_POINT('',#4352);
#4354 = CARTESIAN_POINT('',(6.035000000000001,-0.315,-2.1500000000000004));
#4355 = VERTEX_POINT('',#4354);
#4356 = CARTESIAN_POINT('',(6.665000000000002,-0.315,-2.1500000000000004));
#4357 = VERTEX_POINT('',#4356);
#4358 = DIRECTION('',(1.,0.,0.));
#4359 = VECTOR('',#4358,1.);
#4360 = LINE('',#4352,#4359);
#4361 = EDGE_CURVE('',#4353,#4351,#4360,.T.);
#4362 = ORIENTED_EDGE('',*,*,#4361,.F.);
#4363 = DIRECTION('',(0.,0.,1.));
#4364 = VECTOR('',#4363,1.);
#4365 = LINE('',#4354,#4364);
#4366 = EDGE_CURVE('',#4355,#4353,#4365,.T.);
#4367 = ORIENTED_EDGE('',*,*,#4366,.F.);
#4368 = DIRECTION('',(1.,0.,0.));
#4369 = VECTOR('',#4368,1.);
#4370 = LINE('',#4354,#4369);
#4371 = EDGE_CURVE('',#4355,#4357,#4370,.T.);
#4372 = ORIENTED_EDGE('',*,*,#4371,.T.);
#4373 = DIRECTION('',(0.,0.,1.));
#4374 = VECTOR('',#4373,1.);
#4375 = LINE('',#4356,#4374);
#4376 = EDGE_CURVE('',#4357,#4351,#4375,.T.);
#4377 = ORIENTED_EDGE('',*,*,#4376,.T.);
#4378 = CARTESIAN_POINT('',(6.665000000000002,-0.315,0.5499999999999998));
#4379 = DIRECTION('',(0.,-1.,0.));
#4380 = DIRECTION('',(-1.,0.,0.));
#4381 = AXIS2_PLACEMENT_3D('',#4378,#4379,#4380);
#4382 = PLANE('',#4381);
#4383 = EDGE_LOOP('',(#4362,#4367,#4372,#4377));
#4384 = FACE_OUTER_BOUND('',#4383,.T.);
#4385 = ADVANCED_FACE('',(#4384),#4382,.T.);
#4386 = CARTESIAN_POINT('',(6.035000000000001,0.315,-2.1500000000000004));
#4387 = VERTEX_POINT('',#4386);
#4388 = CARTESIAN_POINT('',(6.035000000000001,0.315,0.5499999999999998));
#4389 = VERTEX_POINT('',#4388);
#4390 = DIRECTION('',(0.,1.,0.));
#4391 = VECTOR('',#4390,1.);
#4392 = LINE('',#4354,#4391);
#4393 = EDGE_CURVE('',#4355,#4387,#4392,.T.);
#4394 = ORIENTED_EDGE('',*,*,#4393,.F.);
#4395 = ORIENTED_EDGE('',*,*,#4366,.T.);
#4396 = DIRECTION('',(0.,1.,0.));
#4397 = VECTOR('',#4396,1.);
#4398 = LINE('',#4352,#4397);
#4399 = EDGE_CURVE('',#4353,#4389,#4398,.T.);
#4400 = ORIENTED_EDGE('',*,*,#4399,.T.);
#4401 = DIRECTION('',(0.,0.,1.));
#4402 = VECTOR('',#4401,1.);
#4403 = LINE('',#4386,#4402);
#4404 = EDGE_CURVE('',#4387,#4389,#4403,.T.);
#4405 = ORIENTED_EDGE('',*,*,#4404,.F.);
#4406 = CARTESIAN_POINT('',(6.035000000000001,0.315,-2.1500000000000004));
#4407 = DIRECTION('',(-1.,0.,0.));
#4408 = DIRECTION('',(0.,-1.,0.));
#4409 = AXIS2_PLACEMENT_3D('',#4406,#4407,#4408);
#4410 = PLANE('',#4409);
#4411 = EDGE_LOOP('',(#4394,#4395,#4400,#4405));
#4412 = FACE_OUTER_BOUND('',#4411,.T.);
#4413 = ADVANCED_FACE('',(#4412),#4410,.T.);
#4414 = CARTESIAN_POINT('',(6.665000000000002,0.315,-2.1500000000000004));
#4415 = VERTEX_POINT('',#4414);
#4416 = DIRECTION('',(1.,0.,0.));
#4417 = VECTOR('',#4416,1.);
#4418 = LINE('',#4386,#4417);
#4419 = EDGE_CURVE('',#4387,#4415,#4418,.T.);
#4420 = ORIENTED_EDGE('',*,*,#4419,.T.);
#4421 = DIRECTION('',(0.,1.,0.));
#4422 = VECTOR('',#4421,1.);
#4423 = LINE('',#4356,#4422);
#4424 = EDGE_CURVE('',#4357,#4415,#4423,.T.);
#4425 = ORIENTED_EDGE('',*,*,#4424,.F.);
#4426 = ORIENTED_EDGE('',*,*,#4371,.F.);
#4427 = ORIENTED_EDGE('',*,*,#4393,.T.);
#4428 = CARTESIAN_POINT('',(6.035000000000001,0.315,-2.1500000000000004));
#4429 = DIRECTION('',(0.,0.,-1.));
#4430 = DIRECTION('',(1.,0.,0.));
#4431 = AXIS2_PLACEMENT_3D('',#4428,#4429,#4430);
#4432 = PLANE('',#4431);
#4433 = EDGE_LOOP('',(#4420,#4425,#4426,#4427));
#4434 = FACE_OUTER_BOUND('',#4433,.T.);
#4435 = ADVANCED_FACE('',(#4434),#4432,.T.);
#4436 = CARTESIAN_POINT('',(6.525000000000001,-0.175,0.8999999999999999));
#4437 = VERTEX_POINT('',#4436);
#4438 = CARTESIAN_POINT('',(6.175000000000002,-0.175,0.8999999999999999));
#4439 = VERTEX_POINT('',#4438);
#4440 = DIRECTION('',(1.,0.,0.));
#4441 = VECTOR('',#4440,1.);
#4442 = LINE('',#4438,#4441);
#4443 = EDGE_CURVE('',#4439,#4437,#4442,.T.);
#4444 = ORIENTED_EDGE('',*,*,#4443,.F.);
#4445 = DIRECTION('',(0.3481553119113968,0.3481553119113954,0.8703882797784888));
#4446 = VECTOR('',#4445,1.);
#4447 = LINE('',#4352,#4446);
#4448 = EDGE_CURVE('',#4353,#4439,#4447,.T.);
#4449 = ORIENTED_EDGE('',*,*,#4448,.F.);
#4450 = ORIENTED_EDGE('',*,*,#4361,.T.);
#4451 = DIRECTION('',(0.3481553119113968,-0.3481553119113954,-0.8703882797784888));
#4452 = VECTOR('',#4451,1.);
#4453 = LINE('',#4436,#4452);
#4454 = EDGE_CURVE('',#4437,#4351,#4453,.T.);
#4455 = ORIENTED_EDGE('',*,*,#4454,.F.);
#4456 = CARTESIAN_POINT('',(6.525000000000001,-0.175,0.8999999999999999));
#4457 = DIRECTION('',(0.,-0.9284766908852591,0.3713906763541038));
#4458 = DIRECTION('',(-1.,0.,0.));
#4459 = AXIS2_PLACEMENT_3D('',#4456,#4457,#4458);
#4460 = PLANE('',#4459);
#4461 = EDGE_LOOP('',(#4444,#4449,#4450,#4455));
#4462 = FACE_OUTER_BOUND('',#4461,.T.);
#4463 = ADVANCED_FACE('',(#4462),#4460,.T.);
#4464 = CARTESIAN_POINT('',(6.665000000000002,0.315,0.5499999999999998));
#4465 = VERTEX_POINT('',#4464);
#4466 = DIRECTION('',(0.,0.,1.));
#4467 = VECTOR('',#4466,1.);
#4468 = LINE('',#4414,#4467);
#4469 = EDGE_CURVE('',#4415,#4465,#4468,.T.);
#4470 = ORIENTED_EDGE('',*,*,#4469,.F.);
#4471 = ORIENTED_EDGE('',*,*,#4419,.F.);
#4472 = ORIENTED_EDGE('',*,*,#4404,.T.);
#4473 = DIRECTION('',(1.,0.,0.));
#4474 = VECTOR('',#4473,1.);
#4475 = LINE('',#4388,#4474);
#4476 = EDGE_CURVE('',#4389,#4465,#4475,.T.);
#4477 = ORIENTED_EDGE('',*,*,#4476,.T.);
#4478 = CARTESIAN_POINT('',(6.665000000000002,0.315,0.5499999999999998));
#4479 = DIRECTION('',(0.,1.,0.));
#4480 = DIRECTION('',(0.,0.,-1.));
#4481 = AXIS2_PLACEMENT_3D('',#4478,#4479,#4480);
#4482 = PLANE('',#4481);
#4483 = EDGE_LOOP('',(#4470,#4471,#4472,#4477));
#4484 = FACE_OUTER_BOUND('',#4483,.T.);
#4485 = ADVANCED_FACE('',(#4484),#4482,.T.);
#4486 = CARTESIAN_POINT('',(6.525000000000001,0.175,0.8999999999999999));
#4487 = VERTEX_POINT('',#4486);
#4488 = DIRECTION('',(0.3481553119113968,0.3481553119113954,-0.8703882797784888));
#4489 = VECTOR('',#4488,1.);
#4490 = LINE('',#4486,#4489);
#4491 = EDGE_CURVE('',#4487,#4465,#4490,.T.);
#4492 = ORIENTED_EDGE('',*,*,#4491,.F.);
#4493 = DIRECTION('',(0.,1.,0.));
#4494 = VECTOR('',#4493,1.);
#4495 = LINE('',#4436,#4494);
#4496 = EDGE_CURVE('',#4437,#4487,#4495,.T.);
#4497 = ORIENTED_EDGE('',*,*,#4496,.F.);
#4498 = ORIENTED_EDGE('',*,*,#4454,.T.);
#4499 = DIRECTION('',(0.,1.,0.));
#4500 = VECTOR('',#4499,1.);
#4501 = LINE('',#4350,#4500);
#4502 = EDGE_CURVE('',#4351,#4465,#4501,.T.);
#4503 = ORIENTED_EDGE('',*,*,#4502,.T.);
#4504 = CARTESIAN_POINT('',(6.665000000000002,0.315,0.5499999999999998));
#4505 = DIRECTION('',(0.9284766908852589,0.,0.37139067635410494));
#4506 = DIRECTION('',(-0.3481553119113968,-0.3481553119113954,0.8703882797784888));
#4507 = AXIS2_PLACEMENT_3D('',#4504,#4505,#4506);
#4508 = PLANE('',#4507);
#4509 = EDGE_LOOP('',(#4492,#4497,#4498,#4503));
#4510 = FACE_OUTER_BOUND('',#4509,.T.);
#4511 = ADVANCED_FACE('',(#4510),#4508,.T.);
#4512 = ORIENTED_EDGE('',*,*,#4502,.F.);
#4513 = ORIENTED_EDGE('',*,*,#4376,.F.);
#4514 = ORIENTED_EDGE('',*,*,#4424,.T.);
#4515 = ORIENTED_EDGE('',*,*,#4469,.T.);
#4516 = CARTESIAN_POINT('',(6.665000000000002,0.315,0.5499999999999998));
#4517 = DIRECTION('',(1.,0.,0.));
#4518 = DIRECTION('',(0.,-1.,0.));
#4519 = AXIS2_PLACEMENT_3D('',#4516,#4517,#4518);
#4520 = PLANE('',#4519);
#4521 = EDGE_LOOP('',(#4512,#4513,#4514,#4515));
#4522 = FACE_OUTER_BOUND('',#4521,.T.);
#4523 = ADVANCED_FACE('',(#4522),#4520,.T.);
#4524 = CARTESIAN_POINT('',(6.175000000000002,0.175,0.8999999999999999));
#4525 = VERTEX_POINT('',#4524);
#4526 = DIRECTION('',(0.,1.,0.));
#4527 = VECTOR('',#4526,1.);
#4528 = LINE('',#4438,#4527);
#4529 = EDGE_CURVE('',#4439,#4525,#4528,.T.);
#4530 = ORIENTED_EDGE('',*,*,#4529,.F.);
#4531 = ORIENTED_EDGE('',*,*,#4443,.T.);
#4532 = ORIENTED_EDGE('',*,*,#4496,.T.);
#4533 = DIRECTION('',(1.,0.,0.));
#4534 = VECTOR('',#4533,1.);
#4535 = LINE('',#4524,#4534);
#4536 = EDGE_CURVE('',#4525,#4487,#4535,.T.);
#4537 = ORIENTED_EDGE('',*,*,#4536,.F.);
#4538 = CARTESIAN_POINT('',(6.175000000000002,0.175,0.8999999999999999));
#4539 = DIRECTION('',(0.,0.,1.));
#4540 = DIRECTION('',(0.,-1.,0.));
#4541 = AXIS2_PLACEMENT_3D('',#4538,#4539,#4540);
#4542 = PLANE('',#4541);
#4543 = EDGE_LOOP('',(#4530,#4531,#4532,#4537));
#4544 = FACE_OUTER_BOUND('',#4543,.T.);
#4545 = ADVANCED_FACE('',(#4544),#4542,.T.);
#4546 = ORIENTED_EDGE('',*,*,#4536,.T.);
#4547 = ORIENTED_EDGE('',*,*,#4491,.T.);
#4548 = ORIENTED_EDGE('',*,*,#4476,.F.);
#4549 = DIRECTION('',(0.3481553119113968,-0.3481553119113954,0.8703882797784888));
#4550 = VECTOR('',#4549,1.);
#4551 = LINE('',#4388,#4550);
#4552 = EDGE_CURVE('',#4389,#4525,#4551,.T.);
#4553 = ORIENTED_EDGE('',*,*,#4552,.T.);
#4554 = CARTESIAN_POINT('',(6.175000000000002,0.175,0.8999999999999999));
#4555 = DIRECTION('',(0.,0.9284766908852591,0.3713906763541038));
#4556 = DIRECTION('',(1.,0.,0.));
#4557 = AXIS2_PLACEMENT_3D('',#4554,#4555,#4556);
#4558 = PLANE('',#4557);
#4559 = EDGE_LOOP('',(#4546,#4547,#4548,#4553));
#4560 = FACE_OUTER_BOUND('',#4559,.T.);
#4561 = ADVANCED_FACE('',(#4560),#4558,.T.);
#4562 = ORIENTED_EDGE('',*,*,#4552,.F.);
#4563 = ORIENTED_EDGE('',*,*,#4399,.F.);
#4564 = ORIENTED_EDGE('',*,*,#4448,.T.);
#4565 = ORIENTED_EDGE('',*,*,#4529,.T.);
#4566 = CARTESIAN_POINT('',(6.175000000000002,0.175,0.8999999999999999));
#4567 = DIRECTION('',(-0.9284766908852589,0.,0.37139067635410494));
#4568 = DIRECTION('',(-0.3481553119113968,0.3481553119113954,-0.8703882797784888));
#4569 = AXIS2_PLACEMENT_3D('',#4566,#4567,#4568);
#4570 = PLANE('',#4569);
#4571 = EDGE_LOOP('',(#4562,#4563,#4564,#4565));
#4572 = FACE_OUTER_BOUND('',#4571,.T.);
#4573 = ADVANCED_FACE('',(#4572),#4570,.T.);
#4574 = CLOSED_SHELL('',(#4385,#4413,#4435,#4463,#4485,#4511,#4523,#4545,#4561,#4573));
#4575 = MANIFOLD_SOLID_BREP('',#4574);
#4576 = CARTESIAN_POINT('',(6.665000000000002,0.315,-3.6000000000000005));
#4577 = VERTEX_POINT('',#4576);
#4578 = CARTESIAN_POINT('',(6.665000000000002,0.315,-9.));
#4579 = VERTEX_POINT('',#4578);
#4580 = CARTESIAN_POINT('',(6.035000000000001,0.315,-9.));
#4581 = VERTEX_POINT('',#4580);
#4582 = CARTESIAN_POINT('',(6.035000000000001,0.315,-3.6000000000000005));
#4583 = VERTEX_POINT('',#4582);
#4584 = DIRECTION('',(0.,0.,-1.));
#4585 = VECTOR('',#4584,1.);
#4586 = LINE('',#4576,#4585);
#4587 = EDGE_CURVE('',#4577,#4579,#4586,.T.);
#4588 = ORIENTED_EDGE('',*,*,#4587,.T.);
#4589 = DIRECTION('',(1.,0.,0.));
#4590 = VECTOR('',#4589,1.);
#4591 = LINE('',#4580,#4590);
#4592 = EDGE_CURVE('',#4581,#4579,#4591,.T.);
#4593 = ORIENTED_EDGE('',*,*,#4592,.F.);
#4594 = DIRECTION('',(0.,0.,-1.));
#4595 = VECTOR('',#4594,1.);
#4596 = LINE('',#4582,#4595);
#4597 = EDGE_CURVE('',#4583,#4581,#4596,.T.);
#4598 = ORIENTED_EDGE('',*,*,#4597,.F.);
#4599 = DIRECTION('',(1.,0.,0.));
#4600 = VECTOR('',#4599,1.);
#4601 = LINE('',#4582,#4600);
#4602 = EDGE_CURVE('',#4583,#4577,#4601,.T.);
#4603 = ORIENTED_EDGE('',*,*,#4602,.T.);
#4604 = CARTESIAN_POINT('',(6.665000000000002,0.315,-3.6000000000000005));
#4605 = DIRECTION('',(0.,1.,0.));
#4606 = DIRECTION('',(0.,0.,-1.));
#4607 = AXIS2_PLACEMENT_3D('',#4604,#4605,#4606);
#4608 = PLANE('',#4607);
#4609 = EDGE_LOOP('',(#4588,#4593,#4598,#4603));
#4610 = FACE_OUTER_BOUND('',#4609,.T.);
#4611 = ADVANCED_FACE('',(#4610),#4608,.T.);
#4612 = CARTESIAN_POINT('',(6.035000000000001,-0.315,-9.));
#4613 = VERTEX_POINT('',#4612);
#4614 = CARTESIAN_POINT('',(6.035000000000001,-0.315,-3.6000000000000005));
#4615 = VERTEX_POINT('',#4614);
#4616 = DIRECTION('',(0.,0.,-1.));
#4617 = VECTOR('',#4616,1.);
#4618 = LINE('',#4614,#4617);
#4619 = EDGE_CURVE('',#4615,#4613,#4618,.T.);
#4620 = ORIENTED_EDGE('',*,*,#4619,.F.);
#4621 = DIRECTION('',(0.,1.,0.));
#4622 = VECTOR('',#4621,1.);
#4623 = LINE('',#4614,#4622);
#4624 = EDGE_CURVE('',#4615,#4583,#4623,.T.);
#4625 = ORIENTED_EDGE('',*,*,#4624,.T.);
#4626 = ORIENTED_EDGE('',*,*,#4597,.T.);
#4627 = DIRECTION('',(0.,1.,0.));
#4628 = VECTOR('',#4627,1.);
#4629 = LINE('',#4612,#4628);
#4630 = EDGE_CURVE('',#4613,#4581,#4629,.T.);
#4631 = ORIENTED_EDGE('',*,*,#4630,.F.);
#4632 = CARTESIAN_POINT('',(6.035000000000001,-0.315,-9.));
#4633 = DIRECTION('',(-1.,0.,0.));
#4634 = DIRECTION('',(0.,0.,1.));
#4635 = AXIS2_PLACEMENT_3D('',#4632,#4633,#4634);
#4636 = PLANE('',#4635);
#4637 = EDGE_LOOP('',(#4620,#4625,#4626,#4631));
#4638 = FACE_OUTER_BOUND('',#4637,.T.);
#4639 = ADVANCED_FACE('',(#4638),#4636,.T.);
#4640 = CARTESIAN_POINT('',(6.175000000000002,0.175,-9.6));
#4641 = VERTEX_POINT('',#4640);
#4642 = CARTESIAN_POINT('',(6.175000000000002,-0.175,-9.6));
#4643 = VERTEX_POINT('',#4642);
#4644 = ORIENTED_EDGE('',*,*,#4630,.T.);
#4645 = DIRECTION('',(0.22158112824152243,-0.22158112824152154,-0.9496334067493774));
#4646 = VECTOR('',#4645,1.);
#4647 = LINE('',#4580,#4646);
#4648 = EDGE_CURVE('',#4581,#4641,#4647,.T.);
#4649 = ORIENTED_EDGE('',*,*,#4648,.T.);
#4650 = DIRECTION('',(0.,1.,0.));
#4651 = VECTOR('',#4650,1.);
#4652 = LINE('',#4642,#4651);
#4653 = EDGE_CURVE('',#4643,#4641,#4652,.T.);
#4654 = ORIENTED_EDGE('',*,*,#4653,.F.);
#4655 = DIRECTION('',(0.22158112824152243,0.22158112824152154,-0.9496334067493774));
#4656 = VECTOR('',#4655,1.);
#4657 = LINE('',#4612,#4656);
#4658 = EDGE_CURVE('',#4613,#4643,#4657,.T.);
#4659 = ORIENTED_EDGE('',*,*,#4658,.F.);
#4660 = CARTESIAN_POINT('',(6.035000000000001,-0.315,-9.));
#4661 = DIRECTION('',(-0.9738412097417932,0.,-0.22722961560641877));
#4662 = DIRECTION('',(0.,1.,0.));
#4663 = AXIS2_PLACEMENT_3D('',#4660,#4661,#4662);
#4664 = PLANE('',#4663);
#4665 = EDGE_LOOP('',(#4644,#4649,#4654,#4659));
#4666 = FACE_OUTER_BOUND('',#4665,.T.);
#4667 = ADVANCED_FACE('',(#4666),#4664,.T.);
#4668 = CARTESIAN_POINT('',(6.525000000000001,0.175,-9.6));
#4669 = VERTEX_POINT('',#4668);
#4670 = DIRECTION('',(1.,0.,0.));
#4671 = VECTOR('',#4670,1.);
#4672 = LINE('',#4640,#4671);
#4673 = EDGE_CURVE('',#4641,#4669,#4672,.T.);
#4674 = ORIENTED_EDGE('',*,*,#4673,.F.);
#4675 = ORIENTED_EDGE('',*,*,#4648,.F.);
#4676 = ORIENTED_EDGE('',*,*,#4592,.T.);
#4677 = DIRECTION('',(0.22158112824152243,0.22158112824152154,0.9496334067493774));
#4678 = VECTOR('',#4677,1.);
#4679 = LINE('',#4668,#4678);
#4680 = EDGE_CURVE('',#4669,#4579,#4679,.T.);
#4681 = ORIENTED_EDGE('',*,*,#4680,.F.);
#4682 = CARTESIAN_POINT('',(6.525000000000001,0.175,-9.6));
#4683 = DIRECTION('',(0.,0.9738412097417931,-0.22722961560641844));
#4684 = DIRECTION('',(-1.,0.,0.));
#4685 = AXIS2_PLACEMENT_3D('',#4682,#4683,#4684);
#4686 = PLANE('',#4685);
#4687 = EDGE_LOOP('',(#4674,#4675,#4676,#4681));
#4688 = FACE_OUTER_BOUND('',#4687,.T.);
#4689 = ADVANCED_FACE('',(#4688),#4686,.T.);
#4690 = CARTESIAN_POINT('',(6.665000000000002,-0.315,-3.6000000000000005));
#4691 = VERTEX_POINT('',#4690);
#4692 = DIRECTION('',(0.,1.,0.));
#4693 = VECTOR('',#4692,1.);
#4694 = LINE('',#4690,#4693);
#4695 = EDGE_CURVE('',#4691,#4577,#4694,.T.);
#4696 = ORIENTED_EDGE('',*,*,#4695,.T.);
#4697 = ORIENTED_EDGE('',*,*,#4602,.F.);
#4698 = ORIENTED_EDGE('',*,*,#4624,.F.);
#4699 = DIRECTION('',(1.,0.,0.));
#4700 = VECTOR('',#4699,1.);
#4701 = LINE('',#4614,#4700);
#4702 = EDGE_CURVE('',#4615,#4691,#4701,.T.);
#4703 = ORIENTED_EDGE('',*,*,#4702,.T.);
#4704 = CARTESIAN_POINT('',(6.665000000000002,-0.315,-3.6000000000000005));
#4705 = DIRECTION('',(0.,0.,1.));
#4706 = DIRECTION('',(0.,1.,0.));
#4707 = AXIS2_PLACEMENT_3D('',#4704,#4705,#4706);
#4708 = PLANE('',#4707);
#4709 = EDGE_LOOP('',(#4696,#4697,#4698,#4703));
#4710 = FACE_OUTER_BOUND('',#4709,.T.);
#4711 = ADVANCED_FACE('',(#4710),#4708,.T.);
#4712 = CARTESIAN_POINT('',(6.665000000000002,-0.315,-9.));
#4713 = VERTEX_POINT('',#4712);
#4714 = DIRECTION('',(0.,1.,0.));
#4715 = VECTOR('',#4714,1.);
#4716 = LINE('',#4712,#4715);
#4717 = EDGE_CURVE('',#4713,#4579,#4716,.T.);
#4718 = ORIENTED_EDGE('',*,*,#4717,.T.);
#4719 = ORIENTED_EDGE('',*,*,#4587,.F.);
#4720 = ORIENTED_EDGE('',*,*,#4695,.F.);
#4721 = DIRECTION('',(0.,0.,-1.));
#4722 = VECTOR('',#4721,1.);
#4723 = LINE('',#4690,#4722);
#4724 = EDGE_CURVE('',#4691,#4713,#4723,.T.);
#4725 = ORIENTED_EDGE('',*,*,#4724,.T.);
#4726 = CARTESIAN_POINT('',(6.665000000000002,-0.315,-9.));
#4727 = DIRECTION('',(1.,0.,0.));
#4728 = DIRECTION('',(0.,1.,0.));
#4729 = AXIS2_PLACEMENT_3D('',#4726,#4727,#4728);
#4730 = PLANE('',#4729);
#4731 = EDGE_LOOP('',(#4718,#4719,#4720,#4725));
#4732 = FACE_OUTER_BOUND('',#4731,.T.);
#4733 = ADVANCED_FACE('',(#4732),#4730,.T.);
#4734 = ORIENTED_EDGE('',*,*,#4724,.F.);
#4735 = ORIENTED_EDGE('',*,*,#4702,.F.);
#4736 = ORIENTED_EDGE('',*,*,#4619,.T.);
#4737 = DIRECTION('',(1.,0.,0.));
#4738 = VECTOR('',#4737,1.);
#4739 = LINE('',#4612,#4738);
#4740 = EDGE_CURVE('',#4613,#4713,#4739,.T.);
#4741 = ORIENTED_EDGE('',*,*,#4740,.T.);
#4742 = CARTESIAN_POINT('',(6.665000000000002,-0.315,-9.));
#4743 = DIRECTION('',(0.,-1.,0.));
#4744 = DIRECTION('',(0.,0.,1.));
#4745 = AXIS2_PLACEMENT_3D('',#4742,#4743,#4744);
#4746 = PLANE('',#4745);
#4747 = EDGE_LOOP('',(#4734,#4735,#4736,#4741));
#4748 = FACE_OUTER_BOUND('',#4747,.T.);
#4749 = ADVANCED_FACE('',(#4748),#4746,.T.);
#4750 = CARTESIAN_POINT('',(6.525000000000001,-0.175,-9.6));
#4751 = VERTEX_POINT('',#4750);
#4752 = DIRECTION('',(0.,1.,0.));
#4753 = VECTOR('',#4752,1.);
#4754 = LINE('',#4750,#4753);
#4755 = EDGE_CURVE('',#4751,#4669,#4754,.T.);
#4756 = ORIENTED_EDGE('',*,*,#4755,.T.);
#4757 = ORIENTED_EDGE('',*,*,#4680,.T.);
#4758 = ORIENTED_EDGE('',*,*,#4717,.F.);
#4759 = DIRECTION('',(0.22158112824152243,-0.22158112824152154,0.9496334067493774));
#4760 = VECTOR('',#4759,1.);
#4761 = LINE('',#4750,#4760);
#4762 = EDGE_CURVE('',#4751,#4713,#4761,.T.);
#4763 = ORIENTED_EDGE('',*,*,#4762,.F.);
#4764 = CARTESIAN_POINT('',(6.525000000000001,-0.175,-9.6));
#4765 = DIRECTION('',(0.9738412097417932,0.,-0.2272296156064191));
#4766 = DIRECTION('',(0.,1.,0.));
#4767 = AXIS2_PLACEMENT_3D('',#4764,#4765,#4766);
#4768 = PLANE('',#4767);
#4769 = EDGE_LOOP('',(#4756,#4757,#4758,#4763));
#4770 = FACE_OUTER_BOUND('',#4769,.T.);
#4771 = ADVANCED_FACE('',(#4770),#4768,.T.);
#4772 = ORIENTED_EDGE('',*,*,#4762,.T.);
#4773 = ORIENTED_EDGE('',*,*,#4740,.F.);
#4774 = ORIENTED_EDGE('',*,*,#4658,.T.);
#4775 = DIRECTION('',(1.,0.,0.));
#4776 = VECTOR('',#4775,1.);
#4777 = LINE('',#4642,#4776);
#4778 = EDGE_CURVE('',#4643,#4751,#4777,.T.);
#4779 = ORIENTED_EDGE('',*,*,#4778,.T.);
#4780 = CARTESIAN_POINT('',(6.525000000000001,-0.175,-9.6));
#4781 = DIRECTION('',(0.,-0.9738412097417931,-0.22722961560641844));
#4782 = DIRECTION('',(0.22158112824152243,-0.22158112824152154,0.9496334067493774));
#4783 = AXIS2_PLACEMENT_3D('',#4780,#4781,#4782);
#4784 = PLANE('',#4783);
#4785 = EDGE_LOOP('',(#4772,#4773,#4774,#4779));
#4786 = FACE_OUTER_BOUND('',#4785,.T.);
#4787 = ADVANCED_FACE('',(#4786),#4784,.T.);
#4788 = ORIENTED_EDGE('',*,*,#4778,.F.);
#4789 = ORIENTED_EDGE('',*,*,#4653,.T.);
#4790 = ORIENTED_EDGE('',*,*,#4673,.T.);
#4791 = ORIENTED_EDGE('',*,*,#4755,.F.);
#4792 = CARTESIAN_POINT('',(6.525000000000001,-0.175,-9.6));
#4793 = DIRECTION('',(0.,0.,-1.));
#4794 = DIRECTION('',(-1.,0.,0.));
#4795 = AXIS2_PLACEMENT_3D('',#4792,#4793,#4794);
#4796 = PLANE('',#4795);
#4797 = EDGE_LOOP('',(#4788,#4789,#4790,#4791));
#4798 = FACE_OUTER_BOUND('',#4797,.T.);
#4799 = ADVANCED_FACE('',(#4798),#4796,.T.);
#4800 = CLOSED_SHELL('',(#4611,#4639,#4667,#4689,#4711,#4733,#4749,#4771,#4787,#4799));
#4801 = MANIFOLD_SOLID_BREP('',#4800);
#4802 = CARTESIAN_POINT('',(7.620000000000001,-1.27,-3.6));
#4803 = VERTEX_POINT('',#4802);
#4804 = CARTESIAN_POINT('',(7.620000000000001,-1.27,-1.6));
#4805 = VERTEX_POINT('',#4804);
#4806 = CARTESIAN_POINT('',(7.620000000000001,1.27,-1.6));
#4807 = VERTEX_POINT('',#4806);
#4808 = CARTESIAN_POINT('',(7.620000000000001,1.27,-3.6));
#4809 = VERTEX_POINT('',#4808);
#4810 = DIRECTION('',(0.,0.,-1.));
#4811 = VECTOR('',#4810,1.);
#4812 = LINE('',#4804,#4811);
#4813 = EDGE_CURVE('',#4805,#4803,#4812,.T.);
#4814 = ORIENTED_EDGE('',*,*,#4813,.F.);
#4815 = DIRECTION('',(0.,1.,0.));
#4816 = VECTOR('',#4815,1.);
#4817 = LINE('',#4804,#4816);
#4818 = EDGE_CURVE('',#4805,#4807,#4817,.T.);
#4819 = ORIENTED_EDGE('',*,*,#4818,.T.);
#4820 = DIRECTION('',(0.,0.,-1.));
#4821 = VECTOR('',#4820,1.);
#4822 = LINE('',#4806,#4821);
#4823 = EDGE_CURVE('',#4807,#4809,#4822,.T.);
#4824 = ORIENTED_EDGE('',*,*,#4823,.T.);
#4825 = DIRECTION('',(0.,1.,0.));
#4826 = VECTOR('',#4825,1.);
#4827 = LINE('',#4802,#4826);
#4828 = EDGE_CURVE('',#4803,#4809,#4827,.T.);
#4829 = ORIENTED_EDGE('',*,*,#4828,.F.);
#4830 = CARTESIAN_POINT('',(7.620000000000001,-1.27,-3.6));
#4831 = DIRECTION('',(-1.,0.,0.));
#4832 = DIRECTION('',(0.,0.,1.));
#4833 = AXIS2_PLACEMENT_3D('',#4830,#4831,#4832);
#4834 = PLANE('',#4833);
#4835 = EDGE_LOOP('',(#4814,#4819,#4824,#4829));
#4836 = FACE_OUTER_BOUND('',#4835,.T.);
#4837 = ADVANCED_FACE('',(#4836),#4834,.T.);
#4838 = CARTESIAN_POINT('',(10.16,-1.27,-3.6));
#4839 = VERTEX_POINT('',#4838);
#4840 = CARTESIAN_POINT('',(10.16,1.27,-3.6));
#4841 = VERTEX_POINT('',#4840);
#4842 = CARTESIAN_POINT('',(10.16,1.27,-1.6));
#4843 = VERTEX_POINT('',#4842);
#4844 = CARTESIAN_POINT('',(10.16,-1.27,-1.6));
#4845 = VERTEX_POINT('',#4844);
#4846 = DIRECTION('',(0.,1.,0.));
#4847 = VECTOR('',#4846,1.);
#4848 = LINE('',#4838,#4847);
#4849 = EDGE_CURVE('',#4839,#4841,#4848,.T.);
#4850 = ORIENTED_EDGE('',*,*,#4849,.T.);
#4851 = DIRECTION('',(0.,0.,-1.));
#4852 = VECTOR('',#4851,1.);
#4853 = LINE('',#4842,#4852);
#4854 = EDGE_CURVE('',#4843,#4841,#4853,.T.);
#4855 = ORIENTED_EDGE('',*,*,#4854,.F.);
#4856 = DIRECTION('',(0.,1.,0.));
#4857 = VECTOR('',#4856,1.);
#4858 = LINE('',#4844,#4857);
#4859 = EDGE_CURVE('',#4845,#4843,#4858,.T.);
#4860 = ORIENTED_EDGE('',*,*,#4859,.F.);
#4861 = DIRECTION('',(0.,0.,-1.));
#4862 = VECTOR('',#4861,1.);
#4863 = LINE('',#4844,#4862);
#4864 = EDGE_CURVE('',#4845,#4839,#4863,.T.);
#4865 = ORIENTED_EDGE('',*,*,#4864,.T.);
#4866 = CARTESIAN_POINT('',(10.16,-1.27,-3.6));
#4867 = DIRECTION('',(1.,0.,0.));
#4868 = DIRECTION('',(0.,1.,0.));
#4869 = AXIS2_PLACEMENT_3D('',#4866,#4867,#4868);
#4870 = PLANE('',#4869);
#4871 = EDGE_LOOP('',(#4850,#4855,#4860,#4865));
#4872 = FACE_OUTER_BOUND('',#4871,.T.);
#4873 = ADVANCED_FACE('',(#4872),#4870,.T.);
#4874 = DIRECTION('',(-1.,0.,0.));
#4875 = VECTOR('',#4874,1.);
#4876 = LINE('',#4838,#4875);
#4877 = EDGE_CURVE('',#4839,#4803,#4876,.T.);
#4878 = ORIENTED_EDGE('',*,*,#4877,.F.);
#4879 = ORIENTED_EDGE('',*,*,#4864,.F.);
#4880 = DIRECTION('',(-1.,0.,0.));
#4881 = VECTOR('',#4880,1.);
#4882 = LINE('',#4844,#4881);
#4883 = EDGE_CURVE('',#4845,#4805,#4882,.T.);
#4884 = ORIENTED_EDGE('',*,*,#4883,.T.);
#4885 = ORIENTED_EDGE('',*,*,#4813,.T.);
#4886 = CARTESIAN_POINT('',(7.620000000000001,-1.27,-3.6));
#4887 = DIRECTION('',(0.,-1.,0.));
#4888 = DIRECTION('',(1.,0.,0.));
#4889 = AXIS2_PLACEMENT_3D('',#4886,#4887,#4888);
#4890 = PLANE('',#4889);
#4891 = EDGE_LOOP('',(#4878,#4879,#4884,#4885));
#4892 = FACE_OUTER_BOUND('',#4891,.T.);
#4893 = ADVANCED_FACE('',(#4892),#4890,.T.);
#4894 = ORIENTED_EDGE('',*,*,#4823,.F.);
#4895 = DIRECTION('',(-1.,0.,0.));
#4896 = VECTOR('',#4895,1.);
#4897 = LINE('',#4842,#4896);
#4898 = EDGE_CURVE('',#4843,#4807,#4897,.T.);
#4899 = ORIENTED_EDGE('',*,*,#4898,.F.);
#4900 = ORIENTED_EDGE('',*,*,#4854,.T.);
#4901 = DIRECTION('',(-1.,0.,0.));
#4902 = VECTOR('',#4901,1.);
#4903 = LINE('',#4840,#4902);
#4904 = EDGE_CURVE('',#4841,#4809,#4903,.T.);
#4905 = ORIENTED_EDGE('',*,*,#4904,.T.);
#4906 = CARTESIAN_POINT('',(7.620000000000001,1.27,-3.6));
#4907 = DIRECTION('',(0.,1.,0.));
#4908 = DIRECTION('',(0.,0.,1.));
#4909 = AXIS2_PLACEMENT_3D('',#4906,#4907,#4908);
#4910 = PLANE('',#4909);
#4911 = EDGE_LOOP('',(#4894,#4899,#4900,#4905));
#4912 = FACE_OUTER_BOUND('',#4911,.T.);
#4913 = ADVANCED_FACE('',(#4912),#4910,.T.);
#4914 = ORIENTED_EDGE('',*,*,#4828,.T.);
#4915 = ORIENTED_EDGE('',*,*,#4904,.F.);
#4916 = ORIENTED_EDGE('',*,*,#4849,.F.);
#4917 = ORIENTED_EDGE('',*,*,#4877,.T.);
#4918 = CARTESIAN_POINT('',(7.620000000000001,-1.27,-3.6));
#4919 = DIRECTION('',(0.,0.,-1.));
#4920 = DIRECTION('',(0.,1.,0.));
#4921 = AXIS2_PLACEMENT_3D('',#4918,#4919,#4920);
#4922 = PLANE('',#4921);
#4923 = EDGE_LOOP('',(#4914,#4915,#4916,#4917));
#4924 = FACE_OUTER_BOUND('',#4923,.T.);
#4925 = ADVANCED_FACE('',(#4924),#4922,.T.);
#4926 = ORIENTED_EDGE('',*,*,#4883,.F.);
#4927 = ORIENTED_EDGE('',*,*,#4859,.T.);
#4928 = ORIENTED_EDGE('',*,*,#4898,.T.);
#4929 = ORIENTED_EDGE('',*,*,#4818,.F.);
#4930 = CARTESIAN_POINT('',(7.620000000000001,-1.27,-1.6));
#4931 = DIRECTION('',(0.,0.,1.));
#4932 = DIRECTION('',(1.,0.,0.));
#4933 = AXIS2_PLACEMENT_3D('',#4930,#4931,#4932);
#4934 = PLANE('',#4933);
#4935 = EDGE_LOOP('',(#4926,#4927,#4928,#4929));
#4936 = FACE_OUTER_BOUND('',#4935,.T.);
#4937 = ADVANCED_FACE('',(#4936),#4934,.T.);
#4938 = CLOSED_SHELL('',(#4837,#4873,#4893,#4913,#4925,#4937));
#4939 = MANIFOLD_SOLID_BREP('',#4938);
#4940 = COLOUR_RGB('',0.13333333333333333,0.13333333333333333,0.13333333333333333);
#4941 = FILL_AREA_STYLE_COLOUR('',#4940);
#4942 = FILL_AREA_STYLE('',(#4941));
#4943 = SURFACE_STYLE_FILL_AREA(#4942);
#4944 = SURFACE_SIDE_STYLE('',(#4943));
#4945 = SURFACE_STYLE_USAGE(.BOTH.,#4944);
#4946 = PRESENTATION_STYLE_ASSIGNMENT((#4945));
#4947 = STYLED_ITEM('',(#4946),#4939);
#4948 = CARTESIAN_POINT('',(9.205,-0.315,-2.1500000000000004));
#4949 = VERTEX_POINT('',#4948);
#4950 = CARTESIAN_POINT('',(9.205,-0.315,0.5499999999999998));
#4951 = VERTEX_POINT('',#4950);
#4952 = CARTESIAN_POINT('',(8.575000000000001,-0.315,0.5499999999999998));
#4953 = VERTEX_POINT('',#4952);
#4954 = CARTESIAN_POINT('',(8.575000000000001,-0.315,-2.1500000000000004));
#4955 = VERTEX_POINT('',#4954);
#4956 = DIRECTION('',(0.,0.,1.));
#4957 = VECTOR('',#4956,1.);
#4958 = LINE('',#4948,#4957);
#4959 = EDGE_CURVE('',#4949,#4951,#4958,.T.);
#4960 = ORIENTED_EDGE('',*,*,#4959,.T.);
#4961 = DIRECTION('',(1.,0.,0.));
#4962 = VECTOR('',#4961,1.);
#4963 = LINE('',#4952,#4962);
#4964 = EDGE_CURVE('',#4953,#4951,#4963,.T.);
#4965 = ORIENTED_EDGE('',*,*,#4964,.F.);
#4966 = DIRECTION('',(0.,0.,1.));
#4967 = VECTOR('',#4966,1.);
#4968 = LINE('',#4954,#4967);
#4969 = EDGE_CURVE('',#4955,#4953,#4968,.T.);
#4970 = ORIENTED_EDGE('',*,*,#4969,.F.);
#4971 = DIRECTION('',(1.,0.,0.));
#4972 = VECTOR('',#4971,1.);
#4973 = LINE('',#4954,#4972);
#4974 = EDGE_CURVE('',#4955,#4949,#4973,.T.);
#4975 = ORIENTED_EDGE('',*,*,#4974,.T.);
#4976 = CARTESIAN_POINT('',(9.205,-0.315,-2.1500000000000004));
#4977 = DIRECTION('',(0.,-1.,0.));
#4978 = DIRECTION('',(0.,0.,1.));
#4979 = AXIS2_PLACEMENT_3D('',#4976,#4977,#4978);
#4980 = PLANE('',#4979);
#4981 = EDGE_LOOP('',(#4960,#4965,#4970,#4975));
#4982 = FACE_OUTER_BOUND('',#4981,.T.);
#4983 = ADVANCED_FACE('',(#4982),#4980,.T.);
#4984 = CARTESIAN_POINT('',(9.205,0.315,0.5499999999999998));
#4985 = VERTEX_POINT('',#4984);
#4986 = CARTESIAN_POINT('',(9.205,0.315,-2.1500000000000004));
#4987 = VERTEX_POINT('',#4986);
#4988 = DIRECTION('',(0.,1.,0.));
#4989 = VECTOR('',#4988,1.);
#4990 = LINE('',#4950,#4989);
#4991 = EDGE_CURVE('',#4951,#4985,#4990,.T.);
#4992 = ORIENTED_EDGE('',*,*,#4991,.F.);
#4993 = ORIENTED_EDGE('',*,*,#4959,.F.);
#4994 = DIRECTION('',(0.,1.,0.));
#4995 = VECTOR('',#4994,1.);
#4996 = LINE('',#4948,#4995);
#4997 = EDGE_CURVE('',#4949,#4987,#4996,.T.);
#4998 = ORIENTED_EDGE('',*,*,#4997,.T.);
#4999 = DIRECTION('',(0.,0.,1.));
#5000 = VECTOR('',#4999,1.);
#5001 = LINE('',#4986,#5000);
#5002 = EDGE_CURVE('',#4987,#4985,#5001,.T.);
#5003 = ORIENTED_EDGE('',*,*,#5002,.T.);
#5004 = CARTESIAN_POINT('',(9.205,0.315,0.5499999999999998));
#5005 = DIRECTION('',(1.,0.,0.));
#5006 = DIRECTION('',(0.,-1.,0.));
#5007 = AXIS2_PLACEMENT_3D('',#5004,#5005,#5006);
#5008 = PLANE('',#5007);
#5009 = EDGE_LOOP('',(#4992,#4993,#4998,#5003));
#5010 = FACE_OUTER_BOUND('',#5009,.T.);
#5011 = ADVANCED_FACE('',(#5010),#5008,.T.);
#5012 = CARTESIAN_POINT('',(8.575000000000001,0.315,-2.1500000000000004));
#5013 = VERTEX_POINT('',#5012);
#5014 = DIRECTION('',(1.,0.,0.));
#5015 = VECTOR('',#5014,1.);
#5016 = LINE('',#5012,#5015);
#5017 = EDGE_CURVE('',#5013,#4987,#5016,.T.);
#5018 = ORIENTED_EDGE('',*,*,#5017,.T.);
#5019 = ORIENTED_EDGE('',*,*,#4997,.F.);
#5020 = ORIENTED_EDGE('',*,*,#4974,.F.);
#5021 = DIRECTION('',(0.,1.,0.));
#5022 = VECTOR('',#5021,1.);
#5023 = LINE('',#4954,#5022);
#5024 = EDGE_CURVE('',#4955,#5013,#5023,.T.);
#5025 = ORIENTED_EDGE('',*,*,#5024,.T.);
#5026 = CARTESIAN_POINT('',(8.575000000000001,0.315,-2.1500000000000004));
#5027 = DIRECTION('',(0.,0.,-1.));
#5028 = DIRECTION('',(1.,0.,0.));
#5029 = AXIS2_PLACEMENT_3D('',#5026,#5027,#5028);
#5030 = PLANE('',#5029);
#5031 = EDGE_LOOP('',(#5018,#5019,#5020,#5025));
#5032 = FACE_OUTER_BOUND('',#5031,.T.);
#5033 = ADVANCED_FACE('',(#5032),#5030,.T.);
#5034 = CARTESIAN_POINT('',(9.065000000000001,-0.175,0.8999999999999999));
#5035 = VERTEX_POINT('',#5034);
#5036 = CARTESIAN_POINT('',(9.065000000000001,0.175,0.8999999999999999));
#5037 = VERTEX_POINT('',#5036);
#5038 = DIRECTION('',(0.34815531191139293,-0.348155311911396,-0.87038827977849));
#5039 = VECTOR('',#5038,1.);
#5040 = LINE('',#5034,#5039);
#5041 = EDGE_CURVE('',#5035,#4951,#5040,.T.);
#5042 = ORIENTED_EDGE('',*,*,#5041,.T.);
#5043 = ORIENTED_EDGE('',*,*,#4991,.T.);
#5044 = DIRECTION('',(0.34815531191139293,0.348155311911396,-0.87038827977849));
#5045 = VECTOR('',#5044,1.);
#5046 = LINE('',#5036,#5045);
#5047 = EDGE_CURVE('',#5037,#4985,#5046,.T.);
#5048 = ORIENTED_EDGE('',*,*,#5047,.F.);
#5049 = DIRECTION('',(0.,1.,0.));
#5050 = VECTOR('',#5049,1.);
#5051 = LINE('',#5034,#5050);
#5052 = EDGE_CURVE('',#5035,#5037,#5051,.T.);
#5053 = ORIENTED_EDGE('',*,*,#5052,.F.);
#5054 = CARTESIAN_POINT('',(9.065000000000001,-0.175,0.8999999999999999));
#5055 = DIRECTION('',(0.9284766908852604,0.,0.3713906763541009));
#5056 = DIRECTION('',(0.34815531191139293,-0.348155311911396,-0.87038827977849));
#5057 = AXIS2_PLACEMENT_3D('',#5054,#5055,#5056);
#5058 = PLANE('',#5057);
#5059 = EDGE_LOOP('',(#5042,#5043,#5048,#5053));
#5060 = FACE_OUTER_BOUND('',#5059,.T.);
#5061 = ADVANCED_FACE('',(#5060),#5058,.T.);
#5062 = CARTESIAN_POINT('',(8.715,-0.175,0.8999999999999999));
#5063 = VERTEX_POINT('',#5062);
#5064 = DIRECTION('',(1.,0.,0.));
#5065 = VECTOR('',#5064,1.);
#5066 = LINE('',#5062,#5065);
#5067 = EDGE_CURVE('',#5063,#5035,#5066,.T.);
#5068 = ORIENTED_EDGE('',*,*,#5067,.F.);
#5069 = DIRECTION('',(0.34815531191139293,0.348155311911396,0.87038827977849));
#5070 = VECTOR('',#5069,1.);
#5071 = LINE('',#4952,#5070);
#5072 = EDGE_CURVE('',#4953,#5063,#5071,.T.);
#5073 = ORIENTED_EDGE('',*,*,#5072,.F.);
#5074 = ORIENTED_EDGE('',*,*,#4964,.T.);
#5075 = ORIENTED_EDGE('',*,*,#5041,.F.);
#5076 = CARTESIAN_POINT('',(9.065000000000001,-0.175,0.8999999999999999));
#5077 = DIRECTION('',(0.,-0.9284766908852595,0.3713906763541031));
#5078 = DIRECTION('',(-1.,0.,0.));
#5079 = AXIS2_PLACEMENT_3D('',#5076,#5077,#5078);
#5080 = PLANE('',#5079);
#5081 = EDGE_LOOP('',(#5068,#5073,#5074,#5075));
#5082 = FACE_OUTER_BOUND('',#5081,.T.);
#5083 = ADVANCED_FACE('',(#5082),#5080,.T.);
#5084 = CARTESIAN_POINT('',(8.575000000000001,0.315,0.5499999999999998));
#5085 = VERTEX_POINT('',#5084);
#5086 = DIRECTION('',(0.,0.,1.));
#5087 = VECTOR('',#5086,1.);
#5088 = LINE('',#5012,#5087);
#5089 = EDGE_CURVE('',#5013,#5085,#5088,.T.);
#5090 = ORIENTED_EDGE('',*,*,#5089,.F.);
#5091 = ORIENTED_EDGE('',*,*,#5024,.F.);
#5092 = ORIENTED_EDGE('',*,*,#4969,.T.);
#5093 = DIRECTION('',(0.,1.,0.));
#5094 = VECTOR('',#5093,1.);
#5095 = LINE('',#4952,#5094);
#5096 = EDGE_CURVE('',#4953,#5085,#5095,.T.);
#5097 = ORIENTED_EDGE('',*,*,#5096,.T.);
#5098 = CARTESIAN_POINT('',(8.575000000000001,0.315,0.5499999999999998));
#5099 = DIRECTION('',(-1.,0.,0.));
#5100 = DIRECTION('',(0.,0.,-1.));
#5101 = AXIS2_PLACEMENT_3D('',#5098,#5099,#5100);
#5102 = PLANE('',#5101);
#5103 = EDGE_LOOP('',(#5090,#5091,#5092,#5097));
#5104 = FACE_OUTER_BOUND('',#5103,.T.);
#5105 = ADVANCED_FACE('',(#5104),#5102,.T.);
#5106 = DIRECTION('',(1.,0.,0.));
#5107 = VECTOR('',#5106,1.);
#5108 = LINE('',#5084,#5107);
#5109 = EDGE_CURVE('',#5085,#4985,#5108,.T.);
#5110 = ORIENTED_EDGE('',*,*,#5109,.T.);
#5111 = ORIENTED_EDGE('',*,*,#5002,.F.);
#5112 = ORIENTED_EDGE('',*,*,#5017,.F.);
#5113 = ORIENTED_EDGE('',*,*,#5089,.T.);
#5114 = CARTESIAN_POINT('',(8.575000000000001,0.315,0.5499999999999998));
#5115 = DIRECTION('',(0.,1.,0.));
#5116 = DIRECTION('',(1.,0.,0.));
#5117 = AXIS2_PLACEMENT_3D('',#5114,#5115,#5116);
#5118 = PLANE('',#5117);
#5119 = EDGE_LOOP('',(#5110,#5111,#5112,#5113));
#5120 = FACE_OUTER_BOUND('',#5119,.T.);
#5121 = ADVANCED_FACE('',(#5120),#5118,.T.);
#5122 = CARTESIAN_POINT('',(8.715,0.175,0.8999999999999999));
#5123 = VERTEX_POINT('',#5122);
#5124 = DIRECTION('',(1.,0.,0.));
#5125 = VECTOR('',#5124,1.);
#5126 = LINE('',#5122,#5125);
#5127 = EDGE_CURVE('',#5123,#5037,#5126,.T.);
#5128 = ORIENTED_EDGE('',*,*,#5127,.T.);
#5129 = ORIENTED_EDGE('',*,*,#5047,.T.);
#5130 = ORIENTED_EDGE('',*,*,#5109,.F.);
#5131 = DIRECTION('',(0.34815531191139293,-0.348155311911396,0.87038827977849));
#5132 = VECTOR('',#5131,1.);
#5133 = LINE('',#5084,#5132);
#5134 = EDGE_CURVE('',#5085,#5123,#5133,.T.);
#5135 = ORIENTED_EDGE('',*,*,#5134,.T.);
#5136 = CARTESIAN_POINT('',(8.715,0.175,0.8999999999999999));
#5137 = DIRECTION('',(0.,0.9284766908852595,0.3713906763541031));
#5138 = DIRECTION('',(1.,0.,0.));
#5139 = AXIS2_PLACEMENT_3D('',#5136,#5137,#5138);
#5140 = PLANE('',#5139);
#5141 = EDGE_LOOP('',(#5128,#5129,#5130,#5135));
#5142 = FACE_OUTER_BOUND('',#5141,.T.);
#5143 = ADVANCED_FACE('',(#5142),#5140,.T.);
#5144 = ORIENTED_EDGE('',*,*,#5134,.F.);
#5145 = ORIENTED_EDGE('',*,*,#5096,.F.);
#5146 = ORIENTED_EDGE('',*,*,#5072,.T.);
#5147 = DIRECTION('',(0.,1.,0.));
#5148 = VECTOR('',#5147,1.);
#5149 = LINE('',#5062,#5148);
#5150 = EDGE_CURVE('',#5063,#5123,#5149,.T.);
#5151 = ORIENTED_EDGE('',*,*,#5150,.T.);
#5152 = CARTESIAN_POINT('',(8.715,0.175,0.8999999999999999));
#5153 = DIRECTION('',(-0.9284766908852604,0.,0.3713906763541009));
#5154 = DIRECTION('',(-0.34815531191139293,0.348155311911396,-0.87038827977849));
#5155 = AXIS2_PLACEMENT_3D('',#5152,#5153,#5154);
#5156 = PLANE('',#5155);
#5157 = EDGE_LOOP('',(#5144,#5145,#5146,#5151));
#5158 = FACE_OUTER_BOUND('',#5157,.T.);
#5159 = ADVANCED_FACE('',(#5158),#5156,.T.);
#5160 = ORIENTED_EDGE('',*,*,#5150,.F.);
#5161 = ORIENTED_EDGE('',*,*,#5067,.T.);
#5162 = ORIENTED_EDGE('',*,*,#5052,.T.);
#5163 = ORIENTED_EDGE('',*,*,#5127,.F.);
#5164 = CARTESIAN_POINT('',(8.715,0.175,0.8999999999999999));
#5165 = DIRECTION('',(0.,0.,1.));
#5166 = DIRECTION('',(0.,-1.,0.));
#5167 = AXIS2_PLACEMENT_3D('',#5164,#5165,#5166);
#5168 = PLANE('',#5167);
#5169 = EDGE_LOOP('',(#5160,#5161,#5162,#5163));
#5170 = FACE_OUTER_BOUND('',#5169,.T.);
#5171 = ADVANCED_FACE('',(#5170),#5168,.T.);
#5172 = CLOSED_SHELL('',(#4983,#5011,#5033,#5061,#5083,#5105,#5121,#5143,#5159,#5171));
#5173 = MANIFOLD_SOLID_BREP('',#5172);
#5174 = CARTESIAN_POINT('',(8.575000000000001,-0.315,-9.));
#5175 = VERTEX_POINT('',#5174);
#5176 = CARTESIAN_POINT('',(9.205,-0.315,-9.));
#5177 = VERTEX_POINT('',#5176);
#5178 = CARTESIAN_POINT('',(9.205,-0.315,-3.6000000000000005));
#5179 = VERTEX_POINT('',#5178);
#5180 = CARTESIAN_POINT('',(8.575000000000001,-0.315,-3.6000000000000005));
#5181 = VERTEX_POINT('',#5180);
#5182 = DIRECTION('',(1.,0.,0.));
#5183 = VECTOR('',#5182,1.);
#5184 = LINE('',#5174,#5183);
#5185 = EDGE_CURVE('',#5175,#5177,#5184,.T.);
#5186 = ORIENTED_EDGE('',*,*,#5185,.T.);
#5187 = DIRECTION('',(0.,0.,-1.));
#5188 = VECTOR('',#5187,1.);
#5189 = LINE('',#5178,#5188);
#5190 = EDGE_CURVE('',#5179,#5177,#5189,.T.);
#5191 = ORIENTED_EDGE('',*,*,#5190,.F.);
#5192 = DIRECTION('',(1.,0.,0.));
#5193 = VECTOR('',#5192,1.);
#5194 = LINE('',#5180,#5193);
#5195 = EDGE_CURVE('',#5181,#5179,#5194,.T.);
#5196 = ORIENTED_EDGE('',*,*,#5195,.F.);
#5197 = DIRECTION('',(0.,0.,-1.));
#5198 = VECTOR('',#5197,1.);
#5199 = LINE('',#5180,#5198);
#5200 = EDGE_CURVE('',#5181,#5175,#5199,.T.);
#5201 = ORIENTED_EDGE('',*,*,#5200,.T.);
#5202 = CARTESIAN_POINT('',(8.575000000000001,-0.315,-9.));
#5203 = DIRECTION('',(0.,-1.,0.));
#5204 = DIRECTION('',(1.,0.,0.));
#5205 = AXIS2_PLACEMENT_3D('',#5202,#5203,#5204);
#5206 = PLANE('',#5205);
#5207 = EDGE_LOOP('',(#5186,#5191,#5196,#5201));
#5208 = FACE_OUTER_BOUND('',#5207,.T.);
#5209 = ADVANCED_FACE('',(#5208),#5206,.T.);
#5210 = CARTESIAN_POINT('',(9.205,0.315,-3.6000000000000005));
#5211 = VERTEX_POINT('',#5210);
#5212 = CARTESIAN_POINT('',(9.205,0.315,-9.));
#5213 = VERTEX_POINT('',#5212);
#5214 = DIRECTION('',(0.,1.,0.));
#5215 = VECTOR('',#5214,1.);
#5216 = LINE('',#5178,#5215);
#5217 = EDGE_CURVE('',#5179,#5211,#5216,.T.);
#5218 = ORIENTED_EDGE('',*,*,#5217,.F.);
#5219 = ORIENTED_EDGE('',*,*,#5190,.T.);
#5220 = DIRECTION('',(0.,1.,0.));
#5221 = VECTOR('',#5220,1.);
#5222 = LINE('',#5176,#5221);
#5223 = EDGE_CURVE('',#5177,#5213,#5222,.T.);
#5224 = ORIENTED_EDGE('',*,*,#5223,.T.);
#5225 = DIRECTION('',(0.,0.,-1.));
#5226 = VECTOR('',#5225,1.);
#5227 = LINE('',#5210,#5226);
#5228 = EDGE_CURVE('',#5211,#5213,#5227,.T.);
#5229 = ORIENTED_EDGE('',*,*,#5228,.F.);
#5230 = CARTESIAN_POINT('',(9.205,0.315,-3.6000000000000005));
#5231 = DIRECTION('',(1.,0.,0.));
#5232 = DIRECTION('',(0.,-1.,0.));
#5233 = AXIS2_PLACEMENT_3D('',#5230,#5231,#5232);
#5234 = PLANE('',#5233);
#5235 = EDGE_LOOP('',(#5218,#5219,#5224,#5229));
#5236 = FACE_OUTER_BOUND('',#5235,.T.);
#5237 = ADVANCED_FACE('',(#5236),#5234,.T.);
#5238 = CARTESIAN_POINT('',(9.065000000000001,-0.175,-9.6));
#5239 = VERTEX_POINT('',#5238);
#5240 = CARTESIAN_POINT('',(9.065000000000001,0.175,-9.6));
#5241 = VERTEX_POINT('',#5240);
#5242 = DIRECTION('',(0.,1.,0.));
#5243 = VECTOR('',#5242,1.);
#5244 = LINE('',#5238,#5243);
#5245 = EDGE_CURVE('',#5239,#5241,#5244,.T.);
#5246 = ORIENTED_EDGE('',*,*,#5245,.T.);
#5247 = DIRECTION('',(0.22158112824151976,0.2215811282415217,0.949633406749378));
#5248 = VECTOR('',#5247,1.);
#5249 = LINE('',#5240,#5248);
#5250 = EDGE_CURVE('',#5241,#5213,#5249,.T.);
#5251 = ORIENTED_EDGE('',*,*,#5250,.T.);
#5252 = ORIENTED_EDGE('',*,*,#5223,.F.);
#5253 = DIRECTION('',(0.22158112824151976,-0.2215811282415217,0.949633406749378));
#5254 = VECTOR('',#5253,1.);
#5255 = LINE('',#5238,#5254);
#5256 = EDGE_CURVE('',#5239,#5177,#5255,.T.);
#5257 = ORIENTED_EDGE('',*,*,#5256,.F.);
#5258 = CARTESIAN_POINT('',(9.065000000000001,-0.175,-9.6));
#5259 = DIRECTION('',(0.9738412097417938,0.,-0.22722961560641639));
#5260 = DIRECTION('',(0.,1.,0.));
#5261 = AXIS2_PLACEMENT_3D('',#5258,#5259,#5260);
#5262 = PLANE('',#5261);
#5263 = EDGE_LOOP('',(#5246,#5251,#5252,#5257));
#5264 = FACE_OUTER_BOUND('',#5263,.T.);
#5265 = ADVANCED_FACE('',(#5264),#5262,.T.);
#5266 = CARTESIAN_POINT('',(8.715,-0.175,-9.6));
#5267 = VERTEX_POINT('',#5266);
#5268 = ORIENTED_EDGE('',*,*,#5256,.T.);
#5269 = ORIENTED_EDGE('',*,*,#5185,.F.);
#5270 = DIRECTION('',(0.22158112824151976,0.2215811282415217,-0.949633406749378));
#5271 = VECTOR('',#5270,1.);
#5272 = LINE('',#5174,#5271);
#5273 = EDGE_CURVE('',#5175,#5267,#5272,.T.);
#5274 = ORIENTED_EDGE('',*,*,#5273,.T.);
#5275 = DIRECTION('',(1.,0.,0.));
#5276 = VECTOR('',#5275,1.);
#5277 = LINE('',#5266,#5276);
#5278 = EDGE_CURVE('',#5267,#5239,#5277,.T.);
#5279 = ORIENTED_EDGE('',*,*,#5278,.T.);
#5280 = CARTESIAN_POINT('',(9.065000000000001,-0.175,-9.6));
#5281 = DIRECTION('',(0.,-0.9738412097417937,-0.22722961560641744));
#5282 = DIRECTION('',(0.22158112824151976,-0.2215811282415217,0.949633406749378));
#5283 = AXIS2_PLACEMENT_3D('',#5280,#5281,#5282);
#5284 = PLANE('',#5283);
#5285 = EDGE_LOOP('',(#5268,#5269,#5274,#5279));
#5286 = FACE_OUTER_BOUND('',#5285,.T.);
#5287 = ADVANCED_FACE('',(#5286),#5284,.T.);
#5288 = CARTESIAN_POINT('',(8.715,0.175,-9.6));
#5289 = VERTEX_POINT('',#5288);
#5290 = CARTESIAN_POINT('',(8.575000000000001,0.315,-9.));
#5291 = VERTEX_POINT('',#5290);
#5292 = DIRECTION('',(0.,1.,0.));
#5293 = VECTOR('',#5292,1.);
#5294 = LINE('',#5266,#5293);
#5295 = EDGE_CURVE('',#5267,#5289,#5294,.T.);
#5296 = ORIENTED_EDGE('',*,*,#5295,.F.);
#5297 = ORIENTED_EDGE('',*,*,#5273,.F.);
#5298 = DIRECTION('',(0.,1.,0.));
#5299 = VECTOR('',#5298,1.);
#5300 = LINE('',#5174,#5299);
#5301 = EDGE_CURVE('',#5175,#5291,#5300,.T.);
#5302 = ORIENTED_EDGE('',*,*,#5301,.T.);
#5303 = DIRECTION('',(0.22158112824151976,-0.2215811282415217,-0.949633406749378));
#5304 = VECTOR('',#5303,1.);
#5305 = LINE('',#5290,#5304);
#5306 = EDGE_CURVE('',#5291,#5289,#5305,.T.);
#5307 = ORIENTED_EDGE('',*,*,#5306,.T.);
#5308 = CARTESIAN_POINT('',(8.715,0.175,-9.6));
#5309 = DIRECTION('',(-0.9738412097417938,0.,-0.22722961560641639));
#5310 = DIRECTION('',(0.,-1.,0.));
#5311 = AXIS2_PLACEMENT_3D('',#5308,#5309,#5310);
#5312 = PLANE('',#5311);
#5313 = EDGE_LOOP('',(#5296,#5297,#5302,#5307));
#5314 = FACE_OUTER_BOUND('',#5313,.T.);
#5315 = ADVANCED_FACE('',(#5314),#5312,.T.);
#5316 = ORIENTED_EDGE('',*,*,#5306,.F.);
#5317 = DIRECTION('',(1.,0.,0.));
#5318 = VECTOR('',#5317,1.);
#5319 = LINE('',#5290,#5318);
#5320 = EDGE_CURVE('',#5291,#5213,#5319,.T.);
#5321 = ORIENTED_EDGE('',*,*,#5320,.T.);
#5322 = ORIENTED_EDGE('',*,*,#5250,.F.);
#5323 = DIRECTION('',(1.,0.,0.));
#5324 = VECTOR('',#5323,1.);
#5325 = LINE('',#5288,#5324);
#5326 = EDGE_CURVE('',#5289,#5241,#5325,.T.);
#5327 = ORIENTED_EDGE('',*,*,#5326,.F.);
#5328 = CARTESIAN_POINT('',(8.715,0.175,-9.6));
#5329 = DIRECTION('',(0.,0.9738412097417937,-0.22722961560641744));
#5330 = DIRECTION('',(-0.22158112824151976,0.2215811282415217,0.949633406749378));
#5331 = AXIS2_PLACEMENT_3D('',#5328,#5329,#5330);
#5332 = PLANE('',#5331);
#5333 = EDGE_LOOP('',(#5316,#5321,#5322,#5327));
#5334 = FACE_OUTER_BOUND('',#5333,.T.);
#5335 = ADVANCED_FACE('',(#5334),#5332,.T.);
#5336 = ORIENTED_EDGE('',*,*,#5326,.T.);
#5337 = ORIENTED_EDGE('',*,*,#5245,.F.);
#5338 = ORIENTED_EDGE('',*,*,#5278,.F.);
#5339 = ORIENTED_EDGE('',*,*,#5295,.T.);
#5340 = CARTESIAN_POINT('',(8.715,0.175,-9.6));
#5341 = DIRECTION('',(0.,0.,-1.));
#5342 = DIRECTION('',(1.,0.,0.));
#5343 = AXIS2_PLACEMENT_3D('',#5340,#5341,#5342);
#5344 = PLANE('',#5343);
#5345 = EDGE_LOOP('',(#5336,#5337,#5338,#5339));
#5346 = FACE_OUTER_BOUND('',#5345,.T.);
#5347 = ADVANCED_FACE('',(#5346),#5344,.T.);
#5348 = CARTESIAN_POINT('',(8.575000000000001,0.315,-3.6000000000000005));
#5349 = VERTEX_POINT('',#5348);
#5350 = DIRECTION('',(1.,0.,0.));
#5351 = VECTOR('',#5350,1.);
#5352 = LINE('',#5348,#5351);
#5353 = EDGE_CURVE('',#5349,#5211,#5352,.T.);
#5354 = ORIENTED_EDGE('',*,*,#5353,.T.);
#5355 = ORIENTED_EDGE('',*,*,#5228,.T.);
#5356 = ORIENTED_EDGE('',*,*,#5320,.F.);
#5357 = DIRECTION('',(0.,0.,-1.));
#5358 = VECTOR('',#5357,1.);
#5359 = LINE('',#5348,#5358);
#5360 = EDGE_CURVE('',#5349,#5291,#5359,.T.);
#5361 = ORIENTED_EDGE('',*,*,#5360,.F.);
#5362 = CARTESIAN_POINT('',(8.575000000000001,0.315,-3.6000000000000005));
#5363 = DIRECTION('',(0.,1.,0.));
#5364 = DIRECTION('',(1.,0.,0.));
#5365 = AXIS2_PLACEMENT_3D('',#5362,#5363,#5364);
#5366 = PLANE('',#5365);
#5367 = EDGE_LOOP('',(#5354,#5355,#5356,#5361));
#5368 = FACE_OUTER_BOUND('',#5367,.T.);
#5369 = ADVANCED_FACE('',(#5368),#5366,.T.);
#5370 = ORIENTED_EDGE('',*,*,#5360,.T.);
#5371 = ORIENTED_EDGE('',*,*,#5301,.F.);
#5372 = ORIENTED_EDGE('',*,*,#5200,.F.);
#5373 = DIRECTION('',(0.,1.,0.));
#5374 = VECTOR('',#5373,1.);
#5375 = LINE('',#5180,#5374);
#5376 = EDGE_CURVE('',#5181,#5349,#5375,.T.);
#5377 = ORIENTED_EDGE('',*,*,#5376,.T.);
#5378 = CARTESIAN_POINT('',(8.575000000000001,0.315,-3.6000000000000005));
#5379 = DIRECTION('',(-1.,0.,0.));
#5380 = DIRECTION('',(0.,0.,-1.));
#5381 = AXIS2_PLACEMENT_3D('',#5378,#5379,#5380);
#5382 = PLANE('',#5381);
#5383 = EDGE_LOOP('',(#5370,#5371,#5372,#5377));
#5384 = FACE_OUTER_BOUND('',#5383,.T.);
#5385 = ADVANCED_FACE('',(#5384),#5382,.T.);
#5386 = ORIENTED_EDGE('',*,*,#5376,.F.);
#5387 = ORIENTED_EDGE('',*,*,#5195,.T.);
#5388 = ORIENTED_EDGE('',*,*,#5217,.T.);
#5389 = ORIENTED_EDGE('',*,*,#5353,.F.);
#5390 = CARTESIAN_POINT('',(8.575000000000001,0.315,-3.6000000000000005));
#5391 = DIRECTION('',(0.,0.,1.));
#5392 = DIRECTION('',(0.,-1.,0.));
#5393 = AXIS2_PLACEMENT_3D('',#5390,#5391,#5392);
#5394 = PLANE('',#5393);
#5395 = EDGE_LOOP('',(#5386,#5387,#5388,#5389));
#5396 = FACE_OUTER_BOUND('',#5395,.T.);
#5397 = ADVANCED_FACE('',(#5396),#5394,.T.);
#5398 = CLOSED_SHELL('',(#5209,#5237,#5265,#5287,#5315,#5335,#5347,#5369,#5385,#5397));
#5399 = MANIFOLD_SOLID_BREP('',#5398);
#5400 = CARTESIAN_POINT('',(10.16,-1.27,-3.6));
#5401 = VERTEX_POINT('',#5400);
#5402 = CARTESIAN_POINT('',(10.16,-1.27,-1.6));
#5403 = VERTEX_POINT('',#5402);
#5404 = CARTESIAN_POINT('',(10.16,1.27,-1.6));
#5405 = VERTEX_POINT('',#5404);
#5406 = CARTESIAN_POINT('',(10.16,1.27,-3.6));
#5407 = VERTEX_POINT('',#5406);
#5408 = DIRECTION('',(0.,0.,-1.));
#5409 = VECTOR('',#5408,1.);
#5410 = LINE('',#5402,#5409);
#5411 = EDGE_CURVE('',#5403,#5401,#5410,.T.);
#5412 = ORIENTED_EDGE('',*,*,#5411,.F.);
#5413 = DIRECTION('',(0.,1.,0.));
#5414 = VECTOR('',#5413,1.);
#5415 = LINE('',#5402,#5414);
#5416 = EDGE_CURVE('',#5403,#5405,#5415,.T.);
#5417 = ORIENTED_EDGE('',*,*,#5416,.T.);
#5418 = DIRECTION('',(0.,0.,-1.));
#5419 = VECTOR('',#5418,1.);
#5420 = LINE('',#5404,#5419);
#5421 = EDGE_CURVE('',#5405,#5407,#5420,.T.);
#5422 = ORIENTED_EDGE('',*,*,#5421,.T.);
#5423 = DIRECTION('',(0.,1.,0.));
#5424 = VECTOR('',#5423,1.);
#5425 = LINE('',#5400,#5424);
#5426 = EDGE_CURVE('',#5401,#5407,#5425,.T.);
#5427 = ORIENTED_EDGE('',*,*,#5426,.F.);
#5428 = CARTESIAN_POINT('',(10.16,-1.27,-3.6));
#5429 = DIRECTION('',(-1.,0.,0.));
#5430 = DIRECTION('',(0.,0.,1.));
#5431 = AXIS2_PLACEMENT_3D('',#5428,#5429,#5430);
#5432 = PLANE('',#5431);
#5433 = EDGE_LOOP('',(#5412,#5417,#5422,#5427));
#5434 = FACE_OUTER_BOUND('',#5433,.T.);
#5435 = ADVANCED_FACE('',(#5434),#5432,.T.);
#5436 = CARTESIAN_POINT('',(12.7,-1.27,-3.6));
#5437 = VERTEX_POINT('',#5436);
#5438 = CARTESIAN_POINT('',(12.7,1.27,-3.6));
#5439 = VERTEX_POINT('',#5438);
#5440 = CARTESIAN_POINT('',(12.7,1.27,-1.6));
#5441 = VERTEX_POINT('',#5440);
#5442 = CARTESIAN_POINT('',(12.7,-1.27,-1.6));
#5443 = VERTEX_POINT('',#5442);
#5444 = DIRECTION('',(0.,1.,0.));
#5445 = VECTOR('',#5444,1.);
#5446 = LINE('',#5436,#5445);
#5447 = EDGE_CURVE('',#5437,#5439,#5446,.T.);
#5448 = ORIENTED_EDGE('',*,*,#5447,.T.);
#5449 = DIRECTION('',(0.,0.,-1.));
#5450 = VECTOR('',#5449,1.);
#5451 = LINE('',#5440,#5450);
#5452 = EDGE_CURVE('',#5441,#5439,#5451,.T.);
#5453 = ORIENTED_EDGE('',*,*,#5452,.F.);
#5454 = DIRECTION('',(0.,1.,0.));
#5455 = VECTOR('',#5454,1.);
#5456 = LINE('',#5442,#5455);
#5457 = EDGE_CURVE('',#5443,#5441,#5456,.T.);
#5458 = ORIENTED_EDGE('',*,*,#5457,.F.);
#5459 = DIRECTION('',(0.,0.,-1.));
#5460 = VECTOR('',#5459,1.);
#5461 = LINE('',#5442,#5460);
#5462 = EDGE_CURVE('',#5443,#5437,#5461,.T.);
#5463 = ORIENTED_EDGE('',*,*,#5462,.T.);
#5464 = CARTESIAN_POINT('',(12.7,-1.27,-3.6));
#5465 = DIRECTION('',(1.,0.,0.));
#5466 = DIRECTION('',(0.,1.,0.));
#5467 = AXIS2_PLACEMENT_3D('',#5464,#5465,#5466);
#5468 = PLANE('',#5467);
#5469 = EDGE_LOOP('',(#5448,#5453,#5458,#5463));
#5470 = FACE_OUTER_BOUND('',#5469,.T.);
#5471 = ADVANCED_FACE('',(#5470),#5468,.T.);
#5472 = DIRECTION('',(1.,0.,0.));
#5473 = VECTOR('',#5472,1.);
#5474 = LINE('',#5400,#5473);
#5475 = EDGE_CURVE('',#5401,#5437,#5474,.T.);
#5476 = ORIENTED_EDGE('',*,*,#5475,.T.);
#5477 = ORIENTED_EDGE('',*,*,#5462,.F.);
#5478 = DIRECTION('',(1.,0.,0.));
#5479 = VECTOR('',#5478,1.);
#5480 = LINE('',#5402,#5479);
#5481 = EDGE_CURVE('',#5403,#5443,#5480,.T.);
#5482 = ORIENTED_EDGE('',*,*,#5481,.F.);
#5483 = ORIENTED_EDGE('',*,*,#5411,.T.);
#5484 = CARTESIAN_POINT('',(10.16,-1.27,-3.6));
#5485 = DIRECTION('',(0.,-1.,0.));
#5486 = DIRECTION('',(1.,0.,0.));
#5487 = AXIS2_PLACEMENT_3D('',#5484,#5485,#5486);
#5488 = PLANE('',#5487);
#5489 = EDGE_LOOP('',(#5476,#5477,#5482,#5483));
#5490 = FACE_OUTER_BOUND('',#5489,.T.);
#5491 = ADVANCED_FACE('',(#5490),#5488,.T.);
#5492 = ORIENTED_EDGE('',*,*,#5421,.F.);
#5493 = DIRECTION('',(1.,0.,0.));
#5494 = VECTOR('',#5493,1.);
#5495 = LINE('',#5404,#5494);
#5496 = EDGE_CURVE('',#5405,#5441,#5495,.T.);
#5497 = ORIENTED_EDGE('',*,*,#5496,.T.);
#5498 = ORIENTED_EDGE('',*,*,#5452,.T.);
#5499 = DIRECTION('',(1.,0.,0.));
#5500 = VECTOR('',#5499,1.);
#5501 = LINE('',#5406,#5500);
#5502 = EDGE_CURVE('',#5407,#5439,#5501,.T.);
#5503 = ORIENTED_EDGE('',*,*,#5502,.F.);
#5504 = CARTESIAN_POINT('',(10.16,1.27,-3.6));
#5505 = DIRECTION('',(0.,1.,0.));
#5506 = DIRECTION('',(0.,0.,1.));
#5507 = AXIS2_PLACEMENT_3D('',#5504,#5505,#5506);
#5508 = PLANE('',#5507);
#5509 = EDGE_LOOP('',(#5492,#5497,#5498,#5503));
#5510 = FACE_OUTER_BOUND('',#5509,.T.);
#5511 = ADVANCED_FACE('',(#5510),#5508,.T.);
#5512 = ORIENTED_EDGE('',*,*,#5426,.T.);
#5513 = ORIENTED_EDGE('',*,*,#5502,.T.);
#5514 = ORIENTED_EDGE('',*,*,#5447,.F.);
#5515 = ORIENTED_EDGE('',*,*,#5475,.F.);
#5516 = CARTESIAN_POINT('',(10.16,-1.27,-3.6));
#5517 = DIRECTION('',(0.,0.,-1.));
#5518 = DIRECTION('',(0.,1.,0.));
#5519 = AXIS2_PLACEMENT_3D('',#5516,#5517,#5518);
#5520 = PLANE('',#5519);
#5521 = EDGE_LOOP('',(#5512,#5513,#5514,#5515));
#5522 = FACE_OUTER_BOUND('',#5521,.T.);
#5523 = ADVANCED_FACE('',(#5522),#5520,.T.);
#5524 = ORIENTED_EDGE('',*,*,#5481,.T.);
#5525 = ORIENTED_EDGE('',*,*,#5457,.T.);
#5526 = ORIENTED_EDGE('',*,*,#5496,.F.);
#5527 = ORIENTED_EDGE('',*,*,#5416,.F.);
#5528 = CARTESIAN_POINT('',(10.16,-1.27,-1.6));
#5529 = DIRECTION('',(0.,0.,1.));
#5530 = DIRECTION('',(1.,0.,0.));
#5531 = AXIS2_PLACEMENT_3D('',#5528,#5529,#5530);
#5532 = PLANE('',#5531);
#5533 = EDGE_LOOP('',(#5524,#5525,#5526,#5527));
#5534 = FACE_OUTER_BOUND('',#5533,.T.);
#5535 = ADVANCED_FACE('',(#5534),#5532,.T.);
#5536 = CLOSED_SHELL('',(#5435,#5471,#5491,#5511,#5523,#5535));
#5537 = MANIFOLD_SOLID_BREP('',#5536);
#5538 = COLOUR_RGB('',0.13333333333333333,0.13333333333333333,0.13333333333333333);
#5539 = FILL_AREA_STYLE_COLOUR('',#5538);
#5540 = FILL_AREA_STYLE('',(#5539));
#5541 = SURFACE_STYLE_FILL_AREA(#5540);
#5542 = SURFACE_SIDE_STYLE('',(#5541));
#5543 = SURFACE_STYLE_USAGE(.BOTH.,#5542);
#5544 = PRESENTATION_STYLE_ASSIGNMENT((#5543));
#5545 = STYLED_ITEM('',(#5544),#5537);
#5546 = CARTESIAN_POINT('',(11.115,0.315,0.5499999999999998));
#5547 = VERTEX_POINT('',#5546);
#5548 = CARTESIAN_POINT('',(11.745,0.315,0.5499999999999998));
#5549 = VERTEX_POINT('',#5548);
#5550 = CARTESIAN_POINT('',(11.745,0.315,-2.1500000000000004));
#5551 = VERTEX_POINT('',#5550);
#5552 = CARTESIAN_POINT('',(11.115,0.315,-2.1500000000000004));
#5553 = VERTEX_POINT('',#5552);
#5554 = DIRECTION('',(1.,0.,0.));
#5555 = VECTOR('',#5554,1.);
#5556 = LINE('',#5546,#5555);
#5557 = EDGE_CURVE('',#5547,#5549,#5556,.T.);
#5558 = ORIENTED_EDGE('',*,*,#5557,.T.);
#5559 = DIRECTION('',(0.,0.,1.));
#5560 = VECTOR('',#5559,1.);
#5561 = LINE('',#5550,#5560);
#5562 = EDGE_CURVE('',#5551,#5549,#5561,.T.);
#5563 = ORIENTED_EDGE('',*,*,#5562,.F.);
#5564 = DIRECTION('',(1.,0.,0.));
#5565 = VECTOR('',#5564,1.);
#5566 = LINE('',#5552,#5565);
#5567 = EDGE_CURVE('',#5553,#5551,#5566,.T.);
#5568 = ORIENTED_EDGE('',*,*,#5567,.F.);
#5569 = DIRECTION('',(0.,0.,1.));
#5570 = VECTOR('',#5569,1.);
#5571 = LINE('',#5552,#5570);
#5572 = EDGE_CURVE('',#5553,#5547,#5571,.T.);
#5573 = ORIENTED_EDGE('',*,*,#5572,.T.);
#5574 = CARTESIAN_POINT('',(11.115,0.315,0.5499999999999998));
#5575 = DIRECTION('',(0.,1.,0.));
#5576 = DIRECTION('',(1.,0.,0.));
#5577 = AXIS2_PLACEMENT_3D('',#5574,#5575,#5576);
#5578 = PLANE('',#5577);
#5579 = EDGE_LOOP('',(#5558,#5563,#5568,#5573));
#5580 = FACE_OUTER_BOUND('',#5579,.T.);
#5581 = ADVANCED_FACE('',(#5580),#5578,.T.);
#5582 = CARTESIAN_POINT('',(11.115,-0.315,-2.1500000000000004));
#5583 = VERTEX_POINT('',#5582);
#5584 = CARTESIAN_POINT('',(11.115,-0.315,0.5499999999999998));
#5585 = VERTEX_POINT('',#5584);
#5586 = ORIENTED_EDGE('',*,*,#5572,.F.);
#5587 = DIRECTION('',(0.,1.,0.));
#5588 = VECTOR('',#5587,1.);
#5589 = LINE('',#5582,#5588);
#5590 = EDGE_CURVE('',#5583,#5553,#5589,.T.);
#5591 = ORIENTED_EDGE('',*,*,#5590,.F.);
#5592 = DIRECTION('',(0.,0.,1.));
#5593 = VECTOR('',#5592,1.);
#5594 = LINE('',#5582,#5593);
#5595 = EDGE_CURVE('',#5583,#5585,#5594,.T.);
#5596 = ORIENTED_EDGE('',*,*,#5595,.T.);
#5597 = DIRECTION('',(0.,1.,0.));
#5598 = VECTOR('',#5597,1.);
#5599 = LINE('',#5584,#5598);
#5600 = EDGE_CURVE('',#5585,#5547,#5599,.T.);
#5601 = ORIENTED_EDGE('',*,*,#5600,.T.);
#5602 = CARTESIAN_POINT('',(11.115,0.315,0.5499999999999998));
#5603 = DIRECTION('',(-1.,0.,0.));
#5604 = DIRECTION('',(0.,0.,-1.));
#5605 = AXIS2_PLACEMENT_3D('',#5602,#5603,#5604);
#5606 = PLANE('',#5605);
#5607 = EDGE_LOOP('',(#5586,#5591,#5596,#5601));
#5608 = FACE_OUTER_BOUND('',#5607,.T.);
#5609 = ADVANCED_FACE('',(#5608),#5606,.T.);
#5610 = CARTESIAN_POINT('',(11.605,-0.175,0.8999999999999999));
#5611 = VERTEX_POINT('',#5610);
#5612 = CARTESIAN_POINT('',(11.254999999999999,-0.175,0.8999999999999999));
#5613 = VERTEX_POINT('',#5612);
#5614 = CARTESIAN_POINT('',(11.745,-0.315,0.5499999999999998));
#5615 = VERTEX_POINT('',#5614);
#5616 = DIRECTION('',(1.,0.,0.));
#5617 = VECTOR('',#5616,1.);
#5618 = LINE('',#5612,#5617);
#5619 = EDGE_CURVE('',#5613,#5611,#5618,.T.);
#5620 = ORIENTED_EDGE('',*,*,#5619,.F.);
#5621 = DIRECTION('',(0.34815531191139293,0.348155311911396,0.87038827977849));
#5622 = VECTOR('',#5621,1.);
#5623 = LINE('',#5584,#5622);
#5624 = EDGE_CURVE('',#5585,#5613,#5623,.T.);
#5625 = ORIENTED_EDGE('',*,*,#5624,.F.);
#5626 = DIRECTION('',(1.,0.,0.));
#5627 = VECTOR('',#5626,1.);
#5628 = LINE('',#5584,#5627);
#5629 = EDGE_CURVE('',#5585,#5615,#5628,.T.);
#5630 = ORIENTED_EDGE('',*,*,#5629,.T.);
#5631 = DIRECTION('',(0.34815531191139293,-0.348155311911396,-0.87038827977849));
#5632 = VECTOR('',#5631,1.);
#5633 = LINE('',#5610,#5632);
#5634 = EDGE_CURVE('',#5611,#5615,#5633,.T.);
#5635 = ORIENTED_EDGE('',*,*,#5634,.F.);
#5636 = CARTESIAN_POINT('',(11.605,-0.175,0.8999999999999999));
#5637 = DIRECTION('',(0.,-0.9284766908852599,0.3713906763541022));
#5638 = DIRECTION('',(-1.,0.,0.));
#5639 = AXIS2_PLACEMENT_3D('',#5636,#5637,#5638);
#5640 = PLANE('',#5639);
#5641 = EDGE_LOOP('',(#5620,#5625,#5630,#5635));
#5642 = FACE_OUTER_BOUND('',#5641,.T.);
#5643 = ADVANCED_FACE('',(#5642),#5640,.T.);
#5644 = CARTESIAN_POINT('',(11.745,-0.315,-2.1500000000000004));
#5645 = VERTEX_POINT('',#5644);
#5646 = DIRECTION('',(0.,1.,0.));
#5647 = VECTOR('',#5646,1.);
#5648 = LINE('',#5644,#5647);
#5649 = EDGE_CURVE('',#5645,#5551,#5648,.T.);
#5650 = ORIENTED_EDGE('',*,*,#5649,.T.);
#5651 = ORIENTED_EDGE('',*,*,#5562,.T.);
#5652 = DIRECTION('',(0.,1.,0.));
#5653 = VECTOR('',#5652,1.);
#5654 = LINE('',#5614,#5653);
#5655 = EDGE_CURVE('',#5615,#5549,#5654,.T.);
#5656 = ORIENTED_EDGE('',*,*,#5655,.F.);
#5657 = DIRECTION('',(0.,0.,1.));
#5658 = VECTOR('',#5657,1.);
#5659 = LINE('',#5644,#5658);
#5660 = EDGE_CURVE('',#5645,#5615,#5659,.T.);
#5661 = ORIENTED_EDGE('',*,*,#5660,.F.);
#5662 = CARTESIAN_POINT('',(11.745,-0.315,-2.1500000000000004));
#5663 = DIRECTION('',(1.,0.,0.));
#5664 = DIRECTION('',(0.,1.,0.));
#5665 = AXIS2_PLACEMENT_3D('',#5662,#5663,#5664);
#5666 = PLANE('',#5665);
#5667 = EDGE_LOOP('',(#5650,#5651,#5656,#5661));
#5668 = FACE_OUTER_BOUND('',#5667,.T.);
#5669 = ADVANCED_FACE('',(#5668),#5666,.T.);
#5670 = ORIENTED_EDGE('',*,*,#5660,.T.);
#5671 = ORIENTED_EDGE('',*,*,#5629,.F.);
#5672 = ORIENTED_EDGE('',*,*,#5595,.F.);
#5673 = DIRECTION('',(1.,0.,0.));
#5674 = VECTOR('',#5673,1.);
#5675 = LINE('',#5582,#5674);
#5676 = EDGE_CURVE('',#5583,#5645,#5675,.T.);
#5677 = ORIENTED_EDGE('',*,*,#5676,.T.);
#5678 = CARTESIAN_POINT('',(11.745,-0.315,-2.1500000000000004));
#5679 = DIRECTION('',(0.,-1.,0.));
#5680 = DIRECTION('',(0.,0.,1.));
#5681 = AXIS2_PLACEMENT_3D('',#5678,#5679,#5680);
#5682 = PLANE('',#5681);
#5683 = EDGE_LOOP('',(#5670,#5671,#5672,#5677));
#5684 = FACE_OUTER_BOUND('',#5683,.T.);
#5685 = ADVANCED_FACE('',(#5684),#5682,.T.);
#5686 = ORIENTED_EDGE('',*,*,#5676,.F.);
#5687 = ORIENTED_EDGE('',*,*,#5590,.T.);
#5688 = ORIENTED_EDGE('',*,*,#5567,.T.);
#5689 = ORIENTED_EDGE('',*,*,#5649,.F.);
#5690 = CARTESIAN_POINT('',(11.745,-0.315,-2.1500000000000004));
#5691 = DIRECTION('',(0.,0.,-1.));
#5692 = DIRECTION('',(-1.,0.,0.));
#5693 = AXIS2_PLACEMENT_3D('',#5690,#5691,#5692);
#5694 = PLANE('',#5693);
#5695 = EDGE_LOOP('',(#5686,#5687,#5688,#5689));
#5696 = FACE_OUTER_BOUND('',#5695,.T.);
#5697 = ADVANCED_FACE('',(#5696),#5694,.T.);
#5698 = CARTESIAN_POINT('',(11.254999999999999,0.175,0.8999999999999999));
#5699 = VERTEX_POINT('',#5698);
#5700 = DIRECTION('',(0.34815531191139293,-0.348155311911396,0.87038827977849));
#5701 = VECTOR('',#5700,1.);
#5702 = LINE('',#5546,#5701);
#5703 = EDGE_CURVE('',#5547,#5699,#5702,.T.);
#5704 = ORIENTED_EDGE('',*,*,#5703,.F.);
#5705 = ORIENTED_EDGE('',*,*,#5600,.F.);
#5706 = ORIENTED_EDGE('',*,*,#5624,.T.);
#5707 = DIRECTION('',(0.,1.,0.));
#5708 = VECTOR('',#5707,1.);
#5709 = LINE('',#5612,#5708);
#5710 = EDGE_CURVE('',#5613,#5699,#5709,.T.);
#5711 = ORIENTED_EDGE('',*,*,#5710,.T.);
#5712 = CARTESIAN_POINT('',(11.254999999999999,0.175,0.8999999999999999));
#5713 = DIRECTION('',(-0.9284766908852604,0.,0.3713906763541009));
#5714 = DIRECTION('',(-0.34815531191139293,0.348155311911396,-0.87038827977849));
#5715 = AXIS2_PLACEMENT_3D('',#5712,#5713,#5714);
#5716 = PLANE('',#5715);
#5717 = EDGE_LOOP('',(#5704,#5705,#5706,#5711));
#5718 = FACE_OUTER_BOUND('',#5717,.T.);
#5719 = ADVANCED_FACE('',(#5718),#5716,.T.);
#5720 = CARTESIAN_POINT('',(11.605,0.175,0.8999999999999999));
#5721 = VERTEX_POINT('',#5720);
#5722 = DIRECTION('',(0.34815531191139293,0.348155311911396,-0.87038827977849));
#5723 = VECTOR('',#5722,1.);
#5724 = LINE('',#5720,#5723);
#5725 = EDGE_CURVE('',#5721,#5549,#5724,.T.);
#5726 = ORIENTED_EDGE('',*,*,#5725,.T.);
#5727 = ORIENTED_EDGE('',*,*,#5557,.F.);
#5728 = ORIENTED_EDGE('',*,*,#5703,.T.);
#5729 = DIRECTION('',(1.,0.,0.));
#5730 = VECTOR('',#5729,1.);
#5731 = LINE('',#5698,#5730);
#5732 = EDGE_CURVE('',#5699,#5721,#5731,.T.);
#5733 = ORIENTED_EDGE('',*,*,#5732,.T.);
#5734 = CARTESIAN_POINT('',(11.605,0.175,0.8999999999999999));
#5735 = DIRECTION('',(0.,0.9284766908852599,0.371390676354102));
#5736 = DIRECTION('',(0.34815531191139293,0.348155311911396,-0.87038827977849));
#5737 = AXIS2_PLACEMENT_3D('',#5734,#5735,#5736);
#5738 = PLANE('',#5737);
#5739 = EDGE_LOOP('',(#5726,#5727,#5728,#5733));
#5740 = FACE_OUTER_BOUND('',#5739,.T.);
#5741 = ADVANCED_FACE('',(#5740),#5738,.T.);
#5742 = ORIENTED_EDGE('',*,*,#5732,.F.);
#5743 = ORIENTED_EDGE('',*,*,#5710,.F.);
#5744 = ORIENTED_EDGE('',*,*,#5619,.T.);
#5745 = DIRECTION('',(0.,1.,0.));
#5746 = VECTOR('',#5745,1.);
#5747 = LINE('',#5610,#5746);
#5748 = EDGE_CURVE('',#5611,#5721,#5747,.T.);
#5749 = ORIENTED_EDGE('',*,*,#5748,.T.);
#5750 = CARTESIAN_POINT('',(11.605,0.175,0.8999999999999999));
#5751 = DIRECTION('',(0.,0.,1.));
#5752 = DIRECTION('',(-1.,0.,0.));
#5753 = AXIS2_PLACEMENT_3D('',#5750,#5751,#5752);
#5754 = PLANE('',#5753);
#5755 = EDGE_LOOP('',(#5742,#5743,#5744,#5749));
#5756 = FACE_OUTER_BOUND('',#5755,.T.);
#5757 = ADVANCED_FACE('',(#5756),#5754,.T.);
#5758 = ORIENTED_EDGE('',*,*,#5748,.F.);
#5759 = ORIENTED_EDGE('',*,*,#5634,.T.);
#5760 = ORIENTED_EDGE('',*,*,#5655,.T.);
#5761 = ORIENTED_EDGE('',*,*,#5725,.F.);
#5762 = CARTESIAN_POINT('',(11.605,0.175,0.8999999999999999));
#5763 = DIRECTION('',(0.9284766908852604,0.,0.3713906763541009));
#5764 = DIRECTION('',(0.,-1.,0.));
#5765 = AXIS2_PLACEMENT_3D('',#5762,#5763,#5764);
#5766 = PLANE('',#5765);
#5767 = EDGE_LOOP('',(#5758,#5759,#5760,#5761));
#5768 = FACE_OUTER_BOUND('',#5767,.T.);
#5769 = ADVANCED_FACE('',(#5768),#5766,.T.);
#5770 = CLOSED_SHELL('',(#5581,#5609,#5643,#5669,#5685,#5697,#5719,#5741,#5757,#5769));
#5771 = MANIFOLD_SOLID_BREP('',#5770);
#5772 = CARTESIAN_POINT('',(11.115,-0.315,-9.));
#5773 = VERTEX_POINT('',#5772);
#5774 = CARTESIAN_POINT('',(11.745,-0.315,-9.));
#5775 = VERTEX_POINT('',#5774);
#5776 = CARTESIAN_POINT('',(11.745,-0.315,-3.6000000000000005));
#5777 = VERTEX_POINT('',#5776);
#5778 = CARTESIAN_POINT('',(11.115,-0.315,-3.6000000000000005));
#5779 = VERTEX_POINT('',#5778);
#5780 = DIRECTION('',(1.,0.,0.));
#5781 = VECTOR('',#5780,1.);
#5782 = LINE('',#5772,#5781);
#5783 = EDGE_CURVE('',#5773,#5775,#5782,.T.);
#5784 = ORIENTED_EDGE('',*,*,#5783,.T.);
#5785 = DIRECTION('',(0.,0.,-1.));
#5786 = VECTOR('',#5785,1.);
#5787 = LINE('',#5776,#5786);
#5788 = EDGE_CURVE('',#5777,#5775,#5787,.T.);
#5789 = ORIENTED_EDGE('',*,*,#5788,.F.);
#5790 = DIRECTION('',(1.,0.,0.));
#5791 = VECTOR('',#5790,1.);
#5792 = LINE('',#5778,#5791);
#5793 = EDGE_CURVE('',#5779,#5777,#5792,.T.);
#5794 = ORIENTED_EDGE('',*,*,#5793,.F.);
#5795 = DIRECTION('',(0.,0.,-1.));
#5796 = VECTOR('',#5795,1.);
#5797 = LINE('',#5778,#5796);
#5798 = EDGE_CURVE('',#5779,#5773,#5797,.T.);
#5799 = ORIENTED_EDGE('',*,*,#5798,.T.);
#5800 = CARTESIAN_POINT('',(11.115,-0.315,-9.));
#5801 = DIRECTION('',(0.,-1.,0.));
#5802 = DIRECTION('',(1.,0.,0.));
#5803 = AXIS2_PLACEMENT_3D('',#5800,#5801,#5802);
#5804 = PLANE('',#5803);
#5805 = EDGE_LOOP('',(#5784,#5789,#5794,#5799));
#5806 = FACE_OUTER_BOUND('',#5805,.T.);
#5807 = ADVANCED_FACE('',(#5806),#5804,.T.);
#5808 = CARTESIAN_POINT('',(11.745,0.315,-3.6000000000000005));
#5809 = VERTEX_POINT('',#5808);
#5810 = CARTESIAN_POINT('',(11.745,0.315,-9.));
#5811 = VERTEX_POINT('',#5810);
#5812 = DIRECTION('',(0.,1.,0.));
#5813 = VECTOR('',#5812,1.);
#5814 = LINE('',#5776,#5813);
#5815 = EDGE_CURVE('',#5777,#5809,#5814,.T.);
#5816 = ORIENTED_EDGE('',*,*,#5815,.F.);
#5817 = ORIENTED_EDGE('',*,*,#5788,.T.);
#5818 = DIRECTION('',(0.,1.,0.));
#5819 = VECTOR('',#5818,1.);
#5820 = LINE('',#5774,#5819);
#5821 = EDGE_CURVE('',#5775,#5811,#5820,.T.);
#5822 = ORIENTED_EDGE('',*,*,#5821,.T.);
#5823 = DIRECTION('',(0.,0.,-1.));
#5824 = VECTOR('',#5823,1.);
#5825 = LINE('',#5808,#5824);
#5826 = EDGE_CURVE('',#5809,#5811,#5825,.T.);
#5827 = ORIENTED_EDGE('',*,*,#5826,.F.);
#5828 = CARTESIAN_POINT('',(11.745,0.315,-3.6000000000000005));
#5829 = DIRECTION('',(1.,0.,0.));
#5830 = DIRECTION('',(0.,-1.,0.));
#5831 = AXIS2_PLACEMENT_3D('',#5828,#5829,#5830);
#5832 = PLANE('',#5831);
#5833 = EDGE_LOOP('',(#5816,#5817,#5822,#5827));
#5834 = FACE_OUTER_BOUND('',#5833,.T.);
#5835 = ADVANCED_FACE('',(#5834),#5832,.T.);
#5836 = CARTESIAN_POINT('',(11.605,-0.175,-9.6));
#5837 = VERTEX_POINT('',#5836);
#5838 = CARTESIAN_POINT('',(11.605,0.175,-9.6));
#5839 = VERTEX_POINT('',#5838);
#5840 = DIRECTION('',(0.,1.,0.));
#5841 = VECTOR('',#5840,1.);
#5842 = LINE('',#5836,#5841);
#5843 = EDGE_CURVE('',#5837,#5839,#5842,.T.);
#5844 = ORIENTED_EDGE('',*,*,#5843,.T.);
#5845 = DIRECTION('',(0.22158112824151976,0.2215811282415217,0.949633406749378));
#5846 = VECTOR('',#5845,1.);
#5847 = LINE('',#5838,#5846);
#5848 = EDGE_CURVE('',#5839,#5811,#5847,.T.);
#5849 = ORIENTED_EDGE('',*,*,#5848,.T.);
#5850 = ORIENTED_EDGE('',*,*,#5821,.F.);
#5851 = DIRECTION('',(0.22158112824151976,-0.2215811282415217,0.949633406749378));
#5852 = VECTOR('',#5851,1.);
#5853 = LINE('',#5836,#5852);
#5854 = EDGE_CURVE('',#5837,#5775,#5853,.T.);
#5855 = ORIENTED_EDGE('',*,*,#5854,.F.);
#5856 = CARTESIAN_POINT('',(11.605,-0.175,-9.6));
#5857 = DIRECTION('',(0.9738412097417938,0.,-0.22722961560641639));
#5858 = DIRECTION('',(0.,1.,0.));
#5859 = AXIS2_PLACEMENT_3D('',#5856,#5857,#5858);
#5860 = PLANE('',#5859);
#5861 = EDGE_LOOP('',(#5844,#5849,#5850,#5855));
#5862 = FACE_OUTER_BOUND('',#5861,.T.);
#5863 = ADVANCED_FACE('',(#5862),#5860,.T.);
#5864 = CARTESIAN_POINT('',(11.254999999999999,-0.175,-9.6));
#5865 = VERTEX_POINT('',#5864);
#5866 = ORIENTED_EDGE('',*,*,#5854,.T.);
#5867 = ORIENTED_EDGE('',*,*,#5783,.F.);
#5868 = DIRECTION('',(0.22158112824151976,0.2215811282415217,-0.949633406749378));
#5869 = VECTOR('',#5868,1.);
#5870 = LINE('',#5772,#5869);
#5871 = EDGE_CURVE('',#5773,#5865,#5870,.T.);
#5872 = ORIENTED_EDGE('',*,*,#5871,.T.);
#5873 = DIRECTION('',(1.,0.,0.));
#5874 = VECTOR('',#5873,1.);
#5875 = LINE('',#5864,#5874);
#5876 = EDGE_CURVE('',#5865,#5837,#5875,.T.);
#5877 = ORIENTED_EDGE('',*,*,#5876,.T.);
#5878 = CARTESIAN_POINT('',(11.605,-0.175,-9.6));
#5879 = DIRECTION('',(0.,-0.9738412097417937,-0.22722961560641744));
#5880 = DIRECTION('',(0.22158112824151976,-0.2215811282415217,0.949633406749378));
#5881 = AXIS2_PLACEMENT_3D('',#5878,#5879,#5880);
#5882 = PLANE('',#5881);
#5883 = EDGE_LOOP('',(#5866,#5867,#5872,#5877));
#5884 = FACE_OUTER_BOUND('',#5883,.T.);
#5885 = ADVANCED_FACE('',(#5884),#5882,.T.);
#5886 = CARTESIAN_POINT('',(11.254999999999999,0.175,-9.6));
#5887 = VERTEX_POINT('',#5886);
#5888 = CARTESIAN_POINT('',(11.115,0.315,-9.));
#5889 = VERTEX_POINT('',#5888);
#5890 = DIRECTION('',(0.,1.,0.));
#5891 = VECTOR('',#5890,1.);
#5892 = LINE('',#5864,#5891);
#5893 = EDGE_CURVE('',#5865,#5887,#5892,.T.);
#5894 = ORIENTED_EDGE('',*,*,#5893,.F.);
#5895 = ORIENTED_EDGE('',*,*,#5871,.F.);
#5896 = DIRECTION('',(0.,1.,0.));
#5897 = VECTOR('',#5896,1.);
#5898 = LINE('',#5772,#5897);
#5899 = EDGE_CURVE('',#5773,#5889,#5898,.T.);
#5900 = ORIENTED_EDGE('',*,*,#5899,.T.);
#5901 = DIRECTION('',(0.22158112824151976,-0.2215811282415217,-0.949633406749378));
#5902 = VECTOR('',#5901,1.);
#5903 = LINE('',#5888,#5902);
#5904 = EDGE_CURVE('',#5889,#5887,#5903,.T.);
#5905 = ORIENTED_EDGE('',*,*,#5904,.T.);
#5906 = CARTESIAN_POINT('',(11.254999999999999,0.175,-9.6));
#5907 = DIRECTION('',(-0.9738412097417938,0.,-0.22722961560641639));
#5908 = DIRECTION('',(0.,-1.,0.));
#5909 = AXIS2_PLACEMENT_3D('',#5906,#5907,#5908);
#5910 = PLANE('',#5909);
#5911 = EDGE_LOOP('',(#5894,#5895,#5900,#5905));
#5912 = FACE_OUTER_BOUND('',#5911,.T.);
#5913 = ADVANCED_FACE('',(#5912),#5910,.T.);
#5914 = ORIENTED_EDGE('',*,*,#5904,.F.);
#5915 = DIRECTION('',(1.,0.,0.));
#5916 = VECTOR('',#5915,1.);
#5917 = LINE('',#5888,#5916);
#5918 = EDGE_CURVE('',#5889,#5811,#5917,.T.);
#5919 = ORIENTED_EDGE('',*,*,#5918,.T.);
#5920 = ORIENTED_EDGE('',*,*,#5848,.F.);
#5921 = DIRECTION('',(1.,0.,0.));
#5922 = VECTOR('',#5921,1.);
#5923 = LINE('',#5886,#5922);
#5924 = EDGE_CURVE('',#5887,#5839,#5923,.T.);
#5925 = ORIENTED_EDGE('',*,*,#5924,.F.);
#5926 = CARTESIAN_POINT('',(11.254999999999999,0.175,-9.6));
#5927 = DIRECTION('',(0.,0.9738412097417937,-0.22722961560641744));
#5928 = DIRECTION('',(-0.22158112824151976,0.2215811282415217,0.949633406749378));
#5929 = AXIS2_PLACEMENT_3D('',#5926,#5927,#5928);
#5930 = PLANE('',#5929);
#5931 = EDGE_LOOP('',(#5914,#5919,#5920,#5925));
#5932 = FACE_OUTER_BOUND('',#5931,.T.);
#5933 = ADVANCED_FACE('',(#5932),#5930,.T.);
#5934 = ORIENTED_EDGE('',*,*,#5924,.T.);
#5935 = ORIENTED_EDGE('',*,*,#5843,.F.);
#5936 = ORIENTED_EDGE('',*,*,#5876,.F.);
#5937 = ORIENTED_EDGE('',*,*,#5893,.T.);
#5938 = CARTESIAN_POINT('',(11.254999999999999,0.175,-9.6));
#5939 = DIRECTION('',(0.,0.,-1.));
#5940 = DIRECTION('',(1.,0.,0.));
#5941 = AXIS2_PLACEMENT_3D('',#5938,#5939,#5940);
#5942 = PLANE('',#5941);
#5943 = EDGE_LOOP('',(#5934,#5935,#5936,#5937));
#5944 = FACE_OUTER_BOUND('',#5943,.T.);
#5945 = ADVANCED_FACE('',(#5944),#5942,.T.);
#5946 = CARTESIAN_POINT('',(11.115,0.315,-3.6000000000000005));
#5947 = VERTEX_POINT('',#5946);
#5948 = DIRECTION('',(1.,0.,0.));
#5949 = VECTOR('',#5948,1.);
#5950 = LINE('',#5946,#5949);
#5951 = EDGE_CURVE('',#5947,#5809,#5950,.T.);
#5952 = ORIENTED_EDGE('',*,*,#5951,.T.);
#5953 = ORIENTED_EDGE('',*,*,#5826,.T.);
#5954 = ORIENTED_EDGE('',*,*,#5918,.F.);
#5955 = DIRECTION('',(0.,0.,-1.));
#5956 = VECTOR('',#5955,1.);
#5957 = LINE('',#5946,#5956);
#5958 = EDGE_CURVE('',#5947,#5889,#5957,.T.);
#5959 = ORIENTED_EDGE('',*,*,#5958,.F.);
#5960 = CARTESIAN_POINT('',(11.115,0.315,-3.6000000000000005));
#5961 = DIRECTION('',(0.,1.,0.));
#5962 = DIRECTION('',(1.,0.,0.));
#5963 = AXIS2_PLACEMENT_3D('',#5960,#5961,#5962);
#5964 = PLANE('',#5963);
#5965 = EDGE_LOOP('',(#5952,#5953,#5954,#5959));
#5966 = FACE_OUTER_BOUND('',#5965,.T.);
#5967 = ADVANCED_FACE('',(#5966),#5964,.T.);
#5968 = ORIENTED_EDGE('',*,*,#5958,.T.);
#5969 = ORIENTED_EDGE('',*,*,#5899,.F.);
#5970 = ORIENTED_EDGE('',*,*,#5798,.F.);
#5971 = DIRECTION('',(0.,1.,0.));
#5972 = VECTOR('',#5971,1.);
#5973 = LINE('',#5778,#5972);
#5974 = EDGE_CURVE('',#5779,#5947,#5973,.T.);
#5975 = ORIENTED_EDGE('',*,*,#5974,.T.);
#5976 = CARTESIAN_POINT('',(11.115,0.315,-3.6000000000000005));
#5977 = DIRECTION('',(-1.,0.,0.));
#5978 = DIRECTION('',(0.,0.,-1.));
#5979 = AXIS2_PLACEMENT_3D('',#5976,#5977,#5978);
#5980 = PLANE('',#5979);
#5981 = EDGE_LOOP('',(#5968,#5969,#5970,#5975));
#5982 = FACE_OUTER_BOUND('',#5981,.T.);
#5983 = ADVANCED_FACE('',(#5982),#5980,.T.);
#5984 = ORIENTED_EDGE('',*,*,#5974,.F.);
#5985 = ORIENTED_EDGE('',*,*,#5793,.T.);
#5986 = ORIENTED_EDGE('',*,*,#5815,.T.);
#5987 = ORIENTED_EDGE('',*,*,#5951,.F.);
#5988 = CARTESIAN_POINT('',(11.115,0.315,-3.6000000000000005));
#5989 = DIRECTION('',(0.,0.,1.));
#5990 = DIRECTION('',(0.,-1.,0.));
#5991 = AXIS2_PLACEMENT_3D('',#5988,#5989,#5990);
#5992 = PLANE('',#5991);
#5993 = EDGE_LOOP('',(#5984,#5985,#5986,#5987));
#5994 = FACE_OUTER_BOUND('',#5993,.T.);
#5995 = ADVANCED_FACE('',(#5994),#5992,.T.);
#5996 = CLOSED_SHELL('',(#5807,#5835,#5863,#5885,#5913,#5933,#5945,#5967,#5983,#5995));
#5997 = MANIFOLD_SOLID_BREP('',#5996);
#5998 = ADVANCED_BREP_SHAPE_REPRESENTATION('',(#17,#155,#389,#615,#753,#987,#1213,#1351,#1585,#1811,#1949,#2183,#2409,#2547,#2781,#3007,#3145,#3379,#3605,#3743,#3977,#4203,#4341,#4575,#4801,#4939,#5173,#5399,#5537,#5771,#5997),#13);
#5999 = SHAPE_DEFINITION_REPRESENTATION(#8,#5998);
#6000 = MECHANICAL_DESIGN_GEOMETRIC_PRESENTATION_REPRESENTATION('',(#163,#761,#1359,#1957,#2555,#3153,#3751,#4349,#4947,#5545),#13);
ENDSEC;
END-ISO-10303-21;