ISO-10303-21;
HEADER;
FILE_DESCRIPTION((''),'2;1');
FILE_NAME('GX12-4P-M','2025-05-23T18:14:40',('win11'),(''),
'CREO PARAMETRIC BY PTC INC, 2023073','CREO PARAMETRIC BY PTC INC, 2023073','');
FILE_SCHEMA(('CONFIG_CONTROL_DESIGN','SHAPE_APPEARANCE_LAYERS_GROUPS'));
ENDSEC;
DATA;
#23=CARTESIAN_POINT('',(1.7E0,1.65E1,-1.7E0));
#24=DIRECTION('',(0.E0,1.E0,0.E0));
#25=DIRECTION('',(1.E0,0.E0,0.E0));
#26=AXIS2_PLACEMENT_3D('',#23,#24,#25);
#28=DIRECTION('',(0.E0,1.E0,0.E0));
#29=VECTOR('',#28,7.E-1);
#30=CARTESIAN_POINT('',(2.45E0,1.58E1,-1.7E0));
#31=LINE('',#30,#29);
#32=DIRECTION('',(1.E0,0.E0,0.E0));
#33=VECTOR('',#32,1.75E-1);
#34=CARTESIAN_POINT('',(-1.125E0,1.65E1,-1.7E0));
#35=LINE('',#34,#33);
#36=CARTESIAN_POINT('',(-1.7E0,1.65E1,-1.7E0));
#37=DIRECTION('',(0.E0,1.E0,0.E0));
#38=DIRECTION('',(-1.E0,0.E0,0.E0));
#39=AXIS2_PLACEMENT_3D('',#36,#37,#38);
#41=DIRECTION('',(1.E0,0.E0,0.E0));
#42=VECTOR('',#41,1.75E-1);
#43=CARTESIAN_POINT('',(-2.45E0,1.65E1,-1.7E0));
#44=LINE('',#43,#42);
#45=DIRECTION('',(1.E0,0.E0,0.E0));
#46=VECTOR('',#45,1.75E-1);
#47=CARTESIAN_POINT('',(2.275E0,1.65E1,-1.7E0));
#48=LINE('',#47,#46);
#49=CARTESIAN_POINT('',(1.7E0,1.65E1,-1.7E0));
#50=DIRECTION('',(0.E0,1.E0,0.E0));
#51=DIRECTION('',(-1.E0,0.E0,0.E0));
#52=AXIS2_PLACEMENT_3D('',#49,#50,#51);
#54=DIRECTION('',(1.E0,0.E0,0.E0));
#55=VECTOR('',#54,1.75E-1);
#56=CARTESIAN_POINT('',(9.5E-1,1.65E1,-1.7E0));
#57=LINE('',#56,#55);
#58=DIRECTION('',(-1.E0,0.E0,0.E0));
#59=VECTOR('',#58,1.75E-1);
#60=CARTESIAN_POINT('',(-2.275E0,1.65E1,1.7E0));
#61=LINE('',#60,#59);
#62=CARTESIAN_POINT('',(-1.7E0,1.65E1,1.7E0));
#63=DIRECTION('',(0.E0,1.E0,0.E0));
#64=DIRECTION('',(1.E0,0.E0,0.E0));
#65=AXIS2_PLACEMENT_3D('',#62,#63,#64);
#67=DIRECTION('',(-1.E0,0.E0,0.E0));
#68=VECTOR('',#67,1.75E-1);
#69=CARTESIAN_POINT('',(-9.5E-1,1.65E1,1.7E0));
#70=LINE('',#69,#68);
#71=DIRECTION('',(-1.E0,0.E0,0.E0));
#72=VECTOR('',#71,1.75E-1);
#73=CARTESIAN_POINT('',(1.125E0,1.65E1,1.7E0));
#74=LINE('',#73,#72);
#75=CARTESIAN_POINT('',(1.7E0,1.65E1,1.7E0));
#76=DIRECTION('',(0.E0,1.E0,0.E0));
#77=DIRECTION('',(1.E0,0.E0,0.E0));
#78=AXIS2_PLACEMENT_3D('',#75,#76,#77);
#80=DIRECTION('',(-1.E0,0.E0,0.E0));
#81=VECTOR('',#80,1.75E-1);
#82=CARTESIAN_POINT('',(2.45E0,1.65E1,1.7E0));
#83=LINE('',#82,#81);
#84=CARTESIAN_POINT('',(-1.7E0,1.65E1,-1.7E0));
#85=DIRECTION('',(0.E0,1.E0,0.E0));
#86=DIRECTION('',(1.E0,0.E0,0.E0));
#87=AXIS2_PLACEMENT_3D('',#84,#85,#86);
#89=DIRECTION('',(0.E0,1.E0,0.E0));
#90=VECTOR('',#89,7.E-1);
#91=CARTESIAN_POINT('',(-9.5E-1,1.58E1,-1.7E0));
#92=LINE('',#91,#90);
#93=DIRECTION('',(0.E0,1.E0,0.E0));
#94=VECTOR('',#93,3.E0);
#95=CARTESIAN_POINT('',(-2.45E0,1.65E1,-1.7E0));
#96=LINE('',#95,#94);
#97=DIRECTION('',(0.E0,1.E0,0.E0));
#98=VECTOR('',#97,3.E0);
#99=CARTESIAN_POINT('',(-9.5E-1,1.65E1,-1.7E0));
#100=LINE('',#99,#98);
#101=DIRECTION('',(0.E0,1.E0,0.E0));
#102=VECTOR('',#101,7.E-1);
#103=CARTESIAN_POINT('',(-2.45E0,1.58E1,-1.7E0));
#104=LINE('',#103,#102);
#105=DIRECTION('',(-1.E0,0.E0,0.E0));
#106=VECTOR('',#105,1.75E-1);
#107=CARTESIAN_POINT('',(-9.5E-1,1.95E1,1.7E0));
#108=LINE('',#107,#106);
#109=CARTESIAN_POINT('',(-1.7E0,1.95E1,1.7E0));
#110=DIRECTION('',(0.E0,1.E0,0.E0));
#111=DIRECTION('',(1.E0,0.E0,0.E0));
#112=AXIS2_PLACEMENT_3D('',#109,#110,#111);
#114=DIRECTION('',(1.E0,0.E0,0.E0));
#115=VECTOR('',#114,1.75E-1);
#116=CARTESIAN_POINT('',(-2.45E0,1.95E1,1.7E0));
#117=LINE('',#116,#115);
#118=CARTESIAN_POINT('',(-1.7E0,1.95E1,1.7E0));
#119=DIRECTION('',(0.E0,1.E0,0.E0));
#120=DIRECTION('',(1.E0,0.E0,0.E0));
#121=AXIS2_PLACEMENT_3D('',#118,#119,#120);
#123=DIRECTION('',(-1.E0,0.E0,0.E0));
#124=VECTOR('',#123,1.75E-1);
#125=CARTESIAN_POINT('',(2.45E0,1.95E1,1.7E0));
#126=LINE('',#125,#124);
#127=CARTESIAN_POINT('',(1.7E0,1.95E1,1.7E0));
#128=DIRECTION('',(0.E0,1.E0,0.E0));
#129=DIRECTION('',(1.E0,0.E0,0.E0));
#130=AXIS2_PLACEMENT_3D('',#127,#128,#129);
#132=DIRECTION('',(-1.E0,0.E0,0.E0));
#133=VECTOR('',#132,1.75E-1);
#134=CARTESIAN_POINT('',(1.125E0,1.95E1,1.7E0));
#135=LINE('',#134,#133);
#136=CARTESIAN_POINT('',(1.7E0,1.95E1,1.7E0));
#137=DIRECTION('',(0.E0,1.E0,0.E0));
#138=DIRECTION('',(1.E0,0.E0,0.E0));
#139=AXIS2_PLACEMENT_3D('',#136,#137,#138);
#141=DIRECTION('',(1.E0,0.E0,0.E0));
#142=VECTOR('',#141,1.75E-1);
#143=CARTESIAN_POINT('',(-2.45E0,1.95E1,-1.7E0));
#144=LINE('',#143,#142);
#145=CARTESIAN_POINT('',(-1.7E0,1.95E1,-1.7E0));
#146=DIRECTION('',(0.E0,1.E0,0.E0));
#147=DIRECTION('',(-1.E0,0.E0,0.E0));
#148=AXIS2_PLACEMENT_3D('',#145,#146,#147);
#150=DIRECTION('',(1.E0,0.E0,0.E0));
#151=VECTOR('',#150,1.75E-1);
#152=CARTESIAN_POINT('',(-1.125E0,1.95E1,-1.7E0));
#153=LINE('',#152,#151);
#154=CARTESIAN_POINT('',(-1.7E0,1.95E1,-1.7E0));
#155=DIRECTION('',(0.E0,1.E0,0.E0));
#156=DIRECTION('',(-1.E0,0.E0,0.E0));
#157=AXIS2_PLACEMENT_3D('',#154,#155,#156);
#159=DIRECTION('',(1.E0,0.E0,0.E0));
#160=VECTOR('',#159,1.75E-1);
#161=CARTESIAN_POINT('',(9.5E-1,1.95E1,-1.7E0));
#162=LINE('',#161,#160);
#163=CARTESIAN_POINT('',(1.7E0,1.95E1,-1.7E0));
#164=DIRECTION('',(0.E0,1.E0,0.E0));
#165=DIRECTION('',(-1.E0,0.E0,0.E0));
#166=AXIS2_PLACEMENT_3D('',#163,#164,#165);
#168=DIRECTION('',(1.E0,0.E0,0.E0));
#169=VECTOR('',#168,1.75E-1);
#170=CARTESIAN_POINT('',(2.275E0,1.95E1,-1.7E0));
#171=LINE('',#170,#169);
#172=CARTESIAN_POINT('',(1.7E0,1.95E1,-1.7E0));
#173=DIRECTION('',(0.E0,1.E0,0.E0));
#174=DIRECTION('',(-1.E0,0.E0,0.E0));
#175=AXIS2_PLACEMENT_3D('',#172,#173,#174);
#177=DIRECTION('',(0.E0,1.E0,0.E0));
#178=VECTOR('',#177,3.E0);
#179=CARTESIAN_POINT('',(-9.5E-1,1.65E1,1.7E0));
#180=LINE('',#179,#178);
#181=DIRECTION('',(0.E0,1.E0,0.E0));
#182=VECTOR('',#181,3.E0);
#183=CARTESIAN_POINT('',(-2.45E0,1.65E1,1.7E0));
#184=LINE('',#183,#182);
#185=DIRECTION('',(0.E0,1.E0,0.E0));
#186=VECTOR('',#185,7.E-1);
#187=CARTESIAN_POINT('',(-9.5E-1,1.58E1,1.7E0));
#188=LINE('',#187,#186);
#189=DIRECTION('',(0.E0,-1.E0,0.E0));
#190=VECTOR('',#189,3.E0);
#191=CARTESIAN_POINT('',(-2.275E0,1.95E1,1.7E0));
#192=LINE('',#191,#190);
#193=DIRECTION('',(0.E0,-1.E0,0.E0));
#194=VECTOR('',#193,3.E0);
#195=CARTESIAN_POINT('',(-1.125E0,1.95E1,1.7E0));
#196=LINE('',#195,#194);
#197=CARTESIAN_POINT('',(-1.7E0,1.65E1,1.7E0));
#198=DIRECTION('',(0.E0,1.E0,0.E0));
#199=DIRECTION('',(-1.E0,0.E0,0.E0));
#200=AXIS2_PLACEMENT_3D('',#197,#198,#199);
#202=DIRECTION('',(0.E0,1.E0,0.E0));
#203=VECTOR('',#202,7.E-1);
#204=CARTESIAN_POINT('',(-2.45E0,1.58E1,1.7E0));
#205=LINE('',#204,#203);
#206=CARTESIAN_POINT('',(0.E0,1.58E1,0.E0));
#207=DIRECTION('',(0.E0,1.E0,0.E0));
#208=DIRECTION('',(1.E0,0.E0,0.E0));
#209=AXIS2_PLACEMENT_3D('',#206,#207,#208);
#211=CARTESIAN_POINT('',(0.E0,1.58E1,0.E0));
#212=DIRECTION('',(0.E0,1.E0,0.E0));
#213=DIRECTION('',(-1.E0,0.E0,0.E0));
#214=AXIS2_PLACEMENT_3D('',#211,#212,#213);
#216=CARTESIAN_POINT('',(-1.7E0,1.58E1,-1.7E0));
#217=DIRECTION('',(0.E0,1.E0,0.E0));
#218=DIRECTION('',(1.E0,0.E0,0.E0));
#219=AXIS2_PLACEMENT_3D('',#216,#217,#218);
#221=CARTESIAN_POINT('',(-1.7E0,1.58E1,-1.7E0));
#222=DIRECTION('',(0.E0,1.E0,0.E0));
#223=DIRECTION('',(-1.E0,0.E0,0.E0));
#224=AXIS2_PLACEMENT_3D('',#221,#222,#223);
#226=CARTESIAN_POINT('',(1.7E0,1.58E1,-1.7E0));
#227=DIRECTION('',(0.E0,1.E0,0.E0));
#228=DIRECTION('',(1.E0,0.E0,0.E0));
#229=AXIS2_PLACEMENT_3D('',#226,#227,#228);
#231=CARTESIAN_POINT('',(1.7E0,1.58E1,-1.7E0));
#232=DIRECTION('',(0.E0,1.E0,0.E0));
#233=DIRECTION('',(-1.E0,0.E0,0.E0));
#234=AXIS2_PLACEMENT_3D('',#231,#232,#233);
#236=CARTESIAN_POINT('',(-1.7E0,1.58E1,1.7E0));
#237=DIRECTION('',(0.E0,1.E0,0.E0));
#238=DIRECTION('',(1.E0,0.E0,0.E0));
#239=AXIS2_PLACEMENT_3D('',#236,#237,#238);
#241=CARTESIAN_POINT('',(-1.7E0,1.58E1,1.7E0));
#242=DIRECTION('',(0.E0,1.E0,0.E0));
#243=DIRECTION('',(-1.E0,0.E0,0.E0));
#244=AXIS2_PLACEMENT_3D('',#241,#242,#243);
#246=CARTESIAN_POINT('',(1.7E0,1.58E1,1.7E0));
#247=DIRECTION('',(0.E0,1.E0,0.E0));
#248=DIRECTION('',(1.E0,0.E0,0.E0));
#249=AXIS2_PLACEMENT_3D('',#246,#247,#248);
#251=CARTESIAN_POINT('',(1.7E0,1.58E1,1.7E0));
#252=DIRECTION('',(0.E0,1.E0,0.E0));
#253=DIRECTION('',(-1.E0,0.E0,0.E0));
#254=AXIS2_PLACEMENT_3D('',#251,#252,#253);
#256=DIRECTION('',(8.614858916479E-1,-5.077815066459E-1,-3.927675665762E-11));
#257=VECTOR('',#256,8.614858916509E-1);
#258=CARTESIAN_POINT('',(4.199999999978E0,1.580000000001E1,2.880395477603E-10));
#259=LINE('',#258,#257);
#260=DIRECTION('',(-8.614858916479E-1,-5.077815066459E-1,3.927678003653E-11));
#261=VECTOR('',#260,8.614858916509E-1);
#262=CARTESIAN_POINT('',(-4.199999999978E0,1.580000000001E1,
-2.880397192109E-10));
#263=LINE('',#262,#261);
#264=CARTESIAN_POINT('',(0.E0,1.536255339598E1,0.E0));
#265=DIRECTION('',(0.E0,1.E0,0.E0));
#266=DIRECTION('',(-1.E0,0.E0,0.E0));
#267=AXIS2_PLACEMENT_3D('',#264,#265,#266);
#269=CARTESIAN_POINT('',(0.E0,1.536255339598E1,0.E0));
#270=DIRECTION('',(0.E0,1.E0,0.E0));
#271=DIRECTION('',(1.E0,0.E0,0.E0));
#272=AXIS2_PLACEMENT_3D('',#269,#270,#271);
#274=DIRECTION('',(4.843158830205E-1,8.748932080283E-1,-9.413547870614E-11));
#275=VECTOR('',#274,2.700390601180E0);
#276=CARTESIAN_POINT('',(-6.25E0,1.3E1,0.E0));
#277=LINE('',#276,#275);
#278=DIRECTION('',(-4.843158830205E-1,8.748932080283E-1,9.413542267353E-11));
#279=VECTOR('',#278,2.700390601180E0);
#280=CARTESIAN_POINT('',(6.25E0,1.3E1,0.E0));
#281=LINE('',#280,#279);
#282=CARTESIAN_POINT('',(0.E0,1.3E1,0.E0));
#283=DIRECTION('',(0.E0,1.E0,0.E0));
#284=DIRECTION('',(1.E0,0.E0,0.E0));
#285=AXIS2_PLACEMENT_3D('',#282,#283,#284);
#287=CARTESIAN_POINT('',(0.E0,1.3E1,0.E0));
#288=DIRECTION('',(0.E0,1.E0,0.E0));
#289=DIRECTION('',(-1.E0,0.E0,0.E0));
#290=AXIS2_PLACEMENT_3D('',#287,#288,#289);
#292=CARTESIAN_POINT('',(0.E0,1.3E1,0.E0));
#293=DIRECTION('',(0.E0,-1.E0,0.E0));
#294=DIRECTION('',(1.E0,0.E0,0.E0));
#295=AXIS2_PLACEMENT_3D('',#292,#293,#294);
#297=CARTESIAN_POINT('',(0.E0,1.3E1,0.E0));
#298=DIRECTION('',(0.E0,-1.E0,0.E0));
#299=DIRECTION('',(-1.E0,0.E0,0.E0));
#300=AXIS2_PLACEMENT_3D('',#297,#298,#299);
#302=DIRECTION('',(0.E0,1.E0,0.E0));
#303=VECTOR('',#302,1.5E0);
#304=CARTESIAN_POINT('',(7.5E0,1.15E1,0.E0));
#305=LINE('',#304,#303);
#306=CARTESIAN_POINT('',(0.E0,1.15E1,0.E0));
#307=DIRECTION('',(0.E0,1.E0,0.E0));
#308=DIRECTION('',(1.E0,0.E0,0.E0));
#309=AXIS2_PLACEMENT_3D('',#306,#307,#308);
#311=CARTESIAN_POINT('',(0.E0,1.15E1,0.E0));
#312=DIRECTION('',(0.E0,1.E0,0.E0));
#313=DIRECTION('',(-1.E0,0.E0,0.E0));
#314=AXIS2_PLACEMENT_3D('',#311,#312,#313);
#316=CARTESIAN_POINT('',(0.E0,1.15E1,0.E0));
#317=DIRECTION('',(0.E0,1.E0,0.E0));
#318=DIRECTION('',(1.E0,0.E0,0.E0));
#319=AXIS2_PLACEMENT_3D('',#316,#317,#318);
#321=CARTESIAN_POINT('',(0.E0,1.15E1,-3.820898013340E-14));
#322=DIRECTION('',(0.E0,1.E0,0.E0));
#323=DIRECTION('',(-1.E0,0.E0,0.E0));
#324=AXIS2_PLACEMENT_3D('',#321,#322,#323);
#326=DIRECTION('',(0.E0,1.E0,0.E0));
#327=VECTOR('',#326,1.5E0);
#328=CARTESIAN_POINT('',(-7.5E0,1.15E1,0.E0));
#329=LINE('',#328,#327);
#330=DIRECTION('',(7.071067811865E-1,-7.071067811865E-1,1.306275253767E-9));
#331=VECTOR('',#330,2.828427124901E-1);
#332=CARTESIAN_POINT('',(7.799999999953E0,1.150000000005E1,-1.601034310706E-9));
#333=LINE('',#332,#331);
#334=DIRECTION('',(-7.071067811865E-1,-7.071067811865E-1,-1.306275083644E-9));
#335=VECTOR('',#334,2.828427124901E-1);
#336=CARTESIAN_POINT('',(-7.799999999953E0,1.150000000005E1,1.601034498863E-9));
#337=LINE('',#336,#335);
#338=CARTESIAN_POINT('',(0.E0,1.13E1,0.E0));
#339=DIRECTION('',(0.E0,1.E0,0.E0));
#340=DIRECTION('',(-1.E0,0.E0,0.E0));
#341=AXIS2_PLACEMENT_3D('',#338,#339,#340);
#343=CARTESIAN_POINT('',(0.E0,1.02E1,0.E0));
#344=DIRECTION('',(0.E0,-1.E0,0.E0));
#345=DIRECTION('',(1.E0,0.E0,0.E0));
#346=AXIS2_PLACEMENT_3D('',#343,#344,#345);
#348=DIRECTION('',(0.E0,1.E0,0.E0));
#349=VECTOR('',#348,1.100000000073E0);
#350=CARTESIAN_POINT('',(-7.999999999964E0,1.019999999996E1,1.231564110947E-9));
#351=LINE('',#350,#349);
#352=CARTESIAN_POINT('',(0.E0,1.13E1,0.E0));
#353=DIRECTION('',(0.E0,1.E0,0.E0));
#354=DIRECTION('',(1.E0,0.E0,0.E0));
#355=AXIS2_PLACEMENT_3D('',#352,#353,#354);
#357=CARTESIAN_POINT('',(0.E0,1.02E1,0.E0));
#358=DIRECTION('',(0.E0,-1.E0,0.E0));
#359=DIRECTION('',(-1.E0,0.E0,0.E0));
#360=AXIS2_PLACEMENT_3D('',#357,#358,#359);
#362=DIRECTION('',(0.E0,1.E0,0.E0));
#363=VECTOR('',#362,1.100000000073E0);
#364=CARTESIAN_POINT('',(7.999999999964E0,1.019999999996E1,-1.231563874672E-9));
#365=LINE('',#364,#363);
#366=DIRECTION('',(-7.071067811865E-1,7.071067811866E-1,-1.306277124764E-9));
#367=VECTOR('',#366,2.828427124901E-1);
#368=CARTESIAN_POINT('',(-7.799999999953E0,9.999999999953E0,1.601035076179E-9));
#369=LINE('',#368,#367);
#370=CARTESIAN_POINT('',(0.E0,1.E1,0.E0));
#371=DIRECTION('',(0.E0,-1.E0,0.E0));
#372=DIRECTION('',(-1.E0,0.E0,0.E0));
#373=AXIS2_PLACEMENT_3D('',#370,#371,#372);
#375=CARTESIAN_POINT('',(0.E0,1.E1,-3.820898013340E-14));
#376=DIRECTION('',(0.E0,-1.E0,0.E0));
#377=DIRECTION('',(1.E0,0.E0,0.E0));
#378=AXIS2_PLACEMENT_3D('',#375,#376,#377);
#380=DIRECTION('',(0.E0,0.E0,-1.E0));
#381=VECTOR('',#380,5.000121537514E0);
#382=CARTESIAN_POINT('',(5.75E0,1.E1,2.365140512914E0));
#383=LINE('',#382,#381);
#384=CARTESIAN_POINT('',(6.325E0,1.E1,5.870834414443E-14));
#385=CARTESIAN_POINT('',(6.325E0,1.E1,3.243674116786E-1));
#386=CARTESIAN_POINT('',(6.275759615029E0,1.E1,9.645042267736E-1));
#387=CARTESIAN_POINT('',(6.055913633819E0,1.E1,1.909122820518E0));
#388=CARTESIAN_POINT('',(5.695169462505E0,1.E1,2.807537135424E0));
#389=CARTESIAN_POINT('',(5.201929034051E0,1.E1,3.641122582898E0));
#390=CARTESIAN_POINT('',(4.587618949468E0,1.E1,4.389935379650E0));
#391=CARTESIAN_POINT('',(3.866314795632E0,1.E1,5.036824706503E0));
#392=CARTESIAN_POINT('',(3.054913118439E0,1.E1,5.566461307121E0));
#393=CARTESIAN_POINT('',(2.172341067467E0,1.E1,5.966485099012E0));
#394=CARTESIAN_POINT('',(1.239164808512E0,1.E1,6.227558037719E0));
#395=CARTESIAN_POINT('',(2.771335850398E-1,1.E1,6.343595495362E0));
#396=CARTESIAN_POINT('',(-6.913523595696E-1,1.E1,6.311896707206E0));
#397=CARTESIAN_POINT('',(-1.643736938564E0,1.E1,6.133199318042E0));
#398=CARTESIAN_POINT('',(-2.557836482962E0,1.E1,5.811667543939E0));
#399=CARTESIAN_POINT('',(-3.412372897828E0,1.E1,5.354784616099E0));
#400=CARTESIAN_POINT('',(-4.187432741397E0,1.E1,4.773197354864E0));
#401=CARTESIAN_POINT('',(-4.864975701419E0,1.E1,4.080443569172E0));
#402=CARTESIAN_POINT('',(-5.429215844512E0,1.E1,3.292661692998E0));
#403=CARTESIAN_POINT('',(-5.867014738127E0,1.E1,2.428197906238E0));
#404=CARTESIAN_POINT('',(-6.168177304377E0,1.E1,1.507181485028E0));
#405=CARTESIAN_POINT('',(-6.325688493979E0,1.E1,5.510651034569E-1));
#406=CARTESIAN_POINT('',(-6.335879225930E0,1.E1,-4.178755420719E-1));
#407=CARTESIAN_POINT('',(-6.198526127446E0,1.E1,-1.377043493551E0));
#408=CARTESIAN_POINT('',(-5.916827235364E0,1.E1,-2.304156852535E0));
#409=CARTESIAN_POINT('',(-5.497342522034E0,1.E1,-3.177609743797E0));
#410=CARTESIAN_POINT('',(-4.949842317449E0,1.E1,-3.977064423880E0));
#411=CARTESIAN_POINT('',(-4.287073394338E0,1.E1,-4.683906519613E0));
#412=CARTESIAN_POINT('',(-3.524475670603E0,1.E1,-5.281671011522E0));
#413=CARTESIAN_POINT('',(-2.679801361228E0,1.E1,-5.756443686639E0));
#414=CARTESIAN_POINT('',(-1.772725610101E0,1.E1,-6.097164624831E0));
#415=CARTESIAN_POINT('',(-8.243756795538E-1,1.E1,-6.295902064572E0));
#416=CARTESIAN_POINT('',(1.431796182248E-1,1.E1,-6.348028466491E0));
#417=CARTESIAN_POINT('',(1.107380267470E0,1.E1,-6.252335122704E0));
#418=CARTESIAN_POINT('',(2.045813216980E0,1.E1,-6.011037132438E0));
#419=CARTESIAN_POINT('',(2.936573782069E0,1.E1,-5.629800750436E0));
#420=CARTESIAN_POINT('',(3.759015430418E0,1.E1,-5.117353453041E0));
#421=CARTESIAN_POINT('',(4.493700410296E0,1.E1,-4.486178202537E0));
#422=CARTESIAN_POINT('',(5.124580137828E0,1.E1,-3.748920278535E0));
#423=CARTESIAN_POINT('',(5.463504173461E0,1.E1,-3.203289086897E0));
#424=CARTESIAN_POINT('',(5.613081127435E0,1.E1,-2.915295054849E0));
#426=DIRECTION('',(7.071067811865E-1,7.071067811866E-1,1.306275253767E-9));
#427=VECTOR('',#426,2.828427124901E-1);
#428=CARTESIAN_POINT('',(7.799999999953E0,9.999999999953E0,-1.601034310706E-9));
#429=LINE('',#428,#427);
#430=DIRECTION('',(-6.989901133188E-14,1.E0,-1.164983522198E-13));
#431=VECTOR('',#430,7.623956929660E-2);
#432=CARTESIAN_POINT('',(-5.75E0,4.921492566163E-1,2.634981024600E0));
#433=LINE('',#432,#431);
#434=CARTESIAN_POINT('',(5.75E0,9.316111740871E-1,2.634981024600E0));
#435=CARTESIAN_POINT('',(5.624854897121E0,9.240523106490E-1,2.908070027835E0));
#436=CARTESIAN_POINT('',(5.335392410828E0,9.089364927262E-1,3.436154496226E0));
#437=CARTESIAN_POINT('',(4.798683674717E0,8.864574866025E-1,4.153132278520E0));
#438=CARTESIAN_POINT('',(4.155535272211E0,8.636062195385E-1,4.797548975567E0));
#439=CARTESIAN_POINT('',(3.420308558034E0,8.405752379783E-1,5.346750161712E0));
#440=CARTESIAN_POINT('',(2.615631414905E0,8.176068664788E-1,5.782649138788E0));
#441=CARTESIAN_POINT('',(1.769467447759E0,7.949729920693E-1,6.094432996870E0));
#442=CARTESIAN_POINT('',(8.931954803090E-1,7.724745483840E-1,6.283059343497E0));
#443=CARTESIAN_POINT('',(-9.129385637244E-3,7.497709160727E-1,
6.346728879716E0));
#444=CARTESIAN_POINT('',(-9.182129190322E-1,7.268933919522E-1,
6.279975248885E0));
#445=CARTESIAN_POINT('',(-1.802246714415E0,7.041718958784E-1,6.085011176755E0));
#446=CARTESIAN_POINT('',(-2.643778860756E0,6.816133179208E-1,5.769381237185E0));
#447=CARTESIAN_POINT('',(-3.434717904039E0,6.589811504693E-1,5.336458412453E0));
#448=CARTESIAN_POINT('',(-4.154721449958E0,6.364076087331E-1,4.797460562380E0));
#449=CARTESIAN_POINT('',(-4.795670711744E0,6.136598078109E-1,4.156726741308E0));
#450=CARTESIAN_POINT('',(-5.334572790471E0,5.911063091001E-1,3.437656322013E0));
#451=CARTESIAN_POINT('',(-5.624555455428E0,5.759657758667E-1,2.908723463180E0));
#452=CARTESIAN_POINT('',(-5.75E0,5.683888259129E-1,2.634981024600E0));
#454=DIRECTION('',(0.E0,1.E0,0.E0));
#455=VECTOR('',#454,7.623956929660E-2);
#456=CARTESIAN_POINT('',(5.75E0,8.553716047905E-1,2.634981024600E0));
#457=LINE('',#456,#455);
#458=CARTESIAN_POINT('',(-5.75E0,4.921492566163E-1,2.634981024600E0));
#459=CARTESIAN_POINT('',(-5.624365704317E0,4.997376676877E-1,2.909137534052E0));
#460=CARTESIAN_POINT('',(-5.334074781199E0,5.148909252218E-1,3.438486530966E0));
#461=CARTESIAN_POINT('',(-4.794956458033E0,5.374457875491E-1,4.157455717616E0));
#462=CARTESIAN_POINT('',(-4.155551968891E0,5.601386163472E-1,4.796625519771E0));
#463=CARTESIAN_POINT('',(-3.435838723217E0,5.827095817211E-1,5.335838908612E0));
#464=CARTESIAN_POINT('',(-2.642741279608E0,6.054032059415E-1,5.769941936197E0));
#465=CARTESIAN_POINT('',(-1.801566736053E0,6.279491724755E-1,6.085087827699E0));
#466=CARTESIAN_POINT('',(-9.202005769674E-1,6.506034254339E-1,
6.279631757120E0));
#467=CARTESIAN_POINT('',(-7.915983471587E-3,6.735620534387E-1,
6.347141065877E0));
#468=CARTESIAN_POINT('',(9.072974876910E-1,6.965895120411E-1,6.281777810463E0));
#469=CARTESIAN_POINT('',(1.794669751965E0,7.193898844352E-1,6.087297894969E0));
#470=CARTESIAN_POINT('',(2.634968366427E0,7.419065227558E-1,5.773204014181E0));
#471=CARTESIAN_POINT('',(3.425340390897E0,7.644959967637E-1,5.342756274350E0));
#472=CARTESIAN_POINT('',(4.153774963179E0,7.873128374744E-1,4.798815537697E0));
#473=CARTESIAN_POINT('',(4.797146226606E0,8.101547920863E-1,4.155130553917E0));
#474=CARTESIAN_POINT('',(5.336173502560E0,8.327292890753E-1,3.435123086121E0));
#475=CARTESIAN_POINT('',(5.625116795538E0,8.478285602244E-1,2.907498518635E0));
#476=CARTESIAN_POINT('',(5.75E0,8.553716047905E-1,2.634981024600E0));
#478=DIRECTION('',(3.494950566594E-14,1.E0,8.154884655386E-14));
#479=VECTOR('',#478,7.623956929660E-2);
#480=CARTESIAN_POINT('',(-5.75E0,1.492149256616E0,2.634981024600E0));
#481=LINE('',#480,#479);
#482=CARTESIAN_POINT('',(5.75E0,1.931611174087E0,2.634981024600E0));
#483=CARTESIAN_POINT('',(5.624804875951E0,1.924049289331E0,2.908179182978E0));
#484=CARTESIAN_POINT('',(5.335357312594E0,1.908931997247E0,3.436343698743E0));
#485=CARTESIAN_POINT('',(4.797126275997E0,1.886396160391E0,4.155032744795E0));
#486=CARTESIAN_POINT('',(4.156137452914E0,1.863638417864E0,4.796293930139E0));
#487=CARTESIAN_POINT('',(3.435688756241E0,1.841048158435E0,5.335807872657E0));
#488=CARTESIAN_POINT('',(2.646207226120E0,1.818454677778E0,5.768175501627E0));
#489=CARTESIAN_POINT('',(1.805998361411E0,1.795926437101E0,6.083864504183E0));
#490=CARTESIAN_POINT('',(9.223008545620E-1,1.773210132966E0,6.279390143839E0));
#491=CARTESIAN_POINT('',(1.246317625530E-2,1.750312680609E0,6.346785619952E0));
#492=CARTESIAN_POINT('',(-8.911959753927E-1,1.727576268626E0,6.283381024076E0));
#493=CARTESIAN_POINT('',(-1.767351723785E0,1.705081904233E0,6.094995805246E0));
#494=CARTESIAN_POINT('',(-2.612596651327E0,1.682476379297E0,5.783994395463E0));
#495=CARTESIAN_POINT('',(-3.417843086727E0,1.659498672992E0,5.348371514001E0));
#496=CARTESIAN_POINT('',(-4.154203243250E0,1.636439871823E0,4.798817261485E0));
#497=CARTESIAN_POINT('',(-4.798941442112E0,1.613535033081E0,4.152960895925E0));
#498=CARTESIAN_POINT('',(-5.335963760281E0,1.591036945056E0,3.435259564442E0));
#499=CARTESIAN_POINT('',(-5.625070898804E0,1.575934642678E0,2.907598673520E0));
#500=CARTESIAN_POINT('',(-5.75E0,1.568388825913E0,2.634981024600E0));
#502=DIRECTION('',(-4.659934088792E-14,1.E0,1.339731050528E-13));
#503=VECTOR('',#502,7.623956929660E-2);
#504=CARTESIAN_POINT('',(5.75E0,1.855371604790E0,2.634981024600E0));
#505=LINE('',#504,#503);
#506=CARTESIAN_POINT('',(-5.75E0,1.492149256616E0,2.634981024600E0));
#507=CARTESIAN_POINT('',(-5.624555455428E0,1.499726206570E0,2.908723463180E0));
#508=CARTESIAN_POINT('',(-5.334572790471E0,1.514866739803E0,3.437656322013E0));
#509=CARTESIAN_POINT('',(-4.795670711744E0,1.537420238514E0,4.156726741308E0));
#510=CARTESIAN_POINT('',(-4.154721449958E0,1.560168039437E0,4.797460562380E0));
#511=CARTESIAN_POINT('',(-3.434717904039E0,1.582741581173E0,5.336458412453E0));
#512=CARTESIAN_POINT('',(-2.643778860756E0,1.605373748624E0,5.769381237185E0));
#513=CARTESIAN_POINT('',(-1.802246714415E0,1.627932326582E0,6.085011176755E0));
#514=CARTESIAN_POINT('',(-9.182129190322E-1,1.650653822656E0,6.279975248885E0));
#515=CARTESIAN_POINT('',(-9.129385637254E-3,1.673531346776E0,6.346728879716E0));
#516=CARTESIAN_POINT('',(8.931954803090E-1,1.696234979087E0,6.283059343497E0));
#517=CARTESIAN_POINT('',(1.769467447759E0,1.718733422773E0,6.094432996870E0));
#518=CARTESIAN_POINT('',(2.615631414905E0,1.741367297182E0,5.782649138788E0));
#519=CARTESIAN_POINT('',(3.420308558034E0,1.764335668682E0,5.346750161712E0));
#520=CARTESIAN_POINT('',(4.155535272211E0,1.787366650242E0,4.797548975567E0));
#521=CARTESIAN_POINT('',(4.798683674717E0,1.810217917306E0,4.153132278520E0));
#522=CARTESIAN_POINT('',(5.335392410828E0,1.832696923430E0,3.436154496226E0));
#523=CARTESIAN_POINT('',(5.624854897122E0,1.847812741352E0,2.908070027835E0));
#524=CARTESIAN_POINT('',(5.75E0,1.855371604790E0,2.634981024600E0));
#526=DIRECTION('',(0.E0,1.E0,0.E0));
#527=VECTOR('',#526,7.623956929660E-2);
#528=CARTESIAN_POINT('',(-5.75E0,2.492149256616E0,2.634981024600E0));
#529=LINE('',#528,#527);
#530=CARTESIAN_POINT('',(-3.1625E0,2.666666666667E0,5.477610678937E0));
#531=CARTESIAN_POINT('',(-3.387347163387E0,2.660133610634E0,5.347795108629E0));
#532=CARTESIAN_POINT('',(-3.821837704818E0,2.647046377177E0,5.060106545242E0));
#533=CARTESIAN_POINT('',(-4.419777180804E0,2.627261723383E0,4.547215338836E0));
#534=CARTESIAN_POINT('',(-4.946366778703E0,2.607594584290E0,3.967610211745E0));
#535=CARTESIAN_POINT('',(-5.396055514149E0,2.588004960525E0,3.330302664841E0));
#536=CARTESIAN_POINT('',(-5.641758124821E0,2.574926720996E0,2.871184160968E0));
#537=CARTESIAN_POINT('',(-5.75E0,2.568388825913E0,2.634981024600E0));
#539=CARTESIAN_POINT('',(5.75E0,2.931611174087E0,2.634981024600E0));
#540=CARTESIAN_POINT('',(5.626830395552E0,2.924171632321E0,2.903759136837E0));
#541=CARTESIAN_POINT('',(5.343449510231E0,2.909344145941E0,3.422022170103E0));
#542=CARTESIAN_POINT('',(4.821878930824E0,2.887383903410E0,4.124374361688E0));
#543=CARTESIAN_POINT('',(4.205933567924E0,2.865326061178E0,4.751024915337E0));
#544=CARTESIAN_POINT('',(3.511507708817E0,2.843337735444E0,5.284934210621E0));
#545=CARTESIAN_POINT('',(2.748401023566E0,2.821297503758E0,5.719159974804E0));
#546=CARTESIAN_POINT('',(1.933614098369E0,2.799285225351E0,6.043261670168E0));
#547=CARTESIAN_POINT('',(1.085204048848E0,2.777354275592E0,6.251706440944E0));
#548=CARTESIAN_POINT('',(2.070494256468E-1,2.755193560531E0,6.342330522735E0));
#549=CARTESIAN_POINT('',(-6.828250422293E-1,2.732841712208E0,6.309014718326E0));
#550=CARTESIAN_POINT('',(-1.555549554208E0,2.710581462637E0,6.151674605135E0));
#551=CARTESIAN_POINT('',(-2.385580878941E0,2.688653999704E0,5.879492727535E0));
#552=CARTESIAN_POINT('',(-2.910499550268E0,2.673988676132E0,5.623103206425E0));
#553=CARTESIAN_POINT('',(-3.1625E0,2.666666666667E0,5.477610678937E0));
#555=DIRECTION('',(-8.154884655386E-14,1.E0,1.572727754967E-13));
#556=VECTOR('',#555,7.623956929660E-2);
#557=CARTESIAN_POINT('',(5.75E0,2.855371604790E0,2.634981024600E0));
#558=LINE('',#557,#556);
#559=CARTESIAN_POINT('',(-5.75E0,2.492149256616E0,2.634981024600E0));
#560=CARTESIAN_POINT('',(-5.625070898804E0,2.499695073382E0,2.907598673520E0));
#561=CARTESIAN_POINT('',(-5.335963760281E0,2.514797375760E0,3.435259564442E0));
#562=CARTESIAN_POINT('',(-4.798941442112E0,2.537295463784E0,4.152960895925E0));
#563=CARTESIAN_POINT('',(-4.154203243250E0,2.560200302527E0,4.798817261485E0));
#564=CARTESIAN_POINT('',(-3.417843086727E0,2.583259103696E0,5.348371514001E0));
#565=CARTESIAN_POINT('',(-2.612596651327E0,2.60623681E0,5.783994395463E0));
#566=CARTESIAN_POINT('',(-1.767351723785E0,2.628842334936E0,6.094995805246E0));
#567=CARTESIAN_POINT('',(-8.911959753927E-1,2.651336699330E0,6.283381024076E0));
#568=CARTESIAN_POINT('',(1.246317625531E-2,2.674073111312E0,6.346785619952E0));
#569=CARTESIAN_POINT('',(9.223008545619E-1,2.696970563669E0,6.279390143839E0));
#570=CARTESIAN_POINT('',(1.805998361411E0,2.719686867805E0,6.083864504183E0));
#571=CARTESIAN_POINT('',(2.646207226120E0,2.742215108481E0,5.768175501627E0));
#572=CARTESIAN_POINT('',(3.435688756241E0,2.764808589139E0,5.335807872657E0));
#573=CARTESIAN_POINT('',(4.156137452914E0,2.787398848568E0,4.796293930139E0));
#574=CARTESIAN_POINT('',(4.797126275997E0,2.810156591094E0,4.155032744795E0));
#575=CARTESIAN_POINT('',(5.335357312594E0,2.832692427951E0,3.436343698743E0));
#576=CARTESIAN_POINT('',(5.624804875951E0,2.847809720034E0,2.908179182978E0));
#577=CARTESIAN_POINT('',(5.75E0,2.855371604790E0,2.634981024600E0));
#579=DIRECTION('',(-3.494950566594E-14,1.E0,-9.319868177585E-14));
#580=VECTOR('',#579,7.623956929660E-2);
#581=CARTESIAN_POINT('',(-5.75E0,3.492149256616E0,2.634981024600E0));
#582=LINE('',#581,#580);
#583=CARTESIAN_POINT('',(5.75E0,3.931611174087E0,2.634981024600E0));
#584=CARTESIAN_POINT('',(5.624224396353E0,3.924014227903E0,2.909445893309E0));
#585=CARTESIAN_POINT('',(5.333567688669E0,3.908844379258E0,3.439351514292E0));
#586=CARTESIAN_POINT('',(4.793764969377E0,3.886267757499E0,4.158897282513E0));
#587=CARTESIAN_POINT('',(4.153448184574E0,3.863551226846E0,4.798497269584E0));
#588=CARTESIAN_POINT('',(3.433174345428E0,3.840971581985E0,5.337539412671E0));
#589=CARTESIAN_POINT('',(2.640128540556E0,3.818284871437E0,5.771159792397E0));
#590=CARTESIAN_POINT('',(1.797060233956E0,3.795692248457E0,6.086584858053E0));
#591=CARTESIAN_POINT('',(9.127185476386E-1,3.772967547943E0,6.280736008166E0));
#592=CARTESIAN_POINT('',(5.210355120415E-3,3.750130794186E0,6.346638539048E0));
#593=CARTESIAN_POINT('',(-8.957424008418E-1,3.727460872744E0,6.282690992838E0));
#594=CARTESIAN_POINT('',(-1.772926514789E0,3.704937163236E0,6.093499286936E0));
#595=CARTESIAN_POINT('',(-2.619744586018E0,3.682279979919E0,5.780791954568E0));
#596=CARTESIAN_POINT('',(-3.423486073882E0,3.659329360926E0,5.344649697044E0));
#597=CARTESIAN_POINT('',(-4.156940268939E0,3.636343922195E0,4.796138390463E0));
#598=CARTESIAN_POINT('',(-4.797836351710E0,3.613572699499E0,4.153989540076E0));
#599=CARTESIAN_POINT('',(-5.334902448315E0,3.591087710251E0,3.436992346774E0));
#600=CARTESIAN_POINT('',(-5.624653742495E0,3.575959839250E0,2.908508983218E0));
#601=CARTESIAN_POINT('',(-5.75E0,3.568388825913E0,2.634981024600E0));
#603=DIRECTION('',(4.659934088792E-14,1.E0,-9.319868177585E-14));
#604=VECTOR('',#603,7.623956929660E-2);
#605=CARTESIAN_POINT('',(5.75E0,3.855371604790E0,2.634981024600E0));
#606=LINE('',#605,#604);
#607=CARTESIAN_POINT('',(-3.1625E0,3.590427097370E0,5.477610678937E0));
#608=CARTESIAN_POINT('',(-2.910499550268E0,3.597749106835E0,5.623103206425E0));
#609=CARTESIAN_POINT('',(-2.385580878941E0,3.612414430408E0,5.879492727535E0));
#610=CARTESIAN_POINT('',(-1.555549554208E0,3.634341893340E0,6.151674605135E0));
#611=CARTESIAN_POINT('',(-6.828250422294E-1,3.656602142912E0,6.309014718326E0));
#612=CARTESIAN_POINT('',(2.070494256467E-1,3.678953991235E0,6.342330522735E0));
#613=CARTESIAN_POINT('',(1.085204048848E0,3.701114706295E0,6.251706440944E0));
#614=CARTESIAN_POINT('',(1.933614098369E0,3.723045656055E0,6.043261670168E0));
#615=CARTESIAN_POINT('',(2.748401023566E0,3.745057934461E0,5.719159974804E0));
#616=CARTESIAN_POINT('',(3.511507708816E0,3.767098166148E0,5.284934210621E0));
#617=CARTESIAN_POINT('',(4.205933567924E0,3.789086491882E0,4.751024915337E0));
#618=CARTESIAN_POINT('',(4.821878930824E0,3.811144334113E0,4.124374361689E0));
#619=CARTESIAN_POINT('',(5.343449510231E0,3.833104576644E0,3.422022170103E0));
#620=CARTESIAN_POINT('',(5.626830395552E0,3.847932063024E0,2.903759136837E0));
#621=CARTESIAN_POINT('',(5.75E0,3.855371604790E0,2.634981024600E0));
#623=CARTESIAN_POINT('',(-5.75E0,3.492149256616E0,2.634981024600E0));
#624=CARTESIAN_POINT('',(-5.641758124821E0,3.498687151699E0,2.871184160968E0));
#625=CARTESIAN_POINT('',(-5.396055514149E0,3.511765391228E0,3.330302664841E0));
#626=CARTESIAN_POINT('',(-4.946366778703E0,3.531355014994E0,3.967610211745E0));
#627=CARTESIAN_POINT('',(-4.419777180804E0,3.551022154086E0,4.547215338836E0));
#628=CARTESIAN_POINT('',(-3.821837704818E0,3.570806807880E0,5.060106545242E0));
#629=CARTESIAN_POINT('',(-3.387347163387E0,3.583894041337E0,5.347795108629E0));
#630=CARTESIAN_POINT('',(-3.1625E0,3.590427097370E0,5.477610678937E0));
#632=DIRECTION('',(-2.329967044396E-14,1.E0,1.747475283297E-14));
#633=VECTOR('',#632,7.623956929659E-2);
#634=CARTESIAN_POINT('',(-5.75E0,4.492149256616E0,2.634981024600E0));
#635=LINE('',#634,#633);
#636=CARTESIAN_POINT('',(5.75E0,4.931611174087E0,2.634981024600E0));
#637=CARTESIAN_POINT('',(5.625038787074E0,4.924063417748E0,2.907668747059E0));
#638=CARTESIAN_POINT('',(5.336244619902E0,4.908973472937E0,3.434951461603E0));
#639=CARTESIAN_POINT('',(4.798036342221E0,4.886432796159E0,4.153887932405E0));
#640=CARTESIAN_POINT('',(4.159503352756E0,4.863753749313E0,4.793153456385E0));
#641=CARTESIAN_POINT('',(3.440861653865E0,4.841201302377E0,5.332559267200E0));
#642=CARTESIAN_POINT('',(2.648942239347E0,4.818528830213E0,5.767043009035E0));
#643=CARTESIAN_POINT('',(1.808583620864E0,4.795994412270E0,6.083057437724E0));
#644=CARTESIAN_POINT('',(9.248589457010E-1,4.773274448667E0,6.279109603380E0));
#645=CARTESIAN_POINT('',(9.685714284203E-3,4.750242790001E0,6.347240761027E0));
#646=CARTESIAN_POINT('',(-9.067424991630E-1,4.727185133246E0,6.281884757227E0));
#647=CARTESIAN_POINT('',(-1.794132421057E0,4.704384364805E0,6.087422877933E0));
#648=CARTESIAN_POINT('',(-2.633626937393E0,4.681890542627E0,5.773788352687E0));
#649=CARTESIAN_POINT('',(-3.424751543112E0,4.659283639879E0,5.343256786184E0));
#650=CARTESIAN_POINT('',(-4.155239421430E0,4.636400869222E0,4.797661007011E0));
#651=CARTESIAN_POINT('',(-4.798602223764E0,4.613549493507E0,4.153425454463E0));
#652=CARTESIAN_POINT('',(-5.337059106509E0,4.590988332432E0,3.433663180909E0));
#653=CARTESIAN_POINT('',(-5.625398135961E0,4.575914877294E0,2.906884583501E0));
#654=CARTESIAN_POINT('',(-5.75E0,4.568388825913E0,2.634981024600E0));
#656=DIRECTION('',(0.E0,1.E0,-1.747475283297E-14));
#657=VECTOR('',#656,7.623956929660E-2);
#658=CARTESIAN_POINT('',(5.75E0,4.855371604790E0,2.634981024600E0));
#659=LINE('',#658,#657);
#660=CARTESIAN_POINT('',(-5.75E0,4.492149256616E0,2.634981024600E0));
#661=CARTESIAN_POINT('',(-5.624653742495E0,4.499720269953E0,2.908508983218E0));
#662=CARTESIAN_POINT('',(-5.334902448315E0,4.514848140954E0,3.436992346774E0));
#663=CARTESIAN_POINT('',(-4.797836351710E0,4.537333130203E0,4.153989540076E0));
#664=CARTESIAN_POINT('',(-4.156940268939E0,4.560104352899E0,4.796138390463E0));
#665=CARTESIAN_POINT('',(-3.423486073882E0,4.583089791630E0,5.344649697044E0));
#666=CARTESIAN_POINT('',(-2.619744586018E0,4.606040410622E0,5.780791954568E0));
#667=CARTESIAN_POINT('',(-1.772926514789E0,4.628697593939E0,6.093499286936E0));
#668=CARTESIAN_POINT('',(-8.957424008417E-1,4.651221303448E0,6.282690992838E0));
#669=CARTESIAN_POINT('',(5.210355120419E-3,4.673891224890E0,6.346638539048E0));
#670=CARTESIAN_POINT('',(9.127185476387E-1,4.696727978646E0,6.280736008166E0));
#671=CARTESIAN_POINT('',(1.797060233956E0,4.719452679160E0,6.086584858053E0));
#672=CARTESIAN_POINT('',(2.640128540556E0,4.742045302141E0,5.771159792397E0));
#673=CARTESIAN_POINT('',(3.433174345428E0,4.764732012689E0,5.337539412671E0));
#674=CARTESIAN_POINT('',(4.153448184574E0,4.787311657549E0,4.798497269584E0));
#675=CARTESIAN_POINT('',(4.793764969377E0,4.810028188202E0,4.158897282513E0));
#676=CARTESIAN_POINT('',(5.333567688669E0,4.832604809962E0,3.439351514292E0));
#677=CARTESIAN_POINT('',(5.624224396353E0,4.847774658606E0,2.909445893309E0));
#678=CARTESIAN_POINT('',(5.75E0,4.855371604790E0,2.634981024600E0));
#680=DIRECTION('',(-1.164983522198E-14,1.E0,-4.659934088792E-14));
#681=VECTOR('',#680,7.623956929660E-2);
#682=CARTESIAN_POINT('',(-5.75E0,5.492149256616E0,2.634981024600E0));
#683=LINE('',#682,#681);
#684=CARTESIAN_POINT('',(5.75E0,5.931611174087E0,2.634981024600E0));
#685=CARTESIAN_POINT('',(5.623679763652E0,5.923981331656E0,2.910634379300E0));
#686=CARTESIAN_POINT('',(5.332087033768E0,5.908771295700E0,3.441879188872E0));
#687=CARTESIAN_POINT('',(4.791087091029E0,5.886170024312E0,4.161722960217E0));
#688=CARTESIAN_POINT('',(4.154509639324E0,5.863588027990E0,4.797487195931E0));
#689=CARTESIAN_POINT('',(3.430969593851E0,5.840900915238E0,5.339305380577E0));
#690=CARTESIAN_POINT('',(2.633745985618E0,5.818107774777E0,5.774194469186E0));
#691=CARTESIAN_POINT('',(1.789303177749E0,5.795489394039E0,6.088898797326E0));
#692=CARTESIAN_POINT('',(9.053663337978E-1,5.772781890860E0,6.281625184162E0));
#693=CARTESIAN_POINT('',(3.455148413197E-3,5.750086715341E0,6.346398641097E0));
#694=CARTESIAN_POINT('',(-8.959967277770E-1,5.727454779023E0,6.282773166004E0));
#695=CARTESIAN_POINT('',(-1.777029673054E0,5.704830857537E0,6.092430646658E0));
#696=CARTESIAN_POINT('',(-2.623209245951E0,5.682183657640E0,5.779117860332E0));
#697=CARTESIAN_POINT('',(-3.424445681060E0,5.659298092108E0,5.343826606573E0));
#698=CARTESIAN_POINT('',(-4.153428681106E0,5.636452013719E0,4.798675703733E0));
#699=CARTESIAN_POINT('',(-4.790165205974E0,5.613862463825E0,4.162633400435E0));
#700=CARTESIAN_POINT('',(-5.330451518302E0,5.591304406976E0,3.444419790427E0));
#701=CARTESIAN_POINT('',(-5.623158747825E0,5.576050138113E0,2.911771329046E0));
#702=CARTESIAN_POINT('',(-5.75E0,5.568388825913E0,2.634981024600E0));
#704=DIRECTION('',(6.989901133188E-14,1.E0,-1.689226107187E-13));
#705=VECTOR('',#704,7.623956929660E-2);
#706=CARTESIAN_POINT('',(5.75E0,5.855371604790E0,2.634981024600E0));
#707=LINE('',#706,#705);
#708=CARTESIAN_POINT('',(-5.75E0,5.492149256616E0,2.634981024600E0));
#709=CARTESIAN_POINT('',(-5.625398190583E0,5.499675304699E0,2.906884464305E0));
#710=CARTESIAN_POINT('',(-5.337059326565E0,5.514748750311E0,3.433662712884E0));
#711=CARTESIAN_POINT('',(-4.798603673626E0,5.537309866981E0,4.153423692891E0));
#712=CARTESIAN_POINT('',(-4.155241454198E0,5.560161232175E0,4.797659223959E0));
#713=CARTESIAN_POINT('',(-3.424754427974E0,5.583043983858E0,5.343254884106E0));
#714=CARTESIAN_POINT('',(-2.633631160803E0,5.605650856006E0,5.773786330664E0));
#715=CARTESIAN_POINT('',(-1.794138518102E0,5.628144635856E0,6.087421061640E0));
#716=CARTESIAN_POINT('',(-9.067485348186E-1,5.650945411071E0,6.281883845054E0));
#717=CARTESIAN_POINT('',(9.678024183729E-3,5.674003027598E0,6.347240761620E0));
#718=CARTESIAN_POINT('',(9.248514813763E-1,5.697034690955E0,6.279110579466E0));
#719=CARTESIAN_POINT('',(1.808572860135E0,5.719754561114E0,6.083060631907E0));
#720=CARTESIAN_POINT('',(2.648934298014E0,5.742289042497E0,5.767046621427E0));
#721=CARTESIAN_POINT('',(3.440850943518E0,5.764961414387E0,5.332566085394E0));
#722=CARTESIAN_POINT('',(4.159495224184E0,5.787513909168E0,4.793160573654E0));
#723=CARTESIAN_POINT('',(4.798027160933E0,5.810192882766E0,4.153898134934E0));
#724=CARTESIAN_POINT('',(5.336235957748E0,5.832733493854E0,3.434965330858E0));
#725=CARTESIAN_POINT('',(5.625035996614E0,5.847823679905E0,2.907674836343E0));
#726=CARTESIAN_POINT('',(5.75E0,5.855371604790E0,2.634981024600E0));
#728=DIRECTION('',(0.E0,1.E0,4.077442327693E-14));
#729=VECTOR('',#728,7.623956929659E-2);
#730=CARTESIAN_POINT('',(-5.75E0,6.492149256616E0,2.634981024600E0));
#731=LINE('',#730,#729);
#732=CARTESIAN_POINT('',(5.75E0,6.931611174087E0,2.634981024600E0));
#733=CARTESIAN_POINT('',(5.625760663171E0,6.924107019637E0,2.906093484272E0));
#734=CARTESIAN_POINT('',(5.338053213940E0,6.909060053685E0,3.432003307639E0));
#735=CARTESIAN_POINT('',(4.800201003587E0,6.886509843794E0,4.151679692271E0));
#736=CARTESIAN_POINT('',(4.154557719685E0,6.863571242371E0,4.798557134644E0));
#737=CARTESIAN_POINT('',(3.418387148708E0,6.840519200590E0,5.347905046925E0));
#738=CARTESIAN_POINT('',(2.616551405317E0,6.817634704934E0,5.781974164830E0));
#739=CARTESIAN_POINT('',(1.773585862596E0,6.795080013426E0,6.093316620817E0));
#740=CARTESIAN_POINT('',(8.929808373020E-1,6.772468797888E0,6.283204986797E0));
#741=CARTESIAN_POINT('',(-5.326162731748E-3,6.749866407233E0,6.346259482851E0));
#742=CARTESIAN_POINT('',(-9.032696015820E-1,6.727270593136E0,6.281743931022E0));
#743=CARTESIAN_POINT('',(-1.784242768499E0,6.704641844535E0,6.090229778949E0));
#744=CARTESIAN_POINT('',(-2.625295054735E0,6.682122170234E0,5.777782414288E0));
#745=CARTESIAN_POINT('',(-3.421530311392E0,6.659383668959E0,5.345624774800E0));
#746=CARTESIAN_POINT('',(-4.155506695231E0,6.636395246964E0,4.797621469887E0));
#747=CARTESIAN_POINT('',(-4.799953696066E0,6.613498605252E0,4.151909000336E0));
#748=CARTESIAN_POINT('',(-5.337967486448E0,6.590944504468E0,3.432167280883E0));
#749=CARTESIAN_POINT('',(-5.625709468123E0,6.575896072585E0,2.906205201026E0));
#750=CARTESIAN_POINT('',(-5.75E0,6.568388825913E0,2.634981024600E0));
#752=DIRECTION('',(5.824917610990E-14,1.E0,-8.154884655386E-14));
#753=VECTOR('',#752,7.623956929660E-2);
#754=CARTESIAN_POINT('',(5.75E0,6.855371604790E0,2.634981024600E0));
#755=LINE('',#754,#753);
#756=CARTESIAN_POINT('',(-5.75E0,6.492149256616E0,2.634981024600E0));
#757=CARTESIAN_POINT('',(-5.623158747825E0,6.499810568817E0,2.911771329046E0));
#758=CARTESIAN_POINT('',(-5.330451518301E0,6.515064837679E0,3.444419790427E0));
#759=CARTESIAN_POINT('',(-4.790165205974E0,6.537622894528E0,4.162633400435E0));
#760=CARTESIAN_POINT('',(-4.153428681106E0,6.560212444422E0,4.798675703733E0));
#761=CARTESIAN_POINT('',(-3.424445681060E0,6.583058522811E0,5.343826606573E0));
#762=CARTESIAN_POINT('',(-2.623209245951E0,6.605944088343E0,5.779117860332E0));
#763=CARTESIAN_POINT('',(-1.777029673054E0,6.628591288240E0,6.092430646658E0));
#764=CARTESIAN_POINT('',(-8.959967277770E-1,6.651215209726E0,6.282773166004E0));
#765=CARTESIAN_POINT('',(3.455148413179E-3,6.673847146044E0,6.346398641097E0));
#766=CARTESIAN_POINT('',(9.053663337978E-1,6.696542321564E0,6.281625184162E0));
#767=CARTESIAN_POINT('',(1.789303177749E0,6.719249824743E0,6.088898797326E0));
#768=CARTESIAN_POINT('',(2.633745985618E0,6.741868205481E0,5.774194469186E0));
#769=CARTESIAN_POINT('',(3.430969593851E0,6.764661345941E0,5.339305380577E0));
#770=CARTESIAN_POINT('',(4.154509639324E0,6.787348458694E0,4.797487195931E0));
#771=CARTESIAN_POINT('',(4.791087091029E0,6.809930455016E0,4.161722960217E0));
#772=CARTESIAN_POINT('',(5.332087033768E0,6.832531726403E0,3.441879188872E0));
#773=CARTESIAN_POINT('',(5.623679763652E0,6.847741762359E0,2.910634379300E0));
#774=CARTESIAN_POINT('',(5.75E0,6.855371604790E0,2.634981024600E0));
#776=DIRECTION('',(1.164983522198E-14,1.E0,4.077442327693E-14));
#777=VECTOR('',#776,7.623956929659E-2);
#778=CARTESIAN_POINT('',(-5.75E0,7.492149256616E0,2.634981024600E0));
#779=LINE('',#778,#777);
#780=CARTESIAN_POINT('',(5.75E0,7.931611174087E0,2.634981024600E0));
#781=CARTESIAN_POINT('',(5.623291114799E0,7.923957856957E0,2.911482480627E0));
#782=CARTESIAN_POINT('',(5.330902978622E0,7.908715565677E0,3.443764606856E0));
#783=CARTESIAN_POINT('',(4.790033240752E0,7.886132030763E0,4.162809327640E0));
#784=CARTESIAN_POINT('',(4.153967621027E0,7.863567778665E0,4.798094934832E0));
#785=CARTESIAN_POINT('',(3.426555444700E0,7.840765781863E0,5.342397444656E0));
#786=CARTESIAN_POINT('',(2.626298649171E0,7.817901736186E0,5.777679698588E0));
#787=CARTESIAN_POINT('',(1.780550539616E0,7.795260890944E0,6.091436304807E0));
#788=CARTESIAN_POINT('',(8.982850123009E-1,7.772602980334E0,6.282506116332E0));
#789=CARTESIAN_POINT('',(-1.469860147108E-3,7.749963110211E0,6.346367812876E0));
#790=CARTESIAN_POINT('',(-9.022314079913E-1,7.727297332905E0,6.282021360134E0));
#791=CARTESIAN_POINT('',(-1.785705995271E0,7.704604587474E0,6.089952621535E0));
#792=CARTESIAN_POINT('',(-2.630714673703E0,7.681976107518E0,5.775614983049E0));
#793=CARTESIAN_POINT('',(-3.429282321441E0,7.659151055262E0,5.340509005876E0));
#794=CARTESIAN_POINT('',(-4.154464891328E0,7.636414029259E0,4.797562031510E0));
#795=CARTESIAN_POINT('',(-4.790464102106E0,7.613852623578E0,4.162374951249E0));
#796=CARTESIAN_POINT('',(-5.331603920782E0,7.591251923095E0,3.442672604796E0));
#797=CARTESIAN_POINT('',(-5.623514320417E0,7.576028661247E0,2.910995406035E0));
#798=CARTESIAN_POINT('',(-5.75E0,7.568388825913E0,2.634981024600E0));
#800=DIRECTION('',(0.E0,1.E0,3.494950566594E-14));
#801=VECTOR('',#800,7.623956929660E-2);
#802=CARTESIAN_POINT('',(5.75E0,7.855371604790E0,2.634981024600E0));
#803=LINE('',#802,#801);
#804=CARTESIAN_POINT('',(-5.75E0,7.492149256616E0,2.634981024600E0));
#805=CARTESIAN_POINT('',(-5.625709468123E0,7.499656503288E0,2.906205201026E0));
#806=CARTESIAN_POINT('',(-5.337967486448E0,7.514704935171E0,3.432167280883E0));
#807=CARTESIAN_POINT('',(-4.799953696066E0,7.537259035955E0,4.151909000336E0));
#808=CARTESIAN_POINT('',(-4.155506695231E0,7.560155677668E0,4.797621469887E0));
#809=CARTESIAN_POINT('',(-3.421530311392E0,7.583144099663E0,5.345624774800E0));
#810=CARTESIAN_POINT('',(-2.625295054735E0,7.605882600937E0,5.777782414288E0));
#811=CARTESIAN_POINT('',(-1.784242768499E0,7.628402275239E0,6.090229778949E0));
#812=CARTESIAN_POINT('',(-9.032696015820E-1,7.651031023840E0,6.281743931022E0));
#813=CARTESIAN_POINT('',(-5.326162731773E-3,7.673626837936E0,6.346259482851E0));
#814=CARTESIAN_POINT('',(8.929808373020E-1,7.696229228592E0,6.283204986797E0));
#815=CARTESIAN_POINT('',(1.773585862596E0,7.718840444130E0,6.093316620817E0));
#816=CARTESIAN_POINT('',(2.616551405317E0,7.741395135637E0,5.781974164830E0));
#817=CARTESIAN_POINT('',(3.418387148708E0,7.764279631293E0,5.347905046925E0));
#818=CARTESIAN_POINT('',(4.154557719685E0,7.787331673074E0,4.798557134644E0));
#819=CARTESIAN_POINT('',(4.800201003587E0,7.810270274498E0,4.151679692271E0));
#820=CARTESIAN_POINT('',(5.338053213940E0,7.832820484388E0,3.432003307639E0));
#821=CARTESIAN_POINT('',(5.625760663171E0,7.847867450340E0,2.906093484272E0));
#822=CARTESIAN_POINT('',(5.75E0,7.855371604790E0,2.634981024600E0));
#824=DIRECTION('',(-3.494950566594E-14,1.E0,-5.242425849891E-14));
#825=VECTOR('',#824,7.623956929659E-2);
#826=CARTESIAN_POINT('',(-5.75E0,8.492149256616E0,2.634981024600E0));
#827=LINE('',#826,#825);
#828=CARTESIAN_POINT('',(5.75E0,8.931611174087E0,2.634981024600E0));
#829=CARTESIAN_POINT('',(5.625179573016E0,8.924071921330E0,2.907361526948E0));
#830=CARTESIAN_POINT('',(5.336169910015E0,8.908966239703E0,3.435244575070E0));
#831=CARTESIAN_POINT('',(4.795816286242E0,8.886339802574E0,4.156850228860E0));
#832=CARTESIAN_POINT('',(4.149501108230E0,8.863404609793E0,4.802884853111E0));
#833=CARTESIAN_POINT('',(3.414492647542E0,8.840407511435E0,5.350072850608E0));
#834=CARTESIAN_POINT('',(2.618682046985E0,8.817695528049E0,5.780800094656E0));
#835=CARTESIAN_POINT('',(1.775063369001E0,8.795117075834E0,6.093078912140E0));
#836=CARTESIAN_POINT('',(8.905076890138E-1,8.772405634419E0,6.283709238268E0));
#837=CARTESIAN_POINT('',(-1.025944573697E-2,8.749742748773E0,6.346374977056E0));
#838=CARTESIAN_POINT('',(-9.111010548362E-1,8.727072555265E0,6.280740808700E0));
#839=CARTESIAN_POINT('',(-1.794482367501E0,8.704375469936E0,6.087409617470E0));
#840=CARTESIAN_POINT('',(-2.639387769551E0,8.681736532723E0,5.771592383690E0));
#841=CARTESIAN_POINT('',(-3.433753003468E0,8.659012395476E0,5.337254535292E0));
#842=CARTESIAN_POINT('',(-4.155124419016E0,8.636394224428E0,4.797113955773E0));
#843=CARTESIAN_POINT('',(-4.795867506600E0,8.613654008438E0,4.156586030421E0));
#844=CARTESIAN_POINT('',(-5.335900890039E0,8.591046161434E0,3.435661320806E0));
#845=CARTESIAN_POINT('',(-5.624979586372E0,8.575940158021E0,2.907797933583E0));
#846=CARTESIAN_POINT('',(-5.75E0,8.568388825913E0,2.634981024600E0));
#848=DIRECTION('',(-1.164983522198E-14,1.E0,4.659934088792E-14));
#849=VECTOR('',#848,7.623956929660E-2);
#850=CARTESIAN_POINT('',(5.75E0,8.855371604790E0,2.634981024600E0));
#851=LINE('',#850,#849);
#852=CARTESIAN_POINT('',(-5.75E0,8.492149256616E0,2.634981024600E0));
#853=CARTESIAN_POINT('',(-5.623514320417E0,8.499789091950E0,2.910995406035E0));
#854=CARTESIAN_POINT('',(-5.331603920782E0,8.515012353798E0,3.442672604796E0));
#855=CARTESIAN_POINT('',(-4.790464102106E0,8.537613054281E0,4.162374951249E0));
#856=CARTESIAN_POINT('',(-4.154464891328E0,8.560174459963E0,4.797562031510E0));
#857=CARTESIAN_POINT('',(-3.429282321441E0,8.582911485965E0,5.340509005876E0));
#858=CARTESIAN_POINT('',(-2.630714673703E0,8.605736538221E0,5.775614983049E0));
#859=CARTESIAN_POINT('',(-1.785705995271E0,8.628365018178E0,6.089952621535E0));
#860=CARTESIAN_POINT('',(-9.022314079913E-1,8.651057763609E0,6.282021360134E0));
#861=CARTESIAN_POINT('',(-1.469860147076E-3,8.673723540914E0,6.346367812876E0));
#862=CARTESIAN_POINT('',(8.982850123010E-1,8.696363411037E0,6.282506116332E0));
#863=CARTESIAN_POINT('',(1.780550539616E0,8.719021321647E0,6.091436304807E0));
#864=CARTESIAN_POINT('',(2.626298649171E0,8.741662166889E0,5.777679698588E0));
#865=CARTESIAN_POINT('',(3.426555444700E0,8.764526212566E0,5.342397444656E0));
#866=CARTESIAN_POINT('',(4.153967621027E0,8.787328209368E0,4.798094934832E0));
#867=CARTESIAN_POINT('',(4.790033240752E0,8.809892461466E0,4.162809327640E0));
#868=CARTESIAN_POINT('',(5.330902978622E0,8.832475996380E0,3.443764606856E0));
#869=CARTESIAN_POINT('',(5.623291114799E0,8.847718287660E0,2.911482480627E0));
#870=CARTESIAN_POINT('',(5.75E0,8.855371604790E0,2.634981024600E0));
#872=DIRECTION('',(0.E0,1.E0,4.077442327694E-14));
#873=VECTOR('',#872,7.623956929659E-2);
#874=CARTESIAN_POINT('',(-5.75E0,9.492149256616E0,2.634981024600E0));
#875=LINE('',#874,#873);
#876=CARTESIAN_POINT('',(5.75E0,9.931611174087E0,2.634981024600E0));
#877=CARTESIAN_POINT('',(5.624579101263E0,9.924035652360E0,2.908671863739E0));
#878=CARTESIAN_POINT('',(5.334767413825E0,9.908904012818E0,3.437302768555E0));
#879=CARTESIAN_POINT('',(4.796904266988E0,9.886392546037E0,4.155013839420E0));
#880=CARTESIAN_POINT('',(4.157690073321E0,9.863683729392E0,4.795324294664E0));
#881=CARTESIAN_POINT('',(3.425642914082E0,9.840735421965E0,5.343221885812E0));
#882=CARTESIAN_POINT('',(2.622560554143E0,9.817797649868E0,5.779503124047E0));
#883=CARTESIAN_POINT('',(1.775627343721E0,9.795133020288E0,6.092765911259E0));
#884=CARTESIAN_POINT('',(8.972802954240E-1,9.772578016864E0,6.282497550422E0));
#885=CARTESIAN_POINT('',(-2.981956086552E-3,9.749925107693E0,6.346565936514E0));
#886=CARTESIAN_POINT('',(-9.090295814399E-1,9.727125769058E0,6.281231317415E0));
#887=CARTESIAN_POINT('',(-1.793541684181E0,9.704399880054E0,6.087647512239E0));
#888=CARTESIAN_POINT('',(-2.637469853173E0,9.681789032824E0,5.772434110740E0));
#889=CARTESIAN_POINT('',(-3.432015549595E0,9.659064347163E0,5.338381987530E0));
#890=CARTESIAN_POINT('',(-4.153099495086E0,9.636459773481E0,4.798765963874E0));
#891=CARTESIAN_POINT('',(-4.792562459150E0,9.613777321470E0,4.160231574088E0));
#892=CARTESIAN_POINT('',(-5.332960895774E0,9.591185622321E0,3.440387806920E0));
#893=CARTESIAN_POINT('',(-5.624015226800E0,9.575998406104E0,2.909902338695E0));
#894=CARTESIAN_POINT('',(-5.75E0,9.568388825913E0,2.634981024600E0));
#896=DIRECTION('',(-1.164983522198E-14,1.E0,1.164983522198E-14));
#897=VECTOR('',#896,7.623956929659E-2);
#898=CARTESIAN_POINT('',(5.75E0,9.855371604790E0,2.634981024600E0));
#899=LINE('',#898,#897);
#900=CARTESIAN_POINT('',(5.75E0,9.855371604790E0,2.634981024600E0));
#901=CARTESIAN_POINT('',(5.624718612723E0,9.847804509667E0,2.908367424775E0));
#902=CARTESIAN_POINT('',(5.335094440668E0,9.832670255965E0,3.437240121783E0));
#903=CARTESIAN_POINT('',(4.792299720553E0,9.809968946620E0,4.160736172693E0));
#904=CARTESIAN_POINT('',(4.152148835247E0,9.787266923775E0,4.799743299036E0));
#905=CARTESIAN_POINT('',(3.427657119319E0,9.764564870015E0,5.341257454641E0));
#906=CARTESIAN_POINT('',(2.633566974849E0,9.741863480329E0,5.774268365413E0));
#907=CARTESIAN_POINT('',(1.785995767646E0,9.719162306010E0,6.089997900877E0));
#908=CARTESIAN_POINT('',(9.021374833552E-1,9.696460814017E0,6.282038226906E0));
#909=CARTESIAN_POINT('',(-3.510538218091E-5,9.673759550695E0,6.346483562581E0));
#910=CARTESIAN_POINT('',(-9.022119763617E-1,9.651058159566E0,6.282027522163E0));
#911=CARTESIAN_POINT('',(-1.786061636382E0,9.628356832689E0,6.089978384844E0));
#912=CARTESIAN_POINT('',(-2.633633390185E0,9.605655555742E0,5.774238539699E0));
#913=CARTESIAN_POINT('',(-3.427717896383E0,9.582954165608E0,5.341217344660E0));
#914=CARTESIAN_POINT('',(-4.152176310185E0,9.560252990315E0,4.799717299006E0));
#915=CARTESIAN_POINT('',(-4.792308622271E0,9.537551554941E0,4.160724932514E0));
#916=CARTESIAN_POINT('',(-5.335097158078E0,9.514850466663E0,3.437235295471E0));
#917=CARTESIAN_POINT('',(-5.624719085570E0,9.499716323180E0,2.908366392937E0));
#918=CARTESIAN_POINT('',(-5.75E0,9.492149256616E0,2.634981024600E0));
#920=DIRECTION('',(3.393991025928E-13,1.E0,-1.696995512964E-13));
#921=VECTOR('',#920,7.850743383660E-3);
#922=CARTESIAN_POINT('',(5.75E0,9.992149256616E0,-2.634981024600E0));
#923=LINE('',#922,#921);
#924=CARTESIAN_POINT('',(0.E0,1.E1,0.E0));
#925=DIRECTION('',(0.E0,1.E0,0.E0));
#926=DIRECTION('',(9.090909090909E-1,0.E0,-4.165977904505E-1));
#927=AXIS2_PLACEMENT_3D('',#924,#925,#926);
#929=CARTESIAN_POINT('',(5.613081127435E0,1.E1,-2.915295054849E0));
#930=CARTESIAN_POINT('',(5.637048209895E0,9.998691563093E0,-2.869149064236E0));
#931=CARTESIAN_POINT('',(5.683844569809E0,9.996074668955E0,-2.776265225290E0));
#932=CARTESIAN_POINT('',(5.728336748711E0,9.993457734170E0,-2.682254114519E0));
#933=CARTESIAN_POINT('',(5.75E0,9.992149256616E0,-2.634981024600E0));
#935=DIRECTION('',(-3.494950566594E-14,1.E0,6.407409372089E-14));
#936=VECTOR('',#935,7.623956929660E-2);
#937=CARTESIAN_POINT('',(-5.75E0,3.553716047905E-1,-2.634981024600E0));
#938=LINE('',#937,#936);
#939=CARTESIAN_POINT('',(5.613081127435E0,0.E0,-2.915295054849E0));
#940=CARTESIAN_POINT('',(5.477443112069E0,7.404897346775E-3,-3.176451188239E0));
#941=CARTESIAN_POINT('',(5.169655250578E0,2.220690938545E-2,-3.679411760142E0));
#942=CARTESIAN_POINT('',(4.612061982755E0,4.425557634013E-2,-4.358090622900E0));
#943=CARTESIAN_POINT('',(3.958985821742E0,6.654290160758E-2,-4.959621815547E0));
#944=CARTESIAN_POINT('',(3.221394179721E0,8.902199546083E-2,-5.467576067160E0));
#945=CARTESIAN_POINT('',(2.424682740169E0,1.113599182882E-1,-5.864089978520E0));
#946=CARTESIAN_POINT('',(1.587600931302E0,1.335124208160E-1,-6.143547307822E0));
#947=CARTESIAN_POINT('',(7.218538302480E-1,1.556157697352E-1,
-6.304211519884E0));
#948=CARTESIAN_POINT('',(-1.607650483254E-1,1.777930843859E-1,
-6.343581688874E0));
#949=CARTESIAN_POINT('',(-1.044122538690E0,2.000675108219E-1,
-6.259182269105E0));
#950=CARTESIAN_POINT('',(-1.904945347593E0,2.222879636875E-1,
-6.052795334589E0));
#951=CARTESIAN_POINT('',(-2.726253434784E0,2.444393137754E-1,
-5.730006766704E0));
#952=CARTESIAN_POINT('',(-3.496687317675E0,2.666463555641E-1,
-5.295177000977E0));
#953=CARTESIAN_POINT('',(-4.197552397546E0,2.888017544828E-1,
-4.758689790937E0));
#954=CARTESIAN_POINT('',(-4.816846600615E0,3.109426527031E-1,
-4.130642920400E0));
#955=CARTESIAN_POINT('',(-5.343225008979E0,3.330845421635E-1,
-3.422831264388E0));
#956=CARTESIAN_POINT('',(-5.626843799986E0,3.479328726624E-1,
-2.903729885965E0));
#957=CARTESIAN_POINT('',(-5.75E0,3.553716047905E-1,-2.634981024600E0));
#959=DIRECTION('',(1.298718625219E-14,1.E0,1.688334212785E-13));
#960=VECTOR('',#959,6.838882591293E-2);
#961=CARTESIAN_POINT('',(5.75E0,0.E0,-2.634981024600E0));
#962=LINE('',#961,#960);
#963=CARTESIAN_POINT('',(-5.75E0,4.316111740871E-1,-2.634981024600E0));
#964=CARTESIAN_POINT('',(-5.625642615362E0,4.240998894553E-1,
-2.906351085710E0));
#965=CARTESIAN_POINT('',(-5.337639461702E0,4.090409311661E-1,
-3.432642254578E0));
#966=CARTESIAN_POINT('',(-4.799928785507E0,3.864991869397E-1,
-4.152008002555E0));
#967=CARTESIAN_POINT('',(-4.153551909904E0,3.635365550685E-1,
-4.799502534611E0));
#968=CARTESIAN_POINT('',(-3.415926389467E0,3.404437827819E-1,
-5.349641798161E0));
#969=CARTESIAN_POINT('',(-2.610516166253E0,3.174668623762E-1,
-5.784872044211E0));
#970=CARTESIAN_POINT('',(-1.765491313480E0,2.948685771479E-1,
-6.095683147205E0));
#971=CARTESIAN_POINT('',(-8.849822047411E-1,2.722663056545E-1,
-6.284315231480E0));
#972=CARTESIAN_POINT('',(1.317320092216E-2,2.496695914114E-1,
-6.346233970251E0));
#973=CARTESIAN_POINT('',(9.106815641853E-1,2.270827580858E-1,
-6.280667921272E0));
#974=CARTESIAN_POINT('',(1.791596164396E0,2.044497797358E-1,-6.088081596670E0));
#975=CARTESIAN_POINT('',(2.631591571983E0,1.819474247076E-1,-5.774795356573E0));
#976=CARTESIAN_POINT('',(3.424385597010E0,1.592961245474E-1,-5.343606903721E0));
#977=CARTESIAN_POINT('',(4.156326249754E0,1.363661592607E-1,-4.796800568157E0));
#978=CARTESIAN_POINT('',(4.799796738146E0,1.135035430088E-1,-4.152033765535E0));
#979=CARTESIAN_POINT('',(5.337739316022E0,9.095524245004E-2,-3.432531227608E0));
#980=CARTESIAN_POINT('',(5.625616378024E0,7.590169530075E-2,-2.906408340275E0));
#981=CARTESIAN_POINT('',(5.75E0,6.838882591293E-2,-2.634981024600E0));
#983=DIRECTION('',(-3.494950566594E-14,1.E0,4.077442327693E-14));
#984=VECTOR('',#983,7.623956929660E-2);
#985=CARTESIAN_POINT('',(-5.75E0,1.355371604790E0,-2.634981024600E0));
#986=LINE('',#985,#984);
#987=CARTESIAN_POINT('',(5.75E0,9.921492566163E-1,-2.634981024600E0));
#988=CARTESIAN_POINT('',(5.625616378024E0,9.996621260042E-1,-2.906408340275E0));
#989=CARTESIAN_POINT('',(5.337739316022E0,1.014715673153E0,-3.432531227608E0));
#990=CARTESIAN_POINT('',(4.799796738146E0,1.037263973712E0,-4.152033765535E0));
#991=CARTESIAN_POINT('',(4.156326249754E0,1.060126589964E0,-4.796800568157E0));
#992=CARTESIAN_POINT('',(3.424385597010E0,1.083056555251E0,-5.343606903721E0));
#993=CARTESIAN_POINT('',(2.631591571983E0,1.105707855411E0,-5.774795356573E0));
#994=CARTESIAN_POINT('',(1.791596164396E0,1.128210210439E0,-6.088081596670E0));
#995=CARTESIAN_POINT('',(9.106815641853E-1,1.150843188789E0,-6.280667921272E0));
#996=CARTESIAN_POINT('',(1.317320092212E-2,1.173430022115E0,-6.346233970251E0));
#997=CARTESIAN_POINT('',(-8.849822047412E-1,1.196026736358E0,
-6.284315231480E0));
#998=CARTESIAN_POINT('',(-1.765491313480E0,1.218629007851E0,-6.095683147205E0));
#999=CARTESIAN_POINT('',(-2.610516166253E0,1.241227293080E0,-5.784872044211E0));
#1000=CARTESIAN_POINT('',(-3.415926389467E0,1.264204213485E0,
-5.349641798161E0));
#1001=CARTESIAN_POINT('',(-4.153551909904E0,1.287296985772E0,
-4.799502534611E0));
#1002=CARTESIAN_POINT('',(-4.799928785507E0,1.310259617643E0,
-4.152008002555E0));
#1003=CARTESIAN_POINT('',(-5.337639461702E0,1.332801361869E0,
-3.432642254578E0));
#1004=CARTESIAN_POINT('',(-5.625642615362E0,1.347860320159E0,
-2.906351085710E0));
#1005=CARTESIAN_POINT('',(-5.75E0,1.355371604790E0,-2.634981024600E0));
#1007=DIRECTION('',(2.329967044396E-14,1.E0,5.242425849891E-14));
#1008=VECTOR('',#1007,7.623956929660E-2);
#1009=CARTESIAN_POINT('',(5.75E0,9.921492566163E-1,-2.634981024600E0));
#1010=LINE('',#1009,#1008);
#1011=CARTESIAN_POINT('',(-5.75E0,1.431611174087E0,-2.634981024600E0));
#1012=CARTESIAN_POINT('',(-5.623475909453E0,1.423969018700E0,
-2.911079225632E0));
#1013=CARTESIAN_POINT('',(-5.331487137797E0,1.408742524557E0,
-3.442861232570E0));
#1014=CARTESIAN_POINT('',(-4.790332295449E0,1.386142532646E0,
-4.162515860957E0));
#1015=CARTESIAN_POINT('',(-4.154391949312E0,1.363583391791E0,
-4.797634947644E0));
#1016=CARTESIAN_POINT('',(-3.428886018876E0,1.340836818498E0,
-5.340786120666E0));
#1017=CARTESIAN_POINT('',(-2.630039401645E0,1.318005203760E0,
-5.775931538645E0));
#1018=CARTESIAN_POINT('',(-1.784906437255E0,1.295374535139E0,
-6.090184993213E0));
#1019=CARTESIAN_POINT('',(-9.015689098772E-1,1.272685925557E0,
-6.282104739566E0));
#1020=CARTESIAN_POINT('',(-9.999739506076E-4,1.250025097563E0,
-6.346364739204E0));
#1021=CARTESIAN_POINT('',(8.988636439410E-1,1.227382405082E0,
-6.282435711271E0));
#1022=CARTESIAN_POINT('',(1.781345638110E0,1.204718372067E0,-6.091208952571E0));
#1023=CARTESIAN_POINT('',(2.626978104473E0,1.182079466597E0,-5.777361913703E0));
#1024=CARTESIAN_POINT('',(3.426992076741E0,1.159220962029E0,-5.342099243375E0));
#1025=CARTESIAN_POINT('',(4.154091415988E0,1.136427821555E0,-4.797970214240E0));
#1026=CARTESIAN_POINT('',(4.790089395423E0,1.113865948786E0,-4.162751479024E0));
#1027=CARTESIAN_POINT('',(5.331019035567E0,1.091279098057E0,-3.443586235886E0));
#1028=CARTESIAN_POINT('',(5.623326970663E0,1.076039977321E0,-2.911404236716E0));
#1029=CARTESIAN_POINT('',(5.75E0,1.068388825913E0,-2.634981024600E0));
#1031=DIRECTION('',(1.164983522198E-14,1.E0,0.E0));
#1032=VECTOR('',#1031,7.623956929660E-2);
#1033=CARTESIAN_POINT('',(-5.75E0,2.355371604790E0,-2.634981024600E0));
#1034=LINE('',#1033,#1032);
#1035=CARTESIAN_POINT('',(5.75E0,1.992149256616E0,-2.634981024600E0));
#1036=CARTESIAN_POINT('',(5.623326970663E0,1.999800408024E0,-2.911404236716E0));
#1037=CARTESIAN_POINT('',(5.331019035567E0,2.015039528760E0,-3.443586235886E0));
#1038=CARTESIAN_POINT('',(4.790089395423E0,2.037626379489E0,-4.162751479024E0));
#1039=CARTESIAN_POINT('',(4.154091415988E0,2.060188252259E0,-4.797970214240E0));
#1040=CARTESIAN_POINT('',(3.426992076741E0,2.082981392732E0,-5.342099243375E0));
#1041=CARTESIAN_POINT('',(2.626978104473E0,2.105839897301E0,-5.777361913703E0));
#1042=CARTESIAN_POINT('',(1.781345638110E0,2.128478802770E0,-6.091208952571E0));
#1043=CARTESIAN_POINT('',(8.988636439410E-1,2.151142835786E0,
-6.282435711271E0));
#1044=CARTESIAN_POINT('',(-9.999739505972E-4,2.173785528267E0,
-6.346364739204E0));
#1045=CARTESIAN_POINT('',(-9.015689098772E-1,2.196446356260E0,
-6.282104739566E0));
#1046=CARTESIAN_POINT('',(-1.784906437255E0,2.219134965843E0,
-6.090184993213E0));
#1047=CARTESIAN_POINT('',(-2.630039401645E0,2.241765634464E0,
-5.775931538645E0));
#1048=CARTESIAN_POINT('',(-3.428886018876E0,2.264597249202E0,
-5.340786120666E0));
#1049=CARTESIAN_POINT('',(-4.154391949312E0,2.287343822494E0,
-4.797634947644E0));
#1050=CARTESIAN_POINT('',(-4.790332295449E0,2.309902963350E0,
-4.162515860957E0));
#1051=CARTESIAN_POINT('',(-5.331487137797E0,2.332502955260E0,
-3.442861232570E0));
#1052=CARTESIAN_POINT('',(-5.623475909453E0,2.347729449404E0,
-2.911079225632E0));
#1053=CARTESIAN_POINT('',(-5.75E0,2.355371604790E0,-2.634981024600E0));
#1055=DIRECTION('',(-3.494950566594E-14,1.E0,-2.329967044396E-14));
#1056=VECTOR('',#1055,7.623956929660E-2);
#1057=CARTESIAN_POINT('',(5.75E0,1.992149256616E0,-2.634981024600E0));
#1058=LINE('',#1057,#1056);
#1059=CARTESIAN_POINT('',(-5.75E0,2.431611174087E0,-2.634981024600E0));
#1060=CARTESIAN_POINT('',(-5.625690774203E0,2.424102798287E0,
-2.906245994503E0));
#1061=CARTESIAN_POINT('',(-5.337921524013E0,2.409053336577E0,
-3.432240451425E0));
#1062=CARTESIAN_POINT('',(-4.799926194831E0,2.386500575729E0,
-4.151928300527E0));
#1063=CARTESIAN_POINT('',(-4.155672348175E0,2.363610560450E0,
-4.797459909380E0));
#1064=CARTESIAN_POINT('',(-3.422010409687E0,2.340631042655E0,
-5.345285920069E0));
#1065=CARTESIAN_POINT('',(-2.626389249443E0,2.317908207260E0,
-5.777262436672E0));
#1066=CARTESIAN_POINT('',(-1.785524890471E0,2.295391631733E0,
-6.089856760289E0));
#1067=CARTESIAN_POINT('',(-9.045410683155E-1,2.272761623847E0,
-6.281560523898E0));
#1068=CARTESIAN_POINT('',(-6.666813168928E-3,2.250167218695E0,
-6.346256610773E0));
#1069=CARTESIAN_POINT('',(8.916416166451E-1,2.227565112080E0,
-6.283392406863E0));
#1070=CARTESIAN_POINT('',(1.772213592097E0,2.204955817547E0,-6.093715893667E0));
#1071=CARTESIAN_POINT('',(2.615472005926E0,2.182395289057E0,-5.782489926513E0));
#1072=CARTESIAN_POINT('',(3.417927878534E0,2.159494848065E0,-5.348227337617E0));
#1073=CARTESIAN_POINT('',(4.154358056667E0,2.136435637663E0,-4.798744620346E0));
#1074=CARTESIAN_POINT('',(4.800170441842E0,2.113491467308E0,-4.151722695404E0));
#1075=CARTESIAN_POINT('',(5.338020844846E0,2.090941442883E0,-3.432053086540E0));
#1076=CARTESIAN_POINT('',(5.625753723227E0,2.075893399542E0,-2.906108628471E0));
#1077=CARTESIAN_POINT('',(5.75E0,2.068388825913E0,-2.634981024600E0));
#1079=DIRECTION('',(0.E0,1.E0,0.E0));
#1080=VECTOR('',#1079,7.623956929660E-2);
#1081=CARTESIAN_POINT('',(-5.75E0,3.355371604790E0,-2.634981024600E0));
#1082=LINE('',#1081,#1080);
#1083=CARTESIAN_POINT('',(5.75E0,2.992149256616E0,-2.634981024600E0));
#1084=CARTESIAN_POINT('',(5.625753723227E0,2.999653830245E0,-2.906108628471E0));
#1085=CARTESIAN_POINT('',(5.338020844846E0,3.014701873586E0,-3.432053086540E0));
#1086=CARTESIAN_POINT('',(4.800170441842E0,3.037251898011E0,-4.151722695404E0));
#1087=CARTESIAN_POINT('',(4.154358056667E0,3.060196068367E0,-4.798744620346E0));
#1088=CARTESIAN_POINT('',(3.417927878534E0,3.083255278768E0,-5.348227337617E0));
#1089=CARTESIAN_POINT('',(2.615472005926E0,3.106155719760E0,-5.782489926513E0));
#1090=CARTESIAN_POINT('',(1.772213592097E0,3.128716248251E0,-6.093715893667E0));
#1091=CARTESIAN_POINT('',(8.916416166451E-1,3.151325542783E0,
-6.283392406863E0));
#1092=CARTESIAN_POINT('',(-6.666813168955E-3,3.173927649398E0,
-6.346256610773E0));
#1093=CARTESIAN_POINT('',(-9.045410683155E-1,3.196522054550E0,
-6.281560523898E0));
#1094=CARTESIAN_POINT('',(-1.785524890471E0,3.219152062436E0,
-6.089856760289E0));
#1095=CARTESIAN_POINT('',(-2.626389249443E0,3.241668637964E0,
-5.777262436672E0));
#1096=CARTESIAN_POINT('',(-3.422010409687E0,3.264391473358E0,
-5.345285920069E0));
#1097=CARTESIAN_POINT('',(-4.155672348175E0,3.287370991154E0,
-4.797459909380E0));
#1098=CARTESIAN_POINT('',(-4.799926194831E0,3.310261006432E0,
-4.151928300527E0));
#1099=CARTESIAN_POINT('',(-5.337921524013E0,3.332813767281E0,
-3.432240451425E0));
#1100=CARTESIAN_POINT('',(-5.625690774203E0,3.347863228991E0,
-2.906245994503E0));
#1101=CARTESIAN_POINT('',(-5.75E0,3.355371604790E0,-2.634981024600E0));
#1103=DIRECTION('',(-5.824917610990E-14,1.E0,-1.397980226638E-13));
#1104=VECTOR('',#1103,7.623956929660E-2);
#1105=CARTESIAN_POINT('',(5.75E0,2.992149256616E0,-2.634981024600E0));
#1106=LINE('',#1105,#1104);
#1107=CARTESIAN_POINT('',(-5.75E0,3.431611174087E0,-2.634981024600E0));
#1108=CARTESIAN_POINT('',(-5.623125239433E0,3.423947837953E0,
-2.911844450351E0));
#1109=CARTESIAN_POINT('',(-5.330335899219E0,3.408690458778E0,
-3.444588405660E0));
#1110=CARTESIAN_POINT('',(-4.790185179980E0,3.386138365612E0,
-4.162607171636E0));
#1111=CARTESIAN_POINT('',(-4.153259929366E0,3.363541959082E0,
-4.798847286310E0));
#1112=CARTESIAN_POINT('',(-3.423966891467E0,3.340687463964E0,
-5.344147294302E0));
#1113=CARTESIAN_POINT('',(-2.622525988286E0,3.317797449785E0,
-5.779436461447E0));
#1114=CARTESIAN_POINT('',(-1.776239126809E0,3.295148546677E0,
-6.092653203347E0));
#1115=CARTESIAN_POINT('',(-8.955004483803E-1,3.272532695341E0,
-6.282830564309E0));
#1116=CARTESIAN_POINT('',(3.915886560218E-3,3.249901722576E0,
-6.346407867682E0));
#1117=CARTESIAN_POINT('',(9.061140585857E-1,3.227199206501E0,
-6.281528867609E0));
#1118=CARTESIAN_POINT('',(1.790107143811E0,3.204489587957E0,-6.088661180715E0));
#1119=CARTESIAN_POINT('',(2.634416686965E0,3.181873658209E0,-5.773879548942E0));
#1120=CARTESIAN_POINT('',(3.431327347433E0,3.159088032047E0,-5.339047994890E0));
#1121=CARTESIAN_POINT('',(4.154526171869E0,3.136411395964E0,-4.797470730212E0));
#1122=CARTESIAN_POINT('',(4.791293888395E0,3.113822341252E0,-4.161500165080E0));
#1123=CARTESIAN_POINT('',(5.332204869144E0,3.091222920613E0,-3.441679774263E0));
#1124=CARTESIAN_POINT('',(5.623720939651E0,3.076016181281E0,-2.910544525902E0));
#1125=CARTESIAN_POINT('',(5.75E0,3.068388825913E0,-2.634981024600E0));
#1127=DIRECTION('',(5.824917610990E-14,1.E0,-1.164983522198E-13));
#1128=VECTOR('',#1127,7.623956929660E-2);
#1129=CARTESIAN_POINT('',(-5.75E0,4.355371604790E0,-2.634981024600E0));
#1130=LINE('',#1129,#1128);
#1131=CARTESIAN_POINT('',(5.75E0,3.992149256616E0,-2.634981024600E0));
#1132=CARTESIAN_POINT('',(5.623720939651E0,3.999776611985E0,-2.910544525902E0));
#1133=CARTESIAN_POINT('',(5.332204869144E0,4.014983351316E0,-3.441679774263E0));
#1134=CARTESIAN_POINT('',(4.791293888395E0,4.037582771956E0,-4.161500165080E0));
#1135=CARTESIAN_POINT('',(4.154526171869E0,4.060171826667E0,-4.797470730212E0));
#1136=CARTESIAN_POINT('',(3.431327347433E0,4.082848462750E0,-5.339047994890E0));
#1137=CARTESIAN_POINT('',(2.634416686965E0,4.105634088912E0,-5.773879548942E0));
#1138=CARTESIAN_POINT('',(1.790107143811E0,4.128250018660E0,-6.088661180715E0));
#1139=CARTESIAN_POINT('',(9.061140585857E-1,4.150959637204E0,
-6.281528867609E0));
#1140=CARTESIAN_POINT('',(3.915886560150E-3,4.173662153279E0,
-6.346407867682E0));
#1141=CARTESIAN_POINT('',(-8.955004483803E-1,4.196293126045E0,
-6.282830564309E0));
#1142=CARTESIAN_POINT('',(-1.776239126809E0,4.218908977380E0,
-6.092653203347E0));
#1143=CARTESIAN_POINT('',(-2.622525988286E0,4.241557880488E0,
-5.779436461447E0));
#1144=CARTESIAN_POINT('',(-3.423966891467E0,4.264447894667E0,
-5.344147294302E0));
#1145=CARTESIAN_POINT('',(-4.153259929366E0,4.287302389785E0,
-4.798847286310E0));
#1146=CARTESIAN_POINT('',(-4.790185179980E0,4.309898796316E0,
-4.162607171636E0));
#1147=CARTESIAN_POINT('',(-5.330335899219E0,4.332450889481E0,
-3.444588405660E0));
#1148=CARTESIAN_POINT('',(-5.623125239433E0,4.347708268657E0,
-2.911844450351E0));
#1149=CARTESIAN_POINT('',(-5.75E0,4.355371604790E0,-2.634981024600E0));
#1151=DIRECTION('',(-4.659934088792E-14,1.E0,-1.223232698308E-13));
#1152=VECTOR('',#1151,7.623956929660E-2);
#1153=CARTESIAN_POINT('',(5.75E0,3.992149256616E0,-2.634981024600E0));
#1154=LINE('',#1153,#1152);
#1155=CARTESIAN_POINT('',(-5.75E0,4.431611174087E0,-2.634981024600E0));
#1156=CARTESIAN_POINT('',(-5.625354628758E0,4.424082494836E0,
-2.906979524002E0));
#1157=CARTESIAN_POINT('',(-5.336922910689E0,4.409005076966E0,
-3.433888131177E0));
#1158=CARTESIAN_POINT('',(-4.798378776260E0,4.386441917743E0,
-4.153685476315E0));
#1159=CARTESIAN_POINT('',(-4.155026057274E0,4.363592289050E0,
-4.797831500701E0));
#1160=CARTESIAN_POINT('',(-3.424786854418E0,4.340717644298E0,
-5.343216815329E0));
#1161=CARTESIAN_POINT('',(-2.633813149041E0,4.318114573018E0,
-5.773704567758E0));
#1162=CARTESIAN_POINT('',(-1.794221318115E0,4.295617925254E0,
-6.087401444286E0));
#1163=CARTESIAN_POINT('',(-9.068421686059E-1,4.272817416957E0,
-6.281865436837E0));
#1164=CARTESIAN_POINT('',(9.395327033325E-3,4.249764496992E0,
-6.347227390529E0));
#1165=CARTESIAN_POINT('',(9.241980479667E-1,4.226742219106E0,
-6.279185236936E0));
#1166=CARTESIAN_POINT('',(1.807575622226E0,4.204031885537E0,-6.083347358373E0));
#1167=CARTESIAN_POINT('',(2.648012785444E0,4.181496893542E0,-5.767477637411E0));
#1168=CARTESIAN_POINT('',(3.440138289205E0,4.158820398707E0,-5.333034195645E0));
#1169=CARTESIAN_POINT('',(4.158945979006E0,4.136264880425E0,-4.793644324898E0));
#1170=CARTESIAN_POINT('',(4.797616617168E0,4.113583353738E0,-4.154376685116E0));
#1171=CARTESIAN_POINT('',(5.335961467742E0,4.091040132675E0,-3.435414559134E0));
#1172=CARTESIAN_POINT('',(5.624951457522E0,4.075941857026E0,-2.907859315766E0));
#1173=CARTESIAN_POINT('',(5.75E0,4.068388825913E0,-2.634981024600E0));
#1175=DIRECTION('',(-4.659934088792E-14,1.E0,8.737376416485E-14));
#1176=VECTOR('',#1175,7.623956929660E-2);
#1177=CARTESIAN_POINT('',(-5.75E0,5.355371604790E0,-2.634981024600E0));
#1178=LINE('',#1177,#1176);
#1179=CARTESIAN_POINT('',(5.75E0,4.992149256616E0,-2.634981024600E0));
#1180=CARTESIAN_POINT('',(5.625545424660E0,4.999666411644E0,-2.906563173209E0));
#1181=CARTESIAN_POINT('',(5.337822122742E0,5.014712508529E0,-3.432435204028E0));
#1182=CARTESIAN_POINT('',(4.799635042884E0,5.037267611950E0,-4.152103854578E0));
#1183=CARTESIAN_POINT('',(4.161007716314E0,5.059956880659E0,-4.791858744040E0));
#1184=CARTESIAN_POINT('',(3.442332021485E0,5.082515546148E0,-5.331632297971E0));
#1185=CARTESIAN_POINT('',(2.650114887928E0,5.105199431866E0,-5.766523062681E0));
#1186=CARTESIAN_POINT('',(1.809666840416E0,5.127737658592E0,-6.082734587528E0));
#1187=CARTESIAN_POINT('',(9.260977270864E-1,5.150454547597E0,
-6.278916514236E0));
#1188=CARTESIAN_POINT('',(1.113996089225E-2,5.173481175723E0,
-6.347234125354E0));
#1189=CARTESIAN_POINT('',(-9.053573271583E-1,5.196540193548E0,
-6.282090803519E0));
#1190=CARTESIAN_POINT('',(-1.792976765014E0,5.219345740372E0,
-6.087778644563E0));
#1191=CARTESIAN_POINT('',(-2.632850377679E0,5.241848342159E0,
-5.774155710770E0));
#1192=CARTESIAN_POINT('',(-3.424076299763E0,5.264456751076E0,
-5.343683870272E0));
#1193=CARTESIAN_POINT('',(-4.154545399325E0,5.287336569561E0,
-4.798260392022E0));
#1194=CARTESIAN_POINT('',(-4.798098889286E0,5.310191311493E0,
-4.154025244163E0));
#1195=CARTESIAN_POINT('',(-5.336824469437E0,5.332760523764E0,
-3.434061136416E0));
#1196=CARTESIAN_POINT('',(-5.625327785523E0,5.347841304187E0,
-2.907038100742E0));
#1197=CARTESIAN_POINT('',(-5.75E0,5.355371604790E0,-2.634981024600E0));
#1199=DIRECTION('',(0.E0,1.E0,0.E0));
#1200=VECTOR('',#1199,7.623956929660E-2);
#1201=CARTESIAN_POINT('',(5.75E0,4.992149256616E0,-2.634981024600E0));
#1202=LINE('',#1201,#1200);
#1203=CARTESIAN_POINT('',(-5.75E0,5.431611174087E0,-2.634981024600E0));
#1204=CARTESIAN_POINT('',(-5.624674088973E0,5.424041389693E0,
-2.908464583562E0));
#1205=CARTESIAN_POINT('',(-5.334947298561E0,5.408914686169E0,
-3.436906716346E0));
#1206=CARTESIAN_POINT('',(-4.797993623981E0,5.386433093645E0,
-4.153820433770E0));
#1207=CARTESIAN_POINT('',(-4.156782966313E0,5.363650362960E0,
-4.796304082236E0));
#1208=CARTESIAN_POINT('',(-3.423064565149E0,5.340657960798E0,
-5.344930030969E0));
#1209=CARTESIAN_POINT('',(-2.619161124610E0,5.317703929562E0,
-5.781059398265E0));
#1210=CARTESIAN_POINT('',(-1.772368417541E0,5.295048328391E0,
-6.093651812838E0));
#1211=CARTESIAN_POINT('',(-8.953740654604E-1,5.272529803270E0,
-6.282740232299E0));
#1212=CARTESIAN_POINT('',(5.727823624035E-3,5.249856225543E0,
-6.346651971469E0));
#1213=CARTESIAN_POINT('',(9.135041870537E-1,5.227012575901E0,
-6.280629689488E0));
#1214=CARTESIAN_POINT('',(1.797826466422E0,5.204287690296E0,-6.086353742516E0));
#1215=CARTESIAN_POINT('',(2.640693024350E0,5.181699416055E0,-5.770887403746E0));
#1216=CARTESIAN_POINT('',(3.433425034251E0,5.159020705199E0,-5.337361364345E0));
#1217=CARTESIAN_POINT('',(4.153590508548E0,5.136444191873E0,-4.798382439589E0));
#1218=CARTESIAN_POINT('',(4.794043982665E0,5.113721700878E0,-4.158583080010E0));
#1219=CARTESIAN_POINT('',(5.333712280282E0,5.091148504628E0,-3.439106398002E0));
#1220=CARTESIAN_POINT('',(5.624272921208E0,5.075982841158E0,-2.909340003395E0));
#1221=CARTESIAN_POINT('',(5.75E0,5.068388825913E0,-2.634981024600E0));
#1223=DIRECTION('',(4.659934088792E-14,1.E0,-1.164983522198E-13));
#1224=VECTOR('',#1223,7.623956929659E-2);
#1225=CARTESIAN_POINT('',(-5.75E0,6.355371604790E0,-2.634981024600E0));
#1226=LINE('',#1225,#1224);
#1227=CARTESIAN_POINT('',(5.75E0,5.992149256616E0,-2.634981024600E0));
#1228=CARTESIAN_POINT('',(5.624273348E0,5.999743246082E0,-2.909339072059E0));
#1229=CARTESIAN_POINT('',(5.333713765505E0,6.014908871532E0,-3.439104344044E0));
#1230=CARTESIAN_POINT('',(4.794042878235E0,6.037482173668E0,-4.158584320904E0));
#1231=CARTESIAN_POINT('',(4.153592177906E0,6.060204566531E0,-4.798380985676E0));
#1232=CARTESIAN_POINT('',(3.433423836213E0,6.082781172380E0,-5.337362150885E0));
#1233=CARTESIAN_POINT('',(2.640694852634E0,6.105459795620E0,-5.770886544045E0));
#1234=CARTESIAN_POINT('',(1.797825178393E0,6.128048155493E0,-6.086354185424E0));
#1235=CARTESIAN_POINT('',(9.135053145932E-1,6.150772977392E0,
-6.280629425969E0));
#1236=CARTESIAN_POINT('',(5.728396492561E-3,6.173616642105E0,
-6.346652031150E0));
#1237=CARTESIAN_POINT('',(-8.953741380757E-1,6.196290235546E0,
-6.282740253477E0));
#1238=CARTESIAN_POINT('',(-1.772368853989E0,6.218808770858E0,
-6.093651646517E0));
#1239=CARTESIAN_POINT('',(-2.619160285672E0,6.241464337308E0,
-5.781059757334E0));
#1240=CARTESIAN_POINT('',(-3.423064459371E0,6.264418387991E0,
-5.344930132699E0));
#1241=CARTESIAN_POINT('',(-4.156782800790E0,6.287410788003E0,
-4.796304230598E0));
#1242=CARTESIAN_POINT('',(-4.797993697594E0,6.310193527387E0,
-4.153820340011E0));
#1243=CARTESIAN_POINT('',(-5.334947033835E0,6.332675105161E0,
-3.436907099773E0));
#1244=CARTESIAN_POINT('',(-5.624674008073E0,6.347801815510E0,
-2.908464760101E0));
#1245=CARTESIAN_POINT('',(-5.75E0,6.355371604790E0,-2.634981024600E0));
#1247=DIRECTION('',(-2.329967044396E-14,1.E0,-8.737376416485E-14));
#1248=VECTOR('',#1247,7.623956929660E-2);
#1249=CARTESIAN_POINT('',(5.75E0,5.992149256616E0,-2.634981024600E0));
#1250=LINE('',#1249,#1248);
#1251=CARTESIAN_POINT('',(-3.1625E0,6.333333333333E0,-5.477610678937E0));
#1252=CARTESIAN_POINT('',(-2.910450790093E0,6.326009907115E0,
-5.623131358125E0));
#1253=CARTESIAN_POINT('',(-2.385465984625E0,6.311342853125E0,
-5.879544069019E0));
#1254=CARTESIAN_POINT('',(-1.555389087214E0,6.289414413550E0,
-6.151710677010E0));
#1255=CARTESIAN_POINT('',(-6.828861858848E-1,6.267159877175E0,
-6.308994722550E0));
#1256=CARTESIAN_POINT('',(2.066663487888E-1,6.244816029970E0,
-6.342323913779E0));
#1257=CARTESIAN_POINT('',(1.084417176936E0,6.222665700151E0,-6.251830023369E0));
#1258=CARTESIAN_POINT('',(1.932772693242E0,6.200736931651E0,-6.043531509113E0));
#1259=CARTESIAN_POINT('',(2.747621811458E0,6.178724186300E0,-5.719535085297E0));
#1260=CARTESIAN_POINT('',(3.510811838280E0,6.156683276783E0,-5.285400295918E0));
#1261=CARTESIAN_POINT('',(4.205348879854E0,6.134693486018E0,-4.751540426157E0));
#1262=CARTESIAN_POINT('',(4.821328875377E0,6.112637364211E0,-4.125019689929E0));
#1263=CARTESIAN_POINT('',(5.343136846776E0,6.090671126217E0,-3.422545576813E0));
#1264=CARTESIAN_POINT('',(5.626731616024E0,6.075834334041E0,-2.903974691440E0));
#1265=CARTESIAN_POINT('',(5.75E0,6.068388825913E0,-2.634981024600E0));
#1267=CARTESIAN_POINT('',(-5.75E0,6.431611174087E0,-2.634981024600E0));
#1268=CARTESIAN_POINT('',(-5.641702617643E0,6.425069926327E0,
-2.871305287559E0));
#1269=CARTESIAN_POINT('',(-5.395889624813E0,6.411986828492E0,
-3.330584978056E0));
#1270=CARTESIAN_POINT('',(-4.946127056969E0,6.392395890700E0,
-3.967904532605E0));
#1271=CARTESIAN_POINT('',(-4.419596959889E0,6.372732114168E0,
-4.547382300439E0));
#1272=CARTESIAN_POINT('',(-3.821732275332E0,6.352950395100E0,
-5.060180241243E0));
#1273=CARTESIAN_POINT('',(-3.387309952591E0,6.339865308187E0,
-5.347816592292E0));
#1274=CARTESIAN_POINT('',(-3.1625E0,6.333333333333E0,-5.477610678937E0));
#1276=DIRECTION('',(3.494950566594E-14,1.E0,-6.989901133188E-14));
#1277=VECTOR('',#1276,7.623956929660E-2);
#1278=CARTESIAN_POINT('',(-5.75E0,7.355371604790E0,-2.634981024600E0));
#1279=LINE('',#1278,#1277);
#1280=CARTESIAN_POINT('',(-3.1625E0,7.257093764037E0,-5.477610678937E0));
#1281=CARTESIAN_POINT('',(-3.387309952591E0,7.263625738890E0,
-5.347816592292E0));
#1282=CARTESIAN_POINT('',(-3.821732275332E0,7.276710825803E0,
-5.060180241243E0));
#1283=CARTESIAN_POINT('',(-4.419596959889E0,7.296492544871E0,
-4.547382300439E0));
#1284=CARTESIAN_POINT('',(-4.946127056969E0,7.316156321403E0,
-3.967904532604E0));
#1285=CARTESIAN_POINT('',(-5.395889624814E0,7.335747259196E0,
-3.330584978056E0));
#1286=CARTESIAN_POINT('',(-5.641702617643E0,7.348830357030E0,
-2.871305287559E0));
#1287=CARTESIAN_POINT('',(-5.75E0,7.355371604790E0,-2.634981024600E0));
#1289=CARTESIAN_POINT('',(5.75E0,6.992149256616E0,-2.634981024600E0));
#1290=CARTESIAN_POINT('',(5.626731616024E0,6.999594764745E0,-2.903974691440E0));
#1291=CARTESIAN_POINT('',(5.343136846776E0,7.014431556921E0,-3.422545576814E0));
#1292=CARTESIAN_POINT('',(4.821328875376E0,7.036397794915E0,-4.125019689930E0));
#1293=CARTESIAN_POINT('',(4.205348879854E0,7.058453916721E0,-4.751540426157E0));
#1294=CARTESIAN_POINT('',(3.510811838280E0,7.080443707486E0,-5.285400295919E0));
#1295=CARTESIAN_POINT('',(2.747621811458E0,7.102484617003E0,-5.719535085298E0));
#1296=CARTESIAN_POINT('',(1.932772693241E0,7.124497362355E0,-6.043531509114E0));
#1297=CARTESIAN_POINT('',(1.084417176936E0,7.146426130854E0,-6.251830023369E0));
#1298=CARTESIAN_POINT('',(2.066663487885E-1,7.168576460674E0,
-6.342323913779E0));
#1299=CARTESIAN_POINT('',(-6.828861858851E-1,7.190920307878E0,
-6.308994722550E0));
#1300=CARTESIAN_POINT('',(-1.555389087214E0,7.213174844254E0,
-6.151710677010E0));
#1301=CARTESIAN_POINT('',(-2.385465984625E0,7.235103283829E0,
-5.879544069019E0));
#1302=CARTESIAN_POINT('',(-2.910450790093E0,7.249770337819E0,
-5.623131358125E0));
#1303=CARTESIAN_POINT('',(-3.1625E0,7.257093764037E0,-5.477610678937E0));
#1305=DIRECTION('',(1.164983522198E-14,1.E0,5.242425849891E-14));
#1306=VECTOR('',#1305,7.623956929660E-2);
#1307=CARTESIAN_POINT('',(5.75E0,6.992149256616E0,-2.634981024600E0));
#1308=LINE('',#1307,#1306);
#1309=CARTESIAN_POINT('',(-5.75E0,7.431611174087E0,-2.634981024600E0));
#1310=CARTESIAN_POINT('',(-5.625121533540E0,7.424068415700E0,
-2.907488179467E0));
#1311=CARTESIAN_POINT('',(-5.336102671843E0,7.408969432239E0,
-3.435046060396E0));
#1312=CARTESIAN_POINT('',(-4.798972549205E0,7.386465643337E0,
-4.152952056377E0));
#1313=CARTESIAN_POINT('',(-4.153946055564E0,7.363551281667E0,
-4.799059020624E0));
#1314=CARTESIAN_POINT('',(-3.417375450078E0,7.340487277941E0,
-5.348681282602E0));
#1315=CARTESIAN_POINT('',(-2.611975119774E0,7.317506562564E0,
-5.784270633559E0));
#1316=CARTESIAN_POINT('',(-1.766922657390E0,7.294906960566E0,
-6.095110483130E0));
#1317=CARTESIAN_POINT('',(-8.907478399603E-1,7.272412339016E0,
-6.283454144349E0));
#1318=CARTESIAN_POINT('',(1.318858918936E-2,7.249669129563E0,
-6.346795563569E0));
#1319=CARTESIAN_POINT('',(9.231511696614E-1,7.226768331964E0,
-6.279268056704E0));
#1320=CARTESIAN_POINT('',(1.806804507821E0,7.204052439859E0,-6.083619019837E0));
#1321=CARTESIAN_POINT('',(2.646723946026E0,7.181530832892E0,-5.767917172573E0));
#1322=CARTESIAN_POINT('',(3.435889888325E0,7.158945811383E0,-5.335675957554E0));
#1323=CARTESIAN_POINT('',(4.156489753158E0,7.136350105602E0,-4.796002273751E0));
#1324=CARTESIAN_POINT('',(4.797445084853E0,7.113591532397E0,-4.154658924715E0));
#1325=CARTESIAN_POINT('',(5.335537524237E0,7.091059245293E0,-3.436044348653E0));
#1326=CARTESIAN_POINT('',(5.624861371041E0,7.075947298321E0,-2.908055900585E0));
#1327=CARTESIAN_POINT('',(5.75E0,7.068388825913E0,-2.634981024600E0));
#1329=DIRECTION('',(-1.164983522198E-14,1.E0,4.077442327693E-14));
#1330=VECTOR('',#1329,7.623956929660E-2);
#1331=CARTESIAN_POINT('',(-5.75E0,8.355371604790E0,-2.634981024600E0));
#1332=LINE('',#1331,#1330);
#1333=CARTESIAN_POINT('',(5.75E0,7.992149256616E0,-2.634981024600E0));
#1334=CARTESIAN_POINT('',(5.624861371041E0,7.999707729025E0,-2.908055900585E0));
#1335=CARTESIAN_POINT('',(5.335537524237E0,8.014819675996E0,-3.436044348653E0));
#1336=CARTESIAN_POINT('',(4.797445084853E0,8.037351963100E0,-4.154658924715E0));
#1337=CARTESIAN_POINT('',(4.156489753158E0,8.060110536305E0,-4.796002273751E0));
#1338=CARTESIAN_POINT('',(3.435889888325E0,8.082706242086E0,-5.335675957554E0));
#1339=CARTESIAN_POINT('',(2.646723946026E0,8.105291263595E0,-5.767917172573E0));
#1340=CARTESIAN_POINT('',(1.806804507821E0,8.127812870563E0,-6.083619019837E0));
#1341=CARTESIAN_POINT('',(9.231511696614E-1,8.150528762667E0,
-6.279268056704E0));
#1342=CARTESIAN_POINT('',(1.318858918931E-2,8.173429560266E0,
-6.346795563569E0));
#1343=CARTESIAN_POINT('',(-8.907478399603E-1,8.196172769720E0,
-6.283454144349E0));
#1344=CARTESIAN_POINT('',(-1.766922657390E0,8.218667391269E0,
-6.095110483130E0));
#1345=CARTESIAN_POINT('',(-2.611975119774E0,8.241266993268E0,
-5.784270633559E0));
#1346=CARTESIAN_POINT('',(-3.417375450078E0,8.264247708644E0,
-5.348681282602E0));
#1347=CARTESIAN_POINT('',(-4.153946055564E0,8.287311712370E0,
-4.799059020624E0));
#1348=CARTESIAN_POINT('',(-4.798972549205E0,8.310226074041E0,
-4.152952056377E0));
#1349=CARTESIAN_POINT('',(-5.336102671843E0,8.332729862942E0,
-3.435046060396E0));
#1350=CARTESIAN_POINT('',(-5.625121533540E0,8.347828846404E0,
-2.907488179467E0));
#1351=CARTESIAN_POINT('',(-5.75E0,8.355371604790E0,-2.634981024600E0));
#1353=DIRECTION('',(6.989901133188E-14,1.E0,1.456229402748E-13));
#1354=VECTOR('',#1353,7.623956929660E-2);
#1355=CARTESIAN_POINT('',(5.75E0,7.992149256616E0,-2.634981024600E0));
#1356=LINE('',#1355,#1354);
#1357=CARTESIAN_POINT('',(-5.75E0,8.431611174087E0,-2.634981024600E0));
#1358=CARTESIAN_POINT('',(-5.624502721577E0,8.424031038967E0,
-2.908838537878E0));
#1359=CARTESIAN_POINT('',(-5.334409558493E0,8.408885719348E0,
-3.437929661096E0));
#1360=CARTESIAN_POINT('',(-4.795372615978E0,8.386328799542E0,
-4.157069795032E0));
#1361=CARTESIAN_POINT('',(-4.154472770663E0,8.363584316087E0,
-4.797665030450E0));
#1362=CARTESIAN_POINT('',(-3.434491056276E0,8.341011950755E0,
-5.336613959926E0));
#1363=CARTESIAN_POINT('',(-2.643237368436E0,8.318371556709E0,
-5.769646980217E0));
#1364=CARTESIAN_POINT('',(-1.801461077424E0,8.295807526858E0,
-6.085249275185E0));
#1365=CARTESIAN_POINT('',(-9.173944733079E-1,8.273085890521E0,
-6.280089509895E0));
#1366=CARTESIAN_POINT('',(-8.507474263020E-3,8.250213487197E0,
-6.346717124050E0));
#1367=CARTESIAN_POINT('',(8.936050968373E-1,8.227515058202E0,
-6.282997948182E0));
#1368=CARTESIAN_POINT('',(1.769961442460E0,8.205014175460E0,-6.094299278758E0));
#1369=CARTESIAN_POINT('',(2.616234187286E0,8.182376551509E0,-5.782377162931E0));
#1370=CARTESIAN_POINT('',(3.420753291718E0,8.159411393010E0,-5.346454964567E0));
#1371=CARTESIAN_POINT('',(4.155742588864E0,8.136386496753E0,-4.797345152069E0));
#1372=CARTESIAN_POINT('',(4.798590013078E0,8.113545729776E0,-4.153220737980E0));
#1373=CARTESIAN_POINT('',(5.335301205023E0,8.091067861862E0,-3.436302965364E0));
#1374=CARTESIAN_POINT('',(5.624819636351E0,8.075949819129E0,-2.908146973144E0));
#1375=CARTESIAN_POINT('',(5.75E0,8.068388825913E0,-2.634981024600E0));
#1377=DIRECTION('',(0.E0,1.E0,0.E0));
#1378=VECTOR('',#1377,7.623956929659E-2);
#1379=CARTESIAN_POINT('',(-5.75E0,9.355371604790E0,-2.634981024600E0));
#1380=LINE('',#1379,#1378);
#1381=CARTESIAN_POINT('',(5.75E0,8.992149256616E0,-2.634981024600E0));
#1382=CARTESIAN_POINT('',(5.624819636351E0,8.999710249833E0,-2.908146973144E0));
#1383=CARTESIAN_POINT('',(5.335301205023E0,9.014828292565E0,-3.436302965364E0));
#1384=CARTESIAN_POINT('',(4.798590013078E0,9.037306160479E0,-4.153220737980E0));
#1385=CARTESIAN_POINT('',(4.155742588864E0,9.060146927457E0,-4.797345152069E0));
#1386=CARTESIAN_POINT('',(3.420753291718E0,9.083171823713E0,-5.346454964567E0));
#1387=CARTESIAN_POINT('',(2.616234187286E0,9.106136982212E0,-5.782377162931E0));
#1388=CARTESIAN_POINT('',(1.769961442460E0,9.128774606163E0,-6.094299278758E0));
#1389=CARTESIAN_POINT('',(8.936050968372E-1,9.151275488905E0,
-6.282997948182E0));
#1390=CARTESIAN_POINT('',(-8.507474263028E-3,9.173973917900E0,
-6.346717124050E0));
#1391=CARTESIAN_POINT('',(-9.173944733079E-1,9.196846321224E0,
-6.280089509895E0));
#1392=CARTESIAN_POINT('',(-1.801461077424E0,9.219567957562E0,
-6.085249275185E0));
#1393=CARTESIAN_POINT('',(-2.643237368436E0,9.242131987413E0,
-5.769646980217E0));
#1394=CARTESIAN_POINT('',(-3.434491056276E0,9.264772381458E0,
-5.336613959926E0));
#1395=CARTESIAN_POINT('',(-4.154472770663E0,9.287344746791E0,
-4.797665030450E0));
#1396=CARTESIAN_POINT('',(-4.795372615978E0,9.310089230246E0,
-4.157069795032E0));
#1397=CARTESIAN_POINT('',(-5.334409558493E0,9.332646150052E0,
-3.437929661096E0));
#1398=CARTESIAN_POINT('',(-5.624502721577E0,9.347791469670E0,
-2.908838537878E0));
#1399=CARTESIAN_POINT('',(-5.75E0,9.355371604790E0,-2.634981024600E0));
#1401=DIRECTION('',(0.E0,1.E0,0.E0));
#1402=VECTOR('',#1401,7.623956929660E-2);
#1403=CARTESIAN_POINT('',(5.75E0,8.992149256616E0,-2.634981024600E0));
#1404=LINE('',#1403,#1402);
#1405=CARTESIAN_POINT('',(-5.75E0,9.431611174087E0,-2.634981024600E0));
#1406=CARTESIAN_POINT('',(-5.624471866492E0,9.424029175295E0,
-2.908905869193E0));
#1407=CARTESIAN_POINT('',(-5.334415698754E0,9.408885824580E0,
-3.437931803355E0));
#1408=CARTESIAN_POINT('',(-4.795433731723E0,9.386332914416E0,
-4.156904917764E0));
#1409=CARTESIAN_POINT('',(-4.156144757419E0,9.363641594242E0,
-4.796105297940E0));
#1410=CARTESIAN_POINT('',(-3.436590377853E0,9.341073333939E0,
-5.335350482747E0));
#1411=CARTESIAN_POINT('',(-2.643626940708E0,9.318381730330E0,
-5.769528204280E0));
#1412=CARTESIAN_POINT('',(-1.802625110070E0,9.295838910565E0,
-6.084778060363E0));
#1413=CARTESIAN_POINT('',(-9.209658949470E-1,9.273176312061E0,
-6.279542593476E0));
#1414=CARTESIAN_POINT('',(-8.248156304467E-3,9.250206710146E0,
-6.347156319135E0));
#1415=CARTESIAN_POINT('',(9.071623395503E-1,9.227174372312E0,
-6.281803277765E0));
#1416=CARTESIAN_POINT('',(1.794598233209E0,9.204372405339E0,-6.087316915308E0));
#1417=CARTESIAN_POINT('',(2.634780750628E0,9.181858988626E0,-5.773281761659E0));
#1418=CARTESIAN_POINT('',(3.425180395984E0,9.159269414227E0,-5.342874525162E0));
#1419=CARTESIAN_POINT('',(4.153950063660E0,9.136442097452E0,-4.798683325344E0));
#1420=CARTESIAN_POINT('',(4.797338183751E0,9.113598267535E0,-4.154907181417E0));
#1421=CARTESIAN_POINT('',(5.336304204791E0,9.091024870872E0,-3.434909915715E0));
#1422=CARTESIAN_POINT('',(5.625158750867E0,9.075929336344E0,-2.907406964603E0));
#1423=CARTESIAN_POINT('',(5.75E0,9.068388825913E0,-2.634981024600E0));
#1425=CARTESIAN_POINT('',(-5.75E0,4.921492566163E-1,2.634981024600E0));
#1426=CARTESIAN_POINT('',(-5.75E0,4.642572899074E-1,2.529088229134E0));
#1427=CARTESIAN_POINT('',(-5.75E0,4.106722072970E-1,2.316425450422E0));
#1428=CARTESIAN_POINT('',(-5.75E0,3.373690200131E-1,1.993728149796E0));
#1429=CARTESIAN_POINT('',(-5.75E0,2.724047335685E-1,1.669830724020E0));
#1430=CARTESIAN_POINT('',(-5.75E0,2.166400239967E-1,1.346525401508E0));
#1431=CARTESIAN_POINT('',(-5.75E0,1.702229741169E-1,1.022871359531E0));
#1432=CARTESIAN_POINT('',(-5.75E0,1.319982733887E-1,6.835984608433E-1));
#1433=CARTESIAN_POINT('',(-5.75E0,1.029826094602E-1,3.151846933073E-1));
#1434=CARTESIAN_POINT('',(-5.75E0,8.647493993226E-2,-9.561466145412E-2));
#1435=CARTESIAN_POINT('',(-5.75E0,8.790640915385E-2,-5.511278998242E-1));
#1436=CARTESIAN_POINT('',(-5.75E0,1.140863353390E-1,-1.058142978667E0));
#1437=CARTESIAN_POINT('',(-5.75E0,1.693357225506E-1,-1.593444900701E0));
#1438=CARTESIAN_POINT('',(-5.75E0,2.523121639234E-1,-2.132655864619E0));
#1439=CARTESIAN_POINT('',(-5.75E0,3.194041955280E-1,-2.469725725944E0));
#1440=CARTESIAN_POINT('',(-5.75E0,3.553716047905E-1,-2.634981024600E0));
#1442=CARTESIAN_POINT('',(5.75E0,9.921492566163E-1,-2.634981024600E0));
#1443=CARTESIAN_POINT('',(5.75E0,9.387192764335E-1,-2.432132296781E0));
#1444=CARTESIAN_POINT('',(5.75E0,8.418677592058E-1,-2.030802711434E0));
#1445=CARTESIAN_POINT('',(5.75E0,7.271692879282E-1,-1.433732056062E0));
#1446=CARTESIAN_POINT('',(5.75E0,6.479694869085E-1,-8.643883802910E-1));
#1447=CARTESIAN_POINT('',(5.75E0,6.026383546421E-1,-3.364339915879E-1));
#1448=CARTESIAN_POINT('',(5.75E0,5.859383516238E-1,1.287403342803E-1));
#1449=CARTESIAN_POINT('',(5.75E0,5.888715923974E-1,5.320401787531E-1));
#1450=CARTESIAN_POINT('',(5.75E0,6.052796881254E-1,8.968968833552E-1));
#1451=CARTESIAN_POINT('',(5.75E0,6.325740832824E-1,1.241753711354E0));
#1452=CARTESIAN_POINT('',(5.75E0,6.714880269743E-1,1.589554655485E0));
#1453=CARTESIAN_POINT('',(5.75E0,7.221312786284E-1,1.940579688994E0));
#1454=CARTESIAN_POINT('',(5.75E0,7.835783462656E-1,2.291084269794E0));
#1455=CARTESIAN_POINT('',(5.75E0,8.305158857685E-1,2.520779324936E0));
#1456=CARTESIAN_POINT('',(5.75E0,8.553716047905E-1,2.634981024600E0));
#1458=CARTESIAN_POINT('',(-5.75E0,1.492149256616E0,2.634981024600E0));
#1459=CARTESIAN_POINT('',(-5.75E0,1.448556261501E0,2.469478743469E0));
#1460=CARTESIAN_POINT('',(-5.75E0,1.366145304139E0,2.134352340306E0));
#1461=CARTESIAN_POINT('',(-5.75E0,1.258945202010E0,1.610420816518E0));
#1462=CARTESIAN_POINT('',(-5.75E0,1.176301883053E0,1.088061243471E0));
#1463=CARTESIAN_POINT('',(-5.75E0,1.120947190506E0,5.830593346868E-1));
#1464=CARTESIAN_POINT('',(-5.75E0,1.091876363571E0,1.085476187516E-1));
#1465=CARTESIAN_POINT('',(-5.75E0,1.085157567567E0,-3.316736863855E-1));
#1466=CARTESIAN_POINT('',(-5.75E0,1.096095889199E0,-7.365525925224E-1));
#1467=CARTESIAN_POINT('',(-5.75E0,1.121339387291E0,-1.121486919722E0));
#1468=CARTESIAN_POINT('',(-5.75E0,1.160265593526E0,-1.502010344021E0));
#1469=CARTESIAN_POINT('',(-5.75E0,1.212603463321E0,-1.881961523632E0));
#1470=CARTESIAN_POINT('',(-5.75E0,1.277406790098E0,-2.259937938029E0));
#1471=CARTESIAN_POINT('',(-5.75E0,1.328213577992E0,-2.510201177468E0));
#1472=CARTESIAN_POINT('',(-5.75E0,1.355371604790E0,-2.634981024600E0));
#1474=CARTESIAN_POINT('',(5.75E0,1.992149256616E0,-2.634981024600E0));
#1475=CARTESIAN_POINT('',(5.75E0,1.969170680444E0,-2.547742082575E0));
#1476=CARTESIAN_POINT('',(5.75E0,1.924709063871E0,-2.372678107736E0));
#1477=CARTESIAN_POINT('',(5.75E0,1.862724344187E0,-2.107552238903E0));
#1478=CARTESIAN_POINT('',(5.75E0,1.806281076940E0,-1.841816666706E0));
#1479=CARTESIAN_POINT('',(5.75E0,1.755918380599E0,-1.576802463593E0));
#1480=CARTESIAN_POINT('',(5.75E0,1.711375378374E0,-1.309969844046E0));
#1481=CARTESIAN_POINT('',(5.75E0,1.671368403626E0,-1.028958970582E0));
#1482=CARTESIAN_POINT('',(5.75E0,1.636191007784E0,-7.232415202607E-1));
#1483=CARTESIAN_POINT('',(5.75E0,1.607465884931E0,-3.818002745355E-1));
#1484=CARTESIAN_POINT('',(5.75E0,1.588730979411E0,6.950910339079E-3));
#1485=CARTESIAN_POINT('',(5.75E0,1.585670651952E0,4.524389104900E-1));
#1486=CARTESIAN_POINT('',(5.75E0,1.607154452897E0,9.677356383909E-1));
#1487=CARTESIAN_POINT('',(5.75E0,1.660209819446E0,1.524713490496E0));
#1488=CARTESIAN_POINT('',(5.75E0,1.745264765442E0,2.095545778034E0));
#1489=CARTESIAN_POINT('',(5.75E0,1.816561088181E0,2.456662829188E0));
#1490=CARTESIAN_POINT('',(5.75E0,1.855371604790E0,2.634981024600E0));
#1492=CARTESIAN_POINT('',(-5.75E0,2.492149256616E0,2.634981024600E0));
#1493=CARTESIAN_POINT('',(-5.75E0,2.440939227599E0,2.440560416502E0));
#1494=CARTESIAN_POINT('',(-5.75E0,2.344446518328E0,2.044139442257E0));
#1495=CARTESIAN_POINT('',(-5.75E0,2.221209038446E0,1.403862946845E0));
#1496=CARTESIAN_POINT('',(-5.75E0,2.137660096004E0,7.788632687549E-1));
#1497=CARTESIAN_POINT('',(-5.75E0,2.095341629846E0,2.111051237002E-1));
#1498=CARTESIAN_POINT('',(-5.75E0,2.084751959060E0,-2.636813996178E-1));
#1499=CARTESIAN_POINT('',(-5.75E0,2.093621554713E0,-6.813151067978E-1));
#1500=CARTESIAN_POINT('',(-5.75E0,2.116913646036E0,-1.067567362375E0));
#1501=CARTESIAN_POINT('',(-5.75E0,2.154759729105E0,-1.456777560541E0));
#1502=CARTESIAN_POINT('',(-5.75E0,2.207914867284E0,-1.852812046360E0));
#1503=CARTESIAN_POINT('',(-5.75E0,2.275141736100E0,-2.248716018568E0));
#1504=CARTESIAN_POINT('',(-5.75E0,2.327480275637E0,-2.506831957886E0));
#1505=CARTESIAN_POINT('',(-5.75E0,2.355371604790E0,-2.634981024600E0));
#1507=CARTESIAN_POINT('',(5.75E0,2.992149256616E0,-2.634981024600E0));
#1508=CARTESIAN_POINT('',(5.75E0,2.952821815531E0,-2.485673063690E0));
#1509=CARTESIAN_POINT('',(5.75E0,2.878718369454E0,-2.185984527296E0));
#1510=CARTESIAN_POINT('',(5.75E0,2.782707515628E0,-1.731957712563E0));
#1511=CARTESIAN_POINT('',(5.75E0,2.704037499519E0,-1.275505009301E0));
#1512=CARTESIAN_POINT('',(5.75E0,2.644420164310E0,-8.186277302429E-1));
#1513=CARTESIAN_POINT('',(5.75E0,2.605028205021E0,-3.630580556999E-1));
#1514=CARTESIAN_POINT('',(5.75E0,2.586485128173E0,8.573665989056E-2));
#1515=CARTESIAN_POINT('',(5.75E0,2.587929725545E0,5.231641164805E-1));
#1516=CARTESIAN_POINT('',(5.75E0,2.607934660871E0,9.527034591500E-1));
#1517=CARTESIAN_POINT('',(5.75E0,2.645472200364E0,1.377448292816E0));
#1518=CARTESIAN_POINT('',(5.75E0,2.699556739403E0,1.798878258624E0));
#1519=CARTESIAN_POINT('',(5.75E0,2.769060337606E0,2.217493027707E0));
#1520=CARTESIAN_POINT('',(5.75E0,2.825113020448E0,2.495955404046E0));
#1521=CARTESIAN_POINT('',(5.75E0,2.855371604790E0,2.634981024600E0));
#1523=CARTESIAN_POINT('',(-5.75E0,3.492149256616E0,2.634981024600E0));
#1524=CARTESIAN_POINT('',(-5.75E0,3.448499700364E0,2.469264007198E0));
#1525=CARTESIAN_POINT('',(-5.75E0,3.365917042847E0,2.133239252157E0));
#1526=CARTESIAN_POINT('',(-5.75E0,3.259136982536E0,1.611562412537E0));
#1527=CARTESIAN_POINT('',(-5.75E0,3.174937837737E0,1.080058073968E0));
#1528=CARTESIAN_POINT('',(-5.75E0,3.117009124190E0,5.451539317942E-1));
#1529=CARTESIAN_POINT('',(-5.75E0,3.087261020219E0,9.550766136213E-3));
#1530=CARTESIAN_POINT('',(-5.75E0,3.086337101449E0,-5.235214619327E-1));
#1531=CARTESIAN_POINT('',(-5.75E0,3.113774004070E0,-1.056424834492E0));
#1532=CARTESIAN_POINT('',(-5.75E0,3.169758816944E0,-1.597183870852E0));
#1533=CARTESIAN_POINT('',(-5.75E0,3.253466344906E0,-2.139110457962E0));
#1534=CARTESIAN_POINT('',(-5.75E0,3.320020326525E0,-2.472556591833E0));
#1535=CARTESIAN_POINT('',(-5.75E0,3.355371604790E0,-2.634981024600E0));
#1537=CARTESIAN_POINT('',(-5.367280375912E0,0.E0,1.310696901023E0));
#1538=CARTESIAN_POINT('',(-5.298020474592E0,8.410072263489E-3,
1.594314958639E0));
#1539=CARTESIAN_POINT('',(-5.114446407689E0,2.523021679047E-2,
2.150545099879E0));
#1540=CARTESIAN_POINT('',(-4.710824807830E0,5.046043358094E-2,
2.930961820105E0));
#1541=CARTESIAN_POINT('',(-4.189065567121E0,7.569065037141E-2,
3.637875289151E0));
#1542=CARTESIAN_POINT('',(-3.562253107313E0,1.009208671619E-1,
4.253558507735E0));
#1543=CARTESIAN_POINT('',(-2.846106660520E0,1.261510839524E-1,
4.762571151857E0));
#1544=CARTESIAN_POINT('',(-2.058585693971E0,1.513813007428E-1,
5.152148296149E0));
#1545=CARTESIAN_POINT('',(-1.219439622330E0,1.766115175333E-1,
5.412520126958E0));
#1546=CARTESIAN_POINT('',(-3.497125063850E-1,2.018417343238E-1,
5.537157057765E0));
#1547=CARTESIAN_POINT('',(5.287846817196E-1,2.270719511142E-1,
5.522933448741E0));
#1548=CARTESIAN_POINT('',(1.394021034824E0,2.523021679047E-1,5.370205999167E0));
#1549=CARTESIAN_POINT('',(2.224298200197E0,2.775323846952E-1,5.082804800066E0));
#1550=CARTESIAN_POINT('',(2.998794529848E0,3.027626014856E-1,4.667937283934E0));
#1551=CARTESIAN_POINT('',(3.698087244702E0,3.279928182761E-1,4.136007476970E0));
#1552=CARTESIAN_POINT('',(4.304639518068E0,3.532230350666E-1,3.500355087484E0));
#1553=CARTESIAN_POINT('',(4.803240263267E0,3.784532518571E-1,2.776920973365E0));
#1554=CARTESIAN_POINT('',(5.181385596488E0,4.036834686475E-1,1.983847378074E0));
#1555=CARTESIAN_POINT('',(5.429592408537E0,4.289136854380E-1,1.141022960394E0));
#1556=CARTESIAN_POINT('',(5.541636181762E0,4.541439022285E-1,
2.695840276704E-1));
#1557=CARTESIAN_POINT('',(5.514707088188E0,4.793741190189E-1,
-6.086155194167E-1));
#1558=CARTESIAN_POINT('',(5.349480454237E0,5.046043358094E-1,
-1.471552237849E0));
#1559=CARTESIAN_POINT('',(5.050099824928E0,5.298345525999E-1,
-2.297585445038E0));
#1560=CARTESIAN_POINT('',(4.624073052264E0,5.550647693904E-1,
-3.065999922750E0));
#1561=CARTESIAN_POINT('',(4.082084013714E0,5.802949861808E-1,
-3.757525412285E0));
#1562=CARTESIAN_POINT('',(3.437724682475E0,6.055252029713E-1,
-4.354819873024E0));
#1563=CARTESIAN_POINT('',(2.707154268675E0,6.307554197618E-1,
-4.842904385240E0));
#1564=CARTESIAN_POINT('',(1.908693979531E0,6.559856365522E-1,
-5.209538790669E0));
#1565=CARTESIAN_POINT('',(1.062367561057E0,6.812158533427E-1,
-5.445528650572E0));
#1566=CARTESIAN_POINT('',(1.893991435929E-1,7.064460701332E-1,
-5.544955823394E0));
#1567=CARTESIAN_POINT('',(-6.883190158408E-1,7.316762869236E-1,
-5.505326879615E0));
#1568=CARTESIAN_POINT('',(-1.548775546440E0,7.569065037141E-1,
-5.327635631848E0));
#1569=CARTESIAN_POINT('',(-2.370391963641E0,7.821367205046E-1,
-5.016338212052E0));
#1570=CARTESIAN_POINT('',(-3.132563813240E0,8.073669372951E-1,
-4.579241320891E0));
#1571=CARTESIAN_POINT('',(-3.816177388844E0,8.325971540855E-1,
-4.027306451694E0));
#1572=CARTESIAN_POINT('',(-4.404089064404E0,8.578273708760E-1,
-3.374374998689E0));
#1573=CARTESIAN_POINT('',(-4.881555221197E0,8.830575876665E-1,
-2.636821143230E0));
#1574=CARTESIAN_POINT('',(-5.236601987529E0,9.082878044569E-1,
-1.833141222925E0));
#1575=CARTESIAN_POINT('',(-5.460325518878E0,9.335180212474E-1,
-9.834898814291E-1));
#1576=CARTESIAN_POINT('',(-5.547115288044E0,9.587482380379E-1,
-1.091746313319E-1));
#1577=CARTESIAN_POINT('',(-5.494794785667E0,9.839784548284E-1,
7.678784945479E-1));
#1578=CARTESIAN_POINT('',(-5.304676102610E0,1.009208671619E0,1.625674803084E0));
#1579=CARTESIAN_POINT('',(-4.981527025417E0,1.034438888409E0,2.442702522622E0));
#1580=CARTESIAN_POINT('',(-4.533451470005E0,1.059669105200E0,3.198472274085E0));
#1581=CARTESIAN_POINT('',(-3.971686252079E0,1.084899321990E0,3.874030902565E0));
#1582=CARTESIAN_POINT('',(-3.310319290847E0,1.110129538781E0,4.452436783564E0));
#1583=CARTESIAN_POINT('',(-2.565936312903E0,1.135359755571E0,4.919184684184E0));
#1584=CARTESIAN_POINT('',(-1.757204916238E0,1.160589972362E0,5.262569524608E0));
#1585=CARTESIAN_POINT('',(-9.044064251718E-1,1.185820189152E0,
5.473979917491E0));
#1586=CARTESIAN_POINT('',(-2.892727634711E-2,1.211050405943E0,
5.548114123886E0));
#1587=CARTESIAN_POINT('',(8.472773092242E-1,1.236280622733E0,5.483113009984E0));
#1588=CARTESIAN_POINT('',(1.702233918065E0,1.261510839524E0,5.280606670371E0));
#1589=CARTESIAN_POINT('',(2.514501992366E0,1.286741056314E0,4.945673548605E0));
#1590=CARTESIAN_POINT('',(3.263711515187E0,1.311971273104E0,4.486713080265E0));
#1591=CARTESIAN_POINT('',(3.931073848696E0,1.337201489895E0,3.915235052342E0));
#1592=CARTESIAN_POINT('',(4.499852914658E0,1.362431706685E0,3.245570961392E0));
#1593=CARTESIAN_POINT('',(4.955784900947E0,1.387661923476E0,2.494514609003E0));
#1594=CARTESIAN_POINT('',(5.287435968689E0,1.412892140266E0,1.680900947706E0));
#1595=CARTESIAN_POINT('',(5.486488989486E0,1.438122357057E0,8.251337389998E-1));
#1596=CARTESIAN_POINT('',(5.547952121932E0,1.463352573847E0,
-5.132613112235E-2));
#1597=CARTESIAN_POINT('',(5.470283996757E0,1.488582790638E0,
-9.264988471712E-1));
#1598=CARTESIAN_POINT('',(5.255432371204E0,1.513813007428E0,-1.778436872841E0));
#1599=CARTESIAN_POINT('',(4.908785283276E0,1.539043224219E0,-2.585775350195E0));
#1600=CARTESIAN_POINT('',(4.439035930793E0,1.564273441009E0,-3.328267886471E0));
#1601=CARTESIAN_POINT('',(3.857964663826E0,1.589503657800E0,-3.987294292080E0));
#1602=CARTESIAN_POINT('',(3.180143557686E0,1.614733874590E0,-4.546327536759E0));
#1603=CARTESIAN_POINT('',(2.422570975169E0,1.639964091381E0,-4.991348213585E0));
#1604=CARTESIAN_POINT('',(1.604245282487E0,1.665194308171E0,-5.311196116940E0));
#1605=CARTESIAN_POINT('',(7.456884092214E-1,1.690424524962E0,
-5.497850117577E0));
#1606=CARTESIAN_POINT('',(-1.315687995710E-1,1.715654741752E0,
-5.546629316077E0));
#1607=CARTESIAN_POINT('',(-1.005526532783E0,1.740884958542E0,
-5.456310430213E0));
#1608=CARTESIAN_POINT('',(-1.854267723386E0,1.766115175333E0,
-5.229158472354E0));
#1609=CARTESIAN_POINT('',(-2.656507683507E0,1.791345392123E0,
-4.870869947602E0));
#1610=CARTESIAN_POINT('',(-3.392127880738E0,1.816575608914E0,
-4.390429997130E0));
#1611=CARTESIAN_POINT('',(-4.042680469655E0,1.841805825704E0,
-3.799887069276E0));
#1612=CARTESIAN_POINT('',(-4.591850925932E0,1.867036042495E0,
-3.114050769175E0));
#1613=CARTESIAN_POINT('',(-5.025867181147E0,1.892266259285E0,
-2.350120464242E0));
#1614=CARTESIAN_POINT('',(-5.333844998001E0,1.917496476076E0,
-1.527253959328E0));
#1615=CARTESIAN_POINT('',(-5.508060924662E0,1.942726692866E0,
-6.660870582672E-1));
#1616=CARTESIAN_POINT('',(-5.544145983093E0,1.967956909657E0,
2.117839397403E-1));
#1617=CARTESIAN_POINT('',(-5.441195234057E0,1.993187126447E0,1.084343831013E0));
#1618=CARTESIAN_POINT('',(-5.201790471137E0,2.018417343238E0,1.929710603530E0));
#1619=CARTESIAN_POINT('',(-4.831935474648E0,2.043647560028E0,2.726684192902E0));
#1620=CARTESIAN_POINT('',(-4.340905449147E0,2.068877776819E0,3.455278136496E0));
#1621=CARTESIAN_POINT('',(-3.741014420329E0,2.094107993609E0,4.097220792913E0));
#1622=CARTESIAN_POINT('',(-3.047306424521E0,2.119338210400E0,4.636413557272E0));
#1623=CARTESIAN_POINT('',(-2.277178235121E0,2.144568427190E0,5.059334581195E0));
#1624=CARTESIAN_POINT('',(-1.449943087205E0,2.169798643980E0,5.355377873022E0));
#1625=CARTESIAN_POINT('',(-5.863463412119E-1,2.195028860771E0,
5.517119274325E0));
#1626=CARTESIAN_POINT('',(2.919547681315E-1,2.220259077561E0,5.540502642572E0));
#1627=CARTESIAN_POINT('',(1.162934250834E0,2.245489294352E0,5.424941570858E0));
#1628=CARTESIAN_POINT('',(2.004749728280E0,2.270719511142E0,5.173334093788E0));
#1629=CARTESIAN_POINT('',(2.796290195275E0,2.295949727933E0,4.791990010715E0));
#1630=CARTESIAN_POINT('',(3.517705440748E0,2.321179944723E0,4.290472648918E0));
#1631=CARTESIAN_POINT('',(4.150903850323E0,2.346410161514E0,3.681359034971E0));
#1632=CARTESIAN_POINT('',(4.680006106891E0,2.371640378304E0,2.979924488716E0));
#1633=CARTESIAN_POINT('',(5.091743411308E0,2.396870595095E0,2.203759549585E0));
#1634=CARTESIAN_POINT('',(5.375790236656E0,2.422100811885E0,1.372328841953E0));
#1635=CARTESIAN_POINT('',(5.525023271277E0,2.447331028676E0,5.064829422905E-1));
#1636=CARTESIAN_POINT('',(5.535700056813E0,2.472561245466E0,
-3.720645105173E-1));
#1637=CARTESIAN_POINT('',(5.407552841386E0,2.497791462257E0,-1.241281348690E0));
#1638=CARTESIAN_POINT('',(5.143795294265E0,2.523021679047E0,-2.079369397120E0));
#1639=CARTESIAN_POINT('',(4.751041913636E0,2.548251895838E0,-2.865311126887E0));
#1640=CARTESIAN_POINT('',(4.239142148552E0,2.573482112628E0,-3.579396731763E0));
#1641=CARTESIAN_POINT('',(3.620933394962E0,2.598712329418E0,-4.203718409722E0));
#1642=CARTESIAN_POINT('',(2.911919060153E0,2.623942546209E0,-4.722619453873E0));
#1643=CARTESIAN_POINT('',(2.129879769104E0,2.649172762999E0,-5.123086890552E0));
#1644=CARTESIAN_POINT('',(1.294427462884E0,2.674402979790E0,-5.395077818004E0));
#1645=CARTESIAN_POINT('',(4.265135714065E-1,2.699633196580E0,
-5.531771261756E0));
#1646=CARTESIAN_POINT('',(-4.520964054514E-1,2.724863413371E0,
-5.529739230666E0));
#1647=CARTESIAN_POINT('',(-1.319368731934E0,2.750093630161E0,
-5.389032683903E0));
#1648=CARTESIAN_POINT('',(-2.153553997299E0,2.775323846952E0,
-5.113180253003E0));
#1649=CARTESIAN_POINT('',(-2.933732546416E0,2.800554063742E0,
-4.709099751022E0));
#1650=CARTESIAN_POINT('',(-3.640339101808E0,2.825784280533E0,
-4.186924687982E0));
#1651=CARTESIAN_POINT('',(-4.255653420664E0,2.851014497323E0,
-3.559750143221E0));
#1652=CARTESIAN_POINT('',(-4.764244682187E0,2.876244714114E0,
-2.843304367682E0));
#1653=CARTESIAN_POINT('',(-5.153358460887E0,2.901474930904E0,
-2.055554351616E0));
#1654=CARTESIAN_POINT('',(-5.413236581544E0,2.926705147695E0,
-1.216255249409E0));
#1655=CARTESIAN_POINT('',(-5.537361833720E0,2.951935364485E0,
-3.464549605478E-1));
#1656=CARTESIAN_POINT('',(-5.522621411891E0,2.977165581276E0,
5.320337074462E-1));
#1657=CARTESIAN_POINT('',(-5.369384971274E0,3.002395798066E0,1.397180063490E0));
#1658=CARTESIAN_POINT('',(-5.081495383564E0,3.027626014856E0,2.227288002506E0));
#1659=CARTESIAN_POINT('',(-4.666172268832E0,3.052856231647E0,3.001540155094E0));
#1660=CARTESIAN_POINT('',(-4.133831303370E0,3.078086448437E0,3.700519735964E0));
#1661=CARTESIAN_POINT('',(-3.497821668249E0,3.103316665228E0,4.306698255144E0));
#1662=CARTESIAN_POINT('',(-3.015338095237E0,3.120136809755E0,4.638814213563E0));
#1663=CARTESIAN_POINT('',(-2.7625E0,3.128546882018E0,4.784790355909E0));
#1665=DIRECTION('',(0.E0,0.E0,-1.E0));
#1666=VECTOR('',#1665,5.000121537514E0);
#1667=CARTESIAN_POINT('',(5.75E0,0.E0,2.365140512914E0));
#1668=LINE('',#1667,#1666);
#1669=CARTESIAN_POINT('',(0.E0,0.E0,0.E0));
#1670=DIRECTION('',(0.E0,1.E0,0.E0));
#1671=DIRECTION('',(9.090909090909E-1,0.E0,-4.165977904505E-1));
#1672=AXIS2_PLACEMENT_3D('',#1669,#1670,#1671);
#1674=CARTESIAN_POINT('',(-5.367280375912E0,0.E0,1.310696901023E0));
#1675=CARTESIAN_POINT('',(-5.440581990976E0,0.E0,1.064489335821E0));
#1676=CARTESIAN_POINT('',(-5.551646292732E0,0.E0,5.675509349985E-1));
#1677=CARTESIAN_POINT('',(-5.614890512802E0,0.E0,-2.013501761090E-1));
#1678=CARTESIAN_POINT('',(-5.572580495514E0,0.E0,-9.617170312434E-1));
#1679=CARTESIAN_POINT('',(-5.431108382336E0,0.E0,-1.702441339443E0));
#1680=CARTESIAN_POINT('',(-5.187338417078E0,0.E0,-2.433549793607E0));
#1681=CARTESIAN_POINT('',(-4.831822584171E0,0.E0,-3.154921404895E0));
#1682=CARTESIAN_POINT('',(-4.342785100845E0,0.E0,-3.865276346873E0));
#1683=CARTESIAN_POINT('',(-3.736225865717E0,0.E0,-4.508630025528E0));
#1684=CARTESIAN_POINT('',(-3.042918272283E0,0.E0,-5.050704502014E0));
#1685=CARTESIAN_POINT('',(-2.276661854504E0,0.E0,-5.483236816051E0));
#1686=CARTESIAN_POINT('',(-1.462870077084E0,0.E0,-5.795447892822E0));
#1687=CARTESIAN_POINT('',(-6.033611296579E-1,0.E0,-5.987828144504E0));
#1688=CARTESIAN_POINT('',(2.881591131771E-1,0.E0,-6.052873849462E0));
#1689=CARTESIAN_POINT('',(1.203045661483E0,0.E0,-5.982538244423E0));
#1690=CARTESIAN_POINT('',(2.100684713414E0,0.E0,-5.771983580391E0));
#1691=CARTESIAN_POINT('',(2.905444921345E0,0.E0,-5.451640324066E0));
#1692=CARTESIAN_POINT('',(3.597950789193E0,0.E0,-5.061773452770E0));
#1693=CARTESIAN_POINT('',(4.202056345785E0,0.E0,-4.615989256636E0));
#1694=CARTESIAN_POINT('',(4.737654852127E0,0.E0,-4.113737434572E0));
#1695=CARTESIAN_POINT('',(5.215805438657E0,0.E0,-3.546051442345E0));
#1696=CARTESIAN_POINT('',(5.488214610919E0,0.E0,-3.132078400634E0));
#1697=CARTESIAN_POINT('',(5.613081127435E0,0.E0,-2.915295054849E0));
#1699=CARTESIAN_POINT('',(5.75E0,0.E0,2.365140512914E0));
#1700=CARTESIAN_POINT('',(5.645139230251E0,0.E0,2.591069941484E0));
#1701=CARTESIAN_POINT('',(5.405986385791E0,0.E0,3.035146407179E0));
#1702=CARTESIAN_POINT('',(4.954748157887E0,0.E0,3.671045937985E0));
#1703=CARTESIAN_POINT('',(4.390138296278E0,0.E0,4.281866010100E0));
#1704=CARTESIAN_POINT('',(3.691970811223E0,0.E0,4.848742078288E0));
#1705=CARTESIAN_POINT('',(2.905896730048E0,0.E0,5.309134819613E0));
#1706=CARTESIAN_POINT('',(2.082139063641E0,0.E0,5.638963435454E0));
#1707=CARTESIAN_POINT('',(1.229048191254E0,0.E0,5.842282716313E0));
#1708=CARTESIAN_POINT('',(3.727932411410E-1,0.E0,5.918498281417E0));
#1709=CARTESIAN_POINT('',(-4.927770085939E-1,0.E0,5.869588260831E0));
#1710=CARTESIAN_POINT('',(-1.341880237631E0,0.E0,5.693848709360E0));
#1711=CARTESIAN_POINT('',(-2.164054767444E0,0.E0,5.390860125415E0));
#1712=CARTESIAN_POINT('',(-2.923498025299E0,0.E0,4.969950556762E0));
#1713=CARTESIAN_POINT('',(-3.567337890815E0,0.E0,4.476858441523E0));
#1714=CARTESIAN_POINT('',(-4.102522355944E0,0.E0,3.936938429165E0));
#1715=CARTESIAN_POINT('',(-4.545724866637E0,0.E0,3.355171845733E0));
#1716=CARTESIAN_POINT('',(-4.910601394639E0,0.E0,2.722394861463E0));
#1717=CARTESIAN_POINT('',(-5.194261443427E0,0.E0,2.034313536242E0));
#1718=CARTESIAN_POINT('',(-5.320150857869E0,0.E0,1.556203655414E0));
#1719=CARTESIAN_POINT('',(-5.367280375912E0,0.E0,1.310696901023E0));
#1721=CARTESIAN_POINT('',(0.E0,0.E0,0.E0));
#1722=DIRECTION('',(0.E0,-1.E0,0.E0));
#1723=DIRECTION('',(-1.E0,0.E0,0.E0));
#1724=AXIS2_PLACEMENT_3D('',#1721,#1722,#1723);
#1726=CARTESIAN_POINT('',(0.E0,0.E0,0.E0));
#1727=DIRECTION('',(0.E0,-1.E0,0.E0));
#1728=DIRECTION('',(1.E0,0.E0,0.E0));
#1729=AXIS2_PLACEMENT_3D('',#1726,#1727,#1728);
#1731=CARTESIAN_POINT('',(-5.75E0,4.316111740871E-1,-2.634981024600E0));
#1732=CARTESIAN_POINT('',(-5.75E0,4.637970479592E-1,-2.512786265284E0));
#1733=CARTESIAN_POINT('',(-5.75E0,5.251950170893E-1,-2.267397427926E0));
#1734=CARTESIAN_POINT('',(-5.75E0,6.075739627817E-1,-1.895183441061E0));
#1735=CARTESIAN_POINT('',(-5.75E0,6.786663195547E-1,-1.521192454909E0));
#1736=CARTESIAN_POINT('',(-5.75E0,7.372734415075E-1,-1.147859504951E0));
#1737=CARTESIAN_POINT('',(-5.75E0,7.834105327769E-1,-7.710738371822E-1));
#1738=CARTESIAN_POINT('',(-5.75E0,8.174672876320E-1,-3.738721108101E-1));
#1739=CARTESIAN_POINT('',(-5.75E0,8.369014760677E-1,6.021629294066E-2));
#1740=CARTESIAN_POINT('',(-5.75E0,8.365195861357E-1,5.330991850149E-1));
#1741=CARTESIAN_POINT('',(-5.75E0,8.107107264775E-1,1.045171372587E0));
#1742=CARTESIAN_POINT('',(-5.75E0,7.559494675844E-1,1.581610927946E0));
#1743=CARTESIAN_POINT('',(-5.75E0,6.733750528589E-1,2.122160657120E0));
#1744=CARTESIAN_POINT('',(-5.75E0,6.052475946147E-1,2.465630299741E0));
#1745=CARTESIAN_POINT('',(-5.75E0,5.683888259129E-1,2.634981024600E0));
#1747=CARTESIAN_POINT('',(5.75E0,0.E0,2.365140512914E0));
#1748=CARTESIAN_POINT('',(5.75E0,4.841207019591E-2,2.166160116393E0));
#1749=CARTESIAN_POINT('',(5.75E0,1.344282382968E-1,1.775457798373E0));
#1750=CARTESIAN_POINT('',(5.75E0,2.316843813127E-1,1.205452133438E0));
#1751=CARTESIAN_POINT('',(5.75E0,2.955088213446E-1,6.687510345924E-1));
#1752=CARTESIAN_POINT('',(5.75E0,3.291627203613E-1,1.759844644221E-1));
#1753=CARTESIAN_POINT('',(5.75E0,3.385151796613E-1,-2.591530973747E-1));
#1754=CARTESIAN_POINT('',(5.75E0,3.313078317049E-1,-6.386063226918E-1));
#1755=CARTESIAN_POINT('',(5.75E0,3.124902638110E-1,-9.841647593269E-1));
#1756=CARTESIAN_POINT('',(5.75E0,2.840646906764E-1,-1.311894380361E0));
#1757=CARTESIAN_POINT('',(5.75E0,2.451804232541E-1,-1.642375528231E0));
#1758=CARTESIAN_POINT('',(5.75E0,1.958004853223E-1,-1.975536583289E0));
#1759=CARTESIAN_POINT('',(5.75E0,1.367696087029E-1,-2.308102553399E0));
#1760=CARTESIAN_POINT('',(5.75E0,9.202176490903E-2,-2.526397491007E0));
#1761=CARTESIAN_POINT('',(5.75E0,6.838882591293E-2,-2.634981024600E0));
#1763=CARTESIAN_POINT('',(-5.75E0,2.431611174087E0,-2.634981024600E0));
#1764=CARTESIAN_POINT('',(-5.75E0,2.474037748150E0,-2.473907100466E0));
#1765=CARTESIAN_POINT('',(-5.75E0,2.555700579647E0,-2.143144761924E0));
#1766=CARTESIAN_POINT('',(-5.75E0,2.666010661251E0,-1.605225160783E0));
#1767=CARTESIAN_POINT('',(-5.75E0,2.750466849338E0,-1.067619101447E0));
#1768=CARTESIAN_POINT('',(-5.75E0,2.807331302046E0,-5.368903622445E-1));
#1769=CARTESIAN_POINT('',(-5.75E0,2.836624636246E0,-4.869240341644E-3));
#1770=CARTESIAN_POINT('',(-5.75E0,2.837319841608E0,5.309569257911E-1));
#1771=CARTESIAN_POINT('',(-5.75E0,2.809123169617E0,1.067579107104E0));
#1772=CARTESIAN_POINT('',(-5.75E0,2.753089278979E0,1.602319416518E0));
#1773=CARTESIAN_POINT('',(-5.75E0,2.672115954346E0,2.128271973054E0));
#1774=CARTESIAN_POINT('',(-5.75E0,2.604830170753E0,2.467548188918E0));
#1775=CARTESIAN_POINT('',(-5.75E0,2.568388825913E0,2.634981024600E0));
#1777=CARTESIAN_POINT('',(5.75E0,1.931611174087E0,2.634981024600E0));
#1778=CARTESIAN_POINT('',(5.75E0,1.967959942284E0,2.496981696109E0));
#1779=CARTESIAN_POINT('',(5.75E0,2.036772281280E0,2.220040732242E0));
#1780=CARTESIAN_POINT('',(5.75E0,2.127101481494E0,1.801152874064E0));
#1781=CARTESIAN_POINT('',(5.75E0,2.203014087046E0,1.379356975664E0));
#1782=CARTESIAN_POINT('',(5.75E0,2.263086360617E0,9.555825863710E-1));
#1783=CARTESIAN_POINT('',(5.75E0,2.306303365969E0,5.297267214915E-1));
#1784=CARTESIAN_POINT('',(5.75E0,2.332030845528E0,9.705798203644E-2));
#1785=CARTESIAN_POINT('',(5.75E0,2.338916203269E0,-3.473827157165E-1));
#1786=CARTESIAN_POINT('',(5.75E0,2.325400764329E0,-8.008699199409E-1));
#1787=CARTESIAN_POINT('',(5.75E0,2.290913718653E0,-1.260128964209E0));
#1788=CARTESIAN_POINT('',(5.75E0,2.235883872384E0,-1.721673438449E0));
#1789=CARTESIAN_POINT('',(5.75E0,2.161700260867E0,-2.181811868765E0));
#1790=CARTESIAN_POINT('',(5.75E0,2.101165972948E0,-2.484383655107E0));
#1791=CARTESIAN_POINT('',(5.75E0,2.068388825913E0,-2.634981024600E0));
#1793=CARTESIAN_POINT('',(-5.75E0,1.431611174087E0,-2.634981024600E0));
#1794=CARTESIAN_POINT('',(-5.75E0,1.465047192476E0,-2.508040049323E0));
#1795=CARTESIAN_POINT('',(-5.75E0,1.528918973116E0,-2.252344985530E0));
#1796=CARTESIAN_POINT('',(-5.75E0,1.614951578660E0,-1.860180986285E0));
#1797=CARTESIAN_POINT('',(-5.75E0,1.688063602816E0,-1.467497906786E0));
#1798=CARTESIAN_POINT('',(-5.75E0,1.746554170532E0,-1.080767863235E0));
#1799=CARTESIAN_POINT('',(-5.75E0,1.791171343370E0,-6.954802612247E-1));
#1800=CARTESIAN_POINT('',(-5.75E0,1.823609478039E0,-2.779561982075E-1));
#1801=CARTESIAN_POINT('',(-5.75E0,1.840044666876E0,1.973765657421E-1));
#1802=CARTESIAN_POINT('',(-5.75E0,1.829764629057E0,7.661699888936E-1));
#1803=CARTESIAN_POINT('',(-5.75E0,1.780330993511E0,1.392975211508E0));
#1804=CARTESIAN_POINT('',(-5.75E0,1.689657056214E0,2.037225795152E0));
#1805=CARTESIAN_POINT('',(-5.75E0,1.611253900827E0,2.438033818725E0));
#1806=CARTESIAN_POINT('',(-5.75E0,1.568388825913E0,2.634981024600E0));
#1808=CARTESIAN_POINT('',(5.75E0,9.316111740871E-1,2.634981024600E0));
#1809=CARTESIAN_POINT('',(5.75E0,9.770267449778E-1,2.462559272864E0));
#1810=CARTESIAN_POINT('',(5.75E0,1.063409752292E0,2.110836806097E0));
#1811=CARTESIAN_POINT('',(5.75E0,1.177246669050E0,1.544790057601E0));
#1812=CARTESIAN_POINT('',(5.75E0,1.260884073419E0,9.880180260450E-1));
#1813=CARTESIAN_POINT('',(5.75E0,1.311656321755E0,4.713288260738E-1));
#1814=CARTESIAN_POINT('',(5.75E0,1.334088683136E0,2.578670668121E-2));
#1815=CARTESIAN_POINT('',(5.75E0,1.337614611779E0,-3.628342925052E-1));
#1816=CARTESIAN_POINT('',(5.75E0,1.328265810037E0,-7.046179983961E-1));
#1817=CARTESIAN_POINT('',(5.75E0,1.310109201670E0,-1.011540549583E0));
#1818=CARTESIAN_POINT('',(5.75E0,1.285332120463E0,-1.294390537124E0));
#1819=CARTESIAN_POINT('',(5.75E0,1.254754842881E0,-1.563837537944E0));
#1820=CARTESIAN_POINT('',(5.75E0,1.217701559954E0,-1.832103788616E0));
#1821=CARTESIAN_POINT('',(5.75E0,1.174105232210E0,-2.100944850564E0));
#1822=CARTESIAN_POINT('',(5.75E0,1.124393558101E0,-2.369226158317E0));
#1823=CARTESIAN_POINT('',(5.75E0,1.087630760887E0,-2.546572329725E0));
#1824=CARTESIAN_POINT('',(5.75E0,1.068388825913E0,-2.634981024600E0));
#1826=CARTESIAN_POINT('',(-5.75E0,3.431611174087E0,-2.634981024600E0));
#1827=CARTESIAN_POINT('',(-5.75E0,3.486034456127E0,-2.428361192669E0));
#1828=CARTESIAN_POINT('',(-5.75E0,3.586168950229E0,-2.013766827359E0));
#1829=CARTESIAN_POINT('',(-5.75E0,3.707809271249E0,-1.370934346489E0));
#1830=CARTESIAN_POINT('',(-5.75E0,3.788697149749E0,-7.526366789765E-1));
#1831=CARTESIAN_POINT('',(-5.75E0,3.829467388457E0,-1.889019366710E-1));
#1832=CARTESIAN_POINT('',(-5.75E0,3.839024095327E0,2.869329600655E-1));
#1833=CARTESIAN_POINT('',(-5.75E0,3.829162225452E0,7.043182953505E-1));
#1834=CARTESIAN_POINT('',(-5.75E0,3.805110090699E0,1.088734273903E0));
#1835=CARTESIAN_POINT('',(-5.75E0,3.767094138885E0,1.472473860458E0));
#1836=CARTESIAN_POINT('',(-5.75E0,3.714250006148E0,1.862825376511E0));
#1837=CARTESIAN_POINT('',(-5.75E0,3.647727426971E0,2.253186290114E0));
#1838=CARTESIAN_POINT('',(-5.75E0,3.595971742860E0,2.508248983806E0));
#1839=CARTESIAN_POINT('',(-5.75E0,3.568388825913E0,2.634981024600E0));
#1841=CARTESIAN_POINT('',(5.75E0,2.931611174087E0,2.634981024600E0));
#1842=CARTESIAN_POINT('',(5.75E0,2.968934449949E0,2.493281944783E0));
#1843=CARTESIAN_POINT('',(5.75E0,3.039400329048E0,2.209202326034E0));
#1844=CARTESIAN_POINT('',(5.75E0,3.131276327314E0,1.780575886082E0));
#1845=CARTESIAN_POINT('',(5.75E0,3.207914490311E0,1.349442644405E0));
#1846=CARTESIAN_POINT('',(5.75E0,3.267913575197E0,9.164506548778E-1));
#1847=CARTESIAN_POINT('',(5.75E0,3.310176900815E0,4.815503135085E-1));
#1848=CARTESIAN_POINT('',(5.75E0,3.333809258197E0,4.547806837313E-2));
#1849=CARTESIAN_POINT('',(5.75E0,3.338307740454E0,-3.917993894484E-1));
#1850=CARTESIAN_POINT('',(5.75E0,3.323611304631E0,-8.280282220264E-1));
#1851=CARTESIAN_POINT('',(5.75E0,3.290257300072E0,-1.263416377471E0));
#1852=CARTESIAN_POINT('',(5.75E0,3.237989921933E0,-1.705070498254E0));
#1853=CARTESIAN_POINT('',(5.75E0,3.166062631682E0,-2.157998067961E0));
#1854=CARTESIAN_POINT('',(5.75E0,3.103419594365E0,-2.474029201228E0));
#1855=CARTESIAN_POINT('',(5.75E0,3.068388825913E0,-2.634981024600E0));
#1857=DIRECTION('',(4.330127018922E-1,5.E-1,-7.5E-1));
#1858=VECTOR('',#1857,9.237604307034E-1);
#1859=CARTESIAN_POINT('',(-3.1625E0,2.666666666667E0,5.477610678937E0));
#1860=LINE('',#1859,#1858);
#1861=CARTESIAN_POINT('',(5.75E0,5.931611174087E0,2.634981024600E0));
#1862=CARTESIAN_POINT('',(5.75E0,5.974245899245E0,2.473116847793E0));
#1863=CARTESIAN_POINT('',(5.75E0,6.052190146036E0,2.155442907776E0));
#1864=CARTESIAN_POINT('',(5.75E0,6.147003106832E0,1.700274751016E0));
#1865=CARTESIAN_POINT('',(5.75E0,6.222189753507E0,1.257461884289E0));
#1866=CARTESIAN_POINT('',(5.75E0,6.278583759113E0,8.225061255829E-1));
#1867=CARTESIAN_POINT('',(5.75E0,6.316744797025E0,3.890125680203E-1));
#1868=CARTESIAN_POINT('',(5.75E0,6.336277171940E0,-4.480123461644E-2));
#1869=CARTESIAN_POINT('',(5.75E0,6.336859723103E0,-4.794425082525E-1));
#1870=CARTESIAN_POINT('',(5.75E0,6.318457007540E0,-9.142501952300E-1));
#1871=CARTESIAN_POINT('',(5.75E0,6.281650628694E0,-1.347235359850E0));
#1872=CARTESIAN_POINT('',(5.75E0,6.227318288764E0,-1.778549137934E0));
#1873=CARTESIAN_POINT('',(5.75E0,6.156612118742E0,-2.207749291477E0));
#1874=CARTESIAN_POINT('',(5.75E0,6.099347945527E0,-2.492736735592E0));
#1875=CARTESIAN_POINT('',(5.75E0,6.068388825913E0,-2.634981024600E0));
#1877=CARTESIAN_POINT('',(-5.75E0,5.431611174087E0,-2.634981024600E0));
#1878=CARTESIAN_POINT('',(-5.75E0,5.464735653895E0,-2.509222816085E0));
#1879=CARTESIAN_POINT('',(-5.75E0,5.528013490367E0,-2.256021278771E0));
#1880=CARTESIAN_POINT('',(-5.75E0,5.613277433773E0,-1.868176011393E0));
#1881=CARTESIAN_POINT('',(-5.75E0,5.685909576996E0,-1.479878430051E0));
#1882=CARTESIAN_POINT('',(-5.75E0,5.744265702440E0,-1.097505487295E0));
#1883=CARTESIAN_POINT('',(-5.75E0,5.789326232305E0,-7.141798642065E-1));
#1884=CARTESIAN_POINT('',(-5.75E0,5.822510339812E0,-2.974497018322E-1));
#1885=CARTESIAN_POINT('',(-5.75E0,5.839865182566E0,1.783371407928E-1));
#1886=CARTESIAN_POINT('',(-5.75E0,5.830729007412E0,7.443372784801E-1));
#1887=CARTESIAN_POINT('',(-5.75E0,5.783141529713E0,1.366716780793E0));
#1888=CARTESIAN_POINT('',(-5.75E0,5.693834974802E0,2.013612654981E0));
#1889=CARTESIAN_POINT('',(-5.75E0,5.613309198625E0,2.428590579460E0));
#1890=CARTESIAN_POINT('',(-5.75E0,5.568388825913E0,2.634981024600E0));
#1892=CARTESIAN_POINT('',(5.75E0,4.931611174087E0,2.634981024600E0));
#1893=CARTESIAN_POINT('',(5.75E0,4.974101442815E0,2.473665281517E0));
#1894=CARTESIAN_POINT('',(5.75E0,5.054348344216E0,2.147784599191E0));
#1895=CARTESIAN_POINT('',(5.75E0,5.158622994250E0,1.642617208773E0));
#1896=CARTESIAN_POINT('',(5.75E0,5.240422890149E0,1.137708894493E0));
#1897=CARTESIAN_POINT('',(5.75E0,5.297233868182E0,6.444455174986E-1));
#1898=CARTESIAN_POINT('',(5.75E0,5.329180874803E0,1.732470478482E-1));
#1899=CARTESIAN_POINT('',(5.75E0,5.338851698672E0,-2.704064225109E-1));
#1900=CARTESIAN_POINT('',(5.75E0,5.330109005506E0,-6.835300256698E-1));
#1901=CARTESIAN_POINT('',(5.75E0,5.306019515082E0,-1.079334588282E0));
#1902=CARTESIAN_POINT('',(5.75E0,5.267313410307E0,-1.470959190709E0));
#1903=CARTESIAN_POINT('',(5.75E0,5.214455402307E0,-1.861291213394E0));
#1904=CARTESIAN_POINT('',(5.75E0,5.148429549688E0,-2.249431022934E0));
#1905=CARTESIAN_POINT('',(5.75E0,5.096312826962E0,-2.506681844103E0));
#1906=CARTESIAN_POINT('',(5.75E0,5.068388825913E0,-2.634981024600E0));
#1908=CARTESIAN_POINT('',(-5.75E0,4.431611174087E0,-2.634981024600E0));
#1909=CARTESIAN_POINT('',(-5.75E0,4.479036820018E0,-2.454927954954E0));
#1910=CARTESIAN_POINT('',(-5.75E0,4.569232910699E0,-2.086366526480E0));
#1911=CARTESIAN_POINT('',(-5.75E0,4.686410955022E0,-1.495118664273E0));
#1912=CARTESIAN_POINT('',(-5.75E0,4.772739178164E0,-8.978985284894E-1));
#1913=CARTESIAN_POINT('',(-5.75E0,4.824772256156E0,-3.041441985292E-1));
#1914=CARTESIAN_POINT('',(-5.75E0,4.841703571164E0,2.893012955997E-1));
#1915=CARTESIAN_POINT('',(-5.75E0,4.823078919642E0,8.847580800503E-1));
#1916=CARTESIAN_POINT('',(-5.75E0,4.768901731064E0,1.485320397127E0));
#1917=CARTESIAN_POINT('',(-5.75E0,4.681273344647E0,2.081399710805E0));
#1918=CARTESIAN_POINT('',(-5.75E0,4.607943263284E0,2.453244822441E0));
#1919=CARTESIAN_POINT('',(-5.75E0,4.568388825913E0,2.634981024600E0));
#1921=CARTESIAN_POINT('',(5.75E0,3.931611174087E0,2.634981024600E0));
#1922=CARTESIAN_POINT('',(5.75E0,3.965363965424E0,2.506837410104E0));
#1923=CARTESIAN_POINT('',(5.75E0,4.029571055002E0,2.249552346920E0));
#1924=CARTESIAN_POINT('',(5.75E0,4.115028913911E0,1.859664471889E0));
#1925=CARTESIAN_POINT('',(5.75E0,4.188077044636E0,1.467547827019E0));
#1926=CARTESIAN_POINT('',(5.75E0,4.247439104945E0,1.075065640588E0));
#1927=CARTESIAN_POINT('',(5.75E0,4.292685446823E0,6.801711368361E-1));
#1928=CARTESIAN_POINT('',(5.75E0,4.323878976654E0,2.693676987683E-1));
#1929=CARTESIAN_POINT('',(5.75E0,4.338701956016E0,-1.707052223346E-1));
#1930=CARTESIAN_POINT('',(5.75E0,4.333023830815E0,-6.386329309363E-1));
#1931=CARTESIAN_POINT('',(5.75E0,4.303300293718E0,-1.131414212516E0));
#1932=CARTESIAN_POINT('',(5.75E0,4.248050140084E0,-1.638031395464E0));
#1933=CARTESIAN_POINT('',(5.75E0,4.168732733456E0,-2.145934565855E0));
#1934=CARTESIAN_POINT('',(5.75E0,4.103624299277E0,-2.473088667226E0));
#1935=CARTESIAN_POINT('',(5.75E0,4.068388825913E0,-2.634981024600E0));
#1937=CARTESIAN_POINT('',(-5.75E0,4.492149256616E0,2.634981024600E0));
#1938=CARTESIAN_POINT('',(-5.75E0,4.459038918446E0,2.509276505291E0));
#1939=CARTESIAN_POINT('',(-5.75E0,4.395780617014E0,2.256159514510E0));
#1940=CARTESIAN_POINT('',(-5.75E0,4.310527902560E0,1.868395370657E0));
#1941=CARTESIAN_POINT('',(-5.75E0,4.237881196978E0,1.480060372514E0));
#1942=CARTESIAN_POINT('',(-5.75E0,4.179517850883E0,1.097672753385E0));
#1943=CARTESIAN_POINT('',(-5.75E0,4.134463608909E0,7.144570511154E-1));
#1944=CARTESIAN_POINT('',(-5.75E0,4.101276613770E0,2.978825257061E-1));
#1945=CARTESIAN_POINT('',(-5.75E0,4.083898988404E0,-1.778799661452E-1));
#1946=CARTESIAN_POINT('',(-5.75E0,4.093011581592E0,-7.439800878408E-1));
#1947=CARTESIAN_POINT('',(-5.75E0,4.140594742778E0,-1.366515639557E0));
#1948=CARTESIAN_POINT('',(-5.75E0,4.229904073134E0,-2.013494252663E0));
#1949=CARTESIAN_POINT('',(-5.75E0,4.310442655197E0,-2.428551172252E0));
#1950=CARTESIAN_POINT('',(-5.75E0,4.355371604790E0,-2.634981024600E0));
#1952=CARTESIAN_POINT('',(5.75E0,4.992149256616E0,-2.634981024600E0));
#1953=CARTESIAN_POINT('',(5.75E0,4.949646867550E0,-2.473619266242E0));
#1954=CARTESIAN_POINT('',(5.75E0,4.869362672719E0,-2.147587345810E0));
#1955=CARTESIAN_POINT('',(5.75E0,4.765007311279E0,-1.641955683162E0));
#1956=CARTESIAN_POINT('',(5.75E0,4.683160839533E0,-1.136497950334E0));
#1957=CARTESIAN_POINT('',(5.75E0,4.626368360241E0,-6.427825571895E-1));
#1958=CARTESIAN_POINT('',(5.75E0,4.594493764229E0,-1.713698707928E-1));
#1959=CARTESIAN_POINT('',(5.75E0,4.584910622842E0,2.722343003143E-1));
#1960=CARTESIAN_POINT('',(5.75E0,4.593719789049E0,6.850825543602E-1));
#1961=CARTESIAN_POINT('',(5.75E0,4.617840804483E0,1.080527793056E0));
#1962=CARTESIAN_POINT('',(5.75E0,4.656553708318E0,1.471837326691E0));
#1963=CARTESIAN_POINT('',(5.75E0,4.709398487915E0,1.861879521097E0));
#1964=CARTESIAN_POINT('',(5.75E0,4.775388219958E0,2.249720957738E0));
#1965=CARTESIAN_POINT('',(5.75E0,4.827468592191E0,2.506778277307E0));
#1966=CARTESIAN_POINT('',(5.75E0,4.855371604790E0,2.634981024600E0));
#1968=CARTESIAN_POINT('',(-5.75E0,5.492149256616E0,2.634981024600E0));
#1969=CARTESIAN_POINT('',(-5.75E0,5.444781991124E0,2.455149598266E0));
#1970=CARTESIAN_POINT('',(-5.75E0,5.354643180318E0,2.086885139563E0));
#1971=CARTESIAN_POINT('',(-5.75E0,5.237385456856E0,1.495363080548E0));
#1972=CARTESIAN_POINT('',(-5.75E0,5.151022197813E0,8.979245662032E-1));
#1973=CARTESIAN_POINT('',(-5.75E0,5.098986711295E0,3.041253538921E-1));
#1974=CARTESIAN_POINT('',(-5.75E0,5.082055892211E0,-2.893530706496E-1));
#1975=CARTESIAN_POINT('',(-5.75E0,5.100687375647E0,-8.849017878682E-1));
#1976=CARTESIAN_POINT('',(-5.75E0,5.154895002994E0,-1.485659901507E0));
#1977=CARTESIAN_POINT('',(-5.75E0,5.242567859183E0,-2.081856236344E0));
#1978=CARTESIAN_POINT('',(-5.75E0,5.315858849125E0,-2.453436332553E0));
#1979=CARTESIAN_POINT('',(-5.75E0,5.355371604790E0,-2.634981024600E0));
#1981=CARTESIAN_POINT('',(5.75E0,5.992149256616E0,-2.634981024600E0));
#1982=CARTESIAN_POINT('',(5.75E0,5.958472640166E0,-2.507126610641E0));
#1983=CARTESIAN_POINT('',(5.75E0,5.894399980430E0,-2.250413020178E0));
#1984=CARTESIAN_POINT('',(5.75E0,5.809084427040E0,-1.861357457289E0));
#1985=CARTESIAN_POINT('',(5.75E0,5.736119149906E0,-1.470065013975E0));
#1986=CARTESIAN_POINT('',(5.75E0,5.676786468091E0,-1.078469938955E0));
#1987=CARTESIAN_POINT('',(5.75E0,5.631500360087E0,-6.845047903884E-1));
#1988=CARTESIAN_POINT('',(5.75E0,5.600166642679E0,-2.744184237969E-1));
#1989=CARTESIAN_POINT('',(5.75E0,5.585115232849E0,1.654078401416E-1));
#1990=CARTESIAN_POINT('',(5.75E0,5.590545921179E0,6.337049024119E-1));
#1991=CARTESIAN_POINT('',(5.75E0,5.620110632080E0,1.127557258703E0));
#1992=CARTESIAN_POINT('',(5.75E0,5.675370182671E0,1.635657669026E0));
#1993=CARTESIAN_POINT('',(5.75E0,5.754848705455E0,2.145029145318E0));
#1994=CARTESIAN_POINT('',(5.75E0,5.820078331391E0,2.472823100087E0));
#1995=CARTESIAN_POINT('',(5.75E0,5.855371604790E0,2.634981024600E0));
#1997=CARTESIAN_POINT('',(-5.75E0,6.492149256616E0,2.634981024600E0));
#1998=CARTESIAN_POINT('',(-5.75E0,6.437802344586E0,2.428651133992E0));
#1999=CARTESIAN_POINT('',(-5.75E0,6.337747236985E0,2.014464152337E0));
#2000=CARTESIAN_POINT('',(-5.75E0,6.216051044846E0,1.371588012723E0));
#2001=CARTESIAN_POINT('',(-5.75E0,6.135086056315E0,7.529266758477E-1));
#2002=CARTESIAN_POINT('',(-5.75E0,6.094294179098E0,1.889528604809E-1));
#2003=CARTESIAN_POINT('',(-5.75E0,6.084738661107E0,-2.868099414205E-1));
#2004=CARTESIAN_POINT('',(-5.75E0,6.094587616050E0,-7.040226798597E-1));
#2005=CARTESIAN_POINT('',(-5.75E0,6.118618689177E0,-1.088347754690E0));
#2006=CARTESIAN_POINT('',(-5.75E0,6.156635616491E0,-1.472234403421E0));
#2007=CARTESIAN_POINT('',(-5.75E0,6.209501066448E0,-1.862774592339E0));
#2008=CARTESIAN_POINT('',(-5.75E0,6.276036612756E0,-2.253207009230E0));
#2009=CARTESIAN_POINT('',(-5.75E0,6.327792328947E0,-2.508265713162E0));
#2010=CARTESIAN_POINT('',(-5.75E0,6.355371604790E0,-2.634981024600E0));
#2012=CARTESIAN_POINT('',(5.75E0,6.992149256616E0,-2.634981024600E0));
#2013=CARTESIAN_POINT('',(5.75E0,6.954829045497E0,-2.493293580180E0));
#2014=CARTESIAN_POINT('',(5.75E0,6.884368495558E0,-2.209236846462E0));
#2015=CARTESIAN_POINT('',(5.75E0,6.792498202384E0,-1.780645589505E0));
#2016=CARTESIAN_POINT('',(5.75E0,6.715862159287E0,-1.349542601648E0));
#2017=CARTESIAN_POINT('',(5.75E0,6.655862455664E0,-9.165792329933E-1));
#2018=CARTESIAN_POINT('',(5.75E0,6.613595944769E0,-4.817085566385E-1));
#2019=CARTESIAN_POINT('',(5.75E0,6.589957658467E0,-4.566480580076E-2));
#2020=CARTESIAN_POINT('',(5.75E0,6.585450577495E0,3.915800798544E-1));
#2021=CARTESIAN_POINT('',(5.75E0,6.600135798415E0,8.277816973902E-1));
#2022=CARTESIAN_POINT('',(5.75E0,6.633477802636E0,1.263157564732E0));
#2023=CARTESIAN_POINT('',(5.75E0,6.685737344991E0,1.704837672246E0));
#2024=CARTESIAN_POINT('',(5.75E0,6.757670638963E0,2.157854858759E0));
#2025=CARTESIAN_POINT('',(5.75E0,6.820329239139E0,2.473975916920E0));
#2026=CARTESIAN_POINT('',(5.75E0,6.855371604790E0,2.634981024600E0));
#2028=CARTESIAN_POINT('',(-2.7625E0,3.128546882018E0,4.784790355909E0));
#2029=CARTESIAN_POINT('',(-2.509089295721E0,3.136976000792E0,4.931097094240E0));
#2030=CARTESIAN_POINT('',(-1.978976093287E0,3.153834238340E0,5.183360801366E0));
#2031=CARTESIAN_POINT('',(-1.133950562178E0,3.179121594662E0,5.431181546603E0));
#2032=CARTESIAN_POINT('',(-2.603598666877E-1,3.204408950984E0,
5.542182691427E0));
#2033=CARTESIAN_POINT('',(6.197898445790E-1,3.229696307306E0,5.513568448045E0));
#2034=CARTESIAN_POINT('',(1.484326117110E0,3.254983663628E0,5.346059518935E0));
#2035=CARTESIAN_POINT('',(2.311470109226E0,3.280271019949E0,5.043875728227E0));
#2036=CARTESIAN_POINT('',(3.080384866980E0,3.305558376271E0,4.614629507460E0));
#2037=CARTESIAN_POINT('',(3.771700334621E0,3.330845732593E0,4.069134184066E0));
#2038=CARTESIAN_POINT('',(4.368001287724E0,3.356133088915E0,3.421131563082E0));
#2039=CARTESIAN_POINT('',(4.854266054569E0,3.381420445237E0,2.686945755521E0));
#2040=CARTESIAN_POINT('',(5.218244931612E0,3.406707801559E0,1.885071949636E0));
#2041=CARTESIAN_POINT('',(5.450768771504E0,3.431995157880E0,1.035710491022E0));
#2042=CARTESIAN_POINT('',(5.545979966859E0,3.457282514202E0,1.602580070022E-1));
#2043=CARTESIAN_POINT('',(5.501480011786E0,3.482569870524E0,
-7.192316049294E-1));
#2044=CARTESIAN_POINT('',(5.318389923662E0,3.507857226846E0,-1.580602746266E0));
#2045=CARTESIAN_POINT('',(5.001322003107E0,3.533144583168E0,-2.402156248634E0));
#2046=CARTESIAN_POINT('',(4.558263643551E0,3.558431939490E0,-3.163196006809E0));
#2047=CARTESIAN_POINT('',(4.000376117390E0,3.583719295811E0,-3.844550343151E0));
#2048=CARTESIAN_POINT('',(3.341713407611E0,3.609006652133E0,-4.429054969517E0));
#2049=CARTESIAN_POINT('',(2.598868167896E0,3.634294008455E0,-4.901985380181E0));
#2050=CARTESIAN_POINT('',(1.790553730002E0,3.659581364777E0,-5.251427783145E0));
#2051=CARTESIAN_POINT('',(9.371326882227E-1,3.684868721099E0,
-5.468579225565E0));
#2052=CARTESIAN_POINT('',(6.010393657784E-2,3.710156077421E0,
-5.547969352693E0));
#2053=CARTESIAN_POINT('',(-8.184389190080E-1,3.735443433743E0,
-5.487598213924E0));
#2054=CARTESIAN_POINT('',(-1.676364130171E0,3.760730790064E0,
-5.288986644404E0));
#2055=CARTESIAN_POINT('',(-2.492059336437E0,3.786018146386E0,
-4.957137953022E0));
#2056=CARTESIAN_POINT('',(-3.244976011422E0,3.811305502708E0,
-4.500411881917E0));
#2057=CARTESIAN_POINT('',(-3.916147109543E0,3.836592859030E0,
-3.930314012649E0));
#2058=CARTESIAN_POINT('',(-4.488664872962E0,3.861880215352E0,
-3.261205924171E0));
#2059=CARTESIAN_POINT('',(-4.948106762137E0,3.887167571674E0,
-2.509943404163E0));
#2060=CARTESIAN_POINT('',(-5.282898780178E0,3.912454927995E0,
-1.695451827685E0));
#2061=CARTESIAN_POINT('',(-5.484607038345E0,3.937742284317E0,
-8.382493999681E-1));
#2062=CARTESIAN_POINT('',(-5.548150217742E0,3.963029640639E0,
4.006972645989E-2));
#2063=CARTESIAN_POINT('',(-5.471927574994E0,3.988316996961E0,
9.173794392920E-1));
#2064=CARTESIAN_POINT('',(-5.257859267253E0,4.013604353283E0,1.771579054791E0));
#2065=CARTESIAN_POINT('',(-4.911337980704E0,4.038891709605E0,2.581150065553E0));
#2066=CARTESIAN_POINT('',(-4.441093081101E0,4.064179065926E0,3.325698222420E0));
#2067=CARTESIAN_POINT('',(-3.858970708585E0,4.089466422248E0,3.986467294723E0));
#2068=CARTESIAN_POINT('',(-3.179635356506E0,4.114753778570E0,4.546811566501E0));
#2069=CARTESIAN_POINT('',(-2.420200451914E0,4.140041134892E0,4.992615165839E0));
#2070=CARTESIAN_POINT('',(-1.599797243896E0,4.165328491214E0,5.312647663833E0));
#2071=CARTESIAN_POINT('',(-7.390928601207E-1,4.190615847536E0,
5.498846985117E0));
#2072=CARTESIAN_POINT('',(1.402303276134E-1,4.215903203857E0,5.546522503049E0));
#2073=CARTESIAN_POINT('',(1.016020913262E0,4.241190560179E0,5.454473203291E0));
#2074=CARTESIAN_POINT('',(1.866216482070E0,4.266477916501E0,5.225017939075E0));
#2075=CARTESIAN_POINT('',(2.669399394284E0,4.291765272823E0,4.863937015978E0));
#2076=CARTESIAN_POINT('',(3.405336326066E0,4.317052629145E0,4.380326577778E0));
#2077=CARTESIAN_POINT('',(4.055487975796E0,4.342339985467E0,3.786369461606E0));
#2078=CARTESIAN_POINT('',(4.603476095540E0,4.367627341788E0,3.097028294899E0));
#2079=CARTESIAN_POINT('',(5.035496082488E0,4.392914698110E0,2.329668565454E0));
#2080=CARTESIAN_POINT('',(5.340664736602E0,4.418202054432E0,1.503621160008E0));
#2081=CARTESIAN_POINT('',(5.511294423958E0,4.443489410754E0,6.396953916175E-1));
#2082=CARTESIAN_POINT('',(5.543086739214E0,4.468776767076E0,
-2.403452166432E-1));
#2083=CARTESIAN_POINT('',(5.435240788574E0,4.494064123398E0,-1.114331185883E0));
#2084=CARTESIAN_POINT('',(5.190473365451E0,4.519351479720E0,-1.960245562209E0));
#2085=CARTESIAN_POINT('',(4.814950510557E0,4.544638836041E0,-2.756778555216E0));
#2086=CARTESIAN_POINT('',(4.318132180543E0,4.569926192363E0,-3.483864362023E0));
#2087=CARTESIAN_POINT('',(3.712533938187E0,4.595213548685E0,-4.123186653478E0));
#2088=CARTESIAN_POINT('',(3.013411667506E0,4.620500905007E0,-4.658639988639E0));
#2089=CARTESIAN_POINT('',(2.238377256266E0,4.645788261329E0,-5.076735533809E0));
#2090=CARTESIAN_POINT('',(1.406954927393E0,4.671075617651E0,-5.366940865511E0));
#2091=CARTESIAN_POINT('',(5.400893959329E-1,4.696362973972E0,
-5.521945297267E0));
#2092=CARTESIAN_POINT('',(-3.403817582106E-1,4.721650330294E0,
-5.537844046223E0));
#2093=CARTESIAN_POINT('',(-1.212278210082E0,4.746937686616E0,
-5.414236600203E0));
#2094=CARTESIAN_POINT('',(-2.053635643712E0,4.772225042938E0,
-5.154236807180E0));
#2095=CARTESIAN_POINT('',(-2.843259064588E0,4.797512399260E0,
-4.764394433005E0));
#2096=CARTESIAN_POINT('',(-3.561256731808E0,4.822799755582E0,
-4.254530163456E0));
#2097=CARTESIAN_POINT('',(-4.189541259432E0,4.848087111903E0,
-3.637488207147E0));
#2098=CARTESIAN_POINT('',(-4.712285263537E0,4.873374468225E0,
-2.928812731580E0));
#2099=CARTESIAN_POINT('',(-5.116320076615E0,4.898661824547E0,
-2.146356283388E0));
#2100=CARTESIAN_POINT('',(-5.391467485098E0,4.923949180869E0,
-1.309830057199E0));
#2101=CARTESIAN_POINT('',(-5.530796133084E0,4.949236537191E0,
-4.403073425169E-1));
#2102=CARTESIAN_POINT('',(-5.530796133084E0,4.974523893513E0,
4.403073425168E-1));
#2103=CARTESIAN_POINT('',(-5.391467485098E0,4.999811249834E0,1.309830057199E0));
#2104=CARTESIAN_POINT('',(-5.116320076615E0,5.025098606156E0,2.146356283388E0));
#2105=CARTESIAN_POINT('',(-4.712285263537E0,5.050385962478E0,2.928812731580E0));
#2106=CARTESIAN_POINT('',(-4.189541259432E0,5.075673318800E0,3.637488207147E0));
#2107=CARTESIAN_POINT('',(-3.561256731809E0,5.100960675122E0,4.254530163456E0));
#2108=CARTESIAN_POINT('',(-2.843259064588E0,5.126248031444E0,4.764394433005E0));
#2109=CARTESIAN_POINT('',(-2.053635643712E0,5.151535387765E0,5.154236807180E0));
#2110=CARTESIAN_POINT('',(-1.212278210082E0,5.176822744087E0,5.414236600202E0));
#2111=CARTESIAN_POINT('',(-3.403817582107E-1,5.202110100409E0,
5.537844046223E0));
#2112=CARTESIAN_POINT('',(5.400893959328E-1,5.227397456731E0,5.521945297267E0));
#2113=CARTESIAN_POINT('',(1.406954927393E0,5.252684813053E0,5.366940865511E0));
#2114=CARTESIAN_POINT('',(2.238377256266E0,5.277972169375E0,5.076735533809E0));
#2115=CARTESIAN_POINT('',(3.013411667506E0,5.303259525697E0,4.658639988639E0));
#2116=CARTESIAN_POINT('',(3.712533938187E0,5.328546882018E0,4.123186653478E0));
#2117=CARTESIAN_POINT('',(4.318132180543E0,5.353834238340E0,3.483864362023E0));
#2118=CARTESIAN_POINT('',(4.814950510557E0,5.379121594662E0,2.756778555216E0));
#2119=CARTESIAN_POINT('',(5.190473365451E0,5.404408950984E0,1.960245562209E0));
#2120=CARTESIAN_POINT('',(5.435240788574E0,5.429696307306E0,1.114331185883E0));
#2121=CARTESIAN_POINT('',(5.543086739214E0,5.454983663628E0,2.403452166432E-1));
#2122=CARTESIAN_POINT('',(5.511294423958E0,5.480271019949E0,
-6.396953916174E-1));
#2123=CARTESIAN_POINT('',(5.340664736602E0,5.505558376271E0,-1.503621160008E0));
#2124=CARTESIAN_POINT('',(5.035496082488E0,5.530845732593E0,-2.329668565454E0));
#2125=CARTESIAN_POINT('',(4.603476095540E0,5.556133088915E0,-3.097028294899E0));
#2126=CARTESIAN_POINT('',(4.055487975796E0,5.581420445237E0,-3.786369461606E0));
#2127=CARTESIAN_POINT('',(3.405336326066E0,5.606707801559E0,-4.380326577778E0));
#2128=CARTESIAN_POINT('',(2.669399394284E0,5.631995157880E0,-4.863937015978E0));
#2129=CARTESIAN_POINT('',(1.866216482070E0,5.657282514202E0,-5.225017939075E0));
#2130=CARTESIAN_POINT('',(1.016020913262E0,5.682569870524E0,-5.454473203291E0));
#2131=CARTESIAN_POINT('',(1.402303276135E-1,5.707857226846E0,
-5.546522503049E0));
#2132=CARTESIAN_POINT('',(-7.390928601206E-1,5.733144583168E0,
-5.498846985117E0));
#2133=CARTESIAN_POINT('',(-1.599797243896E0,5.758431939490E0,
-5.312647663833E0));
#2134=CARTESIAN_POINT('',(-2.420200451914E0,5.783719295811E0,
-4.992615165839E0));
#2135=CARTESIAN_POINT('',(-3.179635356506E0,5.809006652133E0,
-4.546811566501E0));
#2136=CARTESIAN_POINT('',(-3.858970708585E0,5.834294008455E0,
-3.986467294723E0));
#2137=CARTESIAN_POINT('',(-4.441093081101E0,5.859581364777E0,
-3.325698222420E0));
#2138=CARTESIAN_POINT('',(-4.911337980704E0,5.884868721099E0,
-2.581150065553E0));
#2139=CARTESIAN_POINT('',(-5.257859267253E0,5.910156077421E0,
-1.771579054791E0));
#2140=CARTESIAN_POINT('',(-5.471927574994E0,5.935443433743E0,
-9.173794392921E-1));
#2141=CARTESIAN_POINT('',(-5.548150217742E0,5.960730790064E0,
-4.006972646001E-2));
#2142=CARTESIAN_POINT('',(-5.484607038345E0,5.986018146386E0,
8.382493999680E-1));
#2143=CARTESIAN_POINT('',(-5.282898780178E0,6.011305502708E0,1.695451827685E0));
#2144=CARTESIAN_POINT('',(-4.948106762137E0,6.036592859030E0,2.509943404163E0));
#2145=CARTESIAN_POINT('',(-4.488664872962E0,6.061880215352E0,3.261205924171E0));
#2146=CARTESIAN_POINT('',(-3.916147109543E0,6.087167571674E0,3.930314012649E0));
#2147=CARTESIAN_POINT('',(-3.244976011423E0,6.112454927995E0,4.500411881917E0));
#2148=CARTESIAN_POINT('',(-2.492059336437E0,6.137742284317E0,4.957137953022E0));
#2149=CARTESIAN_POINT('',(-1.676364130172E0,6.163029640639E0,5.288986644404E0));
#2150=CARTESIAN_POINT('',(-8.184389190081E-1,6.188316996961E0,
5.487598213924E0));
#2151=CARTESIAN_POINT('',(6.010393657774E-2,6.213604353283E0,5.547969352693E0));
#2152=CARTESIAN_POINT('',(9.371326882226E-1,6.238891709605E0,5.468579225565E0));
#2153=CARTESIAN_POINT('',(1.790553730002E0,6.264179065926E0,5.251427783145E0));
#2154=CARTESIAN_POINT('',(2.598868167896E0,6.289466422248E0,4.901985380181E0));
#2155=CARTESIAN_POINT('',(3.341713407611E0,6.314753778570E0,4.429054969517E0));
#2156=CARTESIAN_POINT('',(4.000376117390E0,6.340041134892E0,3.844550343151E0));
#2157=CARTESIAN_POINT('',(4.558263643551E0,6.365328491214E0,3.163196006810E0));
#2158=CARTESIAN_POINT('',(5.001322003107E0,6.390615847536E0,2.402156248634E0));
#2159=CARTESIAN_POINT('',(5.318389923662E0,6.415903203857E0,1.580602746266E0));
#2160=CARTESIAN_POINT('',(5.501480011786E0,6.441190560179E0,7.192316049295E-1));
#2161=CARTESIAN_POINT('',(5.545979966859E0,6.466477916501E0,
-1.602580070021E-1));
#2162=CARTESIAN_POINT('',(5.450768771504E0,6.491765272823E0,-1.035710491022E0));
#2163=CARTESIAN_POINT('',(5.218244931612E0,6.517052629145E0,-1.885071949636E0));
#2164=CARTESIAN_POINT('',(4.854266054569E0,6.542339985467E0,-2.686945755521E0));
#2165=CARTESIAN_POINT('',(4.368001287724E0,6.567627341788E0,-3.421131563082E0));
#2166=CARTESIAN_POINT('',(3.771700334621E0,6.592914698110E0,-4.069134184066E0));
#2167=CARTESIAN_POINT('',(3.080384866980E0,6.618202054432E0,-4.614629507460E0));
#2168=CARTESIAN_POINT('',(2.311470109226E0,6.643489410754E0,-5.043875728227E0));
#2169=CARTESIAN_POINT('',(1.484326117110E0,6.668776767076E0,-5.346059518935E0));
#2170=CARTESIAN_POINT('',(6.197898445791E-1,6.694064123398E0,
-5.513568448045E0));
#2171=CARTESIAN_POINT('',(-2.603598666877E-1,6.719351479720E0,
-5.542182691427E0));
#2172=CARTESIAN_POINT('',(-1.133950562178E0,6.744638836041E0,
-5.431181546603E0));
#2173=CARTESIAN_POINT('',(-1.978976093287E0,6.769926192363E0,
-5.183360801366E0));
#2174=CARTESIAN_POINT('',(-2.509089295721E0,6.786784429911E0,
-4.931097094240E0));
#2175=CARTESIAN_POINT('',(-2.7625E0,6.795213548685E0,-4.784790355909E0));
#2177=DIRECTION('',(-4.330127018922E-1,5.E-1,7.5E-1));
#2178=VECTOR('',#2177,9.237604307034E-1);
#2179=CARTESIAN_POINT('',(-2.7625E0,3.128546882018E0,4.784790355909E0));
#2180=LINE('',#2179,#2178);
#2181=CARTESIAN_POINT('',(5.75E0,3.992149256616E0,-2.634981024600E0));
#2182=CARTESIAN_POINT('',(5.75E0,3.949581048667E0,-2.473369382623E0));
#2183=CARTESIAN_POINT('',(5.75E0,3.871721359584E0,-2.156087455165E0));
#2184=CARTESIAN_POINT('',(5.75E0,3.776910376051E0,-1.701079681865E0));
#2185=CARTESIAN_POINT('',(5.75E0,3.701684070500E0,-1.258226832878E0));
#2186=CARTESIAN_POINT('',(5.75E0,3.645242645359E0,-8.231279293501E-1));
#2187=CARTESIAN_POINT('',(5.75E0,3.607049856708E0,-3.895380814429E-1));
#2188=CARTESIAN_POINT('',(5.75E0,3.587493600836E0,4.432114224547E-2));
#2189=CARTESIAN_POINT('',(5.75E0,3.586891196026E0,4.790387929621E-1));
#2190=CARTESIAN_POINT('',(5.75E0,3.605281607425E0,9.139258012154E-1));
#2191=CARTESIAN_POINT('',(5.75E0,3.642082674666E0,1.346989044633E0));
#2192=CARTESIAN_POINT('',(5.75E0,3.696416790443E0,1.778382213806E0));
#2193=CARTESIAN_POINT('',(5.75E0,3.767131478547E0,2.207662881850E0));
#2194=CARTESIAN_POINT('',(5.75E0,3.824406121291E0,2.492707496182E0));
#2195=CARTESIAN_POINT('',(5.75E0,3.855371604790E0,2.634981024600E0));
#2197=CARTESIAN_POINT('',(-5.75E0,7.492149256616E0,2.634981024600E0));
#2198=CARTESIAN_POINT('',(-5.75E0,7.444307217958E0,2.453347105873E0));
#2199=CARTESIAN_POINT('',(-5.75E0,7.353094619296E0,2.081396072955E0));
#2200=CARTESIAN_POINT('',(-5.75E0,7.232259658780E0,1.466235505018E0));
#2201=CARTESIAN_POINT('',(-5.75E0,7.149195381555E0,8.795539967866E-1));
#2202=CARTESIAN_POINT('',(-5.75E0,7.098502422890E0,2.946700342624E-1));
#2203=CARTESIAN_POINT('',(-5.75E0,7.082052621016E0,-2.986115730822E-1));
#2204=CARTESIAN_POINT('',(-5.75E0,7.101289799796E0,-8.935757701362E-1));
#2205=CARTESIAN_POINT('',(-5.75E0,7.155215532279E0,-1.486241976788E0));
#2206=CARTESIAN_POINT('',(-5.75E0,7.240582322528E0,-2.070000992254E0));
#2207=CARTESIAN_POINT('',(-5.75E0,7.314691615408E0,-2.448073378689E0));
#2208=CARTESIAN_POINT('',(-5.75E0,7.355371604790E0,-2.634981024600E0));
#2210=CARTESIAN_POINT('',(5.75E0,7.992149256616E0,-2.634981024600E0));
#2211=CARTESIAN_POINT('',(5.75E0,7.966220097523E0,-2.536540094668E0));
#2212=CARTESIAN_POINT('',(5.75E0,7.916250403866E0,-2.338858189716E0));
#2213=CARTESIAN_POINT('',(5.75E0,7.847293493631E0,-2.038794191677E0));
#2214=CARTESIAN_POINT('',(5.75E0,7.785554907829E0,-1.738027647196E0));
#2215=CARTESIAN_POINT('',(5.75E0,7.731819533569E0,-1.438732916722E0));
#2216=CARTESIAN_POINT('',(5.75E0,7.685713956516E0,-1.137356206859E0));
#2217=CARTESIAN_POINT('',(5.75E0,7.645868920373E0,-8.174973753826E-1));
#2218=CARTESIAN_POINT('',(5.75E0,7.613218252315E0,-4.656336393113E-1));
#2219=CARTESIAN_POINT('',(5.75E0,7.590840667178E0,-6.646744115628E-2));
#2220=CARTESIAN_POINT('',(5.75E0,7.584539998070E0,3.903372916870E-1));
#2221=CARTESIAN_POINT('',(5.75E0,7.603740609167E0,9.226534224397E-1));
#2222=CARTESIAN_POINT('',(5.75E0,7.657277487903E0,1.504421728418E0));
#2223=CARTESIAN_POINT('',(5.75E0,7.745123193137E0,2.095848030145E0));
#2224=CARTESIAN_POINT('',(5.75E0,7.816902721204E0,2.458232490957E0));
#2225=CARTESIAN_POINT('',(5.75E0,7.855371604790E0,2.634981024600E0));
#2227=CARTESIAN_POINT('',(-5.75E0,8.492149256616E0,2.634981024600E0));
#2228=CARTESIAN_POINT('',(-5.75E0,8.445639559543E0,2.458405385787E0));
#2229=CARTESIAN_POINT('',(-5.75E0,8.356717529511E0,2.096022519802E0));
#2230=CARTESIAN_POINT('',(-5.75E0,8.238840733854E0,1.503713813139E0));
#2231=CARTESIAN_POINT('',(-5.75E0,8.153971996650E0,9.185778270553E-1));
#2232=CARTESIAN_POINT('',(-5.75E0,8.105394373620E0,3.805169781560E-1));
#2233=CARTESIAN_POINT('',(-5.75E0,8.086436726718E0,-8.793676210469E-2));
#2234=CARTESIAN_POINT('',(-5.75E0,8.088026462728E0,-5.179211920398E-1));
#2235=CARTESIAN_POINT('',(-5.75E0,8.106573467559E0,-9.295307992535E-1));
#2236=CARTESIAN_POINT('',(-5.75E0,8.142582594024E0,-1.351211658424E0));
#2237=CARTESIAN_POINT('',(-5.75E0,8.197085658568E0,-1.783349965298E0));
#2238=CARTESIAN_POINT('',(-5.75E0,8.268679553006E0,-2.216023701144E0));
#2239=CARTESIAN_POINT('',(-5.75E0,8.325159308609E0,-2.496168078909E0));
#2240=CARTESIAN_POINT('',(-5.75E0,8.355371604790E0,-2.634981024600E0));
#2242=CARTESIAN_POINT('',(5.75E0,8.992149256616E0,-2.634981024600E0));
#2243=CARTESIAN_POINT('',(5.75E0,8.958255701071E0,-2.506302994026E0));
#2244=CARTESIAN_POINT('',(5.75E0,8.893511779120E0,-2.246941062417E0));
#2245=CARTESIAN_POINT('',(5.75E0,8.806358160004E0,-1.848440637545E0));
#2246=CARTESIAN_POINT('',(5.75E0,8.732546688934E0,-1.449250196817E0));
#2247=CARTESIAN_POINT('',(5.75E0,8.673877228194E0,-1.056115188464E0));
#2248=CARTESIAN_POINT('',(5.75E0,8.629859390988E0,-6.672168897385E-1));
#2249=CARTESIAN_POINT('',(5.75E0,8.598541685389E0,-2.482680381996E-1));
#2250=CARTESIAN_POINT('',(5.75E0,8.583550049705E0,2.262099035585E-1));
#2251=CARTESIAN_POINT('',(5.75E0,8.595429774149E0,7.952276243973E-1));
#2252=CARTESIAN_POINT('',(5.75E0,8.646958929212E0,1.424691215785E0));
#2253=CARTESIAN_POINT('',(5.75E0,8.738936094514E0,2.064129110323E0));
#2254=CARTESIAN_POINT('',(5.75E0,8.814820092331E0,2.448663676763E0));
#2255=CARTESIAN_POINT('',(5.75E0,8.855371604790E0,2.634981024600E0));
#2257=CARTESIAN_POINT('',(-5.75E0,9.492149256616E0,2.634981024600E0));
#2258=CARTESIAN_POINT('',(-5.75E0,9.449740221427E0,2.473973687396E0));
#2259=CARTESIAN_POINT('',(-5.75E0,9.368931265771E0,2.146250037063E0));
#2260=CARTESIAN_POINT('',(-5.75E0,9.261829140950E0,1.625975363787E0));
#2261=CARTESIAN_POINT('',(-5.75E0,9.178987595957E0,1.107353433360E0));
#2262=CARTESIAN_POINT('',(-5.75E0,9.123500877046E0,6.099519624040E-1));
#2263=CARTESIAN_POINT('',(-5.75E0,9.094079160847E0,1.542011828339E-1));
#2264=CARTESIAN_POINT('',(-5.75E0,9.085360598276E0,-2.622094625032E-1));
#2265=CARTESIAN_POINT('',(-5.75E0,9.092433307042E0,-6.381244895654E-1));
#2266=CARTESIAN_POINT('',(-5.75E0,9.111315607455E0,-9.853685818126E-1));
#2267=CARTESIAN_POINT('',(-5.75E0,9.140213152172E0,-1.317232166127E0));
#2268=CARTESIAN_POINT('',(-5.75E0,9.179368380170E0,-1.648179107531E0));
#2269=CARTESIAN_POINT('',(-5.75E0,9.228552061701E0,-1.978974444384E0));
#2270=CARTESIAN_POINT('',(-5.75E0,9.287086926537E0,-2.308506934433E0));
#2271=CARTESIAN_POINT('',(-5.75E0,9.331735577388E0,-2.526383301062E0));
#2272=CARTESIAN_POINT('',(-5.75E0,9.355371604790E0,-2.634981024600E0));
#2274=CARTESIAN_POINT('',(5.75E0,9.992149256616E0,-2.634981024600E0));
#2275=CARTESIAN_POINT('',(5.75E0,9.944168572966E0,-2.452820735470E0));
#2276=CARTESIAN_POINT('',(5.75E0,9.853575257139E0,-2.081858800675E0));
#2277=CARTESIAN_POINT('',(5.75E0,9.737945859844E0,-1.497889242530E0));
#2278=CARTESIAN_POINT('',(5.75E0,9.651669918083E0,-9.034834174496E-1));
#2279=CARTESIAN_POINT('',(5.75E0,9.599190258521E0,-3.081885640460E-1));
#2280=CARTESIAN_POINT('',(5.75E0,9.582086880091E0,2.855636111508E-1));
#2281=CARTESIAN_POINT('',(5.75E0,9.600327178949E0,8.772631377726E-1));
#2282=CARTESIAN_POINT('',(5.75E0,9.653647929517E0,1.476092142478E0));
#2283=CARTESIAN_POINT('',(5.75E0,9.742615287918E0,2.082865636944E0));
#2284=CARTESIAN_POINT('',(5.75E0,9.816004020625E0,2.454103335268E0));
#2285=CARTESIAN_POINT('',(5.75E0,9.855371604790E0,2.634981024600E0));
#2287=CARTESIAN_POINT('',(-2.7625E0,6.795213548685E0,-4.784790355909E0));
#2288=CARTESIAN_POINT('',(-3.015910704279E0,6.803642667459E0,
-4.638483617578E0));
#2289=CARTESIAN_POINT('',(-3.499434084320E0,6.820500905007E0,
-4.305523970951E0));
#2290=CARTESIAN_POINT('',(-4.136565910835E0,6.845788261329E0,
-3.697620766783E0));
#2291=CARTESIAN_POINT('',(-4.669491069846E0,6.871075617651E0,
-2.996569604391E0));
#2292=CARTESIAN_POINT('',(-5.084785263801E0,6.896362973972E0,
-2.220030473610E0));
#2293=CARTESIAN_POINT('',(-5.371986412096E0,6.921650330294E0,
-1.387565634550E0));
#2294=CARTESIAN_POINT('',(-5.523859568789E0,6.946937686616E0,
-5.201460294356E-1));
#2295=CARTESIAN_POINT('',(-5.536578816003E0,6.972225042938E0,
3.603767945078E-1));
#2296=CARTESIAN_POINT('',(-5.409823742120E0,6.997512399260E0,1.231821213211E0));
#2297=CARTESIAN_POINT('',(-5.146787487179E0,7.022799755582E0,2.072234297391E0));
#2298=CARTESIAN_POINT('',(-4.754096310156E0,7.048087111903E0,2.860444842225E0));
#2299=CARTESIAN_POINT('',(-4.241642662152E0,7.073374468225E0,3.576596699128E0));
#2300=CARTESIAN_POINT('',(-3.622335981943E0,7.098661824547E0,4.202648980766E0));
#2301=CARTESIAN_POINT('',(-2.911777488653E0,7.123949180869E0,4.722830536678E0));
#2302=CARTESIAN_POINT('',(-2.127867164820E0,7.149236537191E0,5.124037251084E0));
#2303=CARTESIAN_POINT('',(-1.290352830273E0,7.174523893513E0,5.396162154255E0));
#2304=CARTESIAN_POINT('',(-4.203326663773E-1,7.199811249834E0,
5.532350031514E0));
#2305=CARTESIAN_POINT('',(4.602762772711E-1,7.225098606156E0,5.529170115867E0));
#2306=CARTESIAN_POINT('',(1.329290204602E0,7.250385962478E0,5.386702513928E0));
#2307=CARTESIAN_POINT('',(2.164817414554E0,7.275673318800E0,5.108536187917E0));
#2308=CARTESIAN_POINT('',(2.945809784268E0,7.300960675122E0,4.701678544575E0));
#2309=CARTESIAN_POINT('',(3.652593001342E0,7.326248031444E0,4.176378908595E0));
#2310=CARTESIAN_POINT('',(4.267362187835E0,7.351535387765E0,3.545870327500E0));
#2311=CARTESIAN_POINT('',(4.774630430561E0,7.376822744087E0,2.826036212290E0));
#2312=CARTESIAN_POINT('',(5.161618918524E0,7.402110100409E0,2.035010211655E0));
#2313=CARTESIAN_POINT('',(5.418578859416E0,7.427397456731E0,1.192719399481E0));
#2314=CARTESIAN_POINT('',(5.539037065599E0,7.452684813053E0,3.203822834181E-1));
#2315=CARTESIAN_POINT('',(5.519959022945E0,7.477972169375E0,
-5.600257196042E-1));
#2316=CARTESIAN_POINT('',(5.361825334576E0,7.503259525697E0,-1.426325875497E0));
#2317=CARTESIAN_POINT('',(5.068619613785E0,7.528546882018E0,-2.256694846975E0));
#2318=CARTESIAN_POINT('',(4.647728131135E0,7.553834238340E0,-3.030214454567E0));
#2319=CARTESIAN_POINT('',(4.109753743758E0,7.579121594662E0,-3.727398635414E0));
#2320=CARTESIAN_POINT('',(3.468248794252E0,7.604408950984E0,-4.330684324998E0));
#2321=CARTESIAN_POINT('',(2.739373707834E0,7.629696307306E0,-4.824873895807E0));
#2322=CARTESIAN_POINT('',(1.941489888160E0,7.654983663628E0,-5.197518007259E0));
#2323=CARTESIAN_POINT('',(1.094697167365E0,7.680271019949E0,-5.439229222360E0));
#2324=CARTESIAN_POINT('',(2.203274626039E-1,7.705558376271E0,
-5.543918490638E0));
#2325=CARTESIAN_POINT('',(-6.595926053856E-1,7.730845732593E0,
-5.508948540015E0));
#2326=CARTESIAN_POINT('',(-1.522896594294E0,7.756133088915E0,
-5.335200313456E0));
#2327=CARTESIAN_POINT('',(-2.347836644557E0,7.781420445237E0,
-5.027050776756E0));
#2328=CARTESIAN_POINT('',(-3.113631338979E0,7.806707801559E0,
-4.592262656527E0));
#2329=CARTESIAN_POINT('',(-3.800989216287E0,7.831995157880E0,
-4.041788886035E0));
#2330=CARTESIAN_POINT('',(-4.392594750574E0,7.857282514202E0,
-3.389496685179E0));
#2331=CARTESIAN_POINT('',(-4.873544554109E0,7.882569870524E0,
-2.651818225430E0));
#2332=CARTESIAN_POINT('',(-5.231722814943E0,7.907857226846E0,
-1.847336679984E0));
#2333=CARTESIAN_POINT('',(-5.458106511504E0,7.933144583168E0,
-9.963180871036E-1));
#2334=CARTESIAN_POINT('',(-5.546992715387E0,7.958431939490E0,
-1.202008196923E-1));
#2335=CARTESIAN_POINT('',(-5.496142256261E0,7.983719295811E0,
7.589444779144E-1));
#2336=CARTESIAN_POINT('',(-5.306836129763E0,8.009006652133E0,1.618970880979E0));
#2337=CARTESIAN_POINT('',(-4.983843227392E0,8.034294008455E0,2.438213097002E0));
#2338=CARTESIAN_POINT('',(-4.535300201325E0,8.059581364777E0,3.196033245364E0));
#2339=CARTESIAN_POINT('',(-3.972506490536E0,8.084868721099E0,3.873340754989E0));
#2340=CARTESIAN_POINT('',(-3.309639671804E0,8.110156077421E0,4.453073283075E0));
#2341=CARTESIAN_POINT('',(-2.563398306316E0,8.135443433743E0,4.920626539861E0));
#2342=CARTESIAN_POINT('',(-1.752581279083E0,8.160730790064E0,5.264222191532E0));
#2343=CARTESIAN_POINT('',(-8.976142281970E-1,8.186018146386E0,
5.475204573251E0));
#2344=CARTESIAN_POINT('',(-2.003499385311E-2,8.211305502708E0,
5.548258737715E0));
#2345=CARTESIAN_POINT('',(8.580489505793E-1,8.236592859030E0,5.481544346261E0));
#2346=CARTESIAN_POINT('',(1.714517417364E0,8.261880215352E0,5.276742029621E0));
#2347=CARTESIAN_POINT('',(2.527794743495E0,8.287167571674E0,4.939011050440E0));
#2348=CARTESIAN_POINT('',(3.277393312441E0,8.312454927995E0,4.476859334084E0));
#2349=CARTESIAN_POINT('',(3.944429666445E0,8.337742284317E0,3.901929141858E0));
#2350=CARTESIAN_POINT('',(4.512100207775E0,8.363029640639E0,3.228703785826E0));
#2351=CARTESIAN_POINT('',(4.966104505331E0,8.388316996961E0,2.474142773516E0));
#2352=CARTESIAN_POINT('',(5.295005542916E0,8.413604353283E0,1.657254573716E0));
#2353=CARTESIAN_POINT('',(5.490517833995E0,8.438891709605E0,7.986177660179E-1));
#2354=CARTESIAN_POINT('',(5.547716144926E0,8.464179065926E0,
-8.013736297063E-2));
#2355=CARTESIAN_POINT('',(5.465159568625E0,8.489466422248E0,
-9.568737174163E-1));
#2356=CARTESIAN_POINT('',(5.244927823071E0,8.514753778570E0,-1.809505057297E0));
#2357=CARTESIAN_POINT('',(4.892568860244E0,8.540041134892E0,-2.616552382312E0));
#2358=CARTESIAN_POINT('',(4.416959105294E0,8.565328491214E0,-3.357685018547E0));
#2359=CARTESIAN_POINT('',(3.830079846724E0,8.590615847536E0,-4.014232777173E0));
#2360=CARTESIAN_POINT('',(3.146715410634E0,8.615903203857E0,-4.569656283145E0));
#2361=CARTESIAN_POINT('',(2.384080722450E0,8.641190560179E0,-5.009963625662E0));
#2362=CARTESIAN_POINT('',(1.561387638375E0,8.666477916501E0,-5.324062834372E0));
#2363=CARTESIAN_POINT('',(6.993609713214E-1,8.691765272823E0,
-5.504041301935E0));
#2364=CARTESIAN_POINT('',(-1.802835967073E-1,8.717052629145E0,
-5.545365113892E0));
#2365=CARTESIAN_POINT('',(-1.055386563639E0,8.742339985467E0,
-5.446993264444E0));
#2366=CARTESIAN_POINT('',(-1.903902836816E0,8.767627341788E0,
-5.211403880873E0));
#2367=CARTESIAN_POINT('',(-2.704457080338E0,8.792914698110E0,
-4.844531795976E0));
#2368=CARTESIAN_POINT('',(-3.436882190282E0,8.818202054432E0,
-4.355619041162E0));
#2369=CARTESIAN_POINT('',(-4.082727332834E0,8.843489410754E0,
-3.756982026486E0));
#2370=CARTESIAN_POINT('',(-4.625722747120E0,8.868776767076E0,
-3.063701272707E0));
#2371=CARTESIAN_POINT('',(-5.052189603708E0,8.894064123398E0,
-2.293241511441E0));
#2372=CARTESIAN_POINT('',(-5.351384593838E0,8.919351479720E0,
-1.465011723654E0));
#2373=CARTESIAN_POINT('',(-5.515770568707E0,8.944638836041E0,
-5.998761997252E-1));
#2374=CARTESIAN_POINT('',(-5.541206411001E0,8.969926192363E0,
2.803710618008E-1));
#2375=CARTESIAN_POINT('',(-5.427051355551E0,8.995213548685E0,1.153555376142E0));
#2376=CARTESIAN_POINT('',(-5.176181131122E0,9.020500905007E0,1.997679984238E0));
#2377=CARTESIAN_POINT('',(-4.794915516704E0,9.045788261329E0,2.791480182499E0));
#2378=CARTESIAN_POINT('',(-4.292859137254E0,9.071075617651E0,3.514959011042E0));
#2379=CARTESIAN_POINT('',(-3.682659509491E0,9.096362973972E0,4.149891005649E0));
#2380=CARTESIAN_POINT('',(-2.979688432898E0,9.121650330294E0,4.680281323218E0));
#2381=CARTESIAN_POINT('',(-2.201654752155E0,9.146937686616E0,5.092768674692E0));
#2382=CARTESIAN_POINT('',(-1.368158246066E0,9.172225042938E0,5.376961914997E0));
#2383=CARTESIAN_POINT('',(-5.001958811628E-1,9.197512399260E0,
5.525701810818E0));
#2384=CARTESIAN_POINT('',(3.803671318521E-1,9.222799755582E0,5.535241391901E0));
#2385=CARTESIAN_POINT('',(1.251348153967E0,9.248087111903E0,5.405340342585E0));
#2386=CARTESIAN_POINT('',(2.090805930194E0,9.273374468225E0,5.139271055692E0));
#2387=CARTESIAN_POINT('',(2.877593321103E0,9.298661824547E0,4.743736196286E0));
#2388=CARTESIAN_POINT('',(3.591890029434E0,9.323949180869E0,4.228699851972E0));
#2389=CARTESIAN_POINT('',(4.215701901681E0,9.349236537191E0,3.607136523307E0));
#2390=CARTESIAN_POINT('',(4.733314226496E0,9.374523893513E0,2.894704277619E0));
#2391=CARTESIAN_POINT('',(5.131687610695E0,9.399811249834E0,2.109350299938E0));
#2392=CARTESIAN_POINT('',(5.400786460184E0,9.425098606156E0,1.270858777798E0));
#2393=CARTESIAN_POINT('',(5.533831790893E0,9.450385962478E0,4.003525093120E-1));
#2394=CARTESIAN_POINT('',(5.527472001064E0,9.475673318800E0,
-4.802392102553E-1));
#2395=CARTESIAN_POINT('',(5.381867302878E0,9.500960675122E0,-1.348733018733E0));
#2396=CARTESIAN_POINT('',(5.100685686487E0,9.526248031444E0,-2.183250317595E0));
#2397=CARTESIAN_POINT('',(4.691010518101E0,9.551535387765E0,-2.962768425085E0));
#2398=CARTESIAN_POINT('',(4.163162099888E0,9.576822744087E0,-3.667650167569E0));
#2399=CARTESIAN_POINT('',(3.530437686833E0,9.602110100409E0,-4.280138567967E0));
#2400=CARTESIAN_POINT('',(2.808776509908E0,9.627397456731E0,-4.784804169347E0));
#2401=CARTESIAN_POINT('',(2.016358244093E0,9.652684813053E0,-5.168933724966E0));
#2402=CARTESIAN_POINT('',(1.173145036421E0,9.677972169375E0,-5.422850463099E0));
#2403=CARTESIAN_POINT('',(3.003786310023E-1,9.703259525697E0,
-5.540157858730E0));
#2404=CARTESIAN_POINT('',(-5.799547408230E-1,9.728546882018E0,
-5.517900771146E0));
#2405=CARTESIAN_POINT('',(-1.445678225032E0,9.753834238340E0,
-5.356639888146E0));
#2406=CARTESIAN_POINT('',(-2.274983011523E0,9.779121594662E0,
-5.060437601522E0));
#2407=CARTESIAN_POINT('',(-3.046977729162E0,9.804408950984E0,
-4.636755669604E0));
#2408=CARTESIAN_POINT('',(-3.742214729245E0,9.829696307306E0,
-4.096267244924E0));
#2409=CARTESIAN_POINT('',(-4.343179999516E0,9.854983663628E0,
-3.452588002269E0));
#2410=CARTESIAN_POINT('',(-4.834734367138E0,9.880271019949E0,
-2.721933140403E0));
#2411=CARTESIAN_POINT('',(-5.204494876058E0,9.905558376271E0,
-1.922708898065E0));
#2412=CARTESIAN_POINT('',(-5.443146731344E0,9.930845732593E0,
-1.075048874550E0));
#2413=CARTESIAN_POINT('',(-5.544677952165E0,9.956133088915E0,
-2.003068356056E-1));
#2414=CARTESIAN_POINT('',(-5.506530822165E0,9.981420445237E0,
6.794812183994E-1));
#2415=CARTESIAN_POINT('',(-5.329666321992E0,1.000670780156E1,1.542152170777E0));
#2416=CARTESIAN_POINT('',(-5.018539920822E0,1.003199515788E1,2.365974109057E0));
#2417=CARTESIAN_POINT('',(-4.580989336730E0,1.005728251420E1,3.130193782880E0));
#2418=CARTESIAN_POINT('',(-4.028037093389E0,1.008256987052E1,3.815559407989E0));
#2419=CARTESIAN_POINT('',(-3.373612846967E0,1.010785722685E1,4.404805646154E0));
#2420=CARTESIAN_POINT('',(-2.634202478206E0,1.013314458317E1,4.883088543681E0));
#2421=CARTESIAN_POINT('',(-1.828432789561E0,1.015843193949E1,5.238359471788E0));
#2422=CARTESIAN_POINT('',(-9.766022694601E-1,1.018371929581E1,
5.461668648764E0));
#2423=CARTESIAN_POINT('',(-1.001697444129E-1,1.020900665213E1,
5.547390597745E0));
#2424=CARTESIAN_POINT('',(7.787861994555E-1,1.023429400846E1,5.493365860473E0));
#2425=CARTESIAN_POINT('',(1.638123407498E0,1.025958136478E1,5.300955397277E0));
#2426=CARTESIAN_POINT('',(2.456193949023E0,1.028486872110E1,4.975006301968E0));
#2427=CARTESIAN_POINT('',(3.212389459563E0,1.031015607742E1,4.523729698791E0));
#2428=CARTESIAN_POINT('',(3.887660294987E0,1.033544343374E1,3.958493884385E0));
#2429=CARTESIAN_POINT('',(4.464995419222E0,1.036073079006E1,3.293537974436E0));
#2430=CARTESIAN_POINT('',(4.929850936534E0,1.038601814639E1,2.545613087036E0));
#2431=CARTESIAN_POINT('',(5.270516473013E0,1.041130550271E1,1.733560779820E0));
#2432=CARTESIAN_POINT('',(5.478410177607E0,1.043659285903E1,8.778368304147E-1));
#2433=CARTESIAN_POINT('',(5.525E0,1.045345109658E1,2.926134766620E-1));
#2434=CARTESIAN_POINT('',(5.525E0,1.046188021535E1,5.453415496959E-14));
#2436=DIRECTION('',(-4.330127018922E-1,5.E-1,-7.5E-1));
#2437=VECTOR('',#2436,9.237604307034E-1);
#2438=CARTESIAN_POINT('',(-2.7625E0,6.795213548685E0,-4.784790355909E0));
#2439=LINE('',#2438,#2437);
#2440=CARTESIAN_POINT('',(5.613081127435E0,1.E1,-2.915295054849E0));
#2441=CARTESIAN_POINT('',(5.464652767659E0,1.000810316167E1,-3.201077594648E0));
#2442=CARTESIAN_POINT('',(5.124061967102E0,1.002430948502E1,-3.749924466245E0));
#2443=CARTESIAN_POINT('',(4.493863341173E0,1.004861897004E1,-4.485882093355E0));
#2444=CARTESIAN_POINT('',(3.759027727513E0,1.007292845506E1,-5.117387593476E0));
#2445=CARTESIAN_POINT('',(2.936664975500E0,1.009723794007E1,-5.629737498857E0));
#2446=CARTESIAN_POINT('',(2.045923497193E0,1.012154742509E1,-6.011001783727E0));
#2447=CARTESIAN_POINT('',(1.107543724414E0,1.014585691011E1,-6.252302961763E0));
#2448=CARTESIAN_POINT('',(1.433753610541E-1,1.017016639513E1,
-6.348022442054E0));
#2449=CARTESIAN_POINT('',(-8.241314251265E-1,1.019447588015E1,
-6.295931449397E0));
#2450=CARTESIAN_POINT('',(-1.772448730118E0,1.021878536517E1,
-6.097242894932E0));
#2451=CARTESIAN_POINT('',(-2.679495467963E0,1.024309485019E1,
-5.756583140897E0));
#2452=CARTESIAN_POINT('',(-3.524151516670E0,1.026740433520E1,
-5.281884276316E0));
#2453=CARTESIAN_POINT('',(-4.286749489764E0,1.029171382022E1,
-4.684199422832E0));
#2454=CARTESIAN_POINT('',(-4.949532681311E0,1.031602330524E1,
-3.977445368259E0));
#2455=CARTESIAN_POINT('',(-5.497068521799E0,1.034033279026E1,
-3.178078521291E0));
#2456=CARTESIAN_POINT('',(-5.916607917671E0,1.036464227528E1,
-2.304711732386E0));
#2457=CARTESIAN_POINT('',(-6.198382107480E0,1.038895176030E1,
-1.377680903012E0));
#2458=CARTESIAN_POINT('',(-6.335830122530E0,1.041326124531E1,
-4.185714745264E-1));
#2459=CARTESIAN_POINT('',(-6.325751555701E0,1.043757073033E1,
5.502841778502E-1));
#2460=CARTESIAN_POINT('',(-6.168381081295E0,1.046188021535E1,1.506326743031E0));
#2461=CARTESIAN_POINT('',(-5.867382990767E0,1.048618970037E1,2.427295256146E0));
#2462=CARTESIAN_POINT('',(-5.429765871561E0,1.051049918539E1,3.291745433790E0));
#2463=CARTESIAN_POINT('',(-4.865719415718E0,1.053480867041E1,4.079548993253E0));
#2464=CARTESIAN_POINT('',(-4.188377158077E0,1.055911815543E1,4.772362329344E0));
#2465=CARTESIAN_POINT('',(-3.413510668599E0,1.058342764044E1,5.354053635911E0));
#2466=CARTESIAN_POINT('',(-2.559162319379E0,1.060773712546E1,5.811078526738E0));
#2467=CARTESIAN_POINT('',(-1.645225177190E0,1.063204661048E1,6.132795409696E0));
#2468=CARTESIAN_POINT('',(-6.929798035440E-1,1.065635609550E1,
6.311713270794E0));
#2469=CARTESIAN_POINT('',(2.754012523655E-1,1.068066558052E1,6.343666098644E0));
#2470=CARTESIAN_POINT('',(1.237369730188E0,1.070497506554E1,6.227909887877E0));
#2471=CARTESIAN_POINT('',(2.170526683192E0,1.072928455056E1,5.967139963076E0));
#2472=CARTESIAN_POINT('',(3.053144026350E0,1.075359403557E1,5.567428218967E0));
#2473=CARTESIAN_POINT('',(3.864670463741E0,1.077790352059E1,5.038081741481E0));
#2474=CARTESIAN_POINT('',(4.586210015029E0,1.080221300561E1,4.391426089368E0));
#2475=CARTESIAN_POINT('',(5.200961998750E0,1.082652249063E1,3.642518328288E0));
#2476=CARTESIAN_POINT('',(5.694612227639E0,1.085083197565E1,2.808796328483E0));
#2477=CARTESIAN_POINT('',(6.055666307195E0,1.087514146067E1,1.909673129237E0));
#2478=CARTESIAN_POINT('',(6.275717276815E0,1.089945094568E1,9.660834367356E-1));
#2479=CARTESIAN_POINT('',(6.325E0,1.091565726903E1,3.220289397553E-1));
#2480=CARTESIAN_POINT('',(6.325E0,1.092376043070E1,6.276460832548E-14));
#2482=DIRECTION('',(-8.660254037844E-1,5.E-1,0.E0));
#2483=VECTOR('',#2482,9.237604307034E-1);
#2484=CARTESIAN_POINT('',(6.325E0,1.E1,5.870834414443E-14));
#2485=LINE('',#2484,#2483);
#2486=DIRECTION('',(8.660254037844E-1,5.E-1,0.E0));
#2487=VECTOR('',#2486,9.237604307034E-1);
#2488=CARTESIAN_POINT('',(5.525E0,1.046188021535E1,5.453415496959E-14));
#2489=LINE('',#2488,#2487);
#2490=DIRECTION('',(0.E0,-1.E0,0.E0));
#2491=VECTOR('',#2490,9.237604307034E-1);
#2492=CARTESIAN_POINT('',(6.325E0,1.092376043070E1,6.276460832548E-14));
#2493=LINE('',#2492,#2491);
#2494=CARTESIAN_POINT('',(-5.75E0,6.431611174087E0,-2.634981024600E0));
#2495=CARTESIAN_POINT('',(-5.75E0,6.480469587752E0,-2.449488403767E0));
#2496=CARTESIAN_POINT('',(-5.75E0,6.571873309404E0,-2.074252557819E0));
#2497=CARTESIAN_POINT('',(-5.75E0,6.686214126766E0,-1.494917950829E0));
#2498=CARTESIAN_POINT('',(-5.75E0,6.771768782247E0,-9.056561765542E-1));
#2499=CARTESIAN_POINT('',(-5.75E0,6.824345492503E0,-3.119985749175E-1));
#2500=CARTESIAN_POINT('',(-5.75E0,6.841659803548E0,2.819509767220E-1));
#2501=CARTESIAN_POINT('',(-5.75E0,6.823733481963E0,8.687555923156E-1));
#2502=CARTESIAN_POINT('',(-5.75E0,6.772240396244E0,1.458196132120E0));
#2503=CARTESIAN_POINT('',(-5.75E0,6.682452689779E0,2.076496739871E0));
#2504=CARTESIAN_POINT('',(-5.75E0,6.608296172174E0,2.451623352746E0));
#2505=CARTESIAN_POINT('',(-5.75E0,6.568388825913E0,2.634981024600E0));
#2507=DIRECTION('',(4.330127018922E-1,5.E-1,7.5E-1));
#2508=VECTOR('',#2507,9.237604307034E-1);
#2509=CARTESIAN_POINT('',(-3.1625E0,6.333333333333E0,-5.477610678937E0));
#2510=LINE('',#2509,#2508);
#2511=CARTESIAN_POINT('',(5.75E0,1.E1,2.365140512914E0));
#2512=CARTESIAN_POINT('',(5.835610296006E0,1.E1,2.180687496761E0));
#2513=CARTESIAN_POINT('',(5.988364599737E0,1.E1,1.804467161255E0));
#2514=CARTESIAN_POINT('',(6.163098351856E0,1.E1,1.213968923044E0));
#2515=CARTESIAN_POINT('',(6.278789127857E0,1.E1,6.092151748444E-1));
#2516=CARTESIAN_POINT('',(6.316115941065E0,1.E1,2.038408406746E-1));
#2517=CARTESIAN_POINT('',(6.325E0,1.E1,5.870834414443E-14));
#2519=CARTESIAN_POINT('',(5.75E0,9.931611174087E0,2.634981024600E0));
#2520=CARTESIAN_POINT('',(5.75E0,9.943505745613E0,2.589822881293E0));
#2521=CARTESIAN_POINT('',(5.75E0,9.966802822684E0,2.499692491498E0));
#2522=CARTESIAN_POINT('',(5.75E0,9.989102613115E0,2.409930300970E0));
#2523=CARTESIAN_POINT('',(5.75E0,1.E1,2.365140512914E0));
#2525=CARTESIAN_POINT('',(-5.75E0,9.431611174087E0,-2.634981024600E0));
#2526=CARTESIAN_POINT('',(-5.75E0,9.471042138277E0,-2.485280034722E0));
#2527=CARTESIAN_POINT('',(-5.75E0,9.545344829394E0,-2.184743492461E0));
#2528=CARTESIAN_POINT('',(-5.75E0,9.641622115163E0,-1.729107848607E0));
#2529=CARTESIAN_POINT('',(-5.75E0,9.720407022307E0,-1.271123732248E0));
#2530=CARTESIAN_POINT('',(-5.75E0,9.779960601227E0,-8.130393169503E-1));
#2531=CARTESIAN_POINT('',(-5.75E0,9.819131170167E0,-3.568697602493E-1));
#2532=CARTESIAN_POINT('',(-5.75E0,9.837382746871E0,9.183633417187E-2));
#2533=CARTESIAN_POINT('',(-5.75E0,9.835681999898E0,5.284521728970E-1));
#2534=CARTESIAN_POINT('',(-5.75E0,9.815528255876E0,9.568565115592E-1));
#2535=CARTESIAN_POINT('',(-5.75E0,9.777938837473E0,1.380535790623E0));
#2536=CARTESIAN_POINT('',(-5.75E0,9.723883257401E0,1.800965219525E0));
#2537=CARTESIAN_POINT('',(-5.75E0,9.654486702042E0,2.218586340285E0));
#2538=CARTESIAN_POINT('',(-5.75E0,9.598566690323E0,2.496326278590E0));
#2539=CARTESIAN_POINT('',(-5.75E0,9.568388825913E0,2.634981024600E0));
#2541=CARTESIAN_POINT('',(5.75E0,8.931611174087E0,2.634981024600E0));
#2542=CARTESIAN_POINT('',(5.75E0,8.978856352719E0,2.455613105160E0));
#2543=CARTESIAN_POINT('',(5.75E0,9.069127486514E0,2.087379322952E0));
#2544=CARTESIAN_POINT('',(5.75E0,9.188201001955E0,1.485336980101E0));
#2545=CARTESIAN_POINT('',(5.75E0,9.273601112911E0,8.896580250360E-1));
#2546=CARTESIAN_POINT('',(5.75E0,9.324980398181E0,2.998504730398E-1));
#2547=CARTESIAN_POINT('',(5.75E0,9.341721674362E0,-2.934861982246E-1));
#2548=CARTESIAN_POINT('',(5.75E0,9.322754787914E0,-8.900316112573E-1));
#2549=CARTESIAN_POINT('',(5.75E0,9.268492669528E0,-1.487670964972E0));
#2550=CARTESIAN_POINT('',(5.75E0,9.182091574100E0,-2.076365805904E0));
#2551=CARTESIAN_POINT('',(5.75E0,9.108449495241E0,-2.450918896970E0));
#2552=CARTESIAN_POINT('',(5.75E0,9.068388825913E0,-2.634981024600E0));
#2554=CARTESIAN_POINT('',(-5.75E0,8.431611174087E0,-2.634981024600E0));
#2555=CARTESIAN_POINT('',(-5.75E0,8.460226020814E0,-2.526343790684E0));
#2556=CARTESIAN_POINT('',(-5.75E0,8.515129995554E0,-2.308187918310E0));
#2557=CARTESIAN_POINT('',(-5.75E0,8.589975503330E0,-1.977281685520E0));
#2558=CARTESIAN_POINT('',(-5.75E0,8.656042330587E0,-1.645031077741E0));
#2559=CARTESIAN_POINT('',(-5.75E0,8.712454492834E0,-1.313011383487E0));
#2560=CARTESIAN_POINT('',(-5.75E0,8.758917972762E0,-9.808820546252E-1));
#2561=CARTESIAN_POINT('',(-5.75E0,8.796430670158E0,-6.343377593660E-1));
#2562=CARTESIAN_POINT('',(-5.75E0,8.823949053440E0,-2.601852171343E-1));
#2563=CARTESIAN_POINT('',(-5.75E0,8.838178789178E0,1.534759194315E-1));
#2564=CARTESIAN_POINT('',(-5.75E0,8.834054888362E0,6.067531683693E-1));
#2565=CARTESIAN_POINT('',(-5.75E0,8.805809722509E0,1.103396709565E0));
#2566=CARTESIAN_POINT('',(-5.75E0,8.750325777520E0,1.622661285557E0));
#2567=CARTESIAN_POINT('',(-5.75E0,8.669098822737E0,2.144623208078E0));
#2568=CARTESIAN_POINT('',(-5.75E0,8.603551786534E0,2.473421833149E0));
#2569=CARTESIAN_POINT('',(-5.75E0,8.568388825913E0,2.634981024600E0));
#2571=CARTESIAN_POINT('',(5.75E0,7.931611174087E0,2.634981024600E0));
#2572=CARTESIAN_POINT('',(5.75E0,7.980674472957E0,2.448710550152E0));
#2573=CARTESIAN_POINT('',(5.75E0,8.074684201022E0,2.064482859373E0));
#2574=CARTESIAN_POINT('',(5.75E0,8.198955830626E0,1.426000334581E0));
#2575=CARTESIAN_POINT('',(5.75E0,8.284218680022E0,7.971832167550E-1));
#2576=CARTESIAN_POINT('',(5.75E0,8.327570193143E0,2.280903921653E-1));
#2577=CARTESIAN_POINT('',(5.75E0,8.338973338616E0,-2.462748445702E-1));
#2578=CARTESIAN_POINT('',(5.75E0,8.330819006943E0,-6.647522094771E-1));
#2579=CARTESIAN_POINT('',(5.75E0,8.308021339569E0,-1.053019366282E0));
#2580=CARTESIAN_POINT('',(5.75E0,8.270289238712E0,-1.446049813486E0));
#2581=CARTESIAN_POINT('',(5.75E0,8.216958540304E0,-1.845777726126E0));
#2582=CARTESIAN_POINT('',(5.75E0,8.149274465835E0,-2.245412445517E0));
#2583=CARTESIAN_POINT('',(5.75E0,8.096514238776E0,-2.505756440517E0));
#2584=CARTESIAN_POINT('',(5.75E0,8.068388825913E0,-2.634981024600E0));
#2586=CARTESIAN_POINT('',(-5.75E0,7.431611174087E0,-2.634981024600E0));
#2587=CARTESIAN_POINT('',(-5.75E0,7.468031913681E0,-2.496708454263E0));
#2588=CARTESIAN_POINT('',(-5.75E0,7.537453658911E0,-2.217533776852E0));
#2589=CARTESIAN_POINT('',(-5.75E0,7.630298003376E0,-1.785796458700E0));
#2590=CARTESIAN_POINT('',(-5.75E0,7.707093926865E0,-1.354270315842E0));
#2591=CARTESIAN_POINT('',(-5.75E0,7.765690399515E0,-9.328452168713E-1));
#2592=CARTESIAN_POINT('',(-5.75E0,7.806845769426E0,-5.210313205282E-1));
#2593=CARTESIAN_POINT('',(-5.75E0,7.832330373392E0,-9.098618859775E-2));
#2594=CARTESIAN_POINT('',(-5.75E0,7.839474067035E0,3.770337125274E-1));
#2595=CARTESIAN_POINT('',(-5.75E0,7.820637452209E0,9.141566080980E-1));
#2596=CARTESIAN_POINT('',(-5.75E0,7.767172925412E0,1.499079064795E0));
#2597=CARTESIAN_POINT('',(-5.75E0,7.679226542246E0,2.092692911490E0));
#2598=CARTESIAN_POINT('',(-5.75E0,7.607093581772E0,2.457148755886E0));
#2599=CARTESIAN_POINT('',(-5.75E0,7.568388825913E0,2.634981024600E0));
#2601=CARTESIAN_POINT('',(5.75E0,6.931611174087E0,2.634981024600E0));
#2602=CARTESIAN_POINT('',(5.75E0,6.977910431238E0,2.459204328073E0));
#2603=CARTESIAN_POINT('',(5.75E0,7.066310675585E0,2.099010874971E0));
#2604=CARTESIAN_POINT('',(5.75E0,7.183358705115E0,1.512085764228E0));
#2605=CARTESIAN_POINT('',(5.75E0,7.267848777780E0,9.337970579655E-1));
#2606=CARTESIAN_POINT('',(5.75E0,7.316791412679E0,4.024046855134E-1));
#2607=CARTESIAN_POINT('',(5.75E0,7.336426597695E0,-5.624771308224E-2));
#2608=CARTESIAN_POINT('',(5.75E0,7.336473070196E0,-4.582167197126E-1));
#2609=CARTESIAN_POINT('',(5.75E0,7.323187482901E0,-8.125082715791E-1));
#2610=CARTESIAN_POINT('',(5.75E0,7.300549858254E0,-1.134155276266E0));
#2611=CARTESIAN_POINT('',(5.75E0,7.270292858341E0,-1.436648990365E0));
#2612=CARTESIAN_POINT('',(5.75E0,7.231941220667E0,-1.736443562999E0));
#2613=CARTESIAN_POINT('',(5.75E0,7.185239478203E0,-2.037444271106E0));
#2614=CARTESIAN_POINT('',(5.75E0,7.130765955380E0,-2.337847124886E0));
#2615=CARTESIAN_POINT('',(5.75E0,7.089897196660E0,-2.536158999209E0));
#2616=CARTESIAN_POINT('',(5.75E0,7.068388825913E0,-2.634981024600E0));
#2618=DIRECTION('',(0.E0,-1.E0,0.E0));
#2619=VECTOR('',#2618,9.E0);
#2620=CARTESIAN_POINT('',(-5.832188067357E-1,9.5E0,-4.688867754956E0));
#2621=LINE('',#2620,#2619);
#2622=CARTESIAN_POINT('',(0.E0,5.E-1,0.E0));
#2623=DIRECTION('',(0.E0,-1.E0,0.E0));
#2624=DIRECTION('',(-1.234325516901E-1,0.E0,-9.923529640119E-1));
#2625=AXIS2_PLACEMENT_3D('',#2622,#2623,#2624);
#2627=DIRECTION('',(0.E0,-1.E0,0.E0));
#2628=VECTOR('',#2627,9.E0);
#2629=CARTESIAN_POINT('',(5.832188067357E-1,9.5E0,-4.688867754956E0));
#2630=LINE('',#2629,#2628);
#2631=DIRECTION('',(0.E0,1.E0,0.E0));
#2632=VECTOR('',#2631,9.5E0);
#2633=CARTESIAN_POINT('',(-4.725E0,0.E0,0.E0));
#2634=LINE('',#2633,#2632);
#2635=CARTESIAN_POINT('',(0.E0,9.5E0,-4.829778448198E0));
#2636=DIRECTION('',(0.E0,-1.E0,0.E0));
#2637=DIRECTION('',(9.720313445595E-1,0.E0,2.348511554025E-1));
#2638=AXIS2_PLACEMENT_3D('',#2635,#2636,#2637);
#2640=CARTESIAN_POINT('',(0.E0,9.5E0,0.E0));
#2641=DIRECTION('',(0.E0,-1.E0,0.E0));
#2642=DIRECTION('',(-1.E0,0.E0,0.E0));
#2643=AXIS2_PLACEMENT_3D('',#2640,#2641,#2642);
#2645=CARTESIAN_POINT('',(0.E0,9.5E0,0.E0));
#2646=DIRECTION('',(0.E0,-1.E0,0.E0));
#2647=DIRECTION('',(1.E0,0.E0,0.E0));
#2648=AXIS2_PLACEMENT_3D('',#2645,#2646,#2647);
#2650=CARTESIAN_POINT('',(0.E0,9.5E0,0.E0));
#2651=DIRECTION('',(0.E0,-1.E0,0.E0));
#2652=DIRECTION('',(1.234325516901E-1,0.E0,-9.923529640119E-1));
#2653=AXIS2_PLACEMENT_3D('',#2650,#2651,#2652);
#2655=CARTESIAN_POINT('',(1.7E0,9.5E0,-1.7E0));
#2656=DIRECTION('',(0.E0,-1.E0,0.E0));
#2657=DIRECTION('',(-1.E0,0.E0,0.E0));
#2658=AXIS2_PLACEMENT_3D('',#2655,#2656,#2657);
#2660=CARTESIAN_POINT('',(1.7E0,9.5E0,-1.7E0));
#2661=DIRECTION('',(0.E0,-1.E0,0.E0));
#2662=DIRECTION('',(1.E0,0.E0,0.E0));
#2663=AXIS2_PLACEMENT_3D('',#2660,#2661,#2662);
#2665=CARTESIAN_POINT('',(-1.7E0,9.5E0,-1.7E0));
#2666=DIRECTION('',(0.E0,-1.E0,0.E0));
#2667=DIRECTION('',(-1.E0,0.E0,0.E0));
#2668=AXIS2_PLACEMENT_3D('',#2665,#2666,#2667);
#2670=CARTESIAN_POINT('',(-1.7E0,9.5E0,-1.7E0));
#2671=DIRECTION('',(0.E0,-1.E0,0.E0));
#2672=DIRECTION('',(1.E0,0.E0,0.E0));
#2673=AXIS2_PLACEMENT_3D('',#2670,#2671,#2672);
#2675=CARTESIAN_POINT('',(-1.7E0,9.5E0,1.7E0));
#2676=DIRECTION('',(0.E0,-1.E0,0.E0));
#2677=DIRECTION('',(-1.E0,0.E0,0.E0));
#2678=AXIS2_PLACEMENT_3D('',#2675,#2676,#2677);
#2680=CARTESIAN_POINT('',(-1.7E0,9.5E0,1.7E0));
#2681=DIRECTION('',(0.E0,-1.E0,0.E0));
#2682=DIRECTION('',(1.E0,0.E0,0.E0));
#2683=AXIS2_PLACEMENT_3D('',#2680,#2681,#2682);
#2685=CARTESIAN_POINT('',(1.7E0,9.5E0,1.7E0));
#2686=DIRECTION('',(0.E0,-1.E0,0.E0));
#2687=DIRECTION('',(-1.E0,0.E0,0.E0));
#2688=AXIS2_PLACEMENT_3D('',#2685,#2686,#2687);
#2690=CARTESIAN_POINT('',(1.7E0,9.5E0,1.7E0));
#2691=DIRECTION('',(0.E0,-1.E0,0.E0));
#2692=DIRECTION('',(1.E0,0.E0,0.E0));
#2693=AXIS2_PLACEMENT_3D('',#2690,#2691,#2692);
#2695=CARTESIAN_POINT('',(0.E0,5.E-1,-4.829778448198E0));
#2696=DIRECTION('',(0.E0,-1.E0,0.E0));
#2697=DIRECTION('',(9.720313445595E-1,0.E0,2.348511554025E-1));
#2698=AXIS2_PLACEMENT_3D('',#2695,#2696,#2697);
#2700=DIRECTION('',(0.E0,1.E0,0.E0));
#2701=VECTOR('',#2700,9.5E0);
#2702=CARTESIAN_POINT('',(4.725E0,0.E0,0.E0));
#2703=LINE('',#2702,#2701);
#2704=CARTESIAN_POINT('',(1.7E0,2.55E0,-1.7E0));
#2705=DIRECTION('',(0.E0,-1.E0,0.E0));
#2706=DIRECTION('',(-1.E0,0.E0,0.E0));
#2707=AXIS2_PLACEMENT_3D('',#2704,#2705,#2706);
#2709=DIRECTION('',(0.E0,-1.E0,-5.547447393537E-10));
#2710=VECTOR('',#2709,6.95E0);
#2711=CARTESIAN_POINT('',(1.125E0,9.5E0,-1.7E0));
#2712=LINE('',#2711,#2710);
#2713=CARTESIAN_POINT('',(1.675E0,2.55E0,-1.699999999938E0));
#2714=DIRECTION('',(-2.478731678246E-9,0.E0,-1.E0));
#2715=DIRECTION('',(0.E0,-1.E0,0.E0));
#2716=AXIS2_PLACEMENT_3D('',#2713,#2714,#2715);
#2718=CARTESIAN_POINT('',(1.7E0,2.E0,-1.7E0));
#2719=DIRECTION('',(0.E0,-1.E0,0.E0));
#2720=DIRECTION('',(-1.E0,0.E0,0.E0));
#2721=AXIS2_PLACEMENT_3D('',#2718,#2719,#2720);
#2723=CARTESIAN_POINT('',(1.7E0,2.E0,-1.7E0));
#2724=DIRECTION('',(0.E0,-1.E0,0.E0));
#2725=DIRECTION('',(1.E0,0.E0,0.E0));
#2726=AXIS2_PLACEMENT_3D('',#2723,#2724,#2725);
#2728=CARTESIAN_POINT('',(-1.7E0,2.E0,-1.7E0));
#2729=DIRECTION('',(0.E0,-1.E0,0.E0));
#2730=DIRECTION('',(-1.E0,0.E0,0.E0));
#2731=AXIS2_PLACEMENT_3D('',#2728,#2729,#2730);
#2733=CARTESIAN_POINT('',(-1.7E0,2.E0,-1.7E0));
#2734=DIRECTION('',(0.E0,-1.E0,0.E0));
#2735=DIRECTION('',(1.E0,0.E0,0.E0));
#2736=AXIS2_PLACEMENT_3D('',#2733,#2734,#2735);
#2738=CARTESIAN_POINT('',(1.7E0,2.E0,1.7E0));
#2739=DIRECTION('',(0.E0,-1.E0,0.E0));
#2740=DIRECTION('',(-1.E0,0.E0,0.E0));
#2741=AXIS2_PLACEMENT_3D('',#2738,#2739,#2740);
#2743=CARTESIAN_POINT('',(1.7E0,2.E0,1.7E0));
#2744=DIRECTION('',(0.E0,-1.E0,0.E0));
#2745=DIRECTION('',(1.E0,0.E0,0.E0));
#2746=AXIS2_PLACEMENT_3D('',#2743,#2744,#2745);
#2748=CARTESIAN_POINT('',(-1.7E0,2.E0,1.7E0));
#2749=DIRECTION('',(0.E0,-1.E0,0.E0));
#2750=DIRECTION('',(-1.E0,0.E0,0.E0));
#2751=AXIS2_PLACEMENT_3D('',#2748,#2749,#2750);
#2753=CARTESIAN_POINT('',(-1.7E0,2.E0,1.7E0));
#2754=DIRECTION('',(0.E0,-1.E0,0.E0));
#2755=DIRECTION('',(1.E0,0.E0,0.E0));
#2756=AXIS2_PLACEMENT_3D('',#2753,#2754,#2755);
#2758=CARTESIAN_POINT('',(1.725E0,2.55E0,-1.700000000062E0));
#2759=DIRECTION('',(2.478731872535E-9,0.E0,1.E0));
#2760=DIRECTION('',(0.E0,-1.E0,0.E0));
#2761=AXIS2_PLACEMENT_3D('',#2758,#2759,#2760);
#2763=CARTESIAN_POINT('',(1.7E0,2.55E0,-1.7E0));
#2764=DIRECTION('',(0.E0,-1.E0,0.E0));
#2765=DIRECTION('',(1.E0,0.E0,0.E0));
#2766=AXIS2_PLACEMENT_3D('',#2763,#2764,#2765);
#2768=DIRECTION('',(0.E0,-1.E0,5.547446754559E-10));
#2769=VECTOR('',#2768,6.95E0);
#2770=CARTESIAN_POINT('',(2.275E0,9.5E0,-1.7E0));
#2771=LINE('',#2770,#2769);
#2772=CARTESIAN_POINT('',(-1.725E0,2.55E0,-1.699999999938E0));
#2773=DIRECTION('',(-2.478735966482E-9,0.E0,-1.E0));
#2774=DIRECTION('',(0.E0,-1.E0,0.E0));
#2775=AXIS2_PLACEMENT_3D('',#2772,#2773,#2774);
#2777=CARTESIAN_POINT('',(-1.675E0,2.55E0,-1.700000000062E0));
#2778=DIRECTION('',(2.478736327305E-9,0.E0,1.E0));
#2779=DIRECTION('',(0.E0,-1.E0,0.E0));
#2780=AXIS2_PLACEMENT_3D('',#2777,#2778,#2779);
#2782=CARTESIAN_POINT('',(-1.7E0,2.55E0,-1.7E0));
#2783=DIRECTION('',(0.E0,-1.E0,0.E0));
#2784=DIRECTION('',(1.E0,0.E0,0.E0));
#2785=AXIS2_PLACEMENT_3D('',#2782,#2783,#2784);
#2787=DIRECTION('',(0.E0,-1.E0,5.547444518139E-10));
#2788=VECTOR('',#2787,6.95E0);
#2789=CARTESIAN_POINT('',(-1.125E0,9.5E0,-1.7E0));
#2790=LINE('',#2789,#2788);
#2791=CARTESIAN_POINT('',(-1.7E0,2.55E0,-1.7E0));
#2792=DIRECTION('',(0.E0,-1.E0,0.E0));
#2793=DIRECTION('',(-1.E0,0.E0,0.E0));
#2794=AXIS2_PLACEMENT_3D('',#2791,#2792,#2793);
#2796=DIRECTION('',(0.E0,-1.E0,-5.547448032514E-10));
#2797=VECTOR('',#2796,6.95E0);
#2798=CARTESIAN_POINT('',(-2.275E0,9.5E0,-1.7E0));
#2799=LINE('',#2798,#2797);
#2800=CARTESIAN_POINT('',(1.675E0,2.55E0,1.700000000062E0));
#2801=DIRECTION('',(-2.478736327305E-9,0.E0,-1.E0));
#2802=DIRECTION('',(0.E0,-1.E0,0.E0));
#2803=AXIS2_PLACEMENT_3D('',#2800,#2801,#2802);
#2805=CARTESIAN_POINT('',(1.725E0,2.55E0,1.699999999938E0));
#2806=DIRECTION('',(2.478732039068E-9,0.E0,1.E0));
#2807=DIRECTION('',(0.E0,-1.E0,0.E0));
#2808=AXIS2_PLACEMENT_3D('',#2805,#2806,#2807);
#2810=CARTESIAN_POINT('',(1.7E0,2.55E0,1.7E0));
#2811=DIRECTION('',(0.E0,-1.E0,0.E0));
#2812=DIRECTION('',(1.E0,0.E0,0.E0));
#2813=AXIS2_PLACEMENT_3D('',#2810,#2811,#2812);
#2815=DIRECTION('',(0.E0,-1.E0,5.547448352002E-10));
#2816=VECTOR('',#2815,6.95E0);
#2817=CARTESIAN_POINT('',(2.275E0,9.5E0,1.7E0));
#2818=LINE('',#2817,#2816);
#2819=CARTESIAN_POINT('',(1.7E0,2.55E0,1.7E0));
#2820=DIRECTION('',(0.E0,-1.E0,0.E0));
#2821=DIRECTION('',(-1.E0,0.E0,0.E0));
#2822=AXIS2_PLACEMENT_3D('',#2819,#2820,#2821);
#2824=DIRECTION('',(0.E0,-1.E0,-5.547445157116E-10));
#2825=VECTOR('',#2824,6.95E0);
#2826=CARTESIAN_POINT('',(1.125E0,9.5E0,1.7E0));
#2827=LINE('',#2826,#2825);
#2828=CARTESIAN_POINT('',(-1.725E0,2.55E0,1.700000000062E0));
#2829=DIRECTION('',(-2.478736355060E-9,0.E0,-1.E0));
#2830=DIRECTION('',(0.E0,-1.E0,0.E0));
#2831=AXIS2_PLACEMENT_3D('',#2828,#2829,#2830);
#2833=CARTESIAN_POINT('',(-1.675E0,2.55E0,1.699999999938E0));
#2834=DIRECTION('',(2.478727278987E-9,0.E0,1.E0));
#2835=DIRECTION('',(0.E0,-1.E0,0.E0));
#2836=AXIS2_PLACEMENT_3D('',#2833,#2834,#2835);
#2838=CARTESIAN_POINT('',(-1.7E0,2.55E0,1.7E0));
#2839=DIRECTION('',(0.E0,-1.E0,0.E0));
#2840=DIRECTION('',(1.E0,0.E0,0.E0));
#2841=AXIS2_PLACEMENT_3D('',#2838,#2839,#2840);
#2843=DIRECTION('',(0.E0,-1.E0,5.547450268934E-10));
#2844=VECTOR('',#2843,6.95E0);
#2845=CARTESIAN_POINT('',(-1.125E0,9.5E0,1.7E0));
#2846=LINE('',#2845,#2844);
#2847=CARTESIAN_POINT('',(-1.7E0,2.55E0,1.7E0));
#2848=DIRECTION('',(0.E0,-1.E0,0.E0));
#2849=DIRECTION('',(-1.E0,0.E0,0.E0));
#2850=AXIS2_PLACEMENT_3D('',#2847,#2848,#2849);
#2852=DIRECTION('',(0.E0,-1.E0,-5.547445157116E-10));
#2853=VECTOR('',#2852,6.95E0);
#2854=CARTESIAN_POINT('',(-2.275E0,9.5E0,1.7E0));
#2855=LINE('',#2854,#2853);
#2856=DIRECTION('',(0.E0,1.E0,0.E0));
#2857=VECTOR('',#2856,3.E0);
#2858=CARTESIAN_POINT('',(9.5E-1,1.65E1,-1.7E0));
#2859=LINE('',#2858,#2857);
#2860=DIRECTION('',(0.E0,1.E0,0.E0));
#2861=VECTOR('',#2860,3.E0);
#2862=CARTESIAN_POINT('',(2.45E0,1.65E1,-1.7E0));
#2863=LINE('',#2862,#2861);
#2864=DIRECTION('',(0.E0,1.E0,0.E0));
#2865=VECTOR('',#2864,7.E-1);
#2866=CARTESIAN_POINT('',(9.5E-1,1.58E1,-1.7E0));
#2867=LINE('',#2866,#2865);
#2868=DIRECTION('',(0.E0,-1.E0,0.E0));
#2869=VECTOR('',#2868,3.E0);
#2870=CARTESIAN_POINT('',(1.125E0,1.95E1,-1.7E0));
#2871=LINE('',#2870,#2869);
#2872=DIRECTION('',(0.E0,-1.E0,0.E0));
#2873=VECTOR('',#2872,3.E0);
#2874=CARTESIAN_POINT('',(2.275E0,1.95E1,-1.7E0));
#2875=LINE('',#2874,#2873);
#2876=DIRECTION('',(0.E0,1.E0,0.E0));
#2877=VECTOR('',#2876,3.E0);
#2878=CARTESIAN_POINT('',(2.45E0,1.65E1,1.7E0));
#2879=LINE('',#2878,#2877);
#2880=DIRECTION('',(0.E0,1.E0,0.E0));
#2881=VECTOR('',#2880,3.E0);
#2882=CARTESIAN_POINT('',(9.5E-1,1.65E1,1.7E0));
#2883=LINE('',#2882,#2881);
#2884=DIRECTION('',(0.E0,1.E0,0.E0));
#2885=VECTOR('',#2884,7.E-1);
#2886=CARTESIAN_POINT('',(2.45E0,1.58E1,1.7E0));
#2887=LINE('',#2886,#2885);
#2888=DIRECTION('',(0.E0,-1.E0,0.E0));
#2889=VECTOR('',#2888,3.E0);
#2890=CARTESIAN_POINT('',(2.275E0,1.95E1,1.7E0));
#2891=LINE('',#2890,#2889);
#2892=DIRECTION('',(0.E0,-1.E0,0.E0));
#2893=VECTOR('',#2892,3.E0);
#2894=CARTESIAN_POINT('',(1.125E0,1.95E1,1.7E0));
#2895=LINE('',#2894,#2893);
#2896=CARTESIAN_POINT('',(1.7E0,1.65E1,1.7E0));
#2897=DIRECTION('',(0.E0,1.E0,0.E0));
#2898=DIRECTION('',(-1.E0,0.E0,0.E0));
#2899=AXIS2_PLACEMENT_3D('',#2896,#2897,#2898);
#2901=DIRECTION('',(0.E0,1.E0,0.E0));
#2902=VECTOR('',#2901,7.E-1);
#2903=CARTESIAN_POINT('',(9.5E-1,1.58E1,1.7E0));
#2904=LINE('',#2903,#2902);
#2905=DIRECTION('',(0.E0,-1.E0,0.E0));
#2906=VECTOR('',#2905,3.E0);
#2907=CARTESIAN_POINT('',(-2.275E0,1.95E1,-1.7E0));
#2908=LINE('',#2907,#2906);
#2909=DIRECTION('',(0.E0,-1.E0,0.E0));
#2910=VECTOR('',#2909,3.E0);
#2911=CARTESIAN_POINT('',(-1.125E0,1.95E1,-1.7E0));
#2912=LINE('',#2911,#2910);
#2913=CARTESIAN_POINT('',(7.5E0,1.3E1,0.E0));
#2914=CARTESIAN_POINT('',(-7.5E0,1.3E1,0.E0));
#2915=VERTEX_POINT('',#2913);
#2916=VERTEX_POINT('',#2914);
#2917=CARTESIAN_POINT('',(7.5E0,1.15E1,0.E0));
#2918=CARTESIAN_POINT('',(-7.5E0,1.15E1,0.E0));
#2919=VERTEX_POINT('',#2917);
#2920=VERTEX_POINT('',#2918);
#2921=CARTESIAN_POINT('',(6.25E0,1.3E1,0.E0));
#2922=CARTESIAN_POINT('',(-6.25E0,1.3E1,0.E0));
#2923=VERTEX_POINT('',#2921);
#2924=VERTEX_POINT('',#2922);
#2925=CARTESIAN_POINT('',(4.2E0,1.58E1,0.E0));
#2926=CARTESIAN_POINT('',(-4.2E0,1.58E1,0.E0));
#2927=VERTEX_POINT('',#2925);
#2928=VERTEX_POINT('',#2926);
#2929=CARTESIAN_POINT('',(4.942157941508E0,1.536255339598E1,0.E0));
#2930=CARTESIAN_POINT('',(-4.942157941508E0,1.536255339598E1,0.E0));
#2931=VERTEX_POINT('',#2929);
#2932=VERTEX_POINT('',#2930);
#2933=CARTESIAN_POINT('',(7.8E0,1.15E1,0.E0));
#2934=CARTESIAN_POINT('',(-7.8E0,1.15E1,0.E0));
#2935=VERTEX_POINT('',#2933);
#2936=VERTEX_POINT('',#2934);
#2937=CARTESIAN_POINT('',(8.E0,1.13E1,0.E0));
#2938=CARTESIAN_POINT('',(-8.E0,1.13E1,0.E0));
#2939=VERTEX_POINT('',#2937);
#2940=VERTEX_POINT('',#2938);
#2941=CARTESIAN_POINT('',(-7.8E0,1.E1,0.E0));
#2942=CARTESIAN_POINT('',(7.8E0,1.E1,0.E0));
#2943=VERTEX_POINT('',#2941);
#2944=VERTEX_POINT('',#2942);
#2945=CARTESIAN_POINT('',(-8.E0,1.02E1,0.E0));
#2946=CARTESIAN_POINT('',(8.E0,1.02E1,0.E0));
#2947=VERTEX_POINT('',#2945);
#2948=VERTEX_POINT('',#2946);
#2949=CARTESIAN_POINT('',(5.525E0,1.046188021535E1,5.453415496959E-14));
#2950=CARTESIAN_POINT('',(6.325E0,1.092376043070E1,6.276460832548E-14));
#2951=VERTEX_POINT('',#2949);
#2952=VERTEX_POINT('',#2950);
#2953=CARTESIAN_POINT('',(-2.7625E0,3.128546882018E0,4.784790355909E0));
#2954=CARTESIAN_POINT('',(-3.1625E0,3.590427097370E0,5.477610678937E0));
#2955=VERTEX_POINT('',#2953);
#2956=VERTEX_POINT('',#2954);
#2957=CARTESIAN_POINT('',(-2.7625E0,6.795213548685E0,-4.784790355909E0));
#2958=CARTESIAN_POINT('',(-3.1625E0,7.257093764037E0,-5.477610678937E0));
#2959=VERTEX_POINT('',#2957);
#2960=VERTEX_POINT('',#2958);
#2961=CARTESIAN_POINT('',(6.325E0,1.E1,5.870834414443E-14));
#2962=VERTEX_POINT('',#2961);
#2963=VERTEX_POINT('',#2440);
#2964=VERTEX_POINT('',#1674);
#2965=VERTEX_POINT('',#1697);
#2966=CARTESIAN_POINT('',(-3.1625E0,2.666666666667E0,5.477610678937E0));
#2967=VERTEX_POINT('',#2966);
#2968=CARTESIAN_POINT('',(-3.1625E0,6.333333333333E0,-5.477610678937E0));
#2969=VERTEX_POINT('',#2968);
#2970=CARTESIAN_POINT('',(5.75E0,0.E0,2.365140512914E0));
#2971=CARTESIAN_POINT('',(5.75E0,0.E0,-2.634981024600E0));
#2972=VERTEX_POINT('',#2970);
#2973=VERTEX_POINT('',#2971);
#2974=CARTESIAN_POINT('',(-5.75E0,3.553716047905E-1,-2.634981024600E0));
#2975=CARTESIAN_POINT('',(-5.75E0,4.316111740871E-1,-2.634981024600E0));
#2976=VERTEX_POINT('',#2974);
#2977=VERTEX_POINT('',#2975);
#2978=CARTESIAN_POINT('',(-5.75E0,1.355371604790E0,-2.634981024600E0));
#2979=CARTESIAN_POINT('',(-5.75E0,1.431611174087E0,-2.634981024600E0));
#2980=VERTEX_POINT('',#2978);
#2981=VERTEX_POINT('',#2979);
#2982=CARTESIAN_POINT('',(-5.75E0,2.355371604790E0,-2.634981024600E0));
#2983=CARTESIAN_POINT('',(-5.75E0,2.431611174087E0,-2.634981024600E0));
#2984=VERTEX_POINT('',#2982);
#2985=VERTEX_POINT('',#2983);
#2986=CARTESIAN_POINT('',(-5.75E0,3.355371604790E0,-2.634981024600E0));
#2987=CARTESIAN_POINT('',(-5.75E0,3.431611174087E0,-2.634981024600E0));
#2988=VERTEX_POINT('',#2986);
#2989=VERTEX_POINT('',#2987);
#2990=CARTESIAN_POINT('',(-5.75E0,4.355371604790E0,-2.634981024600E0));
#2991=CARTESIAN_POINT('',(-5.75E0,4.431611174087E0,-2.634981024600E0));
#2992=VERTEX_POINT('',#2990);
#2993=VERTEX_POINT('',#2991);
#2994=CARTESIAN_POINT('',(-5.75E0,5.355371604790E0,-2.634981024600E0));
#2995=CARTESIAN_POINT('',(-5.75E0,5.431611174087E0,-2.634981024600E0));
#2996=VERTEX_POINT('',#2994);
#2997=VERTEX_POINT('',#2995);
#2998=CARTESIAN_POINT('',(-5.75E0,6.355371604790E0,-2.634981024600E0));
#2999=CARTESIAN_POINT('',(-5.75E0,6.431611174087E0,-2.634981024600E0));
#3000=VERTEX_POINT('',#2998);
#3001=VERTEX_POINT('',#2999);
#3002=CARTESIAN_POINT('',(-5.75E0,7.355371604790E0,-2.634981024600E0));
#3003=CARTESIAN_POINT('',(-5.75E0,7.431611174087E0,-2.634981024600E0));
#3004=VERTEX_POINT('',#3002);
#3005=VERTEX_POINT('',#3003);
#3006=CARTESIAN_POINT('',(-5.75E0,8.355371604790E0,-2.634981024600E0));
#3007=CARTESIAN_POINT('',(-5.75E0,8.431611174087E0,-2.634981024600E0));
#3008=VERTEX_POINT('',#3006);
#3009=VERTEX_POINT('',#3007);
#3010=CARTESIAN_POINT('',(-5.75E0,9.355371604790E0,-2.634981024600E0));
#3011=CARTESIAN_POINT('',(-5.75E0,9.431611174087E0,-2.634981024600E0));
#3012=VERTEX_POINT('',#3010);
#3013=VERTEX_POINT('',#3011);
#3014=CARTESIAN_POINT('',(5.75E0,6.838882591293E-2,-2.634981024600E0));
#3015=VERTEX_POINT('',#3014);
#3016=CARTESIAN_POINT('',(5.75E0,9.921492566163E-1,-2.634981024600E0));
#3017=CARTESIAN_POINT('',(5.75E0,1.068388825913E0,-2.634981024600E0));
#3018=VERTEX_POINT('',#3016);
#3019=VERTEX_POINT('',#3017);
#3020=CARTESIAN_POINT('',(5.75E0,1.992149256616E0,-2.634981024600E0));
#3021=CARTESIAN_POINT('',(5.75E0,2.068388825913E0,-2.634981024600E0));
#3022=VERTEX_POINT('',#3020);
#3023=VERTEX_POINT('',#3021);
#3024=CARTESIAN_POINT('',(5.75E0,2.992149256616E0,-2.634981024600E0));
#3025=CARTESIAN_POINT('',(5.75E0,3.068388825913E0,-2.634981024600E0));
#3026=VERTEX_POINT('',#3024);
#3027=VERTEX_POINT('',#3025);
#3028=CARTESIAN_POINT('',(5.75E0,3.992149256616E0,-2.634981024600E0));
#3029=CARTESIAN_POINT('',(5.75E0,4.068388825913E0,-2.634981024600E0));
#3030=VERTEX_POINT('',#3028);
#3031=VERTEX_POINT('',#3029);
#3032=CARTESIAN_POINT('',(5.75E0,4.992149256616E0,-2.634981024600E0));
#3033=CARTESIAN_POINT('',(5.75E0,5.068388825913E0,-2.634981024600E0));
#3034=VERTEX_POINT('',#3032);
#3035=VERTEX_POINT('',#3033);
#3036=CARTESIAN_POINT('',(5.75E0,5.992149256616E0,-2.634981024600E0));
#3037=CARTESIAN_POINT('',(5.75E0,6.068388825913E0,-2.634981024600E0));
#3038=VERTEX_POINT('',#3036);
#3039=VERTEX_POINT('',#3037);
#3040=CARTESIAN_POINT('',(5.75E0,6.992149256616E0,-2.634981024600E0));
#3041=CARTESIAN_POINT('',(5.75E0,7.068388825913E0,-2.634981024600E0));
#3042=VERTEX_POINT('',#3040);
#3043=VERTEX_POINT('',#3041);
#3044=CARTESIAN_POINT('',(5.75E0,7.992149256616E0,-2.634981024600E0));
#3045=CARTESIAN_POINT('',(5.75E0,8.068388825913E0,-2.634981024600E0));
#3046=VERTEX_POINT('',#3044);
#3047=VERTEX_POINT('',#3045);
#3048=CARTESIAN_POINT('',(5.75E0,8.992149256616E0,-2.634981024600E0));
#3049=CARTESIAN_POINT('',(5.75E0,9.068388825913E0,-2.634981024600E0));
#3050=VERTEX_POINT('',#3048);
#3051=VERTEX_POINT('',#3049);
#3052=CARTESIAN_POINT('',(-5.75E0,4.921492566163E-1,2.634981024600E0));
#3053=CARTESIAN_POINT('',(-5.75E0,5.683888259129E-1,2.634981024600E0));
#3054=VERTEX_POINT('',#3052);
#3055=VERTEX_POINT('',#3053);
#3056=CARTESIAN_POINT('',(-5.75E0,1.492149256616E0,2.634981024600E0));
#3057=CARTESIAN_POINT('',(-5.75E0,1.568388825913E0,2.634981024600E0));
#3058=VERTEX_POINT('',#3056);
#3059=VERTEX_POINT('',#3057);
#3060=CARTESIAN_POINT('',(-5.75E0,2.492149256616E0,2.634981024600E0));
#3061=CARTESIAN_POINT('',(-5.75E0,2.568388825913E0,2.634981024600E0));
#3062=VERTEX_POINT('',#3060);
#3063=VERTEX_POINT('',#3061);
#3064=CARTESIAN_POINT('',(-5.75E0,3.492149256616E0,2.634981024600E0));
#3065=CARTESIAN_POINT('',(-5.75E0,3.568388825913E0,2.634981024600E0));
#3066=VERTEX_POINT('',#3064);
#3067=VERTEX_POINT('',#3065);
#3068=CARTESIAN_POINT('',(-5.75E0,4.492149256616E0,2.634981024600E0));
#3069=CARTESIAN_POINT('',(-5.75E0,4.568388825913E0,2.634981024600E0));
#3070=VERTEX_POINT('',#3068);
#3071=VERTEX_POINT('',#3069);
#3072=CARTESIAN_POINT('',(-5.75E0,5.492149256616E0,2.634981024600E0));
#3073=CARTESIAN_POINT('',(-5.75E0,5.568388825913E0,2.634981024600E0));
#3074=VERTEX_POINT('',#3072);
#3075=VERTEX_POINT('',#3073);
#3076=CARTESIAN_POINT('',(-5.75E0,6.492149256616E0,2.634981024600E0));
#3077=CARTESIAN_POINT('',(-5.75E0,6.568388825913E0,2.634981024600E0));
#3078=VERTEX_POINT('',#3076);
#3079=VERTEX_POINT('',#3077);
#3080=CARTESIAN_POINT('',(-5.75E0,7.492149256616E0,2.634981024600E0));
#3081=CARTESIAN_POINT('',(-5.75E0,7.568388825913E0,2.634981024600E0));
#3082=VERTEX_POINT('',#3080);
#3083=VERTEX_POINT('',#3081);
#3084=CARTESIAN_POINT('',(-5.75E0,8.492149256616E0,2.634981024600E0));
#3085=CARTESIAN_POINT('',(-5.75E0,8.568388825913E0,2.634981024600E0));
#3086=VERTEX_POINT('',#3084);
#3087=VERTEX_POINT('',#3085);
#3088=CARTESIAN_POINT('',(-5.75E0,9.492149256616E0,2.634981024600E0));
#3089=CARTESIAN_POINT('',(-5.75E0,9.568388825913E0,2.634981024600E0));
#3090=VERTEX_POINT('',#3088);
#3091=VERTEX_POINT('',#3089);
#3092=CARTESIAN_POINT('',(5.75E0,8.553716047905E-1,2.634981024600E0));
#3093=CARTESIAN_POINT('',(5.75E0,9.316111740871E-1,2.634981024600E0));
#3094=VERTEX_POINT('',#3092);
#3095=VERTEX_POINT('',#3093);
#3096=CARTESIAN_POINT('',(5.75E0,1.855371604790E0,2.634981024600E0));
#3097=CARTESIAN_POINT('',(5.75E0,1.931611174087E0,2.634981024600E0));
#3098=VERTEX_POINT('',#3096);
#3099=VERTEX_POINT('',#3097);
#3100=CARTESIAN_POINT('',(5.75E0,2.855371604790E0,2.634981024600E0));
#3101=CARTESIAN_POINT('',(5.75E0,2.931611174087E0,2.634981024600E0));
#3102=VERTEX_POINT('',#3100);
#3103=VERTEX_POINT('',#3101);
#3104=CARTESIAN_POINT('',(5.75E0,3.855371604790E0,2.634981024600E0));
#3105=CARTESIAN_POINT('',(5.75E0,3.931611174087E0,2.634981024600E0));
#3106=VERTEX_POINT('',#3104);
#3107=VERTEX_POINT('',#3105);
#3108=CARTESIAN_POINT('',(5.75E0,4.855371604790E0,2.634981024600E0));
#3109=CARTESIAN_POINT('',(5.75E0,4.931611174087E0,2.634981024600E0));
#3110=VERTEX_POINT('',#3108);
#3111=VERTEX_POINT('',#3109);
#3112=CARTESIAN_POINT('',(5.75E0,5.855371604790E0,2.634981024600E0));
#3113=CARTESIAN_POINT('',(5.75E0,5.931611174087E0,2.634981024600E0));
#3114=VERTEX_POINT('',#3112);
#3115=VERTEX_POINT('',#3113);
#3116=CARTESIAN_POINT('',(5.75E0,6.855371604790E0,2.634981024600E0));
#3117=CARTESIAN_POINT('',(5.75E0,6.931611174087E0,2.634981024600E0));
#3118=VERTEX_POINT('',#3116);
#3119=VERTEX_POINT('',#3117);
#3120=CARTESIAN_POINT('',(5.75E0,7.855371604790E0,2.634981024600E0));
#3121=CARTESIAN_POINT('',(5.75E0,7.931611174087E0,2.634981024600E0));
#3122=VERTEX_POINT('',#3120);
#3123=VERTEX_POINT('',#3121);
#3124=CARTESIAN_POINT('',(5.75E0,8.855371604790E0,2.634981024600E0));
#3125=CARTESIAN_POINT('',(5.75E0,8.931611174087E0,2.634981024600E0));
#3126=VERTEX_POINT('',#3124);
#3127=VERTEX_POINT('',#3125);
#3128=CARTESIAN_POINT('',(5.75E0,9.855371604790E0,2.634981024600E0));
#3129=CARTESIAN_POINT('',(5.75E0,9.931611174087E0,2.634981024600E0));
#3130=VERTEX_POINT('',#3128);
#3131=VERTEX_POINT('',#3129);
#3132=CARTESIAN_POINT('',(5.75E0,9.992149256616E0,-2.634981024600E0));
#3133=CARTESIAN_POINT('',(5.75E0,1.E1,-2.634981024600E0));
#3134=VERTEX_POINT('',#3132);
#3135=VERTEX_POINT('',#3133);
#3136=VERTEX_POINT('',#2523);
#3137=CARTESIAN_POINT('',(4.725E0,9.5E0,0.E0));
#3138=CARTESIAN_POINT('',(-4.725E0,9.5E0,0.E0));
#3139=VERTEX_POINT('',#3137);
#3140=VERTEX_POINT('',#3138);
#3141=CARTESIAN_POINT('',(-4.725E0,0.E0,0.E0));
#3142=CARTESIAN_POINT('',(4.725E0,0.E0,0.E0));
#3143=VERTEX_POINT('',#3141);
#3144=VERTEX_POINT('',#3142);
#3145=CARTESIAN_POINT('',(5.832188067357E-1,9.5E0,-4.688867754956E0));
#3146=CARTESIAN_POINT('',(-5.832188067357E-1,9.5E0,-4.688867754956E0));
#3147=VERTEX_POINT('',#3145);
#3148=VERTEX_POINT('',#3146);
#3149=CARTESIAN_POINT('',(-5.832188067357E-1,5.E-1,-4.688867754956E0));
#3150=CARTESIAN_POINT('',(5.832188067357E-1,5.E-1,-4.688867754956E0));
#3151=VERTEX_POINT('',#3149);
#3152=VERTEX_POINT('',#3150);
#3153=CARTESIAN_POINT('',(1.125E0,9.5E0,-1.7E0));
#3154=CARTESIAN_POINT('',(2.275E0,9.5E0,-1.7E0));
#3155=VERTEX_POINT('',#3153);
#3156=VERTEX_POINT('',#3154);
#3157=CARTESIAN_POINT('',(-2.275E0,9.5E0,-1.7E0));
#3158=CARTESIAN_POINT('',(-1.125E0,9.5E0,-1.7E0));
#3159=VERTEX_POINT('',#3157);
#3160=VERTEX_POINT('',#3158);
#3161=CARTESIAN_POINT('',(-2.275E0,9.5E0,1.7E0));
#3162=CARTESIAN_POINT('',(-1.125E0,9.5E0,1.7E0));
#3163=VERTEX_POINT('',#3161);
#3164=VERTEX_POINT('',#3162);
#3165=CARTESIAN_POINT('',(1.125E0,9.5E0,1.7E0));
#3166=CARTESIAN_POINT('',(2.275E0,9.5E0,1.7E0));
#3167=VERTEX_POINT('',#3165);
#3168=VERTEX_POINT('',#3166);
#3169=CARTESIAN_POINT('',(1.675E0,2.E0,-1.7E0));
#3170=CARTESIAN_POINT('',(1.725E0,2.E0,-1.7E0));
#3171=VERTEX_POINT('',#3169);
#3172=VERTEX_POINT('',#3170);
#3173=CARTESIAN_POINT('',(1.125E0,2.55E0,-1.7E0));
#3174=CARTESIAN_POINT('',(2.275E0,2.55E0,-1.7E0));
#3175=VERTEX_POINT('',#3173);
#3176=VERTEX_POINT('',#3174);
#3177=CARTESIAN_POINT('',(-1.725E0,2.E0,-1.7E0));
#3178=CARTESIAN_POINT('',(-1.675E0,2.E0,-1.7E0));
#3179=VERTEX_POINT('',#3177);
#3180=VERTEX_POINT('',#3178);
#3181=CARTESIAN_POINT('',(-2.275E0,2.55E0,-1.7E0));
#3182=CARTESIAN_POINT('',(-1.125E0,2.55E0,-1.7E0));
#3183=VERTEX_POINT('',#3181);
#3184=VERTEX_POINT('',#3182);
#3185=CARTESIAN_POINT('',(1.675E0,2.E0,1.7E0));
#3186=CARTESIAN_POINT('',(1.725E0,2.E0,1.7E0));
#3187=VERTEX_POINT('',#3185);
#3188=VERTEX_POINT('',#3186);
#3189=CARTESIAN_POINT('',(1.125E0,2.55E0,1.7E0));
#3190=CARTESIAN_POINT('',(2.275E0,2.55E0,1.7E0));
#3191=VERTEX_POINT('',#3189);
#3192=VERTEX_POINT('',#3190);
#3193=CARTESIAN_POINT('',(-1.725E0,2.E0,1.7E0));
#3194=CARTESIAN_POINT('',(-1.675E0,2.E0,1.7E0));
#3195=VERTEX_POINT('',#3193);
#3196=VERTEX_POINT('',#3194);
#3197=CARTESIAN_POINT('',(-2.275E0,2.55E0,1.7E0));
#3198=CARTESIAN_POINT('',(-1.125E0,2.55E0,1.7E0));
#3199=VERTEX_POINT('',#3197);
#3200=VERTEX_POINT('',#3198);
#3201=CARTESIAN_POINT('',(-9.5E-1,1.58E1,-1.7E0));
#3202=CARTESIAN_POINT('',(-2.45E0,1.58E1,-1.7E0));
#3203=VERTEX_POINT('',#3201);
#3204=VERTEX_POINT('',#3202);
#3205=CARTESIAN_POINT('',(2.45E0,1.58E1,-1.7E0));
#3206=CARTESIAN_POINT('',(9.5E-1,1.58E1,-1.7E0));
#3207=VERTEX_POINT('',#3205);
#3208=VERTEX_POINT('',#3206);
#3209=CARTESIAN_POINT('',(-9.5E-1,1.58E1,1.7E0));
#3210=CARTESIAN_POINT('',(-2.45E0,1.58E1,1.7E0));
#3211=VERTEX_POINT('',#3209);
#3212=VERTEX_POINT('',#3210);
#3213=CARTESIAN_POINT('',(2.45E0,1.58E1,1.7E0));
#3214=CARTESIAN_POINT('',(9.5E-1,1.58E1,1.7E0));
#3215=VERTEX_POINT('',#3213);
#3216=VERTEX_POINT('',#3214);
#3217=CARTESIAN_POINT('',(-1.125E0,1.65E1,1.7E0));
#3218=CARTESIAN_POINT('',(-2.275E0,1.65E1,1.7E0));
#3219=VERTEX_POINT('',#3217);
#3220=VERTEX_POINT('',#3218);
#3221=CARTESIAN_POINT('',(2.275E0,1.65E1,1.7E0));
#3222=CARTESIAN_POINT('',(1.125E0,1.65E1,1.7E0));
#3223=VERTEX_POINT('',#3221);
#3224=VERTEX_POINT('',#3222);
#3225=CARTESIAN_POINT('',(-2.275E0,1.65E1,-1.7E0));
#3226=CARTESIAN_POINT('',(-1.125E0,1.65E1,-1.7E0));
#3227=VERTEX_POINT('',#3225);
#3228=VERTEX_POINT('',#3226);
#3229=CARTESIAN_POINT('',(1.125E0,1.65E1,-1.7E0));
#3230=CARTESIAN_POINT('',(2.275E0,1.65E1,-1.7E0));
#3231=VERTEX_POINT('',#3229);
#3232=VERTEX_POINT('',#3230);
#3233=CARTESIAN_POINT('',(-9.5E-1,1.95E1,1.7E0));
#3234=CARTESIAN_POINT('',(-1.125E0,1.95E1,1.7E0));
#3235=VERTEX_POINT('',#3233);
#3236=VERTEX_POINT('',#3234);
#3237=CARTESIAN_POINT('',(-2.275E0,1.95E1,1.7E0));
#3238=VERTEX_POINT('',#3237);
#3239=CARTESIAN_POINT('',(-2.45E0,1.95E1,1.7E0));
#3240=VERTEX_POINT('',#3239);
#3241=CARTESIAN_POINT('',(2.45E0,1.95E1,1.7E0));
#3242=CARTESIAN_POINT('',(2.275E0,1.95E1,1.7E0));
#3243=VERTEX_POINT('',#3241);
#3244=VERTEX_POINT('',#3242);
#3245=CARTESIAN_POINT('',(1.125E0,1.95E1,1.7E0));
#3246=VERTEX_POINT('',#3245);
#3247=CARTESIAN_POINT('',(9.5E-1,1.95E1,1.7E0));
#3248=VERTEX_POINT('',#3247);
#3249=CARTESIAN_POINT('',(-2.45E0,1.95E1,-1.7E0));
#3250=CARTESIAN_POINT('',(-2.275E0,1.95E1,-1.7E0));
#3251=VERTEX_POINT('',#3249);
#3252=VERTEX_POINT('',#3250);
#3253=CARTESIAN_POINT('',(-1.125E0,1.95E1,-1.7E0));
#3254=VERTEX_POINT('',#3253);
#3255=CARTESIAN_POINT('',(-9.5E-1,1.95E1,-1.7E0));
#3256=VERTEX_POINT('',#3255);
#3257=CARTESIAN_POINT('',(9.5E-1,1.95E1,-1.7E0));
#3258=CARTESIAN_POINT('',(1.125E0,1.95E1,-1.7E0));
#3259=VERTEX_POINT('',#3257);
#3260=VERTEX_POINT('',#3258);
#3261=CARTESIAN_POINT('',(2.275E0,1.95E1,-1.7E0));
#3262=VERTEX_POINT('',#3261);
#3263=CARTESIAN_POINT('',(2.45E0,1.95E1,-1.7E0));
#3264=VERTEX_POINT('',#3263);
#3265=CARTESIAN_POINT('',(-9.5E-1,1.65E1,-1.7E0));
#3266=CARTESIAN_POINT('',(-2.45E0,1.65E1,-1.7E0));
#3267=VERTEX_POINT('',#3265);
#3268=VERTEX_POINT('',#3266);
#3269=CARTESIAN_POINT('',(2.45E0,1.65E1,-1.7E0));
#3270=CARTESIAN_POINT('',(9.5E-1,1.65E1,-1.7E0));
#3271=VERTEX_POINT('',#3269);
#3272=VERTEX_POINT('',#3270);
#3273=CARTESIAN_POINT('',(-9.5E-1,1.65E1,1.7E0));
#3274=VERTEX_POINT('',#3273);
#3275=CARTESIAN_POINT('',(-2.45E0,1.65E1,1.7E0));
#3276=VERTEX_POINT('',#3275);
#3277=CARTESIAN_POINT('',(2.45E0,1.65E1,1.7E0));
#3278=VERTEX_POINT('',#3277);
#3279=CARTESIAN_POINT('',(9.5E-1,1.65E1,1.7E0));
#3280=VERTEX_POINT('',#3279);
#3281=CARTESIAN_POINT('',(1.7E0,1.58E1,-1.7E0));
#3282=DIRECTION('',(0.E0,1.E0,0.E0));
#3283=DIRECTION('',(1.E0,0.E0,0.E0));
#3284=AXIS2_PLACEMENT_3D('',#3281,#3282,#3283);
#3285=CYLINDRICAL_SURFACE('',#3284,7.5E-1);
#3287=ORIENTED_EDGE('',*,*,#3286,.T.);
#3289=ORIENTED_EDGE('',*,*,#3288,.F.);
#3291=ORIENTED_EDGE('',*,*,#3290,.F.);
#3293=ORIENTED_EDGE('',*,*,#3292,.T.);
#3294=EDGE_LOOP('',(#3287,#3289,#3291,#3293));
#3295=FACE_OUTER_BOUND('',#3294,.F.);
#3296=ADVANCED_FACE('',(#3295),#3285,.T.);
#3297=FILL_AREA_STYLE_COLOUR('',#14);
#3298=FILL_AREA_STYLE('',(#3297));
#3299=SURFACE_STYLE_FILL_AREA(#3298);
#3300=SURFACE_SIDE_STYLE('',(#3299));
#3301=SURFACE_STYLE_USAGE(.POSITIVE.,#3300);
#3302=PRESENTATION_STYLE_ASSIGNMENT((#3301));
#3303=STYLED_ITEM('',(#3302),#3296);
#3304=CARTESIAN_POINT('',(0.E0,1.65E1,0.E0));
#3305=DIRECTION('',(0.E0,1.E0,0.E0));
#3306=DIRECTION('',(1.E0,0.E0,0.E0));
#3307=AXIS2_PLACEMENT_3D('',#3304,#3305,#3306);
#3308=PLANE('',#3307);
#3310=ORIENTED_EDGE('',*,*,#3309,.F.);
#3312=ORIENTED_EDGE('',*,*,#3311,.F.);
#3314=ORIENTED_EDGE('',*,*,#3313,.F.);
#3316=ORIENTED_EDGE('',*,*,#3315,.F.);
#3317=EDGE_LOOP('',(#3310,#3312,#3314,#3316));
#3318=FACE_OUTER_BOUND('',#3317,.F.);
#3319=ADVANCED_FACE('',(#3318),#3308,.T.);
#3320=FILL_AREA_STYLE_COLOUR('',#14);
#3321=FILL_AREA_STYLE('',(#3320));
#3322=SURFACE_STYLE_FILL_AREA(#3321);
#3323=SURFACE_SIDE_STYLE('',(#3322));
#3324=SURFACE_STYLE_USAGE(.POSITIVE.,#3323);
#3325=PRESENTATION_STYLE_ASSIGNMENT((#3324));
#3326=STYLED_ITEM('',(#3325),#3319);
#3327=CARTESIAN_POINT('',(0.E0,1.65E1,0.E0));
#3328=DIRECTION('',(0.E0,1.E0,0.E0));
#3329=DIRECTION('',(1.E0,0.E0,0.E0));
#3330=AXIS2_PLACEMENT_3D('',#3327,#3328,#3329);
#3331=PLANE('',#3330);
#3332=ORIENTED_EDGE('',*,*,#3286,.F.);
#3334=ORIENTED_EDGE('',*,*,#3333,.F.);
#3336=ORIENTED_EDGE('',*,*,#3335,.F.);
#3338=ORIENTED_EDGE('',*,*,#3337,.F.);
#3339=EDGE_LOOP('',(#3332,#3334,#3336,#3338));
#3340=FACE_OUTER_BOUND('',#3339,.F.);
#3341=ADVANCED_FACE('',(#3340),#3331,.T.);
#3342=FILL_AREA_STYLE_COLOUR('',#14);
#3343=FILL_AREA_STYLE('',(#3342));
#3344=SURFACE_STYLE_FILL_AREA(#3343);
#3345=SURFACE_SIDE_STYLE('',(#3344));
#3346=SURFACE_STYLE_USAGE(.POSITIVE.,#3345);
#3347=PRESENTATION_STYLE_ASSIGNMENT((#3346));
#3348=STYLED_ITEM('',(#3347),#3341);
#3349=CARTESIAN_POINT('',(0.E0,1.65E1,0.E0));
#3350=DIRECTION('',(0.E0,1.E0,0.E0));
#3351=DIRECTION('',(1.E0,0.E0,0.E0));
#3352=AXIS2_PLACEMENT_3D('',#3349,#3350,#3351);
#3353=PLANE('',#3352);
#3355=ORIENTED_EDGE('',*,*,#3354,.F.);
#3357=ORIENTED_EDGE('',*,*,#3356,.F.);
#3359=ORIENTED_EDGE('',*,*,#3358,.F.);
#3361=ORIENTED_EDGE('',*,*,#3360,.F.);
#3362=EDGE_LOOP('',(#3355,#3357,#3359,#3361));
#3363=FACE_OUTER_BOUND('',#3362,.F.);
#3364=ADVANCED_FACE('',(#3363),#3353,.T.);
#3365=FILL_AREA_STYLE_COLOUR('',#14);
#3366=FILL_AREA_STYLE('',(#3365));
#3367=SURFACE_STYLE_FILL_AREA(#3366);
#3368=SURFACE_SIDE_STYLE('',(#3367));
#3369=SURFACE_STYLE_USAGE(.POSITIVE.,#3368);
#3370=PRESENTATION_STYLE_ASSIGNMENT((#3369));
#3371=STYLED_ITEM('',(#3370),#3364);
#3372=CARTESIAN_POINT('',(0.E0,1.65E1,0.E0));
#3373=DIRECTION('',(0.E0,1.E0,0.E0));
#3374=DIRECTION('',(1.E0,0.E0,0.E0));
#3375=AXIS2_PLACEMENT_3D('',#3372,#3373,#3374);
#3376=PLANE('',#3375);
#3378=ORIENTED_EDGE('',*,*,#3377,.F.);
#3380=ORIENTED_EDGE('',*,*,#3379,.F.);
#3382=ORIENTED_EDGE('',*,*,#3381,.F.);
#3384=ORIENTED_EDGE('',*,*,#3383,.F.);
#3385=EDGE_LOOP('',(#3378,#3380,#3382,#3384));
#3386=FACE_OUTER_BOUND('',#3385,.F.);
#3387=ADVANCED_FACE('',(#3386),#3376,.T.);
#3388=FILL_AREA_STYLE_COLOUR('',#14);
#3389=FILL_AREA_STYLE('',(#3388));
#3390=SURFACE_STYLE_FILL_AREA(#3389);
#3391=SURFACE_SIDE_STYLE('',(#3390));
#3392=SURFACE_STYLE_USAGE(.POSITIVE.,#3391);
#3393=PRESENTATION_STYLE_ASSIGNMENT((#3392));
#3394=STYLED_ITEM('',(#3393),#3387);
#3395=CARTESIAN_POINT('',(-1.7E0,1.58E1,-1.7E0));
#3396=DIRECTION('',(0.E0,1.E0,0.E0));
#3397=DIRECTION('',(1.E0,0.E0,0.E0));
#3398=AXIS2_PLACEMENT_3D('',#3395,#3396,#3397);
#3399=CYLINDRICAL_SURFACE('',#3398,7.5E-1);
#3400=ORIENTED_EDGE('',*,*,#3309,.T.);
#3402=ORIENTED_EDGE('',*,*,#3401,.F.);
#3404=ORIENTED_EDGE('',*,*,#3403,.F.);
#3406=ORIENTED_EDGE('',*,*,#3405,.T.);
#3407=EDGE_LOOP('',(#3400,#3402,#3404,#3406));
#3408=FACE_OUTER_BOUND('',#3407,.F.);
#3409=ADVANCED_FACE('',(#3408),#3399,.T.);
#3410=FILL_AREA_STYLE_COLOUR('',#14);
#3411=FILL_AREA_STYLE('',(#3410));
#3412=SURFACE_STYLE_FILL_AREA(#3411);
#3413=SURFACE_SIDE_STYLE('',(#3412));
#3414=SURFACE_STYLE_USAGE(.POSITIVE.,#3413);
#3415=PRESENTATION_STYLE_ASSIGNMENT((#3414));
#3416=STYLED_ITEM('',(#3415),#3409);
#3417=CARTESIAN_POINT('',(-1.7E0,1.58E1,-1.7E0));
#3418=DIRECTION('',(0.E0,1.E0,0.E0));
#3419=DIRECTION('',(1.E0,0.E0,0.E0));
#3420=AXIS2_PLACEMENT_3D('',#3417,#3418,#3419);
#3421=CYLINDRICAL_SURFACE('',#3420,7.5E-1);
#3423=ORIENTED_EDGE('',*,*,#3422,.T.);
#3425=ORIENTED_EDGE('',*,*,#3424,.T.);
#3427=ORIENTED_EDGE('',*,*,#3426,.F.);
#3428=ORIENTED_EDGE('',*,*,#3405,.F.);
#3430=ORIENTED_EDGE('',*,*,#3429,.F.);
#3431=ORIENTED_EDGE('',*,*,#3401,.T.);
#3432=EDGE_LOOP('',(#3423,#3425,#3427,#3428,#3430,#3431));
#3433=FACE_OUTER_BOUND('',#3432,.F.);
#3434=ADVANCED_FACE('',(#3433),#3421,.T.);
#3435=FILL_AREA_STYLE_COLOUR('',#14);
#3436=FILL_AREA_STYLE('',(#3435));
#3437=SURFACE_STYLE_FILL_AREA(#3436);
#3438=SURFACE_SIDE_STYLE('',(#3437));
#3439=SURFACE_STYLE_USAGE(.POSITIVE.,#3438);
#3440=PRESENTATION_STYLE_ASSIGNMENT((#3439));
#3441=STYLED_ITEM('',(#3440),#3434);
#3442=CARTESIAN_POINT('',(-2.45E0,1.95E1,-1.7E0));
#3443=DIRECTION('',(0.E0,0.E0,1.E0));
#3444=DIRECTION('',(1.E0,0.E0,0.E0));
#3445=AXIS2_PLACEMENT_3D('',#3442,#3443,#3444);
#3446=PLANE('',#3445);
#3448=ORIENTED_EDGE('',*,*,#3447,.F.);
#3449=ORIENTED_EDGE('',*,*,#3422,.F.);
#3450=ORIENTED_EDGE('',*,*,#3315,.T.);
#3452=ORIENTED_EDGE('',*,*,#3451,.F.);
#3453=EDGE_LOOP('',(#3448,#3449,#3450,#3452));
#3454=FACE_OUTER_BOUND('',#3453,.F.);
#3455=ADVANCED_FACE('',(#3454),#3446,.F.);
#3456=FILL_AREA_STYLE_COLOUR('',#14);
#3457=FILL_AREA_STYLE('',(#3456));
#3458=SURFACE_STYLE_FILL_AREA(#3457);
#3459=SURFACE_SIDE_STYLE('',(#3458));
#3460=SURFACE_STYLE_USAGE(.POSITIVE.,#3459);
#3461=PRESENTATION_STYLE_ASSIGNMENT((#3460));
#3462=STYLED_ITEM('',(#3461),#3455);
#3463=CARTESIAN_POINT('',(0.E0,1.95E1,0.E0));
#3464=DIRECTION('',(0.E0,-1.E0,0.E0));
#3465=DIRECTION('',(-1.E0,0.E0,0.E0));
#3466=AXIS2_PLACEMENT_3D('',#3463,#3464,#3465);
#3467=PLANE('',#3466);
#3469=ORIENTED_EDGE('',*,*,#3468,.T.);
#3471=ORIENTED_EDGE('',*,*,#3470,.T.);
#3473=ORIENTED_EDGE('',*,*,#3472,.F.);
#3475=ORIENTED_EDGE('',*,*,#3474,.F.);
#3476=EDGE_LOOP('',(#3469,#3471,#3473,#3475));
#3477=FACE_OUTER_BOUND('',#3476,.F.);
#3478=ADVANCED_FACE('',(#3477),#3467,.F.);
#3479=FILL_AREA_STYLE_COLOUR('',#14);
#3480=FILL_AREA_STYLE('',(#3479));
#3481=SURFACE_STYLE_FILL_AREA(#3480);
#3482=SURFACE_SIDE_STYLE('',(#3481));
#3483=SURFACE_STYLE_USAGE(.POSITIVE.,#3482);
#3484=PRESENTATION_STYLE_ASSIGNMENT((#3483));
#3485=STYLED_ITEM('',(#3484),#3478);
#3486=CARTESIAN_POINT('',(0.E0,1.95E1,0.E0));
#3487=DIRECTION('',(0.E0,-1.E0,0.E0));
#3488=DIRECTION('',(-1.E0,0.E0,0.E0));
#3489=AXIS2_PLACEMENT_3D('',#3486,#3487,#3488);
#3490=PLANE('',#3489);
#3492=ORIENTED_EDGE('',*,*,#3491,.T.);
#3494=ORIENTED_EDGE('',*,*,#3493,.T.);
#3496=ORIENTED_EDGE('',*,*,#3495,.T.);
#3498=ORIENTED_EDGE('',*,*,#3497,.F.);
#3499=EDGE_LOOP('',(#3492,#3494,#3496,#3498));
#3500=FACE_OUTER_BOUND('',#3499,.F.);
#3501=ADVANCED_FACE('',(#3500),#3490,.F.);
#3502=FILL_AREA_STYLE_COLOUR('',#14);
#3503=FILL_AREA_STYLE('',(#3502));
#3504=SURFACE_STYLE_FILL_AREA(#3503);
#3505=SURFACE_SIDE_STYLE('',(#3504));
#3506=SURFACE_STYLE_USAGE(.POSITIVE.,#3505);
#3507=PRESENTATION_STYLE_ASSIGNMENT((#3506));
#3508=STYLED_ITEM('',(#3507),#3501);
#3509=CARTESIAN_POINT('',(0.E0,1.95E1,0.E0));
#3510=DIRECTION('',(0.E0,-1.E0,0.E0));
#3511=DIRECTION('',(-1.E0,0.E0,0.E0));
#3512=AXIS2_PLACEMENT_3D('',#3509,#3510,#3511);
#3513=PLANE('',#3512);
#3514=ORIENTED_EDGE('',*,*,#3447,.T.);
#3516=ORIENTED_EDGE('',*,*,#3515,.T.);
#3518=ORIENTED_EDGE('',*,*,#3517,.T.);
#3519=ORIENTED_EDGE('',*,*,#3424,.F.);
#3520=EDGE_LOOP('',(#3514,#3516,#3518,#3519));
#3521=FACE_OUTER_BOUND('',#3520,.F.);
#3522=ADVANCED_FACE('',(#3521),#3513,.F.);
#3523=FILL_AREA_STYLE_COLOUR('',#14);
#3524=FILL_AREA_STYLE('',(#3523));
#3525=SURFACE_STYLE_FILL_AREA(#3524);
#3526=SURFACE_SIDE_STYLE('',(#3525));
#3527=SURFACE_STYLE_USAGE(.POSITIVE.,#3526);
#3528=PRESENTATION_STYLE_ASSIGNMENT((#3527));
#3529=STYLED_ITEM('',(#3528),#3522);
#3530=CARTESIAN_POINT('',(0.E0,1.95E1,0.E0));
#3531=DIRECTION('',(0.E0,-1.E0,0.E0));
#3532=DIRECTION('',(-1.E0,0.E0,0.E0));
#3533=AXIS2_PLACEMENT_3D('',#3530,#3531,#3532);
#3534=PLANE('',#3533);
#3536=ORIENTED_EDGE('',*,*,#3535,.T.);
#3538=ORIENTED_EDGE('',*,*,#3537,.T.);
#3540=ORIENTED_EDGE('',*,*,#3539,.T.);
#3542=ORIENTED_EDGE('',*,*,#3541,.F.);
#3543=EDGE_LOOP('',(#3536,#3538,#3540,#3542));
#3544=FACE_OUTER_BOUND('',#3543,.F.);
#3545=ADVANCED_FACE('',(#3544),#3534,.F.);
#3546=FILL_AREA_STYLE_COLOUR('',#14);
#3547=FILL_AREA_STYLE('',(#3546));
#3548=SURFACE_STYLE_FILL_AREA(#3547);
#3549=SURFACE_SIDE_STYLE('',(#3548));
#3550=SURFACE_STYLE_USAGE(.POSITIVE.,#3549);
#3551=PRESENTATION_STYLE_ASSIGNMENT((#3550));
#3552=STYLED_ITEM('',(#3551),#3545);
#3553=CARTESIAN_POINT('',(-9.5E-1,1.95E1,1.7E0));
#3554=DIRECTION('',(0.E0,0.E0,-1.E0));
#3555=DIRECTION('',(-1.E0,0.E0,0.E0));
#3556=AXIS2_PLACEMENT_3D('',#3553,#3554,#3555);
#3557=PLANE('',#3556);
#3558=ORIENTED_EDGE('',*,*,#3468,.F.);
#3560=ORIENTED_EDGE('',*,*,#3559,.F.);
#3561=ORIENTED_EDGE('',*,*,#3360,.T.);
#3563=ORIENTED_EDGE('',*,*,#3562,.F.);
#3564=EDGE_LOOP('',(#3558,#3560,#3561,#3563));
#3565=FACE_OUTER_BOUND('',#3564,.F.);
#3566=ADVANCED_FACE('',(#3565),#3557,.F.);
#3567=FILL_AREA_STYLE_COLOUR('',#14);
#3568=FILL_AREA_STYLE('',(#3567));
#3569=SURFACE_STYLE_FILL_AREA(#3568);
#3570=SURFACE_SIDE_STYLE('',(#3569));
#3571=SURFACE_STYLE_USAGE(.POSITIVE.,#3570);
#3572=PRESENTATION_STYLE_ASSIGNMENT((#3571));
#3573=STYLED_ITEM('',(#3572),#3566);
#3574=CARTESIAN_POINT('',(-1.7E0,1.58E1,1.7E0));
#3575=DIRECTION('',(0.E0,1.E0,0.E0));
#3576=DIRECTION('',(1.E0,0.E0,0.E0));
#3577=AXIS2_PLACEMENT_3D('',#3574,#3575,#3576);
#3578=CYLINDRICAL_SURFACE('',#3577,7.5E-1);
#3579=ORIENTED_EDGE('',*,*,#3559,.T.);
#3580=ORIENTED_EDGE('',*,*,#3474,.T.);
#3582=ORIENTED_EDGE('',*,*,#3581,.F.);
#3584=ORIENTED_EDGE('',*,*,#3583,.F.);
#3586=ORIENTED_EDGE('',*,*,#3585,.F.);
#3588=ORIENTED_EDGE('',*,*,#3587,.T.);
#3589=EDGE_LOOP('',(#3579,#3580,#3582,#3584,#3586,#3588));
#3590=FACE_OUTER_BOUND('',#3589,.F.);
#3591=ADVANCED_FACE('',(#3590),#3578,.T.);
#3592=FILL_AREA_STYLE_COLOUR('',#14);
#3593=FILL_AREA_STYLE('',(#3592));
#3594=SURFACE_STYLE_FILL_AREA(#3593);
#3595=SURFACE_SIDE_STYLE('',(#3594));
#3596=SURFACE_STYLE_USAGE(.POSITIVE.,#3595);
#3597=PRESENTATION_STYLE_ASSIGNMENT((#3596));
#3598=STYLED_ITEM('',(#3597),#3591);
#3599=CARTESIAN_POINT('',(-2.275E0,1.95E1,1.7E0));
#3600=DIRECTION('',(0.E0,0.E0,-1.E0));
#3601=DIRECTION('',(-1.E0,0.E0,0.E0));
#3602=AXIS2_PLACEMENT_3D('',#3599,#3600,#3601);
#3603=PLANE('',#3602);
#3604=ORIENTED_EDGE('',*,*,#3472,.T.);
#3606=ORIENTED_EDGE('',*,*,#3605,.T.);
#3607=ORIENTED_EDGE('',*,*,#3356,.T.);
#3608=ORIENTED_EDGE('',*,*,#3581,.T.);
#3609=EDGE_LOOP('',(#3604,#3606,#3607,#3608));
#3610=FACE_OUTER_BOUND('',#3609,.F.);
#3611=ADVANCED_FACE('',(#3610),#3603,.F.);
#3612=FILL_AREA_STYLE_COLOUR('',#14);
#3613=FILL_AREA_STYLE('',(#3612));
#3614=SURFACE_STYLE_FILL_AREA(#3613);
#3615=SURFACE_SIDE_STYLE('',(#3614));
#3616=SURFACE_STYLE_USAGE(.POSITIVE.,#3615);
#3617=PRESENTATION_STYLE_ASSIGNMENT((#3616));
#3618=STYLED_ITEM('',(#3617),#3611);
#3619=CARTESIAN_POINT('',(-1.7E0,1.95E1,1.7E0));
#3620=DIRECTION('',(0.E0,1.E0,0.E0));
#3621=DIRECTION('',(1.E0,0.E0,0.E0));
#3622=AXIS2_PLACEMENT_3D('',#3619,#3620,#3621);
#3623=CYLINDRICAL_SURFACE('',#3622,5.75E-1);
#3624=ORIENTED_EDGE('',*,*,#3470,.F.);
#3625=ORIENTED_EDGE('',*,*,#3562,.T.);
#3626=ORIENTED_EDGE('',*,*,#3358,.T.);
#3627=ORIENTED_EDGE('',*,*,#3605,.F.);
#3628=EDGE_LOOP('',(#3624,#3625,#3626,#3627));
#3629=FACE_OUTER_BOUND('',#3628,.F.);
#3630=ADVANCED_FACE('',(#3629),#3623,.F.);
#3631=FILL_AREA_STYLE_COLOUR('',#14);
#3632=FILL_AREA_STYLE('',(#3631));
#3633=SURFACE_STYLE_FILL_AREA(#3632);
#3634=SURFACE_SIDE_STYLE('',(#3633));
#3635=SURFACE_STYLE_USAGE(.POSITIVE.,#3634);
#3636=PRESENTATION_STYLE_ASSIGNMENT((#3635));
#3637=STYLED_ITEM('',(#3636),#3630);
#3638=CARTESIAN_POINT('',(-1.7E0,1.58E1,1.7E0));
#3639=DIRECTION('',(0.E0,1.E0,0.E0));
#3640=DIRECTION('',(1.E0,0.E0,0.E0));
#3641=AXIS2_PLACEMENT_3D('',#3638,#3639,#3640);
#3642=CYLINDRICAL_SURFACE('',#3641,7.5E-1);
#3643=ORIENTED_EDGE('',*,*,#3354,.T.);
#3644=ORIENTED_EDGE('',*,*,#3587,.F.);
#3646=ORIENTED_EDGE('',*,*,#3645,.F.);
#3647=ORIENTED_EDGE('',*,*,#3583,.T.);
#3648=EDGE_LOOP('',(#3643,#3644,#3646,#3647));
#3649=FACE_OUTER_BOUND('',#3648,.F.);
#3650=ADVANCED_FACE('',(#3649),#3642,.T.);
#3651=FILL_AREA_STYLE_COLOUR('',#14);
#3652=FILL_AREA_STYLE('',(#3651));
#3653=SURFACE_STYLE_FILL_AREA(#3652);
#3654=SURFACE_SIDE_STYLE('',(#3653));
#3655=SURFACE_STYLE_USAGE(.POSITIVE.,#3654);
#3656=PRESENTATION_STYLE_ASSIGNMENT((#3655));
#3657=STYLED_ITEM('',(#3656),#3650);
#3658=CARTESIAN_POINT('',(0.E0,1.58E1,0.E0));
#3659=DIRECTION('',(0.E0,-1.E0,0.E0));
#3660=DIRECTION('',(-1.E0,0.E0,0.E0));
#3661=AXIS2_PLACEMENT_3D('',#3658,#3659,#3660);
#3662=PLANE('',#3661);
#3664=ORIENTED_EDGE('',*,*,#3663,.F.);
#3666=ORIENTED_EDGE('',*,*,#3665,.F.);
#3667=EDGE_LOOP('',(#3664,#3666));
#3668=FACE_OUTER_BOUND('',#3667,.F.);
#3669=ORIENTED_EDGE('',*,*,#3403,.T.);
#3670=ORIENTED_EDGE('',*,*,#3429,.T.);
#3671=EDGE_LOOP('',(#3669,#3670));
#3672=FACE_BOUND('',#3671,.F.);
#3673=ORIENTED_EDGE('',*,*,#3290,.T.);
#3675=ORIENTED_EDGE('',*,*,#3674,.T.);
#3676=EDGE_LOOP('',(#3673,#3675));
#3677=FACE_BOUND('',#3676,.F.);
#3678=ORIENTED_EDGE('',*,*,#3585,.T.);
#3679=ORIENTED_EDGE('',*,*,#3645,.T.);
#3680=EDGE_LOOP('',(#3678,#3679));
#3681=FACE_BOUND('',#3680,.F.);
#3683=ORIENTED_EDGE('',*,*,#3682,.T.);
#3685=ORIENTED_EDGE('',*,*,#3684,.T.);
#3686=EDGE_LOOP('',(#3683,#3685));
#3687=FACE_BOUND('',#3686,.F.);
#3688=ADVANCED_FACE('',(#3668,#3672,#3677,#3681,#3687),#3662,.F.);
#3689=FILL_AREA_STYLE_COLOUR('',#1);
#3690=FILL_AREA_STYLE('',(#3689));
#3691=SURFACE_STYLE_FILL_AREA(#3690);
#3692=SURFACE_SIDE_STYLE('',(#3691));
#3693=SURFACE_STYLE_USAGE(.POSITIVE.,#3692);
#3694=PRESENTATION_STYLE_ASSIGNMENT((#3693));
#3695=STYLED_ITEM('',(#3694),#3688);
#3696=CARTESIAN_POINT('',(0.E0,1.558127669801E1,0.E0));
#3697=DIRECTION('',(0.E0,-1.E0,0.E0));
#3698=DIRECTION('',(0.E0,0.E0,-1.E0));
#3699=AXIS2_PLACEMENT_3D('',#3696,#3697,#3698);
#3700=CONICAL_SURFACE('',#3699,4.571078970733E0,5.948383032303E1);
#3701=ORIENTED_EDGE('',*,*,#3663,.T.);
#3703=ORIENTED_EDGE('',*,*,#3702,.T.);
#3705=ORIENTED_EDGE('',*,*,#3704,.F.);
#3707=ORIENTED_EDGE('',*,*,#3706,.F.);
#3708=EDGE_LOOP('',(#3701,#3703,#3705,#3707));
#3709=FACE_OUTER_BOUND('',#3708,.F.);
#3710=ADVANCED_FACE('',(#3709),#3700,.T.);
#3711=CARTESIAN_POINT('',(0.E0,1.558127669801E1,0.E0));
#3712=DIRECTION('',(0.E0,-1.E0,0.E0));
#3713=DIRECTION('',(0.E0,0.E0,-1.E0));
#3714=AXIS2_PLACEMENT_3D('',#3711,#3712,#3713);
#3715=CONICAL_SURFACE('',#3714,4.571078970733E0,5.948383032303E1);
#3716=ORIENTED_EDGE('',*,*,#3665,.T.);
#3717=ORIENTED_EDGE('',*,*,#3706,.T.);
#3719=ORIENTED_EDGE('',*,*,#3718,.F.);
#3720=ORIENTED_EDGE('',*,*,#3702,.F.);
#3721=EDGE_LOOP('',(#3716,#3717,#3719,#3720));
#3722=FACE_OUTER_BOUND('',#3721,.F.);
#3723=ADVANCED_FACE('',(#3722),#3715,.T.);
#3724=CARTESIAN_POINT('',(0.E0,1.418127669799E1,0.E0));
#3725=DIRECTION('',(0.E0,-1.E0,0.E0));
#3726=DIRECTION('',(-1.E0,0.E0,0.E0));
#3727=AXIS2_PLACEMENT_3D('',#3724,#3725,#3726);
#3728=CONICAL_SURFACE('',#3727,5.596078970754E0,2.896766064606E1);
#3729=ORIENTED_EDGE('',*,*,#3718,.T.);
#3731=ORIENTED_EDGE('',*,*,#3730,.F.);
#3733=ORIENTED_EDGE('',*,*,#3732,.T.);
#3735=ORIENTED_EDGE('',*,*,#3734,.T.);
#3736=EDGE_LOOP('',(#3729,#3731,#3733,#3735));
#3737=FACE_OUTER_BOUND('',#3736,.F.);
#3738=ADVANCED_FACE('',(#3737),#3728,.T.);
#3739=CARTESIAN_POINT('',(0.E0,1.418127669799E1,0.E0));
#3740=DIRECTION('',(0.E0,-1.E0,0.E0));
#3741=DIRECTION('',(-1.E0,0.E0,0.E0));
#3742=AXIS2_PLACEMENT_3D('',#3739,#3740,#3741);
#3743=CONICAL_SURFACE('',#3742,5.596078970754E0,2.896766064606E1);
#3744=ORIENTED_EDGE('',*,*,#3704,.T.);
#3745=ORIENTED_EDGE('',*,*,#3734,.F.);
#3747=ORIENTED_EDGE('',*,*,#3746,.T.);
#3748=ORIENTED_EDGE('',*,*,#3730,.T.);
#3749=EDGE_LOOP('',(#3744,#3745,#3747,#3748));
#3750=FACE_OUTER_BOUND('',#3749,.F.);
#3751=ADVANCED_FACE('',(#3750),#3743,.T.);
#3752=CARTESIAN_POINT('',(0.E0,1.3E1,0.E0));
#3753=DIRECTION('',(0.E0,1.E0,0.E0));
#3754=DIRECTION('',(1.E0,0.E0,0.E0));
#3755=AXIS2_PLACEMENT_3D('',#3752,#3753,#3754);
#3756=PLANE('',#3755);
#3758=ORIENTED_EDGE('',*,*,#3757,.F.);
#3760=ORIENTED_EDGE('',*,*,#3759,.F.);
#3761=EDGE_LOOP('',(#3758,#3760));
#3762=FACE_OUTER_BOUND('',#3761,.F.);
#3763=ORIENTED_EDGE('',*,*,#3732,.F.);
#3764=ORIENTED_EDGE('',*,*,#3746,.F.);
#3765=EDGE_LOOP('',(#3763,#3764));
#3766=FACE_BOUND('',#3765,.F.);
#3767=ADVANCED_FACE('',(#3762,#3766),#3756,.T.);
#3768=CARTESIAN_POINT('',(0.E0,1.15E1,0.E0));
#3769=DIRECTION('',(0.E0,1.E0,0.E0));
#3770=DIRECTION('',(1.E0,0.E0,0.E0));
#3771=AXIS2_PLACEMENT_3D('',#3768,#3769,#3770);
#3772=CYLINDRICAL_SURFACE('',#3771,7.5E0);
#3774=ORIENTED_EDGE('',*,*,#3773,.F.);
#3776=ORIENTED_EDGE('',*,*,#3775,.T.);
#3777=ORIENTED_EDGE('',*,*,#3757,.T.);
#3779=ORIENTED_EDGE('',*,*,#3778,.F.);
#3780=EDGE_LOOP('',(#3774,#3776,#3777,#3779));
#3781=FACE_OUTER_BOUND('',#3780,.F.);
#3782=ADVANCED_FACE('',(#3781),#3772,.T.);
#3783=CARTESIAN_POINT('',(0.E0,1.15E1,0.E0));
#3784=DIRECTION('',(0.E0,1.E0,0.E0));
#3785=DIRECTION('',(1.E0,0.E0,0.E0));
#3786=AXIS2_PLACEMENT_3D('',#3783,#3784,#3785);
#3787=PLANE('',#3786);
#3789=ORIENTED_EDGE('',*,*,#3788,.F.);
#3791=ORIENTED_EDGE('',*,*,#3790,.F.);
#3792=EDGE_LOOP('',(#3789,#3791));
#3793=FACE_OUTER_BOUND('',#3792,.F.);
#3794=ORIENTED_EDGE('',*,*,#3773,.T.);
#3796=ORIENTED_EDGE('',*,*,#3795,.T.);
#3797=EDGE_LOOP('',(#3794,#3796));
#3798=FACE_BOUND('',#3797,.F.);
#3799=ADVANCED_FACE('',(#3793,#3798),#3787,.T.);
#3800=CARTESIAN_POINT('',(0.E0,1.15E1,0.E0));
#3801=DIRECTION('',(0.E0,1.E0,0.E0));
#3802=DIRECTION('',(1.E0,0.E0,0.E0));
#3803=AXIS2_PLACEMENT_3D('',#3800,#3801,#3802);
#3804=CYLINDRICAL_SURFACE('',#3803,7.5E0);
#3805=ORIENTED_EDGE('',*,*,#3795,.F.);
#3806=ORIENTED_EDGE('',*,*,#3778,.T.);
#3807=ORIENTED_EDGE('',*,*,#3759,.T.);
#3808=ORIENTED_EDGE('',*,*,#3775,.F.);
#3809=EDGE_LOOP('',(#3805,#3806,#3807,#3808));
#3810=FACE_OUTER_BOUND('',#3809,.F.);
#3811=ADVANCED_FACE('',(#3810),#3804,.T.);
#3812=CARTESIAN_POINT('',(0.E0,1.140000000005E1,0.E0));
#3813=DIRECTION('',(0.E0,-1.E0,0.E0));
#3814=DIRECTION('',(0.E0,0.E0,-1.E0));
#3815=AXIS2_PLACEMENT_3D('',#3812,#3813,#3814);
#3816=CONICAL_SURFACE('',#3815,7.899999999954E0,4.5E1);
#3817=ORIENTED_EDGE('',*,*,#3788,.T.);
#3819=ORIENTED_EDGE('',*,*,#3818,.T.);
#3821=ORIENTED_EDGE('',*,*,#3820,.F.);
#3823=ORIENTED_EDGE('',*,*,#3822,.F.);
#3824=EDGE_LOOP('',(#3817,#3819,#3821,#3823));
#3825=FACE_OUTER_BOUND('',#3824,.F.);
#3826=ADVANCED_FACE('',(#3825),#3816,.T.);
#3827=CARTESIAN_POINT('',(0.E0,1.140000000005E1,-3.820898013340E-14));
#3828=DIRECTION('',(0.E0,-1.E0,0.E0));
#3829=DIRECTION('',(0.E0,0.E0,-1.E0));
#3830=AXIS2_PLACEMENT_3D('',#3827,#3828,#3829);
#3831=CONICAL_SURFACE('',#3830,7.899999999954E0,4.5E1);
#3832=ORIENTED_EDGE('',*,*,#3790,.T.);
#3833=ORIENTED_EDGE('',*,*,#3822,.T.);
#3835=ORIENTED_EDGE('',*,*,#3834,.F.);
#3836=ORIENTED_EDGE('',*,*,#3818,.F.);
#3837=EDGE_LOOP('',(#3832,#3833,#3835,#3836));
#3838=FACE_OUTER_BOUND('',#3837,.F.);
#3839=ADVANCED_FACE('',(#3838),#3831,.T.);
#3840=CARTESIAN_POINT('',(0.E0,1.E1,0.E0));
#3841=DIRECTION('',(0.E0,1.E0,0.E0));
#3842=DIRECTION('',(1.E0,0.E0,0.E0));
#3843=AXIS2_PLACEMENT_3D('',#3840,#3841,#3842);
#3844=CYLINDRICAL_SURFACE('',#3843,8.E0);
#3845=ORIENTED_EDGE('',*,*,#3834,.T.);
#3847=ORIENTED_EDGE('',*,*,#3846,.F.);
#3849=ORIENTED_EDGE('',*,*,#3848,.T.);
#3851=ORIENTED_EDGE('',*,*,#3850,.T.);
#3852=EDGE_LOOP('',(#3845,#3847,#3849,#3851));
#3853=FACE_OUTER_BOUND('',#3852,.F.);
#3854=ADVANCED_FACE('',(#3853),#3844,.T.);
#3855=CARTESIAN_POINT('',(0.E0,1.E1,0.E0));
#3856=DIRECTION('',(0.E0,1.E0,0.E0));
#3857=DIRECTION('',(1.E0,0.E0,0.E0));
#3858=AXIS2_PLACEMENT_3D('',#3855,#3856,#3857);
#3859=CYLINDRICAL_SURFACE('',#3858,8.E0);
#3860=ORIENTED_EDGE('',*,*,#3820,.T.);
#3861=ORIENTED_EDGE('',*,*,#3850,.F.);
#3863=ORIENTED_EDGE('',*,*,#3862,.T.);
#3864=ORIENTED_EDGE('',*,*,#3846,.T.);
#3865=EDGE_LOOP('',(#3860,#3861,#3863,#3864));
#3866=FACE_OUTER_BOUND('',#3865,.F.);
#3867=ADVANCED_FACE('',(#3866),#3859,.T.);
#3868=CARTESIAN_POINT('',(0.E0,1.009999999995E1,0.E0));
#3869=DIRECTION('',(0.E0,1.E0,0.E0));
#3870=DIRECTION('',(0.E0,0.E0,-1.E0));
#3871=AXIS2_PLACEMENT_3D('',#3868,#3869,#3870);
#3872=CONICAL_SURFACE('',#3871,7.899999999954E0,4.5E1);
#3874=ORIENTED_EDGE('',*,*,#3873,.T.);
#3876=ORIENTED_EDGE('',*,*,#3875,.T.);
#3877=ORIENTED_EDGE('',*,*,#3862,.F.);
#3879=ORIENTED_EDGE('',*,*,#3878,.F.);
#3880=EDGE_LOOP('',(#3874,#3876,#3877,#3879));
#3881=FACE_OUTER_BOUND('',#3880,.F.);
#3882=ADVANCED_FACE('',(#3881),#3872,.T.);
#3883=CARTESIAN_POINT('',(0.E0,1.E1,0.E0));
#3884=DIRECTION('',(0.E0,1.E0,0.E0));
#3885=DIRECTION('',(1.E0,0.E0,0.E0));
#3886=AXIS2_PLACEMENT_3D('',#3883,#3884,#3885);
#3887=PLANE('',#3886);
#3888=ORIENTED_EDGE('',*,*,#3873,.F.);
#3890=ORIENTED_EDGE('',*,*,#3889,.F.);
#3891=EDGE_LOOP('',(#3888,#3890));
#3892=FACE_OUTER_BOUND('',#3891,.F.);
#3894=ORIENTED_EDGE('',*,*,#3893,.F.);
#3896=ORIENTED_EDGE('',*,*,#3895,.F.);
#3898=ORIENTED_EDGE('',*,*,#3897,.T.);
#3900=ORIENTED_EDGE('',*,*,#3899,.T.);
#3901=EDGE_LOOP('',(#3894,#3896,#3898,#3900));
#3902=FACE_BOUND('',#3901,.F.);
#3903=ADVANCED_FACE('',(#3892,#3902),#3887,.F.);
#3904=CARTESIAN_POINT('',(0.E0,1.009999999995E1,-3.820898013340E-14));
#3905=DIRECTION('',(0.E0,1.E0,0.E0));
#3906=DIRECTION('',(0.E0,0.E0,-1.E0));
#3907=AXIS2_PLACEMENT_3D('',#3904,#3905,#3906);
#3908=CONICAL_SURFACE('',#3907,7.899999999954E0,4.5E1);
#3909=ORIENTED_EDGE('',*,*,#3889,.T.);
#3910=ORIENTED_EDGE('',*,*,#3878,.T.);
#3911=ORIENTED_EDGE('',*,*,#3848,.F.);
#3912=ORIENTED_EDGE('',*,*,#3875,.F.);
#3913=EDGE_LOOP('',(#3909,#3910,#3911,#3912));
#3914=FACE_OUTER_BOUND('',#3913,.F.);
#3915=ADVANCED_FACE('',(#3914),#3908,.T.);
#3916=CARTESIAN_POINT('',(0.E0,0.E0,0.E0));
#3917=DIRECTION('',(0.E0,1.E0,0.E0));
#3918=DIRECTION('',(1.E0,0.E0,0.E0));
#3919=AXIS2_PLACEMENT_3D('',#3916,#3917,#3918);
#3920=CYLINDRICAL_SURFACE('',#3919,6.325E0);
#3922=ORIENTED_EDGE('',*,*,#3921,.T.);
#3924=ORIENTED_EDGE('',*,*,#3923,.F.);
#3926=ORIENTED_EDGE('',*,*,#3925,.F.);
#3928=ORIENTED_EDGE('',*,*,#3927,.F.);
#3929=EDGE_LOOP('',(#3922,#3924,#3926,#3928));
#3930=FACE_OUTER_BOUND('',#3929,.F.);
#3931=ADVANCED_FACE('',(#3930),#3920,.T.);
#3932=CARTESIAN_POINT('',(0.E0,0.E0,0.E0));
#3933=DIRECTION('',(0.E0,1.E0,0.E0));
#3934=DIRECTION('',(1.E0,0.E0,0.E0));
#3935=AXIS2_PLACEMENT_3D('',#3932,#3933,#3934);
#3936=CYLINDRICAL_SURFACE('',#3935,6.325E0);
#3938=ORIENTED_EDGE('',*,*,#3937,.T.);
#3940=ORIENTED_EDGE('',*,*,#3939,.F.);
#3942=ORIENTED_EDGE('',*,*,#3941,.F.);
#3944=ORIENTED_EDGE('',*,*,#3943,.F.);
#3945=EDGE_LOOP('',(#3938,#3940,#3942,#3944));
#3946=FACE_OUTER_BOUND('',#3945,.F.);
#3947=ADVANCED_FACE('',(#3946),#3936,.T.);
#3948=CARTESIAN_POINT('',(0.E0,0.E0,0.E0));
#3949=DIRECTION('',(0.E0,1.E0,0.E0));
#3950=DIRECTION('',(1.E0,0.E0,0.E0));
#3951=AXIS2_PLACEMENT_3D('',#3948,#3949,#3950);
#3952=CYLINDRICAL_SURFACE('',#3951,6.325E0);
#3954=ORIENTED_EDGE('',*,*,#3953,.T.);
#3956=ORIENTED_EDGE('',*,*,#3955,.F.);
#3958=ORIENTED_EDGE('',*,*,#3957,.F.);
#3960=ORIENTED_EDGE('',*,*,#3959,.F.);
#3962=ORIENTED_EDGE('',*,*,#3961,.F.);
#3963=EDGE_LOOP('',(#3954,#3956,#3958,#3960,#3962));
#3964=FACE_OUTER_BOUND('',#3963,.F.);
#3965=ADVANCED_FACE('',(#3964),#3952,.T.);
#3966=CARTESIAN_POINT('',(0.E0,0.E0,0.E0));
#3967=DIRECTION('',(0.E0,1.E0,0.E0));
#3968=DIRECTION('',(1.E0,0.E0,0.E0));
#3969=AXIS2_PLACEMENT_3D('',#3966,#3967,#3968);
#3970=CYLINDRICAL_SURFACE('',#3969,6.325E0);
#3972=ORIENTED_EDGE('',*,*,#3971,.T.);
#3974=ORIENTED_EDGE('',*,*,#3973,.F.);
#3976=ORIENTED_EDGE('',*,*,#3975,.F.);
#3978=ORIENTED_EDGE('',*,*,#3977,.F.);
#3980=ORIENTED_EDGE('',*,*,#3979,.F.);
#3981=EDGE_LOOP('',(#3972,#3974,#3976,#3978,#3980));
#3982=FACE_OUTER_BOUND('',#3981,.F.);
#3983=ADVANCED_FACE('',(#3982),#3970,.T.);
#3984=CARTESIAN_POINT('',(0.E0,0.E0,0.E0));
#3985=DIRECTION('',(0.E0,1.E0,0.E0));
#3986=DIRECTION('',(1.E0,0.E0,0.E0));
#3987=AXIS2_PLACEMENT_3D('',#3984,#3985,#3986);
#3988=CYLINDRICAL_SURFACE('',#3987,6.325E0);
#3990=ORIENTED_EDGE('',*,*,#3989,.T.);
#3992=ORIENTED_EDGE('',*,*,#3991,.F.);
#3994=ORIENTED_EDGE('',*,*,#3993,.F.);
#3996=ORIENTED_EDGE('',*,*,#3995,.F.);
#3997=EDGE_LOOP('',(#3990,#3992,#3994,#3996));
#3998=FACE_OUTER_BOUND('',#3997,.F.);
#3999=ADVANCED_FACE('',(#3998),#3988,.T.);
#4000=CARTESIAN_POINT('',(0.E0,0.E0,0.E0));
#4001=DIRECTION('',(0.E0,1.E0,0.E0));
#4002=DIRECTION('',(1.E0,0.E0,0.E0));
#4003=AXIS2_PLACEMENT_3D('',#4000,#4001,#4002);
#4004=CYLINDRICAL_SURFACE('',#4003,6.325E0);
#4006=ORIENTED_EDGE('',*,*,#4005,.T.);
#4008=ORIENTED_EDGE('',*,*,#4007,.F.);
#4010=ORIENTED_EDGE('',*,*,#4009,.F.);
#4012=ORIENTED_EDGE('',*,*,#4011,.F.);
#4013=EDGE_LOOP('',(#4006,#4008,#4010,#4012));
#4014=FACE_OUTER_BOUND('',#4013,.F.);
#4015=ADVANCED_FACE('',(#4014),#4004,.T.);
#4016=CARTESIAN_POINT('',(0.E0,0.E0,0.E0));
#4017=DIRECTION('',(0.E0,1.E0,0.E0));
#4018=DIRECTION('',(1.E0,0.E0,0.E0));
#4019=AXIS2_PLACEMENT_3D('',#4016,#4017,#4018);
#4020=CYLINDRICAL_SURFACE('',#4019,6.325E0);
#4022=ORIENTED_EDGE('',*,*,#4021,.T.);
#4024=ORIENTED_EDGE('',*,*,#4023,.F.);
#4026=ORIENTED_EDGE('',*,*,#4025,.F.);
#4028=ORIENTED_EDGE('',*,*,#4027,.F.);
#4029=EDGE_LOOP('',(#4022,#4024,#4026,#4028));
#4030=FACE_OUTER_BOUND('',#4029,.F.);
#4031=ADVANCED_FACE('',(#4030),#4020,.T.);
#4032=CARTESIAN_POINT('',(0.E0,0.E0,0.E0));
#4033=DIRECTION('',(0.E0,1.E0,0.E0));
#4034=DIRECTION('',(1.E0,0.E0,0.E0));
#4035=AXIS2_PLACEMENT_3D('',#4032,#4033,#4034);
#4036=CYLINDRICAL_SURFACE('',#4035,6.325E0);
#4038=ORIENTED_EDGE('',*,*,#4037,.T.);
#4040=ORIENTED_EDGE('',*,*,#4039,.F.);
#4042=ORIENTED_EDGE('',*,*,#4041,.F.);
#4044=ORIENTED_EDGE('',*,*,#4043,.F.);
#4045=EDGE_LOOP('',(#4038,#4040,#4042,#4044));
#4046=FACE_OUTER_BOUND('',#4045,.F.);
#4047=ADVANCED_FACE('',(#4046),#4036,.T.);
#4048=CARTESIAN_POINT('',(0.E0,0.E0,0.E0));
#4049=DIRECTION('',(0.E0,1.E0,0.E0));
#4050=DIRECTION('',(1.E0,0.E0,0.E0));
#4051=AXIS2_PLACEMENT_3D('',#4048,#4049,#4050);
#4052=CYLINDRICAL_SURFACE('',#4051,6.325E0);
#4054=ORIENTED_EDGE('',*,*,#4053,.T.);
#4056=ORIENTED_EDGE('',*,*,#4055,.F.);
#4058=ORIENTED_EDGE('',*,*,#4057,.F.);
#4060=ORIENTED_EDGE('',*,*,#4059,.F.);
#4061=EDGE_LOOP('',(#4054,#4056,#4058,#4060));
#4062=FACE_OUTER_BOUND('',#4061,.F.);
#4063=ADVANCED_FACE('',(#4062),#4052,.T.);
#4064=CARTESIAN_POINT('',(0.E0,0.E0,0.E0));
#4065=DIRECTION('',(0.E0,1.E0,0.E0));
#4066=DIRECTION('',(1.E0,0.E0,0.E0));
#4067=AXIS2_PLACEMENT_3D('',#4064,#4065,#4066);
#4068=CYLINDRICAL_SURFACE('',#4067,6.325E0);
#4070=ORIENTED_EDGE('',*,*,#4069,.T.);
#4072=ORIENTED_EDGE('',*,*,#4071,.F.);
#4074=ORIENTED_EDGE('',*,*,#4073,.F.);
#4076=ORIENTED_EDGE('',*,*,#4075,.T.);
#4077=EDGE_LOOP('',(#4070,#4072,#4074,#4076));
#4078=FACE_OUTER_BOUND('',#4077,.F.);
#4079=ADVANCED_FACE('',(#4078),#4068,.T.);
#4080=CARTESIAN_POINT('',(0.E0,0.E0,0.E0));
#4081=DIRECTION('',(0.E0,1.E0,0.E0));
#4082=DIRECTION('',(1.E0,0.E0,0.E0));
#4083=AXIS2_PLACEMENT_3D('',#4080,#4081,#4082);
#4084=CYLINDRICAL_SURFACE('',#4083,6.325E0);
#4086=ORIENTED_EDGE('',*,*,#4085,.T.);
#4087=ORIENTED_EDGE('',*,*,#3893,.T.);
#4089=ORIENTED_EDGE('',*,*,#4088,.T.);
#4090=EDGE_LOOP('',(#4086,#4087,#4089));
#4091=FACE_OUTER_BOUND('',#4090,.F.);
#4092=ADVANCED_FACE('',(#4091),#4084,.T.);
#4093=CARTESIAN_POINT('',(-5.75E0,0.E0,-1.014712491677E1));
#4094=DIRECTION('',(1.E0,0.E0,0.E0));
#4095=DIRECTION('',(0.E0,0.E0,1.E0));
#4096=AXIS2_PLACEMENT_3D('',#4093,#4094,#4095);
#4097=PLANE('',#4096);
#4099=ORIENTED_EDGE('',*,*,#4098,.T.);
#4101=ORIENTED_EDGE('',*,*,#4100,.T.);
#4102=ORIENTED_EDGE('',*,*,#3921,.F.);
#4104=ORIENTED_EDGE('',*,*,#4103,.T.);
#4105=EDGE_LOOP('',(#4099,#4101,#4102,#4104));
#4106=FACE_OUTER_BOUND('',#4105,.F.);
#4107=ADVANCED_FACE('',(#4106),#4097,.F.);
#4108=CARTESIAN_POINT('',(-5.75E0,0.E0,-1.014712491677E1));
#4109=DIRECTION('',(1.E0,0.E0,0.E0));
#4110=DIRECTION('',(0.E0,0.E0,1.E0));
#4111=AXIS2_PLACEMENT_3D('',#4108,#4109,#4110);
#4112=PLANE('',#4111);
#4114=ORIENTED_EDGE('',*,*,#4113,.T.);
#4116=ORIENTED_EDGE('',*,*,#4115,.T.);
#4117=ORIENTED_EDGE('',*,*,#3937,.F.);
#4119=ORIENTED_EDGE('',*,*,#4118,.T.);
#4120=EDGE_LOOP('',(#4114,#4116,#4117,#4119));
#4121=FACE_OUTER_BOUND('',#4120,.F.);
#4122=ADVANCED_FACE('',(#4121),#4112,.F.);
#4123=CARTESIAN_POINT('',(-5.75E0,0.E0,-1.014712491677E1));
#4124=DIRECTION('',(1.E0,0.E0,0.E0));
#4125=DIRECTION('',(0.E0,0.E0,1.E0));
#4126=AXIS2_PLACEMENT_3D('',#4123,#4124,#4125);
#4127=PLANE('',#4126);
#4129=ORIENTED_EDGE('',*,*,#4128,.T.);
#4131=ORIENTED_EDGE('',*,*,#4130,.T.);
#4132=ORIENTED_EDGE('',*,*,#3953,.F.);
#4134=ORIENTED_EDGE('',*,*,#4133,.T.);
#4135=EDGE_LOOP('',(#4129,#4131,#4132,#4134));
#4136=FACE_OUTER_BOUND('',#4135,.F.);
#4137=ADVANCED_FACE('',(#4136),#4127,.F.);
#4138=CARTESIAN_POINT('',(-5.75E0,0.E0,-1.014712491677E1));
#4139=DIRECTION('',(1.E0,0.E0,0.E0));
#4140=DIRECTION('',(0.E0,0.E0,1.E0));
#4141=AXIS2_PLACEMENT_3D('',#4138,#4139,#4140);
#4142=PLANE('',#4141);
#4144=ORIENTED_EDGE('',*,*,#4143,.T.);
#4146=ORIENTED_EDGE('',*,*,#4145,.T.);
#4147=ORIENTED_EDGE('',*,*,#3971,.F.);
#4149=ORIENTED_EDGE('',*,*,#4148,.T.);
#4150=EDGE_LOOP('',(#4144,#4146,#4147,#4149));
#4151=FACE_OUTER_BOUND('',#4150,.F.);
#4152=ADVANCED_FACE('',(#4151),#4142,.F.);
#4153=CARTESIAN_POINT('',(-5.75E0,0.E0,-1.014712491677E1));
#4154=DIRECTION('',(1.E0,0.E0,0.E0));
#4155=DIRECTION('',(0.E0,0.E0,1.E0));
#4156=AXIS2_PLACEMENT_3D('',#4153,#4154,#4155);
#4157=PLANE('',#4156);
#4159=ORIENTED_EDGE('',*,*,#4158,.T.);
#4161=ORIENTED_EDGE('',*,*,#4160,.T.);
#4162=ORIENTED_EDGE('',*,*,#3989,.F.);
#4164=ORIENTED_EDGE('',*,*,#4163,.T.);
#4165=EDGE_LOOP('',(#4159,#4161,#4162,#4164));
#4166=FACE_OUTER_BOUND('',#4165,.F.);
#4167=ADVANCED_FACE('',(#4166),#4157,.F.);
#4168=CARTESIAN_POINT('',(-5.75E0,0.E0,-1.014712491677E1));
#4169=DIRECTION('',(1.E0,0.E0,0.E0));
#4170=DIRECTION('',(0.E0,0.E0,1.E0));
#4171=AXIS2_PLACEMENT_3D('',#4168,#4169,#4170);
#4172=PLANE('',#4171);
#4174=ORIENTED_EDGE('',*,*,#4173,.T.);
#4176=ORIENTED_EDGE('',*,*,#4175,.T.);
#4177=ORIENTED_EDGE('',*,*,#4005,.F.);
#4179=ORIENTED_EDGE('',*,*,#4178,.T.);
#4180=EDGE_LOOP('',(#4174,#4176,#4177,#4179));
#4181=FACE_OUTER_BOUND('',#4180,.F.);
#4182=ADVANCED_FACE('',(#4181),#4172,.F.);
#4183=CARTESIAN_POINT('',(-5.75E0,0.E0,-1.014712491677E1));
#4184=DIRECTION('',(1.E0,0.E0,0.E0));
#4185=DIRECTION('',(0.E0,0.E0,1.E0));
#4186=AXIS2_PLACEMENT_3D('',#4183,#4184,#4185);
#4187=PLANE('',#4186);
#4189=ORIENTED_EDGE('',*,*,#4188,.T.);
#4191=ORIENTED_EDGE('',*,*,#4190,.T.);
#4192=ORIENTED_EDGE('',*,*,#4021,.F.);
#4194=ORIENTED_EDGE('',*,*,#4193,.T.);
#4195=EDGE_LOOP('',(#4189,#4191,#4192,#4194));
#4196=FACE_OUTER_BOUND('',#4195,.F.);
#4197=ADVANCED_FACE('',(#4196),#4187,.F.);
#4198=CARTESIAN_POINT('',(-5.75E0,0.E0,-1.014712491677E1));
#4199=DIRECTION('',(1.E0,0.E0,0.E0));
#4200=DIRECTION('',(0.E0,0.E0,1.E0));
#4201=AXIS2_PLACEMENT_3D('',#4198,#4199,#4200);
#4202=PLANE('',#4201);
#4204=ORIENTED_EDGE('',*,*,#4203,.T.);
#4206=ORIENTED_EDGE('',*,*,#4205,.T.);
#4207=ORIENTED_EDGE('',*,*,#4037,.F.);
#4209=ORIENTED_EDGE('',*,*,#4208,.T.);
#4210=EDGE_LOOP('',(#4204,#4206,#4207,#4209));
#4211=FACE_OUTER_BOUND('',#4210,.F.);
#4212=ADVANCED_FACE('',(#4211),#4202,.F.);
#4213=CARTESIAN_POINT('',(-5.75E0,0.E0,-1.014712491677E1));
#4214=DIRECTION('',(1.E0,0.E0,0.E0));
#4215=DIRECTION('',(0.E0,0.E0,1.E0));
#4216=AXIS2_PLACEMENT_3D('',#4213,#4214,#4215);
#4217=PLANE('',#4216);
#4219=ORIENTED_EDGE('',*,*,#4218,.T.);
#4221=ORIENTED_EDGE('',*,*,#4220,.T.);
#4222=ORIENTED_EDGE('',*,*,#4053,.F.);
#4224=ORIENTED_EDGE('',*,*,#4223,.T.);
#4225=EDGE_LOOP('',(#4219,#4221,#4222,#4224));
#4226=FACE_OUTER_BOUND('',#4225,.F.);
#4227=ADVANCED_FACE('',(#4226),#4217,.F.);
#4228=CARTESIAN_POINT('',(-5.75E0,0.E0,-1.014712491677E1));
#4229=DIRECTION('',(1.E0,0.E0,0.E0));
#4230=DIRECTION('',(0.E0,0.E0,1.E0));
#4231=AXIS2_PLACEMENT_3D('',#4228,#4229,#4230);
#4232=PLANE('',#4231);
#4234=ORIENTED_EDGE('',*,*,#4233,.T.);
#4236=ORIENTED_EDGE('',*,*,#4235,.T.);
#4237=ORIENTED_EDGE('',*,*,#4069,.F.);
#4239=ORIENTED_EDGE('',*,*,#4238,.T.);
#4240=EDGE_LOOP('',(#4234,#4236,#4237,#4239));
#4241=FACE_OUTER_BOUND('',#4240,.F.);
#4242=ADVANCED_FACE('',(#4241),#4232,.F.);
#4243=CARTESIAN_POINT('',(0.E0,0.E0,0.E0));
#4244=DIRECTION('',(0.E0,1.E0,0.E0));
#4245=DIRECTION('',(1.E0,0.E0,0.E0));
#4246=AXIS2_PLACEMENT_3D('',#4243,#4244,#4245);
#4247=CYLINDRICAL_SURFACE('',#4246,6.325E0);
#4248=ORIENTED_EDGE('',*,*,#4098,.F.);
#4250=ORIENTED_EDGE('',*,*,#4249,.F.);
#4252=ORIENTED_EDGE('',*,*,#4251,.F.);
#4254=ORIENTED_EDGE('',*,*,#4253,.T.);
#4256=ORIENTED_EDGE('',*,*,#4255,.F.);
#4257=EDGE_LOOP('',(#4248,#4250,#4252,#4254,#4256));
#4258=FACE_OUTER_BOUND('',#4257,.F.);
#4259=ADVANCED_FACE('',(#4258),#4247,.T.);
#4260=CARTESIAN_POINT('',(0.E0,0.E0,0.E0));
#4261=DIRECTION('',(0.E0,1.E0,0.E0));
#4262=DIRECTION('',(1.E0,0.E0,0.E0));
#4263=AXIS2_PLACEMENT_3D('',#4260,#4261,#4262);
#4264=CYLINDRICAL_SURFACE('',#4263,6.325E0);
#4265=ORIENTED_EDGE('',*,*,#4113,.F.);
#4267=ORIENTED_EDGE('',*,*,#4266,.F.);
#4269=ORIENTED_EDGE('',*,*,#4268,.T.);
#4271=ORIENTED_EDGE('',*,*,#4270,.F.);
#4272=EDGE_LOOP('',(#4265,#4267,#4269,#4271));
#4273=FACE_OUTER_BOUND('',#4272,.F.);
#4274=ADVANCED_FACE('',(#4273),#4264,.T.);
#4275=CARTESIAN_POINT('',(0.E0,0.E0,0.E0));
#4276=DIRECTION('',(0.E0,1.E0,0.E0));
#4277=DIRECTION('',(1.E0,0.E0,0.E0));
#4278=AXIS2_PLACEMENT_3D('',#4275,#4276,#4277);
#4279=CYLINDRICAL_SURFACE('',#4278,6.325E0);
#4280=ORIENTED_EDGE('',*,*,#4128,.F.);
#4282=ORIENTED_EDGE('',*,*,#4281,.F.);
#4284=ORIENTED_EDGE('',*,*,#4283,.T.);
#4286=ORIENTED_EDGE('',*,*,#4285,.F.);
#4287=EDGE_LOOP('',(#4280,#4282,#4284,#4286));
#4288=FACE_OUTER_BOUND('',#4287,.F.);
#4289=ADVANCED_FACE('',(#4288),#4279,.T.);
#4290=CARTESIAN_POINT('',(0.E0,0.E0,0.E0));
#4291=DIRECTION('',(0.E0,1.E0,0.E0));
#4292=DIRECTION('',(1.E0,0.E0,0.E0));
#4293=AXIS2_PLACEMENT_3D('',#4290,#4291,#4292);
#4294=CYLINDRICAL_SURFACE('',#4293,6.325E0);
#4295=ORIENTED_EDGE('',*,*,#4143,.F.);
#4297=ORIENTED_EDGE('',*,*,#4296,.F.);
#4299=ORIENTED_EDGE('',*,*,#4298,.T.);
#4301=ORIENTED_EDGE('',*,*,#4300,.F.);
#4302=EDGE_LOOP('',(#4295,#4297,#4299,#4301));
#4303=FACE_OUTER_BOUND('',#4302,.F.);
#4304=ADVANCED_FACE('',(#4303),#4294,.T.);
#4305=CARTESIAN_POINT('',(0.E0,0.E0,0.E0));
#4306=DIRECTION('',(0.E0,1.E0,0.E0));
#4307=DIRECTION('',(1.E0,0.E0,0.E0));
#4308=AXIS2_PLACEMENT_3D('',#4305,#4306,#4307);
#4309=CYLINDRICAL_SURFACE('',#4308,6.325E0);
#4310=ORIENTED_EDGE('',*,*,#4158,.F.);
#4312=ORIENTED_EDGE('',*,*,#4311,.F.);
#4314=ORIENTED_EDGE('',*,*,#4313,.T.);
#4316=ORIENTED_EDGE('',*,*,#4315,.F.);
#4317=EDGE_LOOP('',(#4310,#4312,#4314,#4316));
#4318=FACE_OUTER_BOUND('',#4317,.F.);
#4319=ADVANCED_FACE('',(#4318),#4309,.T.);
#4320=CARTESIAN_POINT('',(0.E0,0.E0,0.E0));
#4321=DIRECTION('',(0.E0,1.E0,0.E0));
#4322=DIRECTION('',(1.E0,0.E0,0.E0));
#4323=AXIS2_PLACEMENT_3D('',#4320,#4321,#4322);
#4324=CYLINDRICAL_SURFACE('',#4323,6.325E0);
#4325=ORIENTED_EDGE('',*,*,#4173,.F.);
#4327=ORIENTED_EDGE('',*,*,#4326,.F.);
#4329=ORIENTED_EDGE('',*,*,#4328,.T.);
#4331=ORIENTED_EDGE('',*,*,#4330,.F.);
#4332=EDGE_LOOP('',(#4325,#4327,#4329,#4331));
#4333=FACE_OUTER_BOUND('',#4332,.F.);
#4334=ADVANCED_FACE('',(#4333),#4324,.T.);
#4335=CARTESIAN_POINT('',(0.E0,0.E0,0.E0));
#4336=DIRECTION('',(0.E0,1.E0,0.E0));
#4337=DIRECTION('',(1.E0,0.E0,0.E0));
#4338=AXIS2_PLACEMENT_3D('',#4335,#4336,#4337);
#4339=CYLINDRICAL_SURFACE('',#4338,6.325E0);
#4340=ORIENTED_EDGE('',*,*,#4188,.F.);
#4342=ORIENTED_EDGE('',*,*,#4341,.F.);
#4344=ORIENTED_EDGE('',*,*,#4343,.T.);
#4346=ORIENTED_EDGE('',*,*,#4345,.F.);
#4348=ORIENTED_EDGE('',*,*,#4347,.F.);
#4349=EDGE_LOOP('',(#4340,#4342,#4344,#4346,#4348));
#4350=FACE_OUTER_BOUND('',#4349,.F.);
#4351=ADVANCED_FACE('',(#4350),#4339,.T.);
#4352=CARTESIAN_POINT('',(0.E0,0.E0,0.E0));
#4353=DIRECTION('',(0.E0,1.E0,0.E0));
#4354=DIRECTION('',(1.E0,0.E0,0.E0));
#4355=AXIS2_PLACEMENT_3D('',#4352,#4353,#4354);
#4356=CYLINDRICAL_SURFACE('',#4355,6.325E0);
#4357=ORIENTED_EDGE('',*,*,#4203,.F.);
#4359=ORIENTED_EDGE('',*,*,#4358,.F.);
#4361=ORIENTED_EDGE('',*,*,#4360,.F.);
#4363=ORIENTED_EDGE('',*,*,#4362,.T.);
#4365=ORIENTED_EDGE('',*,*,#4364,.F.);
#4366=EDGE_LOOP('',(#4357,#4359,#4361,#4363,#4365));
#4367=FACE_OUTER_BOUND('',#4366,.F.);
#4368=ADVANCED_FACE('',(#4367),#4356,.T.);
#4369=CARTESIAN_POINT('',(0.E0,0.E0,0.E0));
#4370=DIRECTION('',(0.E0,1.E0,0.E0));
#4371=DIRECTION('',(1.E0,0.E0,0.E0));
#4372=AXIS2_PLACEMENT_3D('',#4369,#4370,#4371);
#4373=CYLINDRICAL_SURFACE('',#4372,6.325E0);
#4374=ORIENTED_EDGE('',*,*,#4218,.F.);
#4376=ORIENTED_EDGE('',*,*,#4375,.F.);
#4378=ORIENTED_EDGE('',*,*,#4377,.T.);
#4380=ORIENTED_EDGE('',*,*,#4379,.F.);
#4381=EDGE_LOOP('',(#4374,#4376,#4378,#4380));
#4382=FACE_OUTER_BOUND('',#4381,.F.);
#4383=ADVANCED_FACE('',(#4382),#4373,.T.);
#4384=CARTESIAN_POINT('',(0.E0,0.E0,0.E0));
#4385=DIRECTION('',(0.E0,1.E0,0.E0));
#4386=DIRECTION('',(1.E0,0.E0,0.E0));
#4387=AXIS2_PLACEMENT_3D('',#4384,#4385,#4386);
#4388=CYLINDRICAL_SURFACE('',#4387,6.325E0);
#4389=ORIENTED_EDGE('',*,*,#4233,.F.);
#4391=ORIENTED_EDGE('',*,*,#4390,.F.);
#4393=ORIENTED_EDGE('',*,*,#4392,.T.);
#4395=ORIENTED_EDGE('',*,*,#4394,.F.);
#4396=EDGE_LOOP('',(#4389,#4391,#4393,#4395));
#4397=FACE_OUTER_BOUND('',#4396,.F.);
#4398=ADVANCED_FACE('',(#4397),#4388,.T.);
#4399=CARTESIAN_POINT('',(5.489812880284E0,-5.527752656230E-1,
-1.528811958301E-1));
#4400=CARTESIAN_POINT('',(5.471131362273E0,-5.333271188456E-1,
-8.237160728512E-1));
#4401=CARTESIAN_POINT('',(5.185088065370E0,-4.944308252908E-1,
-2.158223437249E0));
#4402=CARTESIAN_POINT('',(4.066975881217E0,-4.360863849585E-1,
-3.873366189014E0));
#4403=CARTESIAN_POINT('',(2.408408034813E0,-3.777419446263E-1,
-5.073730620752E0));
#4404=CARTESIAN_POINT('',(4.297884697575E-1,-3.193975042940E-1,
-5.599864568809E0));
#4405=CARTESIAN_POINT('',(-1.605945228825E0,-2.610530639617E-1,
-5.381833575997E0));
#4406=CARTESIAN_POINT('',(-3.428266224590E0,-2.027086236295E-1,
-4.448616142717E0));
#4407=CARTESIAN_POINT('',(-4.795007757877E0,-1.443641832972E-1,
-2.924225542520E0));
#4408=CARTESIAN_POINT('',(-5.524544688933E0,-8.601974296494E-2,
-1.011237104138E0));
#4409=CARTESIAN_POINT('',(-5.519929457605E0,-2.767530263267E-2,
1.036133812799E0));
#4410=CARTESIAN_POINT('',(-4.781775378808E0,3.066913769959E-2,
2.945813761734E0));
#4411=CARTESIAN_POINT('',(-3.408175135704E0,8.901357803185E-2,
4.464026964342E0));
#4412=CARTESIAN_POINT('',(-1.581665325434E0,1.473580183641E-1,
5.389019325593E0));
#4413=CARTESIAN_POINT('',(4.550306781642E-1,2.057024586964E-1,
5.597869378205E0));
#4414=CARTESIAN_POINT('',(2.431258032325E0,2.640468990286E-1,5.062823211778E0));
#4415=CARTESIAN_POINT('',(4.084397522961E0,3.223913393609E-1,3.854982667652E0));
#4416=CARTESIAN_POINT('',(5.194764814212E0,3.807357796932E-1,2.134856673994E0));
#4417=CARTESIAN_POINT('',(5.614804117638E0,4.390802200254E-1,
1.310313474964E-1));
#4418=CARTESIAN_POINT('',(5.288696758572E0,4.974246603577E-1,
-1.890206626098E0));
#4419=CARTESIAN_POINT('',(4.259778873498E0,5.557691006900E-1,
-3.660256608814E0));
#4420=CARTESIAN_POINT('',(2.664782506821E0,6.141135410222E-1,
-4.943898126459E0));
#4421=CARTESIAN_POINT('',(7.156654028795E-1,6.724579813545E-1,
-5.570549122357E0));
#4422=CARTESIAN_POINT('',(-1.328555882906E0,7.308024216868E-1,
-5.456934465381E0));
#4423=CARTESIAN_POINT('',(-3.196226479264E0,7.891468620190E-1,
-4.618152313071E0));
#4424=CARTESIAN_POINT('',(-4.639153189619E0,8.474913023513E-1,
-3.165667729992E0));
#4425=CARTESIAN_POINT('',(-5.465586680139E0,9.058357426835E-1,
-1.292500187757E0));
#4426=CARTESIAN_POINT('',(-5.565702889681E0,9.641801830158E-1,
7.524266324797E-1));
#4427=CARTESIAN_POINT('',(-4.926197458191E0,1.022524623348E0,2.697364101560E0));
#4428=CARTESIAN_POINT('',(-3.632053732079E0,1.080869063680E0,4.283851092272E0));
#4429=CARTESIAN_POINT('',(-1.855249397795E0,1.139213504013E0,5.301060664193E0));
#4430=CARTESIAN_POINT('',(1.680974902905E-1,1.197557944345E0,5.613816680942E0));
#4431=CARTESIAN_POINT('',(2.169106042304E0,1.255902384677E0,5.180557254843E0));
#4432=CARTESIAN_POINT('',(3.881863891329E0,1.314246825009E0,4.058857871701E0));
#4433=CARTESIAN_POINT('',(5.078764067302E0,1.372591265342E0,2.397780232247E0));
#4434=CARTESIAN_POINT('',(5.600751498500E0,1.430935705674E0,4.180635663558E-1));
#4435=CARTESIAN_POINT('',(5.378459708109E0,1.489280146006E0,-1.617209220143E0));
#4436=CARTESIAN_POINT('',(4.441428867793E0,1.547624586338E0,-3.437572414627E0));
#4437=CARTESIAN_POINT('',(2.914180228784E0,1.605969026671E0,-4.801119461920E0));
#4438=CARTESIAN_POINT('',(9.996685960804E-1,1.664313467003E0,
-5.526649725781E0));
#4439=CARTESIAN_POINT('',(-1.047688167270E0,1.722657907335E0,
-5.517748091172E0));
#4440=CARTESIAN_POINT('',(-2.955818518984E0,1.781002347667E0,
-4.775597488932E0));
#4441=CARTESIAN_POINT('',(-4.471152599152E0,1.839346788E0,-3.398821697084E0));
#4442=CARTESIAN_POINT('',(-5.392318918618E0,1.897691228332E0,
-1.570379308761E0));
#4443=CARTESIAN_POINT('',(-5.596904449169E0,1.956035668664E0,
4.667494834924E-1));
#4444=CARTESIAN_POINT('',(-5.057721989325E0,2.014380108997E0,2.441852323988E0));
#4445=CARTESIAN_POINT('',(-3.846423048998E0,2.072724549329E0,4.092459434326E0));
#4446=CARTESIAN_POINT('',(-2.123976139764E0,2.131068989661E0,5.199223004564E0));
#4447=CARTESIAN_POINT('',(-1.192758028590E-1,2.189413429993E0,
5.615066141758E0));
#4448=CARTESIAN_POINT('',(1.901274996565E0,2.247757870326E0,5.284727796293E0));
#4449=CARTESIAN_POINT('',(3.669166938539E0,2.306102310658E0,4.252106356925E0));
#4450=CARTESIAN_POINT('',(4.949466329113E0,2.364446750990E0,2.654426030318E0));
#4451=CARTESIAN_POINT('',(5.572035244114E0,2.422791191322E0,7.040012300203E-1));
#4452=CARTESIAN_POINT('',(5.454141016728E0,2.481135631655E0,-1.339977709866E0));
#4453=CARTESIAN_POINT('',(4.611450513178E0,2.539480071987E0,-3.205888123206E0));
#4454=CARTESIAN_POINT('',(3.155948175134E0,2.597824512319E0,-4.645770722718E0));
#4455=CARTESIAN_POINT('',(1.281054502841E0,2.656168952651E0,-5.468280703814E0));
#4456=CARTESIAN_POINT('',(-7.640774448157E-1,2.714513392984E0,
-5.564115397718E0));
#4457=CARTESIAN_POINT('',(-2.707671756100E0,2.772857833316E0,
-4.920539409744E0));
#4458=CARTESIAN_POINT('',(-4.291445882123E0,2.831202273648E0,
-3.623077025502E0));
#4459=CARTESIAN_POINT('',(-5.304933067382E0,2.889546713981E0,
-1.844146921563E0));
#4460=CARTESIAN_POINT('',(-5.613453054840E0,2.947891154313E0,
1.798502678394E-1));
#4461=CARTESIAN_POINT('',(-5.176002346795E0,3.006235594645E0,2.179947563610E0));
#4462=CARTESIAN_POINT('',(-4.050730320344E0,3.064580034977E0,3.890352467893E0));
#4463=CARTESIAN_POINT('',(-2.387110313027E0,3.122924475310E0,5.083775270817E0));
#4464=CARTESIAN_POINT('',(-1.066673442850E0,3.161820768864E0,5.428995700702E0));
#4465=CARTESIAN_POINT('',(-3.973371864513E-1,3.181268915642E0,
5.477548838745E0));
#4466=CARTESIAN_POINT('',(5.778406864858E0,-3.860908549565E-1,
-1.609180077276E-1));
#4467=CARTESIAN_POINT('',(5.758743278088E0,-3.666427081791E-1,
-8.670180047760E-1));
#4468=CARTESIAN_POINT('',(5.457662970523E0,-3.277464146243E-1,
-2.271679089552E0));
#4469=CARTESIAN_POINT('',(4.280772744666E0,-2.694019742920E-1,
-4.076985184156E0));
#4470=CARTESIAN_POINT('',(2.535015641739E0,-2.110575339597E-1,
-5.340451576171E0));
#4471=CARTESIAN_POINT('',(4.523820207065E-1,-1.527130936275E-1,
-5.894243860822E0));
#4472=CARTESIAN_POINT('',(-1.690368166856E0,-9.436865329520E-2,
-5.664751196302E0));
#4473=CARTESIAN_POINT('',(-3.608486758789E0,-3.602421296293E-2,
-4.682475453856E0));
#4474=CARTESIAN_POINT('',(-5.047076530545E0,2.232022736933E-2,
-3.077949161068E0));
#4475=CARTESIAN_POINT('',(-5.814964490027E0,8.066466770159E-2,
-1.064396829542E0));
#4476=CARTESIAN_POINT('',(-5.810106640594E0,1.390091080339E-1,
1.090602333331E0));
#4477=CARTESIAN_POINT('',(-5.033148538514E0,1.973535483661E-1,
3.100672251422E0));
#4478=CARTESIAN_POINT('',(-3.587339501410E0,2.556979886984E-1,
4.698696406994E0));
#4479=CARTESIAN_POINT('',(-1.664811893174E0,3.140424290306E-1,
5.672314693584E0));
#4480=CARTESIAN_POINT('',(4.789511868188E-1,3.723868693629E-1,
5.892143785040E0));
#4481=CARTESIAN_POINT('',(2.559066840817E0,4.307313096952E-1,5.328970775591E0));
#4482=CARTESIAN_POINT('',(4.299110224731E0,4.890757500274E-1,4.057635259422E0));
#4483=CARTESIAN_POINT('',(5.467848416395E0,5.474201903597E-1,2.247083958872E0));
#4484=CARTESIAN_POINT('',(5.909968766825E0,6.057646306920E-1,
1.379195346720E-1));
#4485=CARTESIAN_POINT('',(5.566718269330E0,6.641090710242E-1,
-1.989572902106E0));
#4486=CARTESIAN_POINT('',(4.483711197844E0,7.224535113565E-1,
-3.852672645997E0));
#4487=CARTESIAN_POINT('',(2.804867463893E0,7.807979516888E-1,
-5.203793917219E0));
#4488=CARTESIAN_POINT('',(7.532872189127E-1,8.391423920210E-1,
-5.863387330606E0));
#4489=CARTESIAN_POINT('',(-1.398396739842E0,8.974868323533E-1,
-5.743800064495E0));
#4490=CARTESIAN_POINT('',(-3.364248915614E0,9.558312726855E-1,
-4.860923971497E0));
#4491=CARTESIAN_POINT('',(-4.883028843168E0,1.014175713018E0,
-3.332083723389E0));
#4492=CARTESIAN_POINT('',(-5.752907117548E0,1.072520153350E0,
-1.360445632781E0));
#4493=CARTESIAN_POINT('',(-5.858286336315E0,1.130864593682E0,
7.919809496672E-1));
#4494=CARTESIAN_POINT('',(-5.185162742484E0,1.189209034015E0,2.839161840552E0));
#4495=CARTESIAN_POINT('',(-3.822987172177E0,1.247553474347E0,4.509048869137E0));
#4496=CARTESIAN_POINT('',(-1.952778007196E0,1.305897914679E0,5.579732133132E0));
#4497=CARTESIAN_POINT('',(1.769342076027E-1,1.364242355011E0,5.908929421568E0));
#4498=CARTESIAN_POINT('',(2.283133782295E0,1.422586795344E0,5.452893979808E0));
#4499=CARTESIAN_POINT('',(4.085929602201E0,1.480931235676E0,4.272227979491E0));
#4500=CARTESIAN_POINT('',(5.345749625982E0,1.539275676008E0,2.523829146198E0));
#4501=CARTESIAN_POINT('',(5.895177415523E0,1.597620116340E0,4.400407508338E-1));
#4502=CARTESIAN_POINT('',(5.661199967547E0,1.655964556673E0,-1.702224294956E0));
#4503=CARTESIAN_POINT('',(4.674910351062E0,1.714308997005E0,-3.618282165949E0));
#4504=CARTESIAN_POINT('',(3.067375775214E0,1.772653437337E0,-5.053509520771E0));
#4505=CARTESIAN_POINT('',(1.052220176560E0,1.830997877669E0,-5.817180186562E0));
#4506=CARTESIAN_POINT('',(-1.102764088686E0,1.889342318002E0,
-5.807810601904E0));
#4507=CARTESIAN_POINT('',(-3.111202948777E0,1.947686758334E0,
-5.026645883132E0));
#4508=CARTESIAN_POINT('',(-4.706196629316E0,2.006031198666E0,
-3.577494361855E0));
#4509=CARTESIAN_POINT('',(-5.675787742921E0,2.064375638999E0,
-1.652932581867E0));
#4510=CARTESIAN_POINT('',(-5.891128130648E0,2.122720079331E0,
4.912860380484E-1));
#4511=CARTESIAN_POINT('',(-5.323601386965E0,2.181064519663E0,2.570218063821E0));
#4512=CARTESIAN_POINT('',(-4.048625670157E0,2.239408959995E0,4.307595942731E0));
#4513=CARTESIAN_POINT('',(-2.235631445815E0,2.297753400328E0,5.472540969364E0));
#4514=CARTESIAN_POINT('',(-1.255460127844E-1,2.356097840660E0,
5.910244565292E0));
#4515=CARTESIAN_POINT('',(2.001223125762E0,2.414442280992E0,5.562540662665E0));
#4516=CARTESIAN_POINT('',(3.862051382863E0,2.472786721324E0,4.475635344732E0));
#4517=CARTESIAN_POINT('',(5.209654834729E0,2.531131161657E0,2.793966557755E0));
#4518=CARTESIAN_POINT('',(5.864951576301E0,2.589475601989E0,7.410098721265E-1));
#4519=CARTESIAN_POINT('',(5.740859767034E0,2.647820042321E0,-1.410419000846E0));
#4520=CARTESIAN_POINT('',(4.853869864672E0,2.706164482653E0,-3.374418462536E0));
#4521=CARTESIAN_POINT('',(3.321853221232E0,2.764508922986E0,-4.889994253378E0));
#4522=CARTESIAN_POINT('',(1.348398259630E0,2.822853363318E0,-5.755742763359E0));
#4523=CARTESIAN_POINT('',(-8.042442335808E-1,2.881197803650E0,
-5.856615391484E0));
#4524=CARTESIAN_POINT('',(-2.850011358205E0,2.939542243983E0,
-5.179207256077E0));
#4525=CARTESIAN_POINT('',(-4.517042909510E0,2.997886684315E0,
-3.813538569093E0));
#4526=CARTESIAN_POINT('',(-5.583808104692E0,3.056231124647E0,
-1.941091884868E0));
#4527=CARTESIAN_POINT('',(-5.908546680004E0,3.114575564979E0,
1.893048169387E-1));
#4528=CARTESIAN_POINT('',(-5.448099624789E0,3.172920005312E0,2.294545231557E0));
#4529=CARTESIAN_POINT('',(-4.263673170870E0,3.231264445644E0,4.094864414764E0));
#4530=CARTESIAN_POINT('',(-2.512598319973E0,3.289608885976E0,5.351024263465E0));
#4531=CARTESIAN_POINT('',(-1.122747401257E0,3.328505179531E0,5.714392586837E0));
#4532=CARTESIAN_POINT('',(-4.182248058216E-1,3.347953326308E0,
5.765498114894E0));
#4533=CARTESIAN_POINT('',(6.067000849432E0,-2.194064442900E-1,
-1.689548196250E-1));
#4534=CARTESIAN_POINT('',(6.046355193903E0,-1.999582975126E-1,
-9.103199367007E-1));
#4535=CARTESIAN_POINT('',(5.730237875676E0,-1.610620039577E-1,
-2.385134741856E0));
#4536=CARTESIAN_POINT('',(4.494569608115E0,-1.027175636255E-1,
-4.280604179298E0));
#4537=CARTESIAN_POINT('',(2.661623248666E0,-4.437312329319E-2,
-5.607172531589E0));
#4538=CARTESIAN_POINT('',(4.749755716555E-1,1.397131703907E-2,
-6.188623152836E0));
#4539=CARTESIAN_POINT('',(-1.774791104887E0,7.231575737133E-2,
-5.947668816607E0));
#4540=CARTESIAN_POINT('',(-3.788707292987E0,1.306601977036E-1,
-4.916334764995E0));
#4541=CARTESIAN_POINT('',(-5.299145303213E0,1.890046380359E-1,
-3.231672779616E0));
#4542=CARTESIAN_POINT('',(-6.105384291121E0,2.473490783681E-1,
-1.117556554945E0));
#4543=CARTESIAN_POINT('',(-6.100283823583E0,3.056935187004E-1,
1.145070853863E0));
#4544=CARTESIAN_POINT('',(-5.284521698219E0,3.640379590327E-1,
3.255530741110E0));
#4545=CARTESIAN_POINT('',(-3.766503867115E0,4.223823993649E-1,
4.933365849647E0));
#4546=CARTESIAN_POINT('',(-1.747958460913E0,4.807268396972E-1,
5.955610061574E0));
#4547=CARTESIAN_POINT('',(5.028716954733E-1,5.390712800294E-1,
6.186418191875E0));
#4548=CARTESIAN_POINT('',(2.686875649310E0,5.974157203617E-1,5.595118339405E0));
#4549=CARTESIAN_POINT('',(4.513822926500E0,6.557601606940E-1,4.260287851192E0));
#4550=CARTESIAN_POINT('',(5.740932018577E0,7.141046010262E-1,2.359311243750E0));
#4551=CARTESIAN_POINT('',(6.205133416012E0,7.724490413585E-1,
1.448077218475E-1));
#4552=CARTESIAN_POINT('',(5.844739780089E0,8.307934816908E-1,
-2.088939178114E0));
#4553=CARTESIAN_POINT('',(4.707643522190E0,8.891379220230E-1,
-4.045088683180E0));
#4554=CARTESIAN_POINT('',(2.944952420965E0,9.474823623553E-1,
-5.463689707978E0));
#4555=CARTESIAN_POINT('',(7.909090349459E-1,1.005826802688E0,
-6.156225538855E0));
#4556=CARTESIAN_POINT('',(-1.468237596777E0,1.064171243020E0,
-6.030665663608E0));
#4557=CARTESIAN_POINT('',(-3.532271351964E0,1.122515683352E0,
-5.103695629924E0));
#4558=CARTESIAN_POINT('',(-5.126904496717E0,1.180860123684E0,
-3.498499716786E0));
#4559=CARTESIAN_POINT('',(-6.040227554957E0,1.239204564017E0,
-1.428391077804E0));
#4560=CARTESIAN_POINT('',(-6.150869782949E0,1.297549004349E0,
8.315352668547E-1));
#4561=CARTESIAN_POINT('',(-5.444128026777E0,1.355893444681E0,2.980959579545E0));
#4562=CARTESIAN_POINT('',(-4.013920612275E0,1.414237885013E0,4.734246646001E0));
#4563=CARTESIAN_POINT('',(-2.050306616597E0,1.472582325346E0,5.858403602070E0));
#4564=CARTESIAN_POINT('',(1.857709249149E-1,1.530926765678E0,6.204042162193E0));
#4565=CARTESIAN_POINT('',(2.397161522286E0,1.589271206010E0,5.725230704774E0));
#4566=CARTESIAN_POINT('',(4.289995313074E0,1.647615646342E0,4.485598087281E0));
#4567=CARTESIAN_POINT('',(5.612735184663E0,1.705960086675E0,2.649878060150E0));
#4568=CARTESIAN_POINT('',(6.189603332546E0,1.764304527007E0,4.620179353119E-1));
#4569=CARTESIAN_POINT('',(5.943940226984E0,1.822648967339E0,-1.787239369770E0));
#4570=CARTESIAN_POINT('',(4.908391834331E0,1.880993407672E0,-3.798991917270E0));
#4571=CARTESIAN_POINT('',(3.220571321644E0,1.939337848004E0,-5.305899579621E0));
#4572=CARTESIAN_POINT('',(1.104771757040E0,1.997682288336E0,-6.107710647342E0));
#4573=CARTESIAN_POINT('',(-1.157840010103E0,2.056026728668E0,
-6.097873112637E0));
#4574=CARTESIAN_POINT('',(-3.266587378570E0,2.114371169001E0,
-5.277694277332E0));
#4575=CARTESIAN_POINT('',(-4.941240659479E0,2.172715609333E0,
-3.756167026627E0));
#4576=CARTESIAN_POINT('',(-5.959256567224E0,2.231060049665E0,
-1.735485854973E0));
#4577=CARTESIAN_POINT('',(-6.185351812126E0,2.289404489997E0,
5.158225926043E-1));
#4578=CARTESIAN_POINT('',(-5.589480784605E0,2.347748930330E0,2.698583803653E0));
#4579=CARTESIAN_POINT('',(-4.250828291317E0,2.406093370662E0,4.522732451136E0));
#4580=CARTESIAN_POINT('',(-2.347286751867E0,2.464437810994E0,5.745858934165E0));
#4581=CARTESIAN_POINT('',(-1.318162227097E-1,2.522782251326E0,
6.205422988825E0));
#4582=CARTESIAN_POINT('',(2.101171254960E0,2.581126691659E0,5.840353529038E0));
#4583=CARTESIAN_POINT('',(4.054935827188E0,2.639471131991E0,4.699164332539E0));
#4584=CARTESIAN_POINT('',(5.469843340346E0,2.697815572323E0,2.933507085193E0));
#4585=CARTESIAN_POINT('',(6.157867908488E0,2.756160012655E0,7.780185142327E-1));
#4586=CARTESIAN_POINT('',(6.027578517339E0,2.814504452988E0,-1.480860291827E0));
#4587=CARTESIAN_POINT('',(5.096289216166E0,2.872848893320E0,-3.542948801867E0));
#4588=CARTESIAN_POINT('',(3.487758267329E0,2.931193333652E0,-5.134217784038E0));
#4589=CARTESIAN_POINT('',(1.415742016420E0,2.989537773985E0,-6.043204822904E0));
#4590=CARTESIAN_POINT('',(-8.444110223459E-1,3.047882214317E0,
-6.149115385249E0));
#4591=CARTESIAN_POINT('',(-2.992350960310E0,3.106226654649E0,
-5.437875102409E0));
#4592=CARTESIAN_POINT('',(-4.742639936897E0,3.164571094981E0,
-4.004000112685E0));
#4593=CARTESIAN_POINT('',(-5.862683142001E0,3.222915535314E0,
-2.038036848174E0));
#4594=CARTESIAN_POINT('',(-6.203640305168E0,3.281259975646E0,
1.987593660380E-1));
#4595=CARTESIAN_POINT('',(-5.720196902784E0,3.339604415978E0,2.409142899503E0));
#4596=CARTESIAN_POINT('',(-4.476616021396E0,3.397948856310E0,4.299376361636E0));
#4597=CARTESIAN_POINT('',(-2.638086326920E0,3.456293296643E0,5.618273256113E0));
#4598=CARTESIAN_POINT('',(-1.178821359664E0,3.495189590197E0,5.999789472973E0));
#4599=CARTESIAN_POINT('',(-4.391124251918E-1,3.514637736975E0,
6.053447391043E0));
#4600=CARTESIAN_POINT('',(6.355594834006E0,-5.272203362346E-2,
-1.769916315225E-1));
#4601=CARTESIAN_POINT('',(6.333967109718E0,-3.327388684604E-2,
-9.536218686255E-1));
#4602=CARTESIAN_POINT('',(6.002812780829E0,5.622406708808E-3,
-2.498590394159E0));
#4603=CARTESIAN_POINT('',(4.708366471564E0,6.396684704107E-2,
-4.484223174440E0));
#4604=CARTESIAN_POINT('',(2.788230855592E0,1.223112873733E-1,
-5.873893487008E0));
#4605=CARTESIAN_POINT('',(4.975691226045E-1,1.806557277056E-1,
-6.483002444850E0));
#4606=CARTESIAN_POINT('',(-1.859214042918E0,2.390001680379E-1,
-6.230586436912E0));
#4607=CARTESIAN_POINT('',(-3.968927827186E0,2.973446083701E-1,
-5.150194076135E0));
#4608=CARTESIAN_POINT('',(-5.551214075881E0,3.556890487024E-1,
-3.385396398164E0));
#4609=CARTESIAN_POINT('',(-6.395804092215E0,4.140334890347E-1,
-1.170716280349E0));
#4610=CARTESIAN_POINT('',(-6.390461006572E0,4.723779293669E-1,
1.199539374395E0));
#4611=CARTESIAN_POINT('',(-5.535894857924E0,5.307223696992E-1,
3.410389230798E0));
#4612=CARTESIAN_POINT('',(-3.945668232821E0,5.890668100314E-1,
5.168035292300E0));
#4613=CARTESIAN_POINT('',(-1.831105028653E0,6.474112503637E-1,
6.238905429565E0));
#4614=CARTESIAN_POINT('',(5.267922041279E-1,7.057556906960E-1,
6.480692598710E0));
#4615=CARTESIAN_POINT('',(2.814684457802E0,7.641001310282E-1,5.861265903218E0));
#4616=CARTESIAN_POINT('',(4.728535628270E0,8.224445713605E-1,4.462940442962E0));
#4617=CARTESIAN_POINT('',(6.014015620760E0,8.807890116928E-1,2.471538528628E0));
#4618=CARTESIAN_POINT('',(6.500298065199E0,9.391334520250E-1,
1.516959090231E-1));
#4619=CARTESIAN_POINT('',(6.122761290848E0,9.974778923573E-1,
-2.188305454121E0));
#4620=CARTESIAN_POINT('',(4.931575846536E0,1.055822332690E0,-4.237504720363E0));
#4621=CARTESIAN_POINT('',(3.085037378036E0,1.114166773022E0,-5.723585498738E0));
#4622=CARTESIAN_POINT('',(8.285308509791E-1,1.172511213354E0,
-6.449063747104E0));
#4623=CARTESIAN_POINT('',(-1.538078453713E0,1.230855653686E0,
-6.317531262722E0));
#4624=CARTESIAN_POINT('',(-3.700293788314E0,1.289200094019E0,
-5.346467288351E0));
#4625=CARTESIAN_POINT('',(-5.370780150266E0,1.347544534351E0,
-3.664915710183E0));
#4626=CARTESIAN_POINT('',(-6.327547992366E0,1.405888974683E0,
-1.496336522828E0));
#4627=CARTESIAN_POINT('',(-6.443453229582E0,1.464233415015E0,
8.710895840422E-1));
#4628=CARTESIAN_POINT('',(-5.703093311069E0,1.522577855348E0,3.122757318537E0));
#4629=CARTESIAN_POINT('',(-4.204854052373E0,1.580922295680E0,4.959444422865E0));
#4630=CARTESIAN_POINT('',(-2.147835225999E0,1.639266736012E0,6.137075071009E0));
#4631=CARTESIAN_POINT('',(1.946076422270E-1,1.697611176344E0,6.499154902818E0));
#4632=CARTESIAN_POINT('',(2.511189262277E0,1.755955616677E0,5.997567429739E0));
#4633=CARTESIAN_POINT('',(4.494061023946E0,1.814300057009E0,4.698968195071E0));
#4634=CARTESIAN_POINT('',(5.879720743343E0,1.872644497341E0,2.775926974101E0));
#4635=CARTESIAN_POINT('',(6.484029249569E0,1.930988937674E0,4.839951197899E-1));
#4636=CARTESIAN_POINT('',(6.226680486421E0,1.989333378006E0,-1.872254444584E0));
#4637=CARTESIAN_POINT('',(5.141873317600E0,2.047677818338E0,-3.979701668592E0));
#4638=CARTESIAN_POINT('',(3.373766868073E0,2.106022258670E0,-5.558289638471E0));
#4639=CARTESIAN_POINT('',(1.157323337519E0,2.164366699003E0,-6.398241108123E0));
#4640=CARTESIAN_POINT('',(-1.212915931519E0,2.222711139335E0,
-6.387935623369E0));
#4641=CARTESIAN_POINT('',(-3.421971808362E0,2.281055579667E0,
-5.528742671532E0));
#4642=CARTESIAN_POINT('',(-5.176284689643E0,2.339400019999E0,
-3.934839691399E0));
#4643=CARTESIAN_POINT('',(-6.242725391527E0,2.397744460332E0,
-1.818039128079E0));
#4644=CARTESIAN_POINT('',(-6.479575493605E0,2.456088900664E0,
5.403591471602E-1));
#4645=CARTESIAN_POINT('',(-5.855360182245E0,2.514433340996E0,2.826949543486E0));
#4646=CARTESIAN_POINT('',(-4.453030912476E0,2.572777781328E0,4.737868959540E0));
#4647=CARTESIAN_POINT('',(-2.458942057918E0,2.631122221661E0,6.019176898966E0));
#4648=CARTESIAN_POINT('',(-1.380864326351E-1,2.689466661993E0,
6.500601412359E0));
#4649=CARTESIAN_POINT('',(2.201119384157E0,2.747811102325E0,6.118166395410E0));
#4650=CARTESIAN_POINT('',(4.247820271513E0,2.806155542657E0,4.922693320345E0));
#4651=CARTESIAN_POINT('',(5.730031845962E0,2.864499982990E0,3.073047612630E0));
#4652=CARTESIAN_POINT('',(6.450784240675E0,2.922844423322E0,8.150271563389E-1));
#4653=CARTESIAN_POINT('',(6.314297267645E0,2.981188863654E0,-1.551301582808E0));
#4654=CARTESIAN_POINT('',(5.338708567660E0,3.039533303987E0,-3.711479141197E0));
#4655=CARTESIAN_POINT('',(3.653663313427E0,3.097877744319E0,-5.378441314699E0));
#4656=CARTESIAN_POINT('',(1.483085773210E0,3.156222184651E0,-6.330666882449E0));
#4657=CARTESIAN_POINT('',(-8.845778111110E-1,3.214566624983E0,
-6.441615379015E0));
#4658=CARTESIAN_POINT('',(-3.134690562416E0,3.272911065316E0,
-5.696542948742E0));
#4659=CARTESIAN_POINT('',(-4.968236964285E0,3.331255505648E0,
-4.194461656277E0));
#4660=CARTESIAN_POINT('',(-6.141558179311E0,3.389599945980E0,
-2.134981811480E0));
#4661=CARTESIAN_POINT('',(-6.498733930332E0,3.447944386312E0,
2.082139151372E-1));
#4662=CARTESIAN_POINT('',(-5.992294180779E0,3.506288826645E0,2.523740567450E0));
#4663=CARTESIAN_POINT('',(-4.689558871922E0,3.564633266977E0,4.503888308507E0));
#4664=CARTESIAN_POINT('',(-2.763574333866E0,3.622977707309E0,5.885522248762E0));
#4665=CARTESIAN_POINT('',(-1.234895318070E0,3.661874000864E0,6.285186359108E0));
#4666=CARTESIAN_POINT('',(-4.600000445621E-1,3.681322147641E0,
6.341396667192E0));
#4667=B_SPLINE_SURFACE_WITH_KNOTS('',3,3,((#4399,#4400,#4401,#4402,#4403,#4404,
#4405,#4406,#4407,#4408,#4409,#4410,#4411,#4412,#4413,#4414,#4415,#4416,#4417,
#4418,#4419,#4420,#4421,#4422,#4423,#4424,#4425,#4426,#4427,#4428,#4429,#4430,
#4431,#4432,#4433,#4434,#4435,#4436,#4437,#4438,#4439,#4440,#4441,#4442,#4443,
#4444,#4445,#4446,#4447,#4448,#4449,#4450,#4451,#4452,#4453,#4454,#4455,#4456,
#4457,#4458,#4459,#4460,#4461,#4462,#4463,#4464,#4465),(#4466,#4467,#4468,#4469,
#4470,#4471,#4472,#4473,#4474,#4475,#4476,#4477,#4478,#4479,#4480,#4481,#4482,
#4483,#4484,#4485,#4486,#4487,#4488,#4489,#4490,#4491,#4492,#4493,#4494,#4495,
#4496,#4497,#4498,#4499,#4500,#4501,#4502,#4503,#4504,#4505,#4506,#4507,#4508,
#4509,#4510,#4511,#4512,#4513,#4514,#4515,#4516,#4517,#4518,#4519,#4520,#4521,
#4522,#4523,#4524,#4525,#4526,#4527,#4528,#4529,#4530,#4531,#4532),(#4533,#4534,
#4535,#4536,#4537,#4538,#4539,#4540,#4541,#4542,#4543,#4544,#4545,#4546,#4547,
#4548,#4549,#4550,#4551,#4552,#4553,#4554,#4555,#4556,#4557,#4558,#4559,#4560,
#4561,#4562,#4563,#4564,#4565,#4566,#4567,#4568,#4569,#4570,#4571,#4572,#4573,
#4574,#4575,#4576,#4577,#4578,#4579,#4580,#4581,#4582,#4583,#4584,#4585,#4586,
#4587,#4588,#4589,#4590,#4591,#4592,#4593,#4594,#4595,#4596,#4597,#4598,#4599),(
#4600,#4601,#4602,#4603,#4604,#4605,#4606,#4607,#4608,#4609,#4610,#4611,#4612,
#4613,#4614,#4615,#4616,#4617,#4618,#4619,#4620,#4621,#4622,#4623,#4624,#4625,
#4626,#4627,#4628,#4629,#4630,#4631,#4632,#4633,#4634,#4635,#4636,#4637,#4638,
#4639,#4640,#4641,#4642,#4643,#4644,#4645,#4646,#4647,#4648,#4649,#4650,#4651,
#4652,#4653,#4654,#4655,#4656,#4657,#4658,#4659,#4660,#4661,#4662,#4663,#4664,
#4665,#4666)),.UNSPECIFIED.,.F.,.F.,.F.,(4,4),(4,1,1,1,1,1,1,1,1,1,1,1,1,1,1,1,
1,1,1,1,1,1,1,1,1,1,1,1,1,1,1,1,1,1,1,1,1,1,1,1,1,1,1,1,1,1,1,1,1,1,1,1,1,1,1,1,
1,1,1,1,1,1,1,1,4),(-4.132350269520E-2,1.041323502695E0),(1.208462004326E-3,
1.712058209494E-2,3.303270218556E-2,4.894482227618E-2,6.485694236680E-2,
8.076906245741E-2,9.668118254803E-2,1.125933026386E-1,1.285054227293E-1,
1.444175428199E-1,1.603296629105E-1,1.762417830011E-1,1.921539030917E-1,
2.080660231824E-1,2.239781432730E-1,2.398902633636E-1,2.558023834542E-1,
2.717145035448E-1,2.876266236354E-1,3.035387437261E-1,3.194508638167E-1,
3.353629839073E-1,3.512751039979E-1,3.671872240885E-1,3.830993441791E-1,
3.990114642698E-1,4.149235843604E-1,4.308357044510E-1,4.467478245416E-1,
4.626599446322E-1,4.785720647228E-1,4.944841848135E-1,5.103963049041E-1,
5.263084249947E-1,5.422205450853E-1,5.581326651759E-1,5.740447852666E-1,
5.899569053572E-1,6.058690254478E-1,6.217811455384E-1,6.376932656290E-1,
6.536053857196E-1,6.695175058103E-1,6.854296259009E-1,7.013417459915E-1,
7.172538660821E-1,7.331659861727E-1,7.490781062633E-1,7.649902263540E-1,
7.809023464446E-1,7.968144665352E-1,8.127265866258E-1,8.286387067164E-1,
8.445508268070E-1,8.604629468977E-1,8.763750669883E-1,8.922871870789E-1,
9.081993071695E-1,9.241114272601E-1,9.400235473508E-1,9.559356674414E-1,
9.718477875320E-1,9.877599076226E-1,1.003672027713E0,1.019584147804E0),
.UNSPECIFIED.);
#4668=ORIENTED_EDGE('',*,*,#4103,.F.);
#4669=ORIENTED_EDGE('',*,*,#3927,.T.);
#4671=ORIENTED_EDGE('',*,*,#4670,.F.);
#4672=ORIENTED_EDGE('',*,*,#4266,.T.);
#4673=ORIENTED_EDGE('',*,*,#4118,.F.);
#4674=ORIENTED_EDGE('',*,*,#3943,.T.);
#4676=ORIENTED_EDGE('',*,*,#4675,.F.);
#4677=ORIENTED_EDGE('',*,*,#4281,.T.);
#4678=ORIENTED_EDGE('',*,*,#4133,.F.);
#4679=ORIENTED_EDGE('',*,*,#3961,.T.);
#4681=ORIENTED_EDGE('',*,*,#4680,.F.);
#4682=ORIENTED_EDGE('',*,*,#4296,.T.);
#4683=ORIENTED_EDGE('',*,*,#4148,.F.);
#4684=ORIENTED_EDGE('',*,*,#3979,.T.);
#4686=ORIENTED_EDGE('',*,*,#4685,.F.);
#4688=ORIENTED_EDGE('',*,*,#4687,.F.);
#4690=ORIENTED_EDGE('',*,*,#4689,.T.);
#4691=ORIENTED_EDGE('',*,*,#4249,.T.);
#4692=EDGE_LOOP('',(#4668,#4669,#4671,#4672,#4673,#4674,#4676,#4677,#4678,#4679,
#4681,#4682,#4683,#4684,#4686,#4688,#4690,#4691));
#4693=FACE_OUTER_BOUND('',#4692,.F.);
#4694=ADVANCED_FACE('',(#4693),#4667,.F.);
#4695=CARTESIAN_POINT('',(5.75E0,0.E0,1.014712491677E1));
#4696=DIRECTION('',(-1.E0,0.E0,0.E0));
#4697=DIRECTION('',(0.E0,0.E0,-1.E0));
#4698=AXIS2_PLACEMENT_3D('',#4695,#4696,#4697);
#4699=PLANE('',#4698);
#4701=ORIENTED_EDGE('',*,*,#4700,.F.);
#4703=ORIENTED_EDGE('',*,*,#4702,.T.);
#4704=ORIENTED_EDGE('',*,*,#4253,.F.);
#4705=EDGE_LOOP('',(#4701,#4703,#4704));
#4706=FACE_OUTER_BOUND('',#4705,.F.);
#4707=ADVANCED_FACE('',(#4706),#4699,.F.);
#4708=CARTESIAN_POINT('',(5.75E0,0.E0,1.014712491677E1));
#4709=DIRECTION('',(-1.E0,0.E0,0.E0));
#4710=DIRECTION('',(0.E0,0.E0,-1.E0));
#4711=AXIS2_PLACEMENT_3D('',#4708,#4709,#4710);
#4712=PLANE('',#4711);
#4713=ORIENTED_EDGE('',*,*,#4268,.F.);
#4714=ORIENTED_EDGE('',*,*,#4670,.T.);
#4715=ORIENTED_EDGE('',*,*,#3925,.T.);
#4717=ORIENTED_EDGE('',*,*,#4716,.T.);
#4718=EDGE_LOOP('',(#4713,#4714,#4715,#4717));
#4719=FACE_OUTER_BOUND('',#4718,.F.);
#4720=ADVANCED_FACE('',(#4719),#4712,.F.);
#4721=CARTESIAN_POINT('',(5.75E0,0.E0,1.014712491677E1));
#4722=DIRECTION('',(-1.E0,0.E0,0.E0));
#4723=DIRECTION('',(0.E0,0.E0,-1.E0));
#4724=AXIS2_PLACEMENT_3D('',#4721,#4722,#4723);
#4725=PLANE('',#4724);
#4726=ORIENTED_EDGE('',*,*,#4283,.F.);
#4727=ORIENTED_EDGE('',*,*,#4675,.T.);
#4728=ORIENTED_EDGE('',*,*,#3941,.T.);
#4730=ORIENTED_EDGE('',*,*,#4729,.T.);
#4731=EDGE_LOOP('',(#4726,#4727,#4728,#4730));
#4732=FACE_OUTER_BOUND('',#4731,.F.);
#4733=ADVANCED_FACE('',(#4732),#4725,.F.);
#4734=CARTESIAN_POINT('',(5.75E0,0.E0,1.014712491677E1));
#4735=DIRECTION('',(-1.E0,0.E0,0.E0));
#4736=DIRECTION('',(0.E0,0.E0,-1.E0));
#4737=AXIS2_PLACEMENT_3D('',#4734,#4735,#4736);
#4738=PLANE('',#4737);
#4739=ORIENTED_EDGE('',*,*,#4298,.F.);
#4740=ORIENTED_EDGE('',*,*,#4680,.T.);
#4741=ORIENTED_EDGE('',*,*,#3959,.T.);
#4743=ORIENTED_EDGE('',*,*,#4742,.T.);
#4744=EDGE_LOOP('',(#4739,#4740,#4741,#4743));
#4745=FACE_OUTER_BOUND('',#4744,.F.);
#4746=ADVANCED_FACE('',(#4745),#4738,.F.);
#4747=CARTESIAN_POINT('',(5.75E0,0.E0,1.014712491677E1));
#4748=DIRECTION('',(-1.E0,0.E0,0.E0));
#4749=DIRECTION('',(0.E0,0.E0,-1.E0));
#4750=AXIS2_PLACEMENT_3D('',#4747,#4748,#4749);
#4751=PLANE('',#4750);
#4752=ORIENTED_EDGE('',*,*,#4313,.F.);
#4754=ORIENTED_EDGE('',*,*,#4753,.T.);
#4755=ORIENTED_EDGE('',*,*,#3975,.T.);
#4757=ORIENTED_EDGE('',*,*,#4756,.T.);
#4758=EDGE_LOOP('',(#4752,#4754,#4755,#4757));
#4759=FACE_OUTER_BOUND('',#4758,.F.);
#4760=ADVANCED_FACE('',(#4759),#4751,.F.);
#4761=CARTESIAN_POINT('',(5.75E0,0.E0,1.014712491677E1));
#4762=DIRECTION('',(-1.E0,0.E0,0.E0));
#4763=DIRECTION('',(0.E0,0.E0,-1.E0));
#4764=AXIS2_PLACEMENT_3D('',#4761,#4762,#4763);
#4765=PLANE('',#4764);
#4766=ORIENTED_EDGE('',*,*,#4328,.F.);
#4768=ORIENTED_EDGE('',*,*,#4767,.T.);
#4769=ORIENTED_EDGE('',*,*,#3993,.T.);
#4771=ORIENTED_EDGE('',*,*,#4770,.T.);
#4772=EDGE_LOOP('',(#4766,#4768,#4769,#4771));
#4773=FACE_OUTER_BOUND('',#4772,.F.);
#4774=ADVANCED_FACE('',(#4773),#4765,.F.);
#4775=CARTESIAN_POINT('',(5.75E0,0.E0,1.014712491677E1));
#4776=DIRECTION('',(-1.E0,0.E0,0.E0));
#4777=DIRECTION('',(0.E0,0.E0,-1.E0));
#4778=AXIS2_PLACEMENT_3D('',#4775,#4776,#4777);
#4779=PLANE('',#4778);
#4780=ORIENTED_EDGE('',*,*,#4343,.F.);
#4782=ORIENTED_EDGE('',*,*,#4781,.T.);
#4783=ORIENTED_EDGE('',*,*,#4009,.T.);
#4785=ORIENTED_EDGE('',*,*,#4784,.T.);
#4786=EDGE_LOOP('',(#4780,#4782,#4783,#4785));
#4787=FACE_OUTER_BOUND('',#4786,.F.);
#4788=ADVANCED_FACE('',(#4787),#4779,.F.);
#4789=CARTESIAN_POINT('',(5.75E0,0.E0,1.014712491677E1));
#4790=DIRECTION('',(-1.E0,0.E0,0.E0));
#4791=DIRECTION('',(0.E0,0.E0,-1.E0));
#4792=AXIS2_PLACEMENT_3D('',#4789,#4790,#4791);
#4793=PLANE('',#4792);
#4794=ORIENTED_EDGE('',*,*,#4362,.F.);
#4796=ORIENTED_EDGE('',*,*,#4795,.T.);
#4797=ORIENTED_EDGE('',*,*,#4025,.T.);
#4799=ORIENTED_EDGE('',*,*,#4798,.T.);
#4800=EDGE_LOOP('',(#4794,#4796,#4797,#4799));
#4801=FACE_OUTER_BOUND('',#4800,.F.);
#4802=ADVANCED_FACE('',(#4801),#4793,.F.);
#4803=CARTESIAN_POINT('',(5.75E0,0.E0,1.014712491677E1));
#4804=DIRECTION('',(-1.E0,0.E0,0.E0));
#4805=DIRECTION('',(0.E0,0.E0,-1.E0));
#4806=AXIS2_PLACEMENT_3D('',#4803,#4804,#4805);
#4807=PLANE('',#4806);
#4808=ORIENTED_EDGE('',*,*,#4377,.F.);
#4810=ORIENTED_EDGE('',*,*,#4809,.T.);
#4811=ORIENTED_EDGE('',*,*,#4041,.T.);
#4813=ORIENTED_EDGE('',*,*,#4812,.T.);
#4814=EDGE_LOOP('',(#4808,#4810,#4811,#4813));
#4815=FACE_OUTER_BOUND('',#4814,.F.);
#4816=ADVANCED_FACE('',(#4815),#4807,.F.);
#4817=CARTESIAN_POINT('',(5.75E0,0.E0,1.014712491677E1));
#4818=DIRECTION('',(-1.E0,0.E0,0.E0));
#4819=DIRECTION('',(0.E0,0.E0,-1.E0));
#4820=AXIS2_PLACEMENT_3D('',#4817,#4818,#4819);
#4821=PLANE('',#4820);
#4822=ORIENTED_EDGE('',*,*,#4392,.F.);
#4824=ORIENTED_EDGE('',*,*,#4823,.T.);
#4825=ORIENTED_EDGE('',*,*,#4057,.T.);
#4827=ORIENTED_EDGE('',*,*,#4826,.T.);
#4828=EDGE_LOOP('',(#4822,#4824,#4825,#4827));
#4829=FACE_OUTER_BOUND('',#4828,.F.);
#4830=ADVANCED_FACE('',(#4829),#4821,.F.);
#4831=CARTESIAN_POINT('',(5.75E0,0.E0,1.014712491677E1));
#4832=DIRECTION('',(-1.E0,0.E0,0.E0));
#4833=DIRECTION('',(0.E0,0.E0,-1.E0));
#4834=AXIS2_PLACEMENT_3D('',#4831,#4832,#4833);
#4835=PLANE('',#4834);
#4836=ORIENTED_EDGE('',*,*,#4073,.T.);
#4838=ORIENTED_EDGE('',*,*,#4837,.T.);
#4839=ORIENTED_EDGE('',*,*,#3895,.T.);
#4840=ORIENTED_EDGE('',*,*,#4085,.F.);
#4842=ORIENTED_EDGE('',*,*,#4841,.T.);
#4843=EDGE_LOOP('',(#4836,#4838,#4839,#4840,#4842));
#4844=FACE_OUTER_BOUND('',#4843,.F.);
#4845=ADVANCED_FACE('',(#4844),#4835,.F.);
#4846=CARTESIAN_POINT('',(0.E0,0.E0,0.E0));
#4847=DIRECTION('',(0.E0,1.E0,0.E0));
#4848=DIRECTION('',(1.E0,0.E0,0.E0));
#4849=AXIS2_PLACEMENT_3D('',#4846,#4847,#4848);
#4850=PLANE('',#4849);
#4851=ORIENTED_EDGE('',*,*,#4700,.T.);
#4852=ORIENTED_EDGE('',*,*,#4251,.T.);
#4853=ORIENTED_EDGE('',*,*,#4689,.F.);
#4855=ORIENTED_EDGE('',*,*,#4854,.F.);
#4856=EDGE_LOOP('',(#4851,#4852,#4853,#4855));
#4857=FACE_OUTER_BOUND('',#4856,.F.);
#4859=ORIENTED_EDGE('',*,*,#4858,.T.);
#4861=ORIENTED_EDGE('',*,*,#4860,.T.);
#4862=EDGE_LOOP('',(#4859,#4861));
#4863=FACE_BOUND('',#4862,.F.);
#4864=ADVANCED_FACE('',(#4857,#4863),#4850,.F.);
#4865=CARTESIAN_POINT('',(-6.283173153588E0,-5.435376613160E-1,
-9.729577861876E-1));
#4866=CARTESIAN_POINT('',(-6.386770503073E0,-5.265913657051E-1,
-3.039461452868E-1));
#4867=CARTESIAN_POINT('',(-6.378418483792E0,-4.926987744832E-1,
1.067315896799E0));
#4868=CARTESIAN_POINT('',(-5.720596347502E0,-4.418598876504E-1,
3.016334818045E0));
#4869=CARTESIAN_POINT('',(-4.484011545915E0,-3.910210008176E-1,
4.660159522064E0));
#4870=CARTESIAN_POINT('',(-2.793776190167E0,-3.401821139848E-1,
5.832519118958E0));
#4871=CARTESIAN_POINT('',(-8.208914997948E-1,-2.893432271520E-1,
6.414795102832E0));
#4872=CARTESIAN_POINT('',(1.235043484898E0,-2.385043403192E-1,
6.348080669884E0));
#4873=CARTESIAN_POINT('',(3.166027959286E0,-1.876654534864E-1,
5.639124682388E0));
#4874=CARTESIAN_POINT('',(4.776702344034E0,-1.368265666536E-1,
4.359653084974E0));
#4875=CARTESIAN_POINT('',(5.904113175488E0,-8.598767982083E-2,
2.639111195296E0));
#4876=CARTESIAN_POINT('',(6.434199217042E0,-3.514879298803E-2,
6.515678990716E-1));
#4877=CARTESIAN_POINT('',(6.313331156308E0,1.569009384477E-2,
-1.401895146838E0));
#4878=CARTESIAN_POINT('',(5.553737330701E0,6.652898067756E-2,
-3.313527116725E0));
#4879=CARTESIAN_POINT('',(4.232266575720E0,1.173678675104E-1,
-4.889926372027E0));
#4880=CARTESIAN_POINT('',(2.482613354355E0,1.682067543432E-1,
-5.971607088928E0));
#4881=CARTESIAN_POINT('',(4.817917601772E-1,2.190456411760E-1,
-6.449134592455E0));
#4882=CARTESIAN_POINT('',(-1.567773168208E0,2.698845280088E-1,
-6.274196967327E0));
#4883=CARTESIAN_POINT('',(-3.458724982349E0,3.207234148416E-1,
-5.464492820770E0));
#4884=CARTESIAN_POINT('',(-4.999754274602E0,3.715623016744E-1,
-4.101940697447E0));
#4885=CARTESIAN_POINT('',(-6.034953634288E0,4.224011885072E-1,
-2.324391301774E0));
#4886=CARTESIAN_POINT('',(-6.459590949880E0,4.732400753400E-1,
-3.116810100128E-1));
#4887=CARTESIAN_POINT('',(-6.230705257114E0,5.240789621728E-1,
1.732562348299E0));
#4888=CARTESIAN_POINT('',(-5.371453140931E0,5.749178490056E-1,
3.601520713054E0));
#4889=CARTESIAN_POINT('',(-3.968765961576E0,6.257567358384E-1,
5.106109774966E0));
#4890=CARTESIAN_POINT('',(-2.164554925556E0,6.765956226711E-1,
6.094108816392E0));
#4891=CARTESIAN_POINT('',(-1.413537928443E-1,7.274345095039E-1,
6.465561027244E0));
#4892=CARTESIAN_POINT('',(1.896148238587E0,7.782733963367E-1,6.182886231290E0));
#4893=CARTESIAN_POINT('',(3.741815135133E0,8.291122831695E-1,5.274682908599E0));
#4894=CARTESIAN_POINT('',(5.208919007673E0,8.799511700023E-1,3.832834859902E0));
#4895=CARTESIAN_POINT('',(6.149031551103E0,9.307900568351E-1,2.003215234395E0));
#4896=CARTESIAN_POINT('',(6.467040678243E0,9.816289436679E-1,
-2.907159659344E-2));
#4897=CARTESIAN_POINT('',(6.130773100865E0,1.032467830501E0,-2.058417226288E0));
#4898=CARTESIAN_POINT('',(5.174249332110E0,1.083306717334E0,-3.879510812065E0));
#4899=CARTESIAN_POINT('',(3.694241798555E0,1.134145604166E0,-5.308110570211E0));
#4900=CARTESIAN_POINT('',(1.840484281058E0,1.184984490999E0,-6.199683693782E0));
#4901=CARTESIAN_POINT('',(-1.994767953836E-1,1.235823377832E0,
-6.464028875235E0));
#4902=CARTESIAN_POINT('',(-2.219256613224E0,1.286662264665E0,
-6.074402059169E0));
#4903=CARTESIAN_POINT('',(-4.014512112196E0,1.337501151498E0,
-5.070222164048E0));
#4904=CARTESIAN_POINT('',(-5.403615572594E0,1.388340038330E0,
-3.553083032437E0));
#4905=CARTESIAN_POINT('',(-6.246030065779E0,1.439178925163E0,
-1.676475084563E0));
#4906=CARTESIAN_POINT('',(-6.456527709964E0,1.490017811996E0,
3.697434546322E-1));
#4907=CARTESIAN_POINT('',(-6.013812256710E0,1.540856698829E0,2.378554694098E0));
#4908=CARTESIAN_POINT('',(-4.962673652797E0,1.591695585662E0,4.146725275155E0));
#4909=CARTESIAN_POINT('',(-3.409456598369E0,1.642534472494E0,5.495367685206E0));
#4910=CARTESIAN_POINT('',(-1.511301551688E0,1.693373359327E0,6.288038478861E0));
#4911=CARTESIAN_POINT('',(5.397533216626E-1,1.744212246160E0,6.444542392096E0));
#4912=CARTESIAN_POINT('',(2.536200834070E0,1.795051132993E0,5.949045773990E0));
#4913=CARTESIAN_POINT('',(4.276058476974E0,1.845890019826E0,4.851678492364E0));
#4914=CARTESIAN_POINT('',(5.583303184869E0,1.896728906658E0,3.263462247002E0));
#4915=CARTESIAN_POINT('',(6.325679757575E0,1.947567793491E0,1.345078397859E0));
#4916=CARTESIAN_POINT('',(6.428081245610E0,1.998406680324E0,
-7.093883221446E-1));
#4917=CARTESIAN_POINT('',(5.880147592278E0,2.049245567157E0,-2.692085545599E0));
#4918=CARTESIAN_POINT('',(4.737313770499E0,2.100084453990E0,-4.402421893860E0));
#4919=CARTESIAN_POINT('',(3.115201373575E0,2.150923340822E0,-5.667360999091E0));
#4920=CARTESIAN_POINT('',(1.177921067349E0,2.201762227655E0,-6.358927759519E0));
#4921=CARTESIAN_POINT('',(-8.785306416130E-1,2.252601114488E0,
-6.407155702951E0));
#4922=CARTESIAN_POINT('',(-2.846100566290E0,2.303440001321E0,
-5.807165562595E0));
#4923=CARTESIAN_POINT('',(-4.525727757825E0,2.354278888153E0,
-4.619658914308E0));
#4924=CARTESIAN_POINT('',(-5.747482773700E0,2.405117774986E0,
-2.964776950627E0));
#4925=CARTESIAN_POINT('',(-6.387759299406E0,2.455956661819E0,
-1.009945641414E0));
#4926=CARTESIAN_POINT('',(-6.381780648273E0,2.506795548652E0,1.047062763681E0));
#4927=CARTESIAN_POINT('',(-5.730149061845E0,2.557634435485E0,2.998139096842E0));
#4928=CARTESIAN_POINT('',(-4.498800526457E0,2.608473322317E0,4.645889810225E0));
#4929=CARTESIAN_POINT('',(-2.812275201682E0,2.659312209150E0,5.823615180276E0));
#4930=CARTESIAN_POINT('',(-1.498316324230E0,2.693204800372E0,6.215968863395E0));
#4931=CARTESIAN_POINT('',(-8.270834892542E-1,2.710151095983E0,
6.304033996853E0));
#4932=CARTESIAN_POINT('',(-5.997867682815E0,-3.768532506495E-1,
-9.287778515518E-1));
#4933=CARTESIAN_POINT('',(-6.096760897964E0,-3.599069550386E-1,
-2.901446001199E-1));
#4934=CARTESIAN_POINT('',(-6.088788126037E0,-3.260143638167E-1,
1.018851361928E0));
#4935=CARTESIAN_POINT('',(-5.460836287714E0,-2.751754769839E-1,
2.879369497460E0));
#4936=CARTESIAN_POINT('',(-4.280402160372E0,-2.243365901511E-1,
4.448551633212E0));
#4937=CARTESIAN_POINT('',(-2.666916781444E0,-1.734977033183E-1,
5.567676885209E0));
#4938=CARTESIAN_POINT('',(-7.836165703797E-1,-1.226588164855E-1,
6.123512960515E0));
#4939=CARTESIAN_POINT('',(1.178962798552E0,-7.181992965269E-2,
6.059827887451E0));
#4940=CARTESIAN_POINT('',(3.022265392932E0,-2.098104281990E-2,
5.383064076873E0));
#4941=CARTESIAN_POINT('',(4.559802494595E0,2.985784401290E-2,4.161690551488E0));
#4942=CARTESIAN_POINT('',(5.636020008571E0,8.069673084570E-2,2.519274793594E0));
#4943=CARTESIAN_POINT('',(6.142035975349E0,1.315356176785E-1,
6.219815926558E-1));
#4944=CARTESIAN_POINT('',(6.026656275055E0,1.823745045113E-1,
-1.338238082952E0));
#4945=CARTESIAN_POINT('',(5.301553982422E0,2.332133913441E-1,
-3.163066928720E0));
#4946=CARTESIAN_POINT('',(4.040088391495E0,2.840522781769E-1,
-4.667885261347E0));
#4947=CARTESIAN_POINT('',(2.369883185299E0,3.348911650097E-1,
-5.700449167583E0));
#4948=CARTESIAN_POINT('',(4.599146255523E-1,3.857300518425E-1,
-6.156293167270E0));
#4949=CARTESIAN_POINT('',(-1.496583937721E0,4.365689386753E-1,
-5.989299085997E0));
#4950=CARTESIAN_POINT('',(-3.301671669438E0,4.874078255081E-1,
-5.216361875043E0));
#4951=CARTESIAN_POINT('',(-4.772726113480E0,5.382467123409E-1,
-3.915680332952E0));
#4952=CARTESIAN_POINT('',(-5.760919281639E0,5.890855991737E-1,
-2.218845658131E0));
#4953=CARTESIAN_POINT('',(-6.166274723841E0,6.399244860065E-1,
-2.975282411619E-1));
#4954=CARTESIAN_POINT('',(-5.947782241437E0,6.907633728393E-1,
1.653890393167E0));
#4955=CARTESIAN_POINT('',(-5.127546928313E0,7.416022596721E-1,
3.437983351052E0));
#4956=CARTESIAN_POINT('',(-3.788552777349E0,7.924411465049E-1,
4.874252237770E0));
#4957=CARTESIAN_POINT('',(-2.066267110314E0,8.432800333377E-1,
5.817388353291E0));
#4958=CARTESIAN_POINT('',(-1.349352190716E-1,8.941189201705E-1,
6.171973712746E0));
#4959=CARTESIAN_POINT('',(1.810048197629E0,9.449578070033E-1,5.902134575425E0));
#4960=CARTESIAN_POINT('',(3.571907303122E0,9.957966938361E-1,5.035170825511E0));
#4961=CARTESIAN_POINT('',(4.972393122841E0,1.046635580669E0,3.658794016625E0));
#4962=CARTESIAN_POINT('',(5.869817163945E0,1.097474467502E0,1.912253509875E0));
#4963=CARTESIAN_POINT('',(6.173386175953E0,1.148313354334E0,
-2.775151749495E-2));
#4964=CARTESIAN_POINT('',(5.852387790929E0,1.199152241167E0,-1.964948897238E0));
#4965=CARTESIAN_POINT('',(4.939297723184E0,1.249991128E0,-3.703350513510E0));
#4966=CARTESIAN_POINT('',(3.526494170132E0,1.300830014833E0,-5.067080608417E0));
#4967=CARTESIAN_POINT('',(1.756911821502E0,1.351668901666E0,-5.918169301028E0));
#4968=CARTESIAN_POINT('',(-1.904189802281E-1,1.402507788498E0,
-6.170511132486E0));
#4969=CARTESIAN_POINT('',(-2.118484911199E0,1.453346675331E0,
-5.798576437815E0));
#4970=CARTESIAN_POINT('',(-3.832221692992E0,1.504185562164E0,
-4.839994206600E0));
#4971=CARTESIAN_POINT('',(-5.158248932660E0,1.555024448997E0,
-3.391745122040E0));
#4972=CARTESIAN_POINT('',(-5.962411183277E0,1.605863335830E0,
-1.600349932263E0));
#4973=CARTESIAN_POINT('',(-6.163350579106E0,1.656702222662E0,
3.529541942043E-1));
#4974=CARTESIAN_POINT('',(-5.740737888854E0,1.707541109495E0,2.270549606514E0));
#4975=CARTESIAN_POINT('',(-4.737329243500E0,1.758379996328E0,3.958431338656E0));
#4976=CARTESIAN_POINT('',(-3.254640457527E0,1.809218883161E0,5.245834777840E0));
#4977=CARTESIAN_POINT('',(-1.442676576672E0,1.860057769994E0,6.002512084060E0));
#4978=CARTESIAN_POINT('',(5.152442763484E-1,1.910896656826E0,6.151909488920E0));
#4979=CARTESIAN_POINT('',(2.421037372034E0,1.961735543659E0,5.678912313761E0));
#4980=CARTESIAN_POINT('',(4.081891796062E0,2.012574430492E0,4.631374136194E0));
#4981=CARTESIAN_POINT('',(5.329777314311E0,2.063413317325E0,3.115275397782E0));
#4982=CARTESIAN_POINT('',(6.038444152717E0,2.114252204158E0,1.284001261172E0));
#4983=CARTESIAN_POINT('',(6.136195807931E0,2.165091090990E0,
-6.771765138332E-1));
#4984=CARTESIAN_POINT('',(5.613142651300E0,2.215929977823E0,-2.569843691814E0));
#4985=CARTESIAN_POINT('',(4.522202472042E0,2.266768864656E0,-4.202517320125E0));
#4986=CARTESIAN_POINT('',(2.973746733902E0,2.317607751489E0,-5.410018242753E0));
#4987=CARTESIAN_POINT('',(1.124434187958E0,2.368446638322E0,-6.070182433917E0));
#4988=CARTESIAN_POINT('',(-8.386384418968E-1,2.419285525154E0,
-6.116220449462E0));
#4989=CARTESIAN_POINT('',(-2.716865219422E0,2.470124411987E0,
-5.543474579680E0));
#4990=CARTESIAN_POINT('',(-4.320224128213E0,2.520963298820E0,
-4.409890071537E0));
#4991=CARTESIAN_POINT('',(-5.486501858734E0,2.571802185653E0,
-2.830152762663E0));
#4992=CARTESIAN_POINT('',(-6.097704795168E0,2.622641072486E0,
-9.640861672860E-1));
#4993=CARTESIAN_POINT('',(-6.091997621811E0,2.673479959318E0,
9.995178803208E-1));
#4994=CARTESIAN_POINT('',(-5.469955233706E0,2.724318846151E0,2.862000005087E0));
#4995=CARTESIAN_POINT('',(-4.294519604900E0,2.775157732984E0,4.434929878504E0));
#4996=CARTESIAN_POINT('',(-2.684575792363E0,2.825996619817E0,5.559177255362E0));
#4997=CARTESIAN_POINT('',(-1.430280980654E0,2.859889211039E0,5.933714995878E0));
#4998=CARTESIAN_POINT('',(-7.895273948251E-1,2.876835506650E0,
6.017781279750E0));
#4999=CARTESIAN_POINT('',(-5.712562212041E0,-2.101688399830E-1,
-8.845979169160E-1));
#5000=CARTESIAN_POINT('',(-5.806751292855E0,-1.932225443720E-1,
-2.763430549530E-1));
#5001=CARTESIAN_POINT('',(-5.799157768282E0,-1.593299531502E-1,
9.703868270578E-1));
#5002=CARTESIAN_POINT('',(-5.201076227927E0,-1.084910663174E-1,
2.742404176875E0));
#5003=CARTESIAN_POINT('',(-4.076792774829E0,-5.765217948456E-2,
4.236943744360E0));
#5004=CARTESIAN_POINT('',(-2.540057372720E0,-6.813292651761E-3,
5.302834651459E0));
#5005=CARTESIAN_POINT('',(-7.463416409645E-1,4.402559418104E-2,
5.832230818197E0));
#5006=CARTESIAN_POINT('',(1.122882112206E0,9.486448101384E-2,5.771575105018E0));
#5007=CARTESIAN_POINT('',(2.878502826578E0,1.457033678466E-1,5.127003471359E0));
#5008=CARTESIAN_POINT('',(4.342902645157E0,1.965422546794E-1,3.963728018002E0));
#5009=CARTESIAN_POINT('',(5.367926841654E0,2.473811415122E-1,2.399438391892E0));
#5010=CARTESIAN_POINT('',(5.849872733656E0,2.982200283450E-1,
5.923952862400E-1));
#5011=CARTESIAN_POINT('',(5.739981393801E0,3.490589151778E-1,
-1.274581019066E0));
#5012=CARTESIAN_POINT('',(5.049370634143E0,3.998978020106E-1,
-3.012606740715E0));
#5013=CARTESIAN_POINT('',(3.847910207271E0,4.507366888434E-1,
-4.445844150666E0));
#5014=CARTESIAN_POINT('',(2.257153016243E0,5.015755756762E-1,
-5.429291246237E0));
#5015=CARTESIAN_POINT('',(4.380374909275E-1,5.524144625090E-1,
-5.863451742085E0));
#5016=CARTESIAN_POINT('',(-1.425394707234E0,6.032533493418E-1,
-5.704401204666E0));
#5017=CARTESIAN_POINT('',(-3.144618356527E0,6.540922361746E-1,
-4.968230929315E0));
#5018=CARTESIAN_POINT('',(-4.545697952359E0,7.049311230074E-1,
-3.729419968458E0));
#5019=CARTESIAN_POINT('',(-5.486884928990E0,7.557700098402E-1,
-2.113300014488E0));
#5020=CARTESIAN_POINT('',(-5.872958497802E0,8.066088966730E-1,
-2.833754723110E-1));
#5021=CARTESIAN_POINT('',(-5.664859225761E0,8.574477835058E-1,
1.575218438035E0));
#5022=CARTESIAN_POINT('',(-4.883640715696E0,9.082866703386E-1,
3.274445989050E0));
#5023=CARTESIAN_POINT('',(-3.608339593122E0,9.591255571714E-1,
4.642394700574E0));
#5024=CARTESIAN_POINT('',(-1.967979295073E0,1.009964444004E0,5.540667890189E0));
#5025=CARTESIAN_POINT('',(-1.285166452989E-1,1.060803330837E0,
5.878386398247E0));
#5026=CARTESIAN_POINT('',(1.723948156672E0,1.111642217670E0,5.621382919560E0));
#5027=CARTESIAN_POINT('',(3.401999471111E0,1.162481104503E0,4.795658742423E0));
#5028=CARTESIAN_POINT('',(4.735867238009E0,1.213319991335E0,3.484753173349E0));
#5029=CARTESIAN_POINT('',(5.590602776786E0,1.264158878168E0,1.821291785355E0));
#5030=CARTESIAN_POINT('',(5.879731673663E0,1.314997765001E0,
-2.643143839647E-2));
#5031=CARTESIAN_POINT('',(5.574002480992E0,1.365836651834E0,-1.871480568189E0));
#5032=CARTESIAN_POINT('',(4.704346114258E0,1.416675538667E0,-3.527190214956E0));
#5033=CARTESIAN_POINT('',(3.358746541708E0,1.467514425499E0,-4.826050646623E0));
#5034=CARTESIAN_POINT('',(1.673339361947E0,1.518353312332E0,-5.636654908274E0));
#5035=CARTESIAN_POINT('',(-1.813611650726E-1,1.569192199165E0,
-5.876993389737E0));
#5036=CARTESIAN_POINT('',(-2.017713209175E0,1.620031085998E0,
-5.522750816462E0));
#5037=CARTESIAN_POINT('',(-3.649931273789E0,1.670869972831E0,
-4.609766249153E0));
#5038=CARTESIAN_POINT('',(-4.912882292726E0,1.721708859663E0,
-3.230407211642E0));
#5039=CARTESIAN_POINT('',(-5.678792300776E0,1.772547746496E0,
-1.524224779964E0));
#5040=CARTESIAN_POINT('',(-5.870173448247E0,1.823386633329E0,
3.361649337764E-1));
#5041=CARTESIAN_POINT('',(-5.467663520999E0,1.874225520162E0,2.162544518929E0));
#5042=CARTESIAN_POINT('',(-4.511984834202E0,1.925064406995E0,3.770137402156E0));
#5043=CARTESIAN_POINT('',(-3.099824316685E0,1.975903293827E0,4.996301870474E0));
#5044=CARTESIAN_POINT('',(-1.374051601656E0,2.026742180660E0,5.716985689259E0));
#5045=CARTESIAN_POINT('',(4.907352310341E-1,2.077581067493E0,5.859276585743E0));
#5046=CARTESIAN_POINT('',(2.305873909998E0,2.128419954326E0,5.408778853531E0));
#5047=CARTESIAN_POINT('',(3.887725115150E0,2.179258841159E0,4.411069780024E0));
#5048=CARTESIAN_POINT('',(5.076251443753E0,2.230097727991E0,2.967088548562E0));
#5049=CARTESIAN_POINT('',(5.751208547859E0,2.280936614824E0,1.222924124485E0));
#5050=CARTESIAN_POINT('',(5.844310370252E0,2.331775501657E0,
-6.449647055218E-1));
#5051=CARTESIAN_POINT('',(5.346137710321E0,2.382614388490E0,-2.447601838028E0));
#5052=CARTESIAN_POINT('',(4.307091173586E0,2.433453275323E0,-4.002612746390E0));
#5053=CARTESIAN_POINT('',(2.832292094229E0,2.484292162155E0,-5.152675486416E0));
#5054=CARTESIAN_POINT('',(1.070947308568E0,2.535131048988E0,-5.781437108316E0));
#5055=CARTESIAN_POINT('',(-7.987462421806E-1,2.585969935821E0,
-5.825285195974E0));
#5056=CARTESIAN_POINT('',(-2.587629872554E0,2.636808822654E0,
-5.279783596765E0));
#5057=CARTESIAN_POINT('',(-4.114720498602E0,2.687647709487E0,
-4.200121228765E0));
#5058=CARTESIAN_POINT('',(-5.225520943768E0,2.738486596319E0,
-2.695528574700E0));
#5059=CARTESIAN_POINT('',(-5.807650290930E0,2.789325483152E0,
-9.182266931579E-1));
#5060=CARTESIAN_POINT('',(-5.802214595349E0,2.840164369985E0,
9.519729969602E-1));
#5061=CARTESIAN_POINT('',(-5.209761405567E0,2.891003256818E0,2.725860913332E0));
#5062=CARTESIAN_POINT('',(-4.090238683343E0,2.941842143651E0,4.223969946784E0));
#5063=CARTESIAN_POINT('',(-2.556876383045E0,2.992681030483E0,5.294739330447E0));
#5064=CARTESIAN_POINT('',(-1.362245637078E0,3.026573621705E0,5.651461128360E0));
#5065=CARTESIAN_POINT('',(-7.519713003959E-1,3.043519917316E0,
5.731528562647E0));
#5066=CARTESIAN_POINT('',(-5.427256741268E0,-4.348442931642E-2,
-8.404179822802E-1));
#5067=CARTESIAN_POINT('',(-5.516741687747E0,-2.653813370549E-2,
-2.625415097861E-1));
#5068=CARTESIAN_POINT('',(-5.509527410527E0,7.354457516374E-3,
9.219222921872E-1));
#5069=CARTESIAN_POINT('',(-4.941316168140E0,5.819334434917E-2,
2.605438856290E0));
#5070=CARTESIAN_POINT('',(-3.873183389286E0,1.090322311820E-1,
4.025335855508E0));
#5071=CARTESIAN_POINT('',(-2.413197963997E0,1.598711180148E-1,
5.037992417710E0));
#5072=CARTESIAN_POINT('',(-7.090667115494E-1,2.107100048476E-1,
5.540948675879E0));
#5073=CARTESIAN_POINT('',(1.066801425860E0,2.615488916804E-1,5.483322322585E0));
#5074=CARTESIAN_POINT('',(2.734740260224E0,3.123877785132E-1,4.870942865844E0));
#5075=CARTESIAN_POINT('',(4.126002795718E0,3.632266653460E-1,3.765765484515E0));
#5076=CARTESIAN_POINT('',(5.099833674737E0,4.140655521788E-1,2.279601990190E0));
#5077=CARTESIAN_POINT('',(5.557709491964E0,4.649044390116E-1,
5.628089798242E-1));
#5078=CARTESIAN_POINT('',(5.453306512548E0,5.157433258444E-1,
-1.210923955180E0));
#5079=CARTESIAN_POINT('',(4.797187285864E0,5.665822126772E-1,
-2.862146552710E0));
#5080=CARTESIAN_POINT('',(3.655732023046E0,6.174210995100E-1,
-4.223803039986E0));
#5081=CARTESIAN_POINT('',(2.144422847187E0,6.682599863428E-1,
-5.158133324892E0));
#5082=CARTESIAN_POINT('',(4.161603563027E-1,7.190988731756E-1,
-5.570610316899E0));
#5083=CARTESIAN_POINT('',(-1.354205476747E0,7.699377600084E-1,
-5.419503323336E0));
#5084=CARTESIAN_POINT('',(-2.987565043616E0,8.207766468411E-1,
-4.720099983588E0));
#5085=CARTESIAN_POINT('',(-4.318669791237E0,8.716155336739E-1,
-3.543159603963E0));
#5086=CARTESIAN_POINT('',(-5.212850576340E0,9.224544205067E-1,
-2.007754370845E0));
#5087=CARTESIAN_POINT('',(-5.579642271763E0,9.732933073395E-1,
-2.692227034601E-1));
#5088=CARTESIAN_POINT('',(-5.381936210084E0,1.024132194172E0,1.496546482903E0));
#5089=CARTESIAN_POINT('',(-4.639734503079E0,1.074971081005E0,3.110908627048E0));
#5090=CARTESIAN_POINT('',(-3.428126408895E0,1.125809967838E0,4.410537163378E0));
#5091=CARTESIAN_POINT('',(-1.869691479831E0,1.176648854671E0,5.263947427088E0));
#5092=CARTESIAN_POINT('',(-1.220980715262E-1,1.227487741504E0,
5.584799083748E0));
#5093=CARTESIAN_POINT('',(1.637848115715E0,1.278326628336E0,5.340631263695E0));
#5094=CARTESIAN_POINT('',(3.232091639099E0,1.329165515169E0,4.556146659335E0));
#5095=CARTESIAN_POINT('',(4.499341353177E0,1.380004402002E0,3.310712330073E0));
#5096=CARTESIAN_POINT('',(5.311388389628E0,1.430843288835E0,1.730330060834E0));
#5097=CARTESIAN_POINT('',(5.586077171373E0,1.481682175668E0,
-2.511135929798E-2));
#5098=CARTESIAN_POINT('',(5.295617171055E0,1.532521062500E0,-1.778012239139E0));
#5099=CARTESIAN_POINT('',(4.469394505332E0,1.583359949333E0,-3.351029916401E0));
#5100=CARTESIAN_POINT('',(3.190998913285E0,1.634198836166E0,-4.585020684830E0));
#5101=CARTESIAN_POINT('',(1.589766902391E0,1.685037722999E0,-5.355140515520E0));
#5102=CARTESIAN_POINT('',(-1.723033499171E-1,1.735876609832E0,
-5.583475646988E0));
#5103=CARTESIAN_POINT('',(-1.916941507150E0,1.786715496664E0,
-5.246925195109E0));
#5104=CARTESIAN_POINT('',(-3.467640854585E0,1.837554383497E0,
-4.379538291705E0));
#5105=CARTESIAN_POINT('',(-4.667515652792E0,1.888393270330E0,
-3.069069301244E0));
#5106=CARTESIAN_POINT('',(-5.395173418275E0,1.939232157163E0,
-1.448099627664E0));
#5107=CARTESIAN_POINT('',(-5.576996317389E0,1.990071043996E0,
3.193756733485E-1));
#5108=CARTESIAN_POINT('',(-5.194589153143E0,2.040909930828E0,2.054539431345E0));
#5109=CARTESIAN_POINT('',(-4.286640424905E0,2.091748817661E0,3.581843465657E0));
#5110=CARTESIAN_POINT('',(-2.945008175843E0,2.142587704494E0,4.746768963107E0));
#5111=CARTESIAN_POINT('',(-1.305426626641E0,2.193426591327E0,5.431459294458E0));
#5112=CARTESIAN_POINT('',(4.662261857199E-1,2.244265478160E0,5.566643682566E0));
#5113=CARTESIAN_POINT('',(2.190710447962E0,2.295104364992E0,5.138645393301E0));
#5114=CARTESIAN_POINT('',(3.693558434238E0,2.345943251825E0,4.190765423854E0));
#5115=CARTESIAN_POINT('',(4.822725573195E0,2.396782138658E0,2.818901699342E0));
#5116=CARTESIAN_POINT('',(5.463972943001E0,2.447621025491E0,1.161846987799E0));
#5117=CARTESIAN_POINT('',(5.552424932573E0,2.498459912323E0,
-6.127528972104E-1));
#5118=CARTESIAN_POINT('',(5.079132769342E0,2.549298799156E0,-2.325359984243E0));
#5119=CARTESIAN_POINT('',(4.091979875130E0,2.600137685989E0,-3.802708172655E0));
#5120=CARTESIAN_POINT('',(2.690837454557E0,2.650976572822E0,-4.895332730079E0));
#5121=CARTESIAN_POINT('',(1.017460429178E0,2.701815459655E0,-5.492691782714E0));
#5122=CARTESIAN_POINT('',(-7.588540424644E-1,2.752654346487E0,
-5.534349942486E0));
#5123=CARTESIAN_POINT('',(-2.458394525686E0,2.803493233320E0,
-5.016092613849E0));
#5124=CARTESIAN_POINT('',(-3.909216868991E0,2.854332120153E0,
-3.990352385994E0));
#5125=CARTESIAN_POINT('',(-4.964540028802E0,2.905171006986E0,
-2.560904386736E0));
#5126=CARTESIAN_POINT('',(-5.517595786692E0,2.956009893819E0,
-8.723672190298E-1));
#5127=CARTESIAN_POINT('',(-5.512431568888E0,3.006848780651E0,
9.044281135997E-1));
#5128=CARTESIAN_POINT('',(-4.949567577428E0,3.057687667484E0,2.589721821577E0));
#5129=CARTESIAN_POINT('',(-3.885957761786E0,3.108526554317E0,4.013010015064E0));
#5130=CARTESIAN_POINT('',(-2.429176973726E0,3.159365441150E0,5.030301405533E0));
#5131=CARTESIAN_POINT('',(-1.294210293502E0,3.193258032372E0,5.369207260842E0));
#5132=CARTESIAN_POINT('',(-7.144152059668E-1,3.210204327983E0,
5.445275845543E0));
#5133=B_SPLINE_SURFACE_WITH_KNOTS('',3,3,((#4865,#4866,#4867,#4868,#4869,#4870,
#4871,#4872,#4873,#4874,#4875,#4876,#4877,#4878,#4879,#4880,#4881,#4882,#4883,
#4884,#4885,#4886,#4887,#4888,#4889,#4890,#4891,#4892,#4893,#4894,#4895,#4896,
#4897,#4898,#4899,#4900,#4901,#4902,#4903,#4904,#4905,#4906,#4907,#4908,#4909,
#4910,#4911,#4912,#4913,#4914,#4915,#4916,#4917,#4918,#4919,#4920,#4921,#4922,
#4923,#4924,#4925,#4926,#4927,#4928,#4929,#4930,#4931),(#4932,#4933,#4934,#4935,
#4936,#4937,#4938,#4939,#4940,#4941,#4942,#4943,#4944,#4945,#4946,#4947,#4948,
#4949,#4950,#4951,#4952,#4953,#4954,#4955,#4956,#4957,#4958,#4959,#4960,#4961,
#4962,#4963,#4964,#4965,#4966,#4967,#4968,#4969,#4970,#4971,#4972,#4973,#4974,
#4975,#4976,#4977,#4978,#4979,#4980,#4981,#4982,#4983,#4984,#4985,#4986,#4987,
#4988,#4989,#4990,#4991,#4992,#4993,#4994,#4995,#4996,#4997,#4998),(#4999,#5000,
#5001,#5002,#5003,#5004,#5005,#5006,#5007,#5008,#5009,#5010,#5011,#5012,#5013,
#5014,#5015,#5016,#5017,#5018,#5019,#5020,#5021,#5022,#5023,#5024,#5025,#5026,
#5027,#5028,#5029,#5030,#5031,#5032,#5033,#5034,#5035,#5036,#5037,#5038,#5039,
#5040,#5041,#5042,#5043,#5044,#5045,#5046,#5047,#5048,#5049,#5050,#5051,#5052,
#5053,#5054,#5055,#5056,#5057,#5058,#5059,#5060,#5061,#5062,#5063,#5064,#5065),(
#5066,#5067,#5068,#5069,#5070,#5071,#5072,#5073,#5074,#5075,#5076,#5077,#5078,
#5079,#5080,#5081,#5082,#5083,#5084,#5085,#5086,#5087,#5088,#5089,#5090,#5091,
#5092,#5093,#5094,#5095,#5096,#5097,#5098,#5099,#5100,#5101,#5102,#5103,#5104,
#5105,#5106,#5107,#5108,#5109,#5110,#5111,#5112,#5113,#5114,#5115,#5116,#5117,
#5118,#5119,#5120,#5121,#5122,#5123,#5124,#5125,#5126,#5127,#5128,#5129,#5130,
#5131,#5132)),.UNSPECIFIED.,.F.,.F.,.F.,(4,4),(4,1,1,1,1,1,1,1,1,1,1,1,1,1,1,1,
1,1,1,1,1,1,1,1,1,1,1,1,1,1,1,1,1,1,1,1,1,1,1,1,1,1,1,1,1,1,1,1,1,1,1,1,1,1,1,1,
1,1,1,1,1,1,1,1,4),(-4.132350269520E-2,1.041323502695E0),(1.296951400931E-1,
1.435602910475E-1,1.574254420019E-1,1.712905929563E-1,1.851557439107E-1,
1.990208948651E-1,2.128860458195E-1,2.267511967739E-1,2.406163477283E-1,
2.544814986827E-1,2.683466496371E-1,2.822118005915E-1,2.960769515459E-1,
3.099421025003E-1,3.238072534547E-1,3.376724044091E-1,3.515375553635E-1,
3.654027063179E-1,3.792678572723E-1,3.931330082267E-1,4.069981591811E-1,
4.208633101355E-1,4.347284610899E-1,4.485936120443E-1,4.624587629987E-1,
4.763239139531E-1,4.901890649075E-1,5.040542158619E-1,5.179193668163E-1,
5.317845177707E-1,5.456496687251E-1,5.595148196795E-1,5.733799706339E-1,
5.872451215883E-1,6.011102725427E-1,6.149754234971E-1,6.288405744515E-1,
6.427057254059E-1,6.565708763603E-1,6.704360273147E-1,6.843011782691E-1,
6.981663292235E-1,7.120314801779E-1,7.258966311323E-1,7.397617820867E-1,
7.536269330411E-1,7.674920839955E-1,7.813572349499E-1,7.952223859043E-1,
8.090875368587E-1,8.229526878131E-1,8.368178387675E-1,8.506829897219E-1,
8.645481406763E-1,8.784132916306E-1,8.922784425850E-1,9.061435935394E-1,
9.200087444938E-1,9.338738954482E-1,9.477390464026E-1,9.616041973570E-1,
9.754693483114E-1,9.893344992658E-1,1.003199650220E0,1.017064801175E0),
.UNSPECIFIED.);
#5134=ORIENTED_EDGE('',*,*,#4100,.F.);
#5135=ORIENTED_EDGE('',*,*,#4255,.T.);
#5136=ORIENTED_EDGE('',*,*,#4702,.F.);
#5137=ORIENTED_EDGE('',*,*,#4854,.T.);
#5138=ORIENTED_EDGE('',*,*,#4687,.T.);
#5140=ORIENTED_EDGE('',*,*,#5139,.F.);
#5141=ORIENTED_EDGE('',*,*,#3955,.T.);
#5142=ORIENTED_EDGE('',*,*,#4130,.F.);
#5143=ORIENTED_EDGE('',*,*,#4285,.T.);
#5144=ORIENTED_EDGE('',*,*,#4729,.F.);
#5145=ORIENTED_EDGE('',*,*,#3939,.T.);
#5146=ORIENTED_EDGE('',*,*,#4115,.F.);
#5147=ORIENTED_EDGE('',*,*,#4270,.T.);
#5148=ORIENTED_EDGE('',*,*,#4716,.F.);
#5149=ORIENTED_EDGE('',*,*,#3923,.T.);
#5150=EDGE_LOOP('',(#5134,#5135,#5136,#5137,#5138,#5140,#5141,#5142,#5143,#5144,
#5145,#5146,#5147,#5148,#5149));
#5151=FACE_OUTER_BOUND('',#5150,.F.);
#5152=ADVANCED_FACE('',(#5151),#5133,.F.);
#5153=CARTESIAN_POINT('',(-5.295762226E0,2.574246825009E0,3.518496010705E0));
#5154=CARTESIAN_POINT('',(-4.856685444248E0,2.594107936120E0,4.179359694517E0));
#5155=CARTESIAN_POINT('',(-3.728388109725E0,2.633830158343E0,5.334525765741E0));
#5156=CARTESIAN_POINT('',(-1.519331220753E0,2.693413491676E0,6.328504341247E0));
#5157=CARTESIAN_POINT('',(9.001568898177E-1,2.752996825009E0,6.445767657287E0));
#5158=CARTESIAN_POINT('',(3.194959466498E0,2.812580158343E0,5.670139482766E0));
#5159=CARTESIAN_POINT('',(5.047174834294E0,2.872163491676E0,4.109046253765E0));
#5160=CARTESIAN_POINT('',(6.200226411791E0,2.931746825009E0,1.978744692412E0));
#5161=CARTESIAN_POINT('',(6.494385816698E0,2.991330158343E0,
-4.256645484289E-1));
#5162=CARTESIAN_POINT('',(5.888904582662E0,3.050913491676E0,-2.771108147637E0));
#5163=CARTESIAN_POINT('',(4.467657484820E0,3.110496825009E0,-4.732681496088E0));
#5164=CARTESIAN_POINT('',(2.427524083647E0,3.170080158343E0,-6.038655840753E0));
#5165=CARTESIAN_POINT('',(5.111570520871E-2,3.229663491676E0,
-6.508119907271E0));
#5166=CARTESIAN_POINT('',(-2.332373522421E0,3.289246825009E0,
-6.076040758054E0));
#5167=CARTESIAN_POINT('',(-4.392768591626E0,3.348830158343E0,
-4.802272549781E0));
#5168=CARTESIAN_POINT('',(-5.844651405841E0,3.408413491676E0,
-2.863265179139E0));
#5169=CARTESIAN_POINT('',(-6.486898580872E0,3.467996825009E0,
-5.276214015557E-1));
#5170=CARTESIAN_POINT('',(-6.230542244042E0,3.527580158343E0,1.881111609422E0));
#5171=CARTESIAN_POINT('',(-5.111094389519E0,3.587163491676E0,4.029261927861E0));
#5172=CARTESIAN_POINT('',(-3.283627547093E0,3.646746825009E0,5.619255081758E0));
#5173=CARTESIAN_POINT('',(-1.001293219277E0,3.706330158343E0,6.430835826774E0));
#5174=CARTESIAN_POINT('',(1.419746160271E0,3.765913491676E0,6.351579203811E0));
#5175=CARTESIAN_POINT('',(3.644113914748E0,3.825496825009E0,5.392464308480E0));
#5176=CARTESIAN_POINT('',(5.363677482667E0,3.885080158343E0,3.686353401917E0));
#5177=CARTESIAN_POINT('',(6.340232760519E0,3.944663491676E0,1.469587045509E0));
#5178=CARTESIAN_POINT('',(6.438501542356E0,4.004246825009E0,
-9.507551898211E-1));
#5179=CARTESIAN_POINT('',(5.644871056007E0,4.063830158343E0,-3.239393199805E0));
#5180=CARTESIAN_POINT('',(4.069279684702E0,4.123413491676E0,-5.079291327494E0));
#5181=CARTESIAN_POINT('',(1.929987652777E0,4.182996825009E0,-6.215576015304E0));
#5182=CARTESIAN_POINT('',(-4.766576699394E-1,4.242580158343E0,
-6.490842395836E0));
#5183=CARTESIAN_POINT('',(-2.817273556428E0,4.302163491676E0,
-5.866958943962E0));
#5184=CARTESIAN_POINT('',(-4.767624067235E0,4.361746825009E0,
-4.430349680940E0));
#5185=CARTESIAN_POINT('',(-6.057535128183E0,4.421330158343E0,
-2.380022208450E0));
#5186=CARTESIAN_POINT('',(-6.508320639143E0,4.480913491676E0,
-5.040412531798E-14));
#5187=CARTESIAN_POINT('',(-6.057535128183E0,4.540496825009E0,2.380022208450E0));
#5188=CARTESIAN_POINT('',(-4.767624067235E0,4.600080158343E0,4.430349680940E0));
#5189=CARTESIAN_POINT('',(-2.817273556428E0,4.659663491676E0,5.866958943962E0));
#5190=CARTESIAN_POINT('',(-4.766576699394E-1,4.719246825009E0,
6.490842395836E0));
#5191=CARTESIAN_POINT('',(1.929987652777E0,4.778830158343E0,6.215576015304E0));
#5192=CARTESIAN_POINT('',(4.069279684702E0,4.838413491676E0,5.079291327495E0));
#5193=CARTESIAN_POINT('',(5.644871056007E0,4.897996825009E0,3.239393199805E0));
#5194=CARTESIAN_POINT('',(6.438501542356E0,4.957580158343E0,9.507551898212E-1));
#5195=CARTESIAN_POINT('',(6.340232760519E0,5.017163491676E0,-1.469587045509E0));
#5196=CARTESIAN_POINT('',(5.363677482667E0,5.076746825009E0,-3.686353401917E0));
#5197=CARTESIAN_POINT('',(3.644113914748E0,5.136330158343E0,-5.392464308480E0));
#5198=CARTESIAN_POINT('',(1.419746160271E0,5.195913491676E0,-6.351579203811E0));
#5199=CARTESIAN_POINT('',(-1.001293219277E0,5.255496825009E0,
-6.430835826774E0));
#5200=CARTESIAN_POINT('',(-3.283627547093E0,5.315080158343E0,
-5.619255081758E0));
#5201=CARTESIAN_POINT('',(-5.111094389519E0,5.374663491676E0,
-4.029261927862E0));
#5202=CARTESIAN_POINT('',(-6.230542244041E0,5.434246825009E0,
-1.881111609422E0));
#5203=CARTESIAN_POINT('',(-6.486898580872E0,5.493830158343E0,
5.276214015556E-1));
#5204=CARTESIAN_POINT('',(-5.844651405841E0,5.553413491676E0,2.863265179139E0));
#5205=CARTESIAN_POINT('',(-4.392768591626E0,5.612996825009E0,4.802272549781E0));
#5206=CARTESIAN_POINT('',(-2.332373522421E0,5.672580158343E0,6.076040758054E0));
#5207=CARTESIAN_POINT('',(5.111570520860E-2,5.732163491676E0,6.508119907271E0));
#5208=CARTESIAN_POINT('',(2.427524083647E0,5.791746825009E0,6.038655840753E0));
#5209=CARTESIAN_POINT('',(4.467657484820E0,5.851330158343E0,4.732681496088E0));
#5210=CARTESIAN_POINT('',(5.888904582662E0,5.910913491676E0,2.771108147637E0));
#5211=CARTESIAN_POINT('',(6.494385816698E0,5.970496825009E0,4.256645484291E-1));
#5212=CARTESIAN_POINT('',(6.200226411791E0,6.030080158343E0,-1.978744692412E0));
#5213=CARTESIAN_POINT('',(5.047174834294E0,6.089663491676E0,-4.109046253765E0));
#5214=CARTESIAN_POINT('',(3.194959466499E0,6.149246825009E0,-5.670139482766E0));
#5215=CARTESIAN_POINT('',(9.001568898178E-1,6.208830158343E0,
-6.445767657287E0));
#5216=CARTESIAN_POINT('',(-1.519331220753E0,6.268413491676E0,
-6.328504341247E0));
#5217=CARTESIAN_POINT('',(-3.728388109725E0,6.327996825009E0,
-5.334525765741E0));
#5218=CARTESIAN_POINT('',(-4.856685444248E0,6.367719047232E0,
-4.179359694518E0));
#5219=CARTESIAN_POINT('',(-5.295762226E0,6.387580158343E0,-3.518496010706E0));
#5220=CARTESIAN_POINT('',(-5.055292976138E0,2.740931235676E0,3.358728623080E0));
#5221=CARTESIAN_POINT('',(-4.636153733089E0,2.760792346787E0,3.989583898749E0));
#5222=CARTESIAN_POINT('',(-3.559089970255E0,2.800514569009E0,5.092296346347E0));
#5223=CARTESIAN_POINT('',(-1.450341635618E0,2.860097902343E0,6.041140478079E0));
#5224=CARTESIAN_POINT('',(8.592826883685E-1,2.919681235676E0,6.153079117436E0));
#5225=CARTESIAN_POINT('',(3.049883182206E0,2.979264569009E0,5.412670561420E0));
#5226=CARTESIAN_POINT('',(4.817993406857E0,3.038847902343E0,3.922463241137E0));
#5227=CARTESIAN_POINT('',(5.918687375372E0,3.098431235676E0,1.888894122929E0));
#5228=CARTESIAN_POINT('',(6.199489630085E0,3.158014569009E0,
-4.063360305905E-1));
#5229=CARTESIAN_POINT('',(5.621502005456E0,3.217597902343E0,-2.645278046302E0));
#5230=CARTESIAN_POINT('',(4.264790702256E0,3.277181235676E0,-4.517780539317E0));
#5231=CARTESIAN_POINT('',(2.317295400692E0,3.336764569009E0,-5.764453378817E0));
#5232=CARTESIAN_POINT('',(4.879465022869E-2,3.396347902343E0,
-6.212600084944E0));
#5233=CARTESIAN_POINT('',(-2.226465423191E0,3.455931235676E0,
-5.800140726885E0));
#5234=CARTESIAN_POINT('',(-4.193302353724E0,3.515514569009E0,
-4.584211611923E0));
#5235=CARTESIAN_POINT('',(-5.579258270862E0,3.575097902343E0,
-2.733250423869E0));
#5236=CARTESIAN_POINT('',(-6.192342373644E0,3.634681235676E0,
-5.036632408173E-1));
#5237=CARTESIAN_POINT('',(-5.947626630440E0,3.694264569009E0,1.795694349674E0));
#5238=CARTESIAN_POINT('',(-4.879010511624E0,3.753847902343E0,3.846301751037E0));
#5239=CARTESIAN_POINT('',(-3.134525034673E0,3.813431235676E0,5.364096712363E0));
#5240=CARTESIAN_POINT('',(-9.558266331552E-1,3.873014569009E0,
6.138825309448E0));
#5241=CARTESIAN_POINT('',(1.355278519998E0,3.932597902343E0,6.063167560426E0));
#5242=CARTESIAN_POINT('',(3.478642486445E0,3.992181235676E0,5.147604023628E0));
#5243=CARTESIAN_POINT('',(5.120124346080E0,4.051764569009E0,3.518963968734E0));
#5244=CARTESIAN_POINT('',(6.052336334886E0,4.111347902343E0,1.402856237108E0));
#5245=CARTESIAN_POINT('',(6.146142941261E0,4.170931235676E0,
-9.075834276571E-1));
#5246=CARTESIAN_POINT('',(5.388549519942E0,4.230514569009E0,-3.092299274602E0));
#5247=CARTESIAN_POINT('',(3.884502387026E0,4.290097902343E0,-4.848651558708E0));
#5248=CARTESIAN_POINT('',(1.842351036309E0,4.349681235676E0,-5.933339986178E0));
#5249=CARTESIAN_POINT('',(-4.550136633848E-1,4.409264569009E0,
-6.196107108395E0));
#5250=CARTESIAN_POINT('',(-2.689347182498E0,4.468847902343E0,
-5.600552871330E0));
#5251=CARTESIAN_POINT('',(-4.551136442953E0,4.528431235676E0,
-4.229176966053E0));
#5252=CARTESIAN_POINT('',(-5.782475398135E0,4.588014569009E0,
-2.271950484174E0));
#5253=CARTESIAN_POINT('',(-6.212791702011E0,4.647597902343E0,
-4.772471238625E-14));
#5254=CARTESIAN_POINT('',(-5.782475398135E0,4.707181235676E0,2.271950484174E0));
#5255=CARTESIAN_POINT('',(-4.551136442953E0,4.766764569009E0,4.229176966053E0));
#5256=CARTESIAN_POINT('',(-2.689347182498E0,4.826347902343E0,5.600552871330E0));
#5257=CARTESIAN_POINT('',(-4.550136633848E-1,4.885931235676E0,
6.196107108395E0));
#5258=CARTESIAN_POINT('',(1.842351036309E0,4.945514569009E0,5.933339986178E0));
#5259=CARTESIAN_POINT('',(3.884502387026E0,5.005097902343E0,4.848651558708E0));
#5260=CARTESIAN_POINT('',(5.388549519942E0,5.064681235676E0,3.092299274602E0));
#5261=CARTESIAN_POINT('',(6.146142941261E0,5.124264569009E0,9.075834276572E-1));
#5262=CARTESIAN_POINT('',(6.052336334886E0,5.183847902343E0,-1.402856237108E0));
#5263=CARTESIAN_POINT('',(5.120124346081E0,5.243431235676E0,-3.518963968734E0));
#5264=CARTESIAN_POINT('',(3.478642486445E0,5.303014569009E0,-5.147604023628E0));
#5265=CARTESIAN_POINT('',(1.355278519998E0,5.362597902343E0,-6.063167560426E0));
#5266=CARTESIAN_POINT('',(-9.558266331551E-1,5.422181235676E0,
-6.138825309448E0));
#5267=CARTESIAN_POINT('',(-3.134525034673E0,5.481764569009E0,
-5.364096712363E0));
#5268=CARTESIAN_POINT('',(-4.879010511624E0,5.541347902343E0,
-3.846301751037E0));
#5269=CARTESIAN_POINT('',(-5.947626630440E0,5.600931235676E0,
-1.795694349674E0));
#5270=CARTESIAN_POINT('',(-6.192342373644E0,5.660514569009E0,
5.036632408172E-1));
#5271=CARTESIAN_POINT('',(-5.579258270862E0,5.720097902343E0,2.733250423869E0));
#5272=CARTESIAN_POINT('',(-4.193302353724E0,5.779681235676E0,4.584211611923E0));
#5273=CARTESIAN_POINT('',(-2.226465423191E0,5.839264569009E0,5.800140726885E0));
#5274=CARTESIAN_POINT('',(4.879465022858E-2,5.898847902343E0,6.212600084944E0));
#5275=CARTESIAN_POINT('',(2.317295400692E0,5.958431235676E0,5.764453378817E0));
#5276=CARTESIAN_POINT('',(4.264790702256E0,6.018014569009E0,4.517780539317E0));
#5277=CARTESIAN_POINT('',(5.621502005456E0,6.077597902343E0,2.645278046302E0));
#5278=CARTESIAN_POINT('',(6.199489630085E0,6.137181235676E0,4.063360305906E-1));
#5279=CARTESIAN_POINT('',(5.918687375372E0,6.196764569009E0,-1.888894122929E0));
#5280=CARTESIAN_POINT('',(4.817993406857E0,6.256347902343E0,-3.922463241137E0));
#5281=CARTESIAN_POINT('',(3.049883182206E0,6.315931235676E0,-5.412670561420E0));
#5282=CARTESIAN_POINT('',(8.592826883686E-1,6.375514569009E0,
-6.153079117436E0));
#5283=CARTESIAN_POINT('',(-1.450341635618E0,6.435097902343E0,
-6.041140478079E0));
#5284=CARTESIAN_POINT('',(-3.559089970255E0,6.494681235676E0,
-5.092296346347E0));
#5285=CARTESIAN_POINT('',(-4.636153733089E0,6.534403457898E0,
-3.989583898749E0));
#5286=CARTESIAN_POINT('',(-5.055292976138E0,6.554264569009E0,
-3.358728623080E0));
#5287=CARTESIAN_POINT('',(-4.814823726277E0,2.907615646342E0,3.198961235454E0));
#5288=CARTESIAN_POINT('',(-4.415622021930E0,2.927476757454E0,3.799808102980E0));
#5289=CARTESIAN_POINT('',(-3.389791830785E0,2.967198979676E0,4.850066926952E0));
#5290=CARTESIAN_POINT('',(-1.381352050483E0,3.026782313009E0,5.753776614910E0));
#5291=CARTESIAN_POINT('',(8.184084869194E-1,3.086365646342E0,5.860390577584E0));
#5292=CARTESIAN_POINT('',(2.904806897913E0,3.145948979676E0,5.155201640075E0));
#5293=CARTESIAN_POINT('',(4.588811979419E0,3.205532313009E0,3.735880228509E0));
#5294=CARTESIAN_POINT('',(5.637148338952E0,3.265115646342E0,1.799043553446E0));
#5295=CARTESIAN_POINT('',(5.904593443473E0,3.324698979676E0,
-3.870075127521E-1));
#5296=CARTESIAN_POINT('',(5.354099428251E0,3.384282313009E0,-2.519447944966E0));
#5297=CARTESIAN_POINT('',(4.061923919692E0,3.443865646342E0,-4.302879582547E0));
#5298=CARTESIAN_POINT('',(2.207066717737E0,3.503448979676E0,-5.490250916880E0));
#5299=CARTESIAN_POINT('',(4.647359524866E-2,3.563032313009E0,
-5.917080262618E0));
#5300=CARTESIAN_POINT('',(-2.120557323960E0,3.622615646342E0,
-5.524240695716E0));
#5301=CARTESIAN_POINT('',(-3.993836115822E0,3.682198979676E0,
-4.366150674065E0));
#5302=CARTESIAN_POINT('',(-5.313865135882E0,3.741782313009E0,
-2.603235668599E0));
#5303=CARTESIAN_POINT('',(-5.897786166416E0,3.801365646342E0,
-4.797050800788E-1));
#5304=CARTESIAN_POINT('',(-5.664711016839E0,3.860948979676E0,1.710277089926E0));
#5305=CARTESIAN_POINT('',(-4.646926633730E0,3.920532313009E0,3.663341574213E0));
#5306=CARTESIAN_POINT('',(-2.985422522253E0,3.980115646342E0,5.108938342967E0));
#5307=CARTESIAN_POINT('',(-9.103600470330E-1,4.039698979676E0,
5.846814792123E0));
#5308=CARTESIAN_POINT('',(1.290810879726E0,4.099282313009E0,5.774755917041E0));
#5309=CARTESIAN_POINT('',(3.313171058142E0,4.158865646342E0,4.902743738776E0));
#5310=CARTESIAN_POINT('',(4.876571209494E0,4.218448979676E0,3.351574535550E0));
#5311=CARTESIAN_POINT('',(5.764439909252E0,4.278032313009E0,1.336125428707E0));
#5312=CARTESIAN_POINT('',(5.853784340167E0,4.337615646342E0,
-8.644116654930E-1));
#5313=CARTESIAN_POINT('',(5.132227983877E0,4.397198979676E0,-2.945205349399E0));
#5314=CARTESIAN_POINT('',(3.699725089349E0,4.456782313009E0,-4.618011789922E0));
#5315=CARTESIAN_POINT('',(1.754714419841E0,4.516365646342E0,-5.651103957053E0));
#5316=CARTESIAN_POINT('',(-4.333696568302E-1,4.575948979676E0,
-5.901371820955E0));
#5317=CARTESIAN_POINT('',(-2.561420808568E0,4.635532313009E0,
-5.334146798698E0));
#5318=CARTESIAN_POINT('',(-4.334648818671E0,4.695115646342E0,
-4.028004251167E0));
#5319=CARTESIAN_POINT('',(-5.507415668086E0,4.754698979676E0,
-2.163878759898E0));
#5320=CARTESIAN_POINT('',(-5.917262764879E0,4.814282313009E0,
-4.942981876539E-14));
#5321=CARTESIAN_POINT('',(-5.507415668086E0,4.873865646342E0,2.163878759898E0));
#5322=CARTESIAN_POINT('',(-4.334648818671E0,4.933448979676E0,4.028004251166E0));
#5323=CARTESIAN_POINT('',(-2.561420808568E0,4.993032313009E0,5.334146798698E0));
#5324=CARTESIAN_POINT('',(-4.333696568302E-1,5.052615646342E0,
5.901371820955E0));
#5325=CARTESIAN_POINT('',(1.754714419841E0,5.112198979676E0,5.651103957053E0));
#5326=CARTESIAN_POINT('',(3.699725089349E0,5.171782313009E0,4.618011789922E0));
#5327=CARTESIAN_POINT('',(5.132227983877E0,5.231365646342E0,2.945205349399E0));
#5328=CARTESIAN_POINT('',(5.853784340167E0,5.290948979676E0,8.644116654931E-1));
#5329=CARTESIAN_POINT('',(5.764439909253E0,5.350532313009E0,-1.336125428707E0));
#5330=CARTESIAN_POINT('',(4.876571209494E0,5.410115646342E0,-3.351574535550E0));
#5331=CARTESIAN_POINT('',(3.313171058142E0,5.469698979676E0,-4.902743738776E0));
#5332=CARTESIAN_POINT('',(1.290810879726E0,5.529282313009E0,-5.774755917041E0));
#5333=CARTESIAN_POINT('',(-9.103600470329E-1,5.588865646342E0,
-5.846814792123E0));
#5334=CARTESIAN_POINT('',(-2.985422522253E0,5.648448979676E0,
-5.108938342967E0));
#5335=CARTESIAN_POINT('',(-4.646926633729E0,5.708032313009E0,
-3.663341574213E0));
#5336=CARTESIAN_POINT('',(-5.664711016839E0,5.767615646342E0,
-1.710277089926E0));
#5337=CARTESIAN_POINT('',(-5.897786166416E0,5.827198979676E0,
4.797050800788E-1));
#5338=CARTESIAN_POINT('',(-5.313865135882E0,5.886782313009E0,2.603235668599E0));
#5339=CARTESIAN_POINT('',(-3.993836115822E0,5.946365646342E0,4.366150674064E0));
#5340=CARTESIAN_POINT('',(-2.120557323960E0,6.005948979676E0,5.524240695716E0));
#5341=CARTESIAN_POINT('',(4.647359524857E-2,6.065532313009E0,5.917080262618E0));
#5342=CARTESIAN_POINT('',(2.207066717737E0,6.125115646342E0,5.490250916880E0));
#5343=CARTESIAN_POINT('',(4.061923919692E0,6.184698979676E0,4.302879582547E0));
#5344=CARTESIAN_POINT('',(5.354099428251E0,6.244282313009E0,2.519447944966E0));
#5345=CARTESIAN_POINT('',(5.904593443473E0,6.303865646342E0,3.870075127522E-1));
#5346=CARTESIAN_POINT('',(5.637148338952E0,6.363448979676E0,-1.799043553446E0));
#5347=CARTESIAN_POINT('',(4.588811979419E0,6.423032313009E0,-3.735880228508E0));
#5348=CARTESIAN_POINT('',(2.904806897913E0,6.482615646342E0,-5.155201640075E0));
#5349=CARTESIAN_POINT('',(8.184084869195E-1,6.542198979676E0,
-5.860390577584E0));
#5350=CARTESIAN_POINT('',(-1.381352050483E0,6.601782313009E0,
-5.753776614910E0));
#5351=CARTESIAN_POINT('',(-3.389791830785E0,6.661365646342E0,
-4.850066926952E0));
#5352=CARTESIAN_POINT('',(-4.415622021930E0,6.701087868565E0,
-3.799808102980E0));
#5353=CARTESIAN_POINT('',(-4.814823726277E0,6.720948979676E0,
-3.198961235454E0));
#5354=CARTESIAN_POINT('',(-4.574354476415E0,3.074300057009E0,3.039193847828E0));
#5355=CARTESIAN_POINT('',(-4.195090310771E0,3.094161168120E0,3.610032307211E0));
#5356=CARTESIAN_POINT('',(-3.220493691315E0,3.133883390342E0,4.607837507558E0));
#5357=CARTESIAN_POINT('',(-1.312362465348E0,3.193466723676E0,5.466412751742E0));
#5358=CARTESIAN_POINT('',(7.775342854703E-1,3.253050057009E0,5.567702037732E0));
#5359=CARTESIAN_POINT('',(2.759730613620E0,3.312633390342E0,4.897732718729E0));
#5360=CARTESIAN_POINT('',(4.359630551982E0,3.372216723676E0,3.549297215880E0));
#5361=CARTESIAN_POINT('',(5.355609302533E0,3.431800057009E0,1.709192983963E0));
#5362=CARTESIAN_POINT('',(5.609697256861E0,3.491383390342E0,
-3.676789949136E-1));
#5363=CARTESIAN_POINT('',(5.086696851046E0,3.550966723676E0,-2.393617843630E0));
#5364=CARTESIAN_POINT('',(3.859057137127E0,3.610550057009E0,-4.087978625776E0));
#5365=CARTESIAN_POINT('',(2.096838034782E0,3.670133390342E0,-5.216048454944E0));
#5366=CARTESIAN_POINT('',(4.415254026864E-2,3.729716723676E0,
-5.621560440291E0));
#5367=CARTESIAN_POINT('',(-2.014649224729E0,3.789300057009E0,
-5.248340664547E0));
#5368=CARTESIAN_POINT('',(-3.794369877920E0,3.848883390342E0,
-4.148089736206E0));
#5369=CARTESIAN_POINT('',(-5.048472000902E0,3.908466723676E0,
-2.473220913329E0));
#5370=CARTESIAN_POINT('',(-5.603229959188E0,3.968050057009E0,
-4.557469193404E-1));
#5371=CARTESIAN_POINT('',(-5.381795403238E0,4.027633390342E0,1.624859830177E0));
#5372=CARTESIAN_POINT('',(-4.414842755835E0,4.087216723676E0,3.480381397388E0));
#5373=CARTESIAN_POINT('',(-2.836320009834E0,4.146800057009E0,4.853779973572E0));
#5374=CARTESIAN_POINT('',(-8.648934609108E-1,4.206383390342E0,
5.554804274797E0));
#5375=CARTESIAN_POINT('',(1.226343239453E0,4.265966723676E0,5.486344273656E0));
#5376=CARTESIAN_POINT('',(3.147699629839E0,4.325550057009E0,4.657883453925E0));
#5377=CARTESIAN_POINT('',(4.633018072908E0,4.385133390342E0,3.184185102367E0));
#5378=CARTESIAN_POINT('',(5.476543483619E0,4.444716723676E0,1.269394620306E0));
#5379=CARTESIAN_POINT('',(5.561425739072E0,4.504300057009E0,
-8.212399033290E-1));
#5380=CARTESIAN_POINT('',(4.875906447812E0,4.563883390342E0,-2.798111424196E0));
#5381=CARTESIAN_POINT('',(3.514947791673E0,4.623466723676E0,-4.387372021136E0));
#5382=CARTESIAN_POINT('',(1.667077803374E0,4.683050057009E0,-5.368867927928E0));
#5383=CARTESIAN_POINT('',(-4.117256502756E-1,4.742633390342E0,
-5.606636533514E0));
#5384=CARTESIAN_POINT('',(-2.433494434637E0,4.802216723676E0,
-5.067740726065E0));
#5385=CARTESIAN_POINT('',(-4.118161194389E0,4.861800057009E0,
-3.826831536280E0));
#5386=CARTESIAN_POINT('',(-5.232355938038E0,4.921383390342E0,
-2.055807035622E0));
#5387=CARTESIAN_POINT('',(-5.621733827747E0,4.980966723676E0,
-4.674038933672E-14));
#5388=CARTESIAN_POINT('',(-5.232355938038E0,5.040550057009E0,2.055807035622E0));
#5389=CARTESIAN_POINT('',(-4.118161194389E0,5.100133390342E0,3.826831536279E0));
#5390=CARTESIAN_POINT('',(-2.433494434637E0,5.159716723676E0,5.067740726065E0));
#5391=CARTESIAN_POINT('',(-4.117256502757E-1,5.219300057009E0,
5.606636533514E0));
#5392=CARTESIAN_POINT('',(1.667077803373E0,5.278883390342E0,5.368867927928E0));
#5393=CARTESIAN_POINT('',(3.514947791673E0,5.338466723676E0,4.387372021136E0));
#5394=CARTESIAN_POINT('',(4.875906447812E0,5.398050057009E0,2.798111424196E0));
#5395=CARTESIAN_POINT('',(5.561425739072E0,5.457633390342E0,8.212399033291E-1));
#5396=CARTESIAN_POINT('',(5.476543483619E0,5.517216723676E0,-1.269394620306E0));
#5397=CARTESIAN_POINT('',(4.633018072908E0,5.576800057009E0,-3.184185102367E0));
#5398=CARTESIAN_POINT('',(3.147699629839E0,5.636383390342E0,-4.657883453925E0));
#5399=CARTESIAN_POINT('',(1.226343239453E0,5.695966723676E0,-5.486344273656E0));
#5400=CARTESIAN_POINT('',(-8.648934609107E-1,5.755550057009E0,
-5.554804274797E0));
#5401=CARTESIAN_POINT('',(-2.836320009834E0,5.815133390342E0,
-4.853779973572E0));
#5402=CARTESIAN_POINT('',(-4.414842755835E0,5.874716723676E0,
-3.480381397388E0));
#5403=CARTESIAN_POINT('',(-5.381795403238E0,5.934300057009E0,
-1.624859830177E0));
#5404=CARTESIAN_POINT('',(-5.603229959188E0,5.993883390342E0,
4.557469193403E-1));
#5405=CARTESIAN_POINT('',(-5.048472000902E0,6.053466723676E0,2.473220913329E0));
#5406=CARTESIAN_POINT('',(-3.794369877920E0,6.113050057009E0,4.148089736206E0));
#5407=CARTESIAN_POINT('',(-2.014649224729E0,6.172633390342E0,5.248340664547E0));
#5408=CARTESIAN_POINT('',(4.415254026855E-2,6.232216723676E0,5.621560440291E0));
#5409=CARTESIAN_POINT('',(2.096838034782E0,6.291800057009E0,5.216048454944E0));
#5410=CARTESIAN_POINT('',(3.859057137127E0,6.351383390342E0,4.087978625776E0));
#5411=CARTESIAN_POINT('',(5.086696851046E0,6.410966723676E0,2.393617843630E0));
#5412=CARTESIAN_POINT('',(5.609697256861E0,6.470550057009E0,3.676789949138E-1));
#5413=CARTESIAN_POINT('',(5.355609302533E0,6.530133390342E0,-1.709192983963E0));
#5414=CARTESIAN_POINT('',(4.359630551982E0,6.589716723676E0,-3.549297215880E0));
#5415=CARTESIAN_POINT('',(2.759730613620E0,6.649300057009E0,-4.897732718729E0));
#5416=CARTESIAN_POINT('',(7.775342854704E-1,6.708883390342E0,
-5.567702037732E0));
#5417=CARTESIAN_POINT('',(-1.312362465348E0,6.768466723676E0,
-5.466412751742E0));
#5418=CARTESIAN_POINT('',(-3.220493691315E0,6.828050057009E0,
-4.607837507558E0));
#5419=CARTESIAN_POINT('',(-4.195090310771E0,6.867772279231E0,
-3.610032307211E0));
#5420=CARTESIAN_POINT('',(-4.574354476415E0,6.887633390342E0,
-3.039193847828E0));
#5421=B_SPLINE_SURFACE_WITH_KNOTS('',3,3,((#5153,#5154,#5155,#5156,#5157,#5158,
#5159,#5160,#5161,#5162,#5163,#5164,#5165,#5166,#5167,#5168,#5169,#5170,#5171,
#5172,#5173,#5174,#5175,#5176,#5177,#5178,#5179,#5180,#5181,#5182,#5183,#5184,
#5185,#5186,#5187,#5188,#5189,#5190,#5191,#5192,#5193,#5194,#5195,#5196,#5197,
#5198,#5199,#5200,#5201,#5202,#5203,#5204,#5205,#5206,#5207,#5208,#5209,#5210,
#5211,#5212,#5213,#5214,#5215,#5216,#5217,#5218,#5219),(#5220,#5221,#5222,#5223,
#5224,#5225,#5226,#5227,#5228,#5229,#5230,#5231,#5232,#5233,#5234,#5235,#5236,
#5237,#5238,#5239,#5240,#5241,#5242,#5243,#5244,#5245,#5246,#5247,#5248,#5249,
#5250,#5251,#5252,#5253,#5254,#5255,#5256,#5257,#5258,#5259,#5260,#5261,#5262,
#5263,#5264,#5265,#5266,#5267,#5268,#5269,#5270,#5271,#5272,#5273,#5274,#5275,
#5276,#5277,#5278,#5279,#5280,#5281,#5282,#5283,#5284,#5285,#5286),(#5287,#5288,
#5289,#5290,#5291,#5292,#5293,#5294,#5295,#5296,#5297,#5298,#5299,#5300,#5301,
#5302,#5303,#5304,#5305,#5306,#5307,#5308,#5309,#5310,#5311,#5312,#5313,#5314,
#5315,#5316,#5317,#5318,#5319,#5320,#5321,#5322,#5323,#5324,#5325,#5326,#5327,
#5328,#5329,#5330,#5331,#5332,#5333,#5334,#5335,#5336,#5337,#5338,#5339,#5340,
#5341,#5342,#5343,#5344,#5345,#5346,#5347,#5348,#5349,#5350,#5351,#5352,#5353),(
#5354,#5355,#5356,#5357,#5358,#5359,#5360,#5361,#5362,#5363,#5364,#5365,#5366,
#5367,#5368,#5369,#5370,#5371,#5372,#5373,#5374,#5375,#5376,#5377,#5378,#5379,
#5380,#5381,#5382,#5383,#5384,#5385,#5386,#5387,#5388,#5389,#5390,#5391,#5392,
#5393,#5394,#5395,#5396,#5397,#5398,#5399,#5400,#5401,#5402,#5403,#5404,#5405,
#5406,#5407,#5408,#5409,#5410,#5411,#5412,#5413,#5414,#5415,#5416,#5417,#5418,
#5419,#5420)),.UNSPECIFIED.,.F.,.F.,.F.,(4,4),(4,1,1,1,1,1,1,1,1,1,1,1,1,1,1,1,
1,1,1,1,1,1,1,1,1,1,1,1,1,1,1,1,1,1,1,1,1,1,1,1,1,1,1,1,1,1,1,1,1,1,1,1,1,1,1,1,
1,1,1,1,1,1,1,1,4),(-4.132350269520E-2,1.041323502695E0),(-2.E-2,-3.75E-3,
1.25E-2,2.875E-2,4.5E-2,6.125E-2,7.75E-2,9.375E-2,1.1E-1,1.2625E-1,1.425E-1,
1.5875E-1,1.75E-1,1.9125E-1,2.075E-1,2.2375E-1,2.4E-1,2.5625E-1,2.725E-1,
2.8875E-1,3.05E-1,3.2125E-1,3.375E-1,3.5375E-1,3.7E-1,3.8625E-1,4.025E-1,
4.1875E-1,4.35E-1,4.5125E-1,4.675E-1,4.8375E-1,5.E-1,5.1625E-1,5.325E-1,
5.4875E-1,5.65E-1,5.8125E-1,5.975E-1,6.1375E-1,6.3E-1,6.4625E-1,6.625E-1,
6.7875E-1,6.95E-1,7.1125E-1,7.275E-1,7.4375E-1,7.6E-1,7.7625E-1,7.925E-1,
8.0875E-1,8.25E-1,8.4125E-1,8.575E-1,8.7375E-1,8.9E-1,9.0625E-1,9.225E-1,
9.3875E-1,9.55E-1,9.7125E-1,9.875E-1,1.00375E0,1.02E0),.UNSPECIFIED.);
#5422=ORIENTED_EDGE('',*,*,#4145,.F.);
#5423=ORIENTED_EDGE('',*,*,#4300,.T.);
#5424=ORIENTED_EDGE('',*,*,#4742,.F.);
#5425=ORIENTED_EDGE('',*,*,#3957,.T.);
#5426=ORIENTED_EDGE('',*,*,#5139,.T.);
#5428=ORIENTED_EDGE('',*,*,#5427,.T.);
#5430=ORIENTED_EDGE('',*,*,#5429,.F.);
#5431=ORIENTED_EDGE('',*,*,#4345,.T.);
#5432=ORIENTED_EDGE('',*,*,#4784,.F.);
#5433=ORIENTED_EDGE('',*,*,#4007,.T.);
#5434=ORIENTED_EDGE('',*,*,#4175,.F.);
#5435=ORIENTED_EDGE('',*,*,#4330,.T.);
#5436=ORIENTED_EDGE('',*,*,#4770,.F.);
#5437=ORIENTED_EDGE('',*,*,#3991,.T.);
#5438=ORIENTED_EDGE('',*,*,#4160,.F.);
#5439=ORIENTED_EDGE('',*,*,#4315,.T.);
#5440=ORIENTED_EDGE('',*,*,#4756,.F.);
#5441=ORIENTED_EDGE('',*,*,#3973,.T.);
#5442=EDGE_LOOP('',(#5422,#5423,#5424,#5425,#5426,#5428,#5430,#5431,#5432,#5433,
#5434,#5435,#5436,#5437,#5438,#5439,#5440,#5441));
#5443=FACE_OUTER_BOUND('',#5442,.F.);
#5444=ADVANCED_FACE('',(#5443),#5421,.F.);
#5445=CARTESIAN_POINT('',(-4.574354476415E0,3.036127040361E0,3.039193847828E0));
#5446=CARTESIAN_POINT('',(-4.195090310771E0,3.055988151472E0,3.610032307211E0));
#5447=CARTESIAN_POINT('',(-3.220493691315E0,3.095710373694E0,4.607837507558E0));
#5448=CARTESIAN_POINT('',(-1.312362465348E0,3.155293707028E0,5.466412751742E0));
#5449=CARTESIAN_POINT('',(7.775342854703E-1,3.214877040361E0,5.567702037732E0));
#5450=CARTESIAN_POINT('',(2.759730613620E0,3.274460373694E0,4.897732718729E0));
#5451=CARTESIAN_POINT('',(4.359630551982E0,3.334043707028E0,3.549297215880E0));
#5452=CARTESIAN_POINT('',(5.355609302533E0,3.393627040361E0,1.709192983963E0));
#5453=CARTESIAN_POINT('',(5.609697256861E0,3.453210373694E0,
-3.676789949136E-1));
#5454=CARTESIAN_POINT('',(5.086696851046E0,3.512793707028E0,-2.393617843630E0));
#5455=CARTESIAN_POINT('',(3.859057137127E0,3.572377040361E0,-4.087978625776E0));
#5456=CARTESIAN_POINT('',(2.096838034782E0,3.631960373694E0,-5.216048454944E0));
#5457=CARTESIAN_POINT('',(4.415254026864E-2,3.691543707028E0,
-5.621560440291E0));
#5458=CARTESIAN_POINT('',(-2.014649224729E0,3.751127040361E0,
-5.248340664547E0));
#5459=CARTESIAN_POINT('',(-3.794369877920E0,3.810710373694E0,
-4.148089736206E0));
#5460=CARTESIAN_POINT('',(-5.048472000902E0,3.870293707028E0,
-2.473220913329E0));
#5461=CARTESIAN_POINT('',(-5.603229959188E0,3.929877040361E0,
-4.557469193404E-1));
#5462=CARTESIAN_POINT('',(-5.381795403238E0,3.989460373694E0,1.624859830177E0));
#5463=CARTESIAN_POINT('',(-4.414842755835E0,4.049043707028E0,3.480381397388E0));
#5464=CARTESIAN_POINT('',(-2.836320009834E0,4.108627040361E0,4.853779973572E0));
#5465=CARTESIAN_POINT('',(-8.648934609108E-1,4.168210373694E0,
5.554804274797E0));
#5466=CARTESIAN_POINT('',(1.226343239453E0,4.227793707028E0,5.486344273656E0));
#5467=CARTESIAN_POINT('',(3.147699629839E0,4.287377040361E0,4.657883453925E0));
#5468=CARTESIAN_POINT('',(4.633018072908E0,4.346960373694E0,3.184185102367E0));
#5469=CARTESIAN_POINT('',(5.476543483619E0,4.406543707028E0,1.269394620306E0));
#5470=CARTESIAN_POINT('',(5.561425739072E0,4.466127040361E0,
-8.212399033290E-1));
#5471=CARTESIAN_POINT('',(4.875906447812E0,4.525710373694E0,-2.798111424196E0));
#5472=CARTESIAN_POINT('',(3.514947791673E0,4.585293707028E0,-4.387372021136E0));
#5473=CARTESIAN_POINT('',(1.667077803374E0,4.644877040361E0,-5.368867927928E0));
#5474=CARTESIAN_POINT('',(-4.117256502756E-1,4.704460373694E0,
-5.606636533514E0));
#5475=CARTESIAN_POINT('',(-2.433494434637E0,4.764043707028E0,
-5.067740726065E0));
#5476=CARTESIAN_POINT('',(-4.118161194389E0,4.823627040361E0,
-3.826831536280E0));
#5477=CARTESIAN_POINT('',(-5.232355938038E0,4.883210373694E0,
-2.055807035622E0));
#5478=CARTESIAN_POINT('',(-5.621733827747E0,4.942793707028E0,
-4.651834473179E-14));
#5479=CARTESIAN_POINT('',(-5.232355938038E0,5.002377040361E0,2.055807035622E0));
#5480=CARTESIAN_POINT('',(-4.118161194389E0,5.061960373694E0,3.826831536279E0));
#5481=CARTESIAN_POINT('',(-2.433494434637E0,5.121543707028E0,5.067740726065E0));
#5482=CARTESIAN_POINT('',(-4.117256502757E-1,5.181127040361E0,
5.606636533514E0));
#5483=CARTESIAN_POINT('',(1.667077803373E0,5.240710373694E0,5.368867927928E0));
#5484=CARTESIAN_POINT('',(3.514947791673E0,5.300293707028E0,4.387372021136E0));
#5485=CARTESIAN_POINT('',(4.875906447812E0,5.359877040361E0,2.798111424196E0));
#5486=CARTESIAN_POINT('',(5.561425739072E0,5.419460373694E0,8.212399033291E-1));
#5487=CARTESIAN_POINT('',(5.476543483619E0,5.479043707028E0,-1.269394620306E0));
#5488=CARTESIAN_POINT('',(4.633018072908E0,5.538627040361E0,-3.184185102367E0));
#5489=CARTESIAN_POINT('',(3.147699629839E0,5.598210373694E0,-4.657883453925E0));
#5490=CARTESIAN_POINT('',(1.226343239453E0,5.657793707028E0,-5.486344273656E0));
#5491=CARTESIAN_POINT('',(-8.648934609107E-1,5.717377040361E0,
-5.554804274797E0));
#5492=CARTESIAN_POINT('',(-2.836320009834E0,5.776960373694E0,
-4.853779973572E0));
#5493=CARTESIAN_POINT('',(-4.414842755835E0,5.836543707028E0,
-3.480381397388E0));
#5494=CARTESIAN_POINT('',(-5.381795403238E0,5.896127040361E0,
-1.624859830177E0));
#5495=CARTESIAN_POINT('',(-5.603229959188E0,5.955710373694E0,
4.557469193403E-1));
#5496=CARTESIAN_POINT('',(-5.048472000902E0,6.015293707028E0,2.473220913329E0));
#5497=CARTESIAN_POINT('',(-3.794369877920E0,6.074877040361E0,4.148089736206E0));
#5498=CARTESIAN_POINT('',(-2.014649224729E0,6.134460373694E0,5.248340664547E0));
#5499=CARTESIAN_POINT('',(4.415254026854E-2,6.194043707028E0,5.621560440291E0));
#5500=CARTESIAN_POINT('',(2.096838034782E0,6.253627040361E0,5.216048454944E0));
#5501=CARTESIAN_POINT('',(3.859057137127E0,6.313210373694E0,4.087978625776E0));
#5502=CARTESIAN_POINT('',(5.086696851046E0,6.372793707028E0,2.393617843630E0));
#5503=CARTESIAN_POINT('',(5.609697256861E0,6.432377040361E0,3.676789949138E-1));
#5504=CARTESIAN_POINT('',(5.355609302533E0,6.491960373694E0,-1.709192983963E0));
#5505=CARTESIAN_POINT('',(4.359630551982E0,6.551543707028E0,-3.549297215880E0));
#5506=CARTESIAN_POINT('',(2.759730613620E0,6.611127040361E0,-4.897732718729E0));
#5507=CARTESIAN_POINT('',(7.775342854704E-1,6.670710373694E0,
-5.567702037732E0));
#5508=CARTESIAN_POINT('',(-1.312362465348E0,6.730293707028E0,
-5.466412751742E0));
#5509=CARTESIAN_POINT('',(-3.220493691315E0,6.789877040361E0,
-4.607837507558E0));
#5510=CARTESIAN_POINT('',(-4.195090310771E0,6.829599262583E0,
-3.610032307211E0));
#5511=CARTESIAN_POINT('',(-4.574354476415E0,6.849460373694E0,
-3.039193847828E0));
#5512=CARTESIAN_POINT('',(-4.814823726277E0,3.202811451028E0,3.198961235454E0));
#5513=CARTESIAN_POINT('',(-4.415622021930E0,3.222672562139E0,3.799808102980E0));
#5514=CARTESIAN_POINT('',(-3.389791830785E0,3.262394784361E0,4.850066926952E0));
#5515=CARTESIAN_POINT('',(-1.381352050483E0,3.321978117694E0,5.753776614910E0));
#5516=CARTESIAN_POINT('',(8.184084869194E-1,3.381561451028E0,5.860390577584E0));
#5517=CARTESIAN_POINT('',(2.904806897913E0,3.441144784361E0,5.155201640075E0));
#5518=CARTESIAN_POINT('',(4.588811979419E0,3.500728117694E0,3.735880228509E0));
#5519=CARTESIAN_POINT('',(5.637148338952E0,3.560311451028E0,1.799043553446E0));
#5520=CARTESIAN_POINT('',(5.904593443473E0,3.619894784361E0,
-3.870075127521E-1));
#5521=CARTESIAN_POINT('',(5.354099428251E0,3.679478117694E0,-2.519447944966E0));
#5522=CARTESIAN_POINT('',(4.061923919692E0,3.739061451028E0,-4.302879582547E0));
#5523=CARTESIAN_POINT('',(2.207066717737E0,3.798644784361E0,-5.490250916880E0));
#5524=CARTESIAN_POINT('',(4.647359524866E-2,3.858228117694E0,
-5.917080262618E0));
#5525=CARTESIAN_POINT('',(-2.120557323960E0,3.917811451028E0,
-5.524240695716E0));
#5526=CARTESIAN_POINT('',(-3.993836115822E0,3.977394784361E0,
-4.366150674065E0));
#5527=CARTESIAN_POINT('',(-5.313865135882E0,4.036978117694E0,
-2.603235668599E0));
#5528=CARTESIAN_POINT('',(-5.897786166416E0,4.096561451028E0,
-4.797050800788E-1));
#5529=CARTESIAN_POINT('',(-5.664711016839E0,4.156144784361E0,1.710277089926E0));
#5530=CARTESIAN_POINT('',(-4.646926633730E0,4.215728117694E0,3.663341574213E0));
#5531=CARTESIAN_POINT('',(-2.985422522253E0,4.275311451028E0,5.108938342967E0));
#5532=CARTESIAN_POINT('',(-9.103600470330E-1,4.334894784361E0,
5.846814792123E0));
#5533=CARTESIAN_POINT('',(1.290810879726E0,4.394478117694E0,5.774755917041E0));
#5534=CARTESIAN_POINT('',(3.313171058142E0,4.454061451028E0,4.902743738776E0));
#5535=CARTESIAN_POINT('',(4.876571209494E0,4.513644784361E0,3.351574535550E0));
#5536=CARTESIAN_POINT('',(5.764439909252E0,4.573228117694E0,1.336125428707E0));
#5537=CARTESIAN_POINT('',(5.853784340167E0,4.632811451028E0,
-8.644116654930E-1));
#5538=CARTESIAN_POINT('',(5.132227983877E0,4.692394784361E0,-2.945205349399E0));
#5539=CARTESIAN_POINT('',(3.699725089349E0,4.751978117694E0,-4.618011789922E0));
#5540=CARTESIAN_POINT('',(1.754714419841E0,4.811561451028E0,-5.651103957053E0));
#5541=CARTESIAN_POINT('',(-4.333696568302E-1,4.871144784361E0,
-5.901371820955E0));
#5542=CARTESIAN_POINT('',(-2.561420808568E0,4.930728117694E0,
-5.334146798698E0));
#5543=CARTESIAN_POINT('',(-4.334648818671E0,4.990311451028E0,
-4.028004251167E0));
#5544=CARTESIAN_POINT('',(-5.507415668086E0,5.049894784361E0,
-2.163878759898E0));
#5545=CARTESIAN_POINT('',(-5.917262764879E0,5.109478117694E0,
-4.919775766352E-14));
#5546=CARTESIAN_POINT('',(-5.507415668086E0,5.169061451028E0,2.163878759898E0));
#5547=CARTESIAN_POINT('',(-4.334648818671E0,5.228644784361E0,4.028004251166E0));
#5548=CARTESIAN_POINT('',(-2.561420808568E0,5.288228117694E0,5.334146798698E0));
#5549=CARTESIAN_POINT('',(-4.333696568302E-1,5.347811451028E0,
5.901371820955E0));
#5550=CARTESIAN_POINT('',(1.754714419841E0,5.407394784361E0,5.651103957053E0));
#5551=CARTESIAN_POINT('',(3.699725089349E0,5.466978117694E0,4.618011789922E0));
#5552=CARTESIAN_POINT('',(5.132227983877E0,5.526561451028E0,2.945205349399E0));
#5553=CARTESIAN_POINT('',(5.853784340167E0,5.586144784361E0,8.644116654931E-1));
#5554=CARTESIAN_POINT('',(5.764439909252E0,5.645728117694E0,-1.336125428707E0));
#5555=CARTESIAN_POINT('',(4.876571209495E0,5.705311451028E0,-3.351574535550E0));
#5556=CARTESIAN_POINT('',(3.313171058142E0,5.764894784361E0,-4.902743738776E0));
#5557=CARTESIAN_POINT('',(1.290810879726E0,5.824478117694E0,-5.774755917041E0));
#5558=CARTESIAN_POINT('',(-9.103600470329E-1,5.884061451028E0,
-5.846814792123E0));
#5559=CARTESIAN_POINT('',(-2.985422522253E0,5.943644784361E0,
-5.108938342967E0));
#5560=CARTESIAN_POINT('',(-4.646926633729E0,6.003228117694E0,
-3.663341574213E0));
#5561=CARTESIAN_POINT('',(-5.664711016839E0,6.062811451028E0,
-1.710277089926E0));
#5562=CARTESIAN_POINT('',(-5.897786166416E0,6.122394784361E0,
4.797050800788E-1));
#5563=CARTESIAN_POINT('',(-5.313865135882E0,6.181978117694E0,2.603235668599E0));
#5564=CARTESIAN_POINT('',(-3.993836115822E0,6.241561451028E0,4.366150674064E0));
#5565=CARTESIAN_POINT('',(-2.120557323960E0,6.301144784361E0,5.524240695716E0));
#5566=CARTESIAN_POINT('',(4.647359524856E-2,6.360728117694E0,5.917080262618E0));
#5567=CARTESIAN_POINT('',(2.207066717737E0,6.420311451028E0,5.490250916880E0));
#5568=CARTESIAN_POINT('',(4.061923919691E0,6.479894784361E0,4.302879582547E0));
#5569=CARTESIAN_POINT('',(5.354099428251E0,6.539478117694E0,2.519447944966E0));
#5570=CARTESIAN_POINT('',(5.904593443473E0,6.599061451028E0,3.870075127522E-1));
#5571=CARTESIAN_POINT('',(5.637148338952E0,6.658644784361E0,-1.799043553446E0));
#5572=CARTESIAN_POINT('',(4.588811979419E0,6.718228117694E0,-3.735880228508E0));
#5573=CARTESIAN_POINT('',(2.904806897913E0,6.777811451028E0,-5.155201640075E0));
#5574=CARTESIAN_POINT('',(8.184084869195E-1,6.837394784361E0,
-5.860390577584E0));
#5575=CARTESIAN_POINT('',(-1.381352050483E0,6.896978117694E0,
-5.753776614910E0));
#5576=CARTESIAN_POINT('',(-3.389791830785E0,6.956561451028E0,
-4.850066926952E0));
#5577=CARTESIAN_POINT('',(-4.415622021930E0,6.996283673250E0,
-3.799808102980E0));
#5578=CARTESIAN_POINT('',(-4.814823726277E0,7.016144784361E0,
-3.198961235454E0));
#5579=CARTESIAN_POINT('',(-5.055292976138E0,3.369495861694E0,3.358728623080E0));
#5580=CARTESIAN_POINT('',(-4.636153733089E0,3.389356972805E0,3.989583898749E0));
#5581=CARTESIAN_POINT('',(-3.559089970255E0,3.429079195027E0,5.092296346347E0));
#5582=CARTESIAN_POINT('',(-1.450341635618E0,3.488662528361E0,6.041140478079E0));
#5583=CARTESIAN_POINT('',(8.592826883685E-1,3.548245861694E0,6.153079117436E0));
#5584=CARTESIAN_POINT('',(3.049883182206E0,3.607829195027E0,5.412670561420E0));
#5585=CARTESIAN_POINT('',(4.817993406857E0,3.667412528361E0,3.922463241137E0));
#5586=CARTESIAN_POINT('',(5.918687375372E0,3.726995861694E0,1.888894122929E0));
#5587=CARTESIAN_POINT('',(6.199489630085E0,3.786579195027E0,
-4.063360305905E-1));
#5588=CARTESIAN_POINT('',(5.621502005456E0,3.846162528361E0,-2.645278046302E0));
#5589=CARTESIAN_POINT('',(4.264790702256E0,3.905745861694E0,-4.517780539317E0));
#5590=CARTESIAN_POINT('',(2.317295400692E0,3.965329195027E0,-5.764453378817E0));
#5591=CARTESIAN_POINT('',(4.879465022868E-2,4.024912528361E0,
-6.212600084944E0));
#5592=CARTESIAN_POINT('',(-2.226465423191E0,4.084495861694E0,
-5.800140726885E0));
#5593=CARTESIAN_POINT('',(-4.193302353724E0,4.144079195027E0,
-4.584211611923E0));
#5594=CARTESIAN_POINT('',(-5.579258270861E0,4.203662528361E0,
-2.733250423869E0));
#5595=CARTESIAN_POINT('',(-6.192342373644E0,4.263245861694E0,
-5.036632408173E-1));
#5596=CARTESIAN_POINT('',(-5.947626630440E0,4.322829195027E0,1.795694349674E0));
#5597=CARTESIAN_POINT('',(-4.879010511624E0,4.382412528361E0,3.846301751037E0));
#5598=CARTESIAN_POINT('',(-3.134525034673E0,4.441995861694E0,5.364096712363E0));
#5599=CARTESIAN_POINT('',(-9.558266331552E-1,4.501579195027E0,
6.138825309448E0));
#5600=CARTESIAN_POINT('',(1.355278519998E0,4.561162528361E0,6.063167560426E0));
#5601=CARTESIAN_POINT('',(3.478642486445E0,4.620745861694E0,5.147604023628E0));
#5602=CARTESIAN_POINT('',(5.120124346080E0,4.680329195027E0,3.518963968734E0));
#5603=CARTESIAN_POINT('',(6.052336334886E0,4.739912528361E0,1.402856237108E0));
#5604=CARTESIAN_POINT('',(6.146142941261E0,4.799495861694E0,
-9.075834276571E-1));
#5605=CARTESIAN_POINT('',(5.388549519942E0,4.859079195027E0,-3.092299274602E0));
#5606=CARTESIAN_POINT('',(3.884502387026E0,4.918662528361E0,-4.848651558708E0));
#5607=CARTESIAN_POINT('',(1.842351036309E0,4.978245861694E0,-5.933339986178E0));
#5608=CARTESIAN_POINT('',(-4.550136633848E-1,5.037829195027E0,
-6.196107108395E0));
#5609=CARTESIAN_POINT('',(-2.689347182498E0,5.097412528361E0,
-5.600552871330E0));
#5610=CARTESIAN_POINT('',(-4.551136442953E0,5.156995861694E0,
-4.229176966053E0));
#5611=CARTESIAN_POINT('',(-5.782475398135E0,5.216579195027E0,
-2.271950484174E0));
#5612=CARTESIAN_POINT('',(-6.212791702011E0,5.276162528361E0,
-6.069432554868E-14));
#5613=CARTESIAN_POINT('',(-5.782475398135E0,5.335745861694E0,2.271950484174E0));
#5614=CARTESIAN_POINT('',(-4.551136442953E0,5.395329195027E0,4.229176966053E0));
#5615=CARTESIAN_POINT('',(-2.689347182498E0,5.454912528361E0,5.600552871330E0));
#5616=CARTESIAN_POINT('',(-4.550136633848E-1,5.514495861694E0,
6.196107108395E0));
#5617=CARTESIAN_POINT('',(1.842351036309E0,5.574079195027E0,5.933339986178E0));
#5618=CARTESIAN_POINT('',(3.884502387026E0,5.633662528361E0,4.848651558708E0));
#5619=CARTESIAN_POINT('',(5.388549519942E0,5.693245861694E0,3.092299274602E0));
#5620=CARTESIAN_POINT('',(6.146142941261E0,5.752829195027E0,9.075834276572E-1));
#5621=CARTESIAN_POINT('',(6.052336334886E0,5.812412528361E0,-1.402856237108E0));
#5622=CARTESIAN_POINT('',(5.120124346081E0,5.871995861694E0,-3.518963968734E0));
#5623=CARTESIAN_POINT('',(3.478642486445E0,5.931579195027E0,-5.147604023628E0));
#5624=CARTESIAN_POINT('',(1.355278519998E0,5.991162528361E0,-6.063167560426E0));
#5625=CARTESIAN_POINT('',(-9.558266331551E-1,6.050745861694E0,
-6.138825309448E0));
#5626=CARTESIAN_POINT('',(-3.134525034673E0,6.110329195027E0,
-5.364096712363E0));
#5627=CARTESIAN_POINT('',(-4.879010511624E0,6.169912528361E0,
-3.846301751037E0));
#5628=CARTESIAN_POINT('',(-5.947626630440E0,6.229495861694E0,
-1.795694349674E0));
#5629=CARTESIAN_POINT('',(-6.192342373644E0,6.289079195027E0,
5.036632408172E-1));
#5630=CARTESIAN_POINT('',(-5.579258270862E0,6.348662528361E0,2.733250423869E0));
#5631=CARTESIAN_POINT('',(-4.193302353724E0,6.408245861694E0,4.584211611923E0));
#5632=CARTESIAN_POINT('',(-2.226465423191E0,6.467829195027E0,5.800140726885E0));
#5633=CARTESIAN_POINT('',(4.879465022859E-2,6.527412528361E0,6.212600084944E0));
#5634=CARTESIAN_POINT('',(2.317295400692E0,6.586995861694E0,5.764453378817E0));
#5635=CARTESIAN_POINT('',(4.264790702256E0,6.646579195027E0,4.517780539317E0));
#5636=CARTESIAN_POINT('',(5.621502005456E0,6.706162528361E0,2.645278046302E0));
#5637=CARTESIAN_POINT('',(6.199489630085E0,6.765745861694E0,4.063360305907E-1));
#5638=CARTESIAN_POINT('',(5.918687375372E0,6.825329195027E0,-1.888894122929E0));
#5639=CARTESIAN_POINT('',(4.817993406857E0,6.884912528361E0,-3.922463241137E0));
#5640=CARTESIAN_POINT('',(3.049883182206E0,6.944495861694E0,-5.412670561420E0));
#5641=CARTESIAN_POINT('',(8.592826883686E-1,7.004079195027E0,
-6.153079117436E0));
#5642=CARTESIAN_POINT('',(-1.450341635618E0,7.063662528361E0,
-6.041140478079E0));
#5643=CARTESIAN_POINT('',(-3.559089970255E0,7.123245861694E0,
-5.092296346347E0));
#5644=CARTESIAN_POINT('',(-4.636153733089E0,7.162968083916E0,
-3.989583898749E0));
#5645=CARTESIAN_POINT('',(-5.055292976138E0,7.182829195027E0,
-3.358728623080E0));
#5646=CARTESIAN_POINT('',(-5.295762226E0,3.536180272361E0,3.518496010705E0));
#5647=CARTESIAN_POINT('',(-4.856685444248E0,3.556041383472E0,4.179359694517E0));
#5648=CARTESIAN_POINT('',(-3.728388109725E0,3.595763605694E0,5.334525765741E0));
#5649=CARTESIAN_POINT('',(-1.519331220753E0,3.655346939027E0,6.328504341247E0));
#5650=CARTESIAN_POINT('',(9.001568898177E-1,3.714930272361E0,6.445767657287E0));
#5651=CARTESIAN_POINT('',(3.194959466498E0,3.774513605694E0,5.670139482766E0));
#5652=CARTESIAN_POINT('',(5.047174834294E0,3.834096939027E0,4.109046253765E0));
#5653=CARTESIAN_POINT('',(6.200226411791E0,3.893680272361E0,1.978744692412E0));
#5654=CARTESIAN_POINT('',(6.494385816698E0,3.953263605694E0,
-4.256645484289E-1));
#5655=CARTESIAN_POINT('',(5.888904582662E0,4.012846939027E0,-2.771108147637E0));
#5656=CARTESIAN_POINT('',(4.467657484820E0,4.072430272361E0,-4.732681496088E0));
#5657=CARTESIAN_POINT('',(2.427524083647E0,4.132013605694E0,-6.038655840753E0));
#5658=CARTESIAN_POINT('',(5.111570520871E-2,4.191596939027E0,
-6.508119907271E0));
#5659=CARTESIAN_POINT('',(-2.332373522421E0,4.251180272361E0,
-6.076040758054E0));
#5660=CARTESIAN_POINT('',(-4.392768591626E0,4.310763605694E0,
-4.802272549781E0));
#5661=CARTESIAN_POINT('',(-5.844651405841E0,4.370346939027E0,
-2.863265179139E0));
#5662=CARTESIAN_POINT('',(-6.486898580872E0,4.429930272361E0,
-5.276214015557E-1));
#5663=CARTESIAN_POINT('',(-6.230542244042E0,4.489513605694E0,1.881111609422E0));
#5664=CARTESIAN_POINT('',(-5.111094389519E0,4.549096939027E0,4.029261927861E0));
#5665=CARTESIAN_POINT('',(-3.283627547093E0,4.608680272361E0,5.619255081758E0));
#5666=CARTESIAN_POINT('',(-1.001293219277E0,4.668263605694E0,6.430835826774E0));
#5667=CARTESIAN_POINT('',(1.419746160271E0,4.727846939027E0,6.351579203811E0));
#5668=CARTESIAN_POINT('',(3.644113914748E0,4.787430272361E0,5.392464308480E0));
#5669=CARTESIAN_POINT('',(5.363677482667E0,4.847013605694E0,3.686353401917E0));
#5670=CARTESIAN_POINT('',(6.340232760519E0,4.906596939027E0,1.469587045509E0));
#5671=CARTESIAN_POINT('',(6.438501542356E0,4.966180272361E0,
-9.507551898211E-1));
#5672=CARTESIAN_POINT('',(5.644871056007E0,5.025763605694E0,-3.239393199805E0));
#5673=CARTESIAN_POINT('',(4.069279684702E0,5.085346939027E0,-5.079291327494E0));
#5674=CARTESIAN_POINT('',(1.929987652777E0,5.144930272361E0,-6.215576015303E0));
#5675=CARTESIAN_POINT('',(-4.766576699394E-1,5.204513605694E0,
-6.490842395836E0));
#5676=CARTESIAN_POINT('',(-2.817273556428E0,5.264096939027E0,
-5.866958943962E0));
#5677=CARTESIAN_POINT('',(-4.767624067235E0,5.323680272361E0,
-4.430349680940E0));
#5678=CARTESIAN_POINT('',(-6.057535128183E0,5.383263605694E0,
-2.380022208450E0));
#5679=CARTESIAN_POINT('',(-6.508320639143E0,5.442846939027E0,
-6.405986852087E-14));
#5680=CARTESIAN_POINT('',(-6.057535128183E0,5.502430272361E0,2.380022208450E0));
#5681=CARTESIAN_POINT('',(-4.767624067235E0,5.562013605694E0,4.430349680940E0));
#5682=CARTESIAN_POINT('',(-2.817273556428E0,5.621596939027E0,5.866958943962E0));
#5683=CARTESIAN_POINT('',(-4.766576699394E-1,5.681180272361E0,
6.490842395836E0));
#5684=CARTESIAN_POINT('',(1.929987652777E0,5.740763605694E0,6.215576015304E0));
#5685=CARTESIAN_POINT('',(4.069279684702E0,5.800346939027E0,5.079291327495E0));
#5686=CARTESIAN_POINT('',(5.644871056007E0,5.859930272361E0,3.239393199805E0));
#5687=CARTESIAN_POINT('',(6.438501542356E0,5.919513605694E0,9.507551898212E-1));
#5688=CARTESIAN_POINT('',(6.340232760519E0,5.979096939027E0,-1.469587045509E0));
#5689=CARTESIAN_POINT('',(5.363677482667E0,6.038680272361E0,-3.686353401917E0));
#5690=CARTESIAN_POINT('',(3.644113914748E0,6.098263605694E0,-5.392464308480E0));
#5691=CARTESIAN_POINT('',(1.419746160271E0,6.157846939027E0,-6.351579203811E0));
#5692=CARTESIAN_POINT('',(-1.001293219277E0,6.217430272361E0,
-6.430835826774E0));
#5693=CARTESIAN_POINT('',(-3.283627547093E0,6.277013605694E0,
-5.619255081758E0));
#5694=CARTESIAN_POINT('',(-5.111094389519E0,6.336596939027E0,
-4.029261927862E0));
#5695=CARTESIAN_POINT('',(-6.230542244041E0,6.396180272361E0,
-1.881111609422E0));
#5696=CARTESIAN_POINT('',(-6.486898580872E0,6.455763605694E0,
5.276214015556E-1));
#5697=CARTESIAN_POINT('',(-5.844651405841E0,6.515346939027E0,2.863265179139E0));
#5698=CARTESIAN_POINT('',(-4.392768591626E0,6.574930272361E0,4.802272549781E0));
#5699=CARTESIAN_POINT('',(-2.332373522421E0,6.634513605694E0,6.076040758054E0));
#5700=CARTESIAN_POINT('',(5.111570520861E-2,6.694096939027E0,6.508119907271E0));
#5701=CARTESIAN_POINT('',(2.427524083647E0,6.753680272361E0,6.038655840753E0));
#5702=CARTESIAN_POINT('',(4.467657484820E0,6.813263605694E0,4.732681496088E0));
#5703=CARTESIAN_POINT('',(5.888904582662E0,6.872846939027E0,2.771108147637E0));
#5704=CARTESIAN_POINT('',(6.494385816698E0,6.932430272361E0,4.256645484291E-1));
#5705=CARTESIAN_POINT('',(6.200226411791E0,6.992013605694E0,-1.978744692412E0));
#5706=CARTESIAN_POINT('',(5.047174834294E0,7.051596939027E0,-4.109046253765E0));
#5707=CARTESIAN_POINT('',(3.194959466499E0,7.111180272361E0,-5.670139482766E0));
#5708=CARTESIAN_POINT('',(9.001568898178E-1,7.170763605694E0,
-6.445767657287E0));
#5709=CARTESIAN_POINT('',(-1.519331220753E0,7.230346939027E0,
-6.328504341247E0));
#5710=CARTESIAN_POINT('',(-3.728388109725E0,7.289930272361E0,
-5.334525765741E0));
#5711=CARTESIAN_POINT('',(-4.856685444248E0,7.329652494583E0,
-4.179359694518E0));
#5712=CARTESIAN_POINT('',(-5.295762226E0,7.349513605694E0,-3.518496010706E0));
#5713=B_SPLINE_SURFACE_WITH_KNOTS('',3,3,((#5445,#5446,#5447,#5448,#5449,#5450,
#5451,#5452,#5453,#5454,#5455,#5456,#5457,#5458,#5459,#5460,#5461,#5462,#5463,
#5464,#5465,#5466,#5467,#5468,#5469,#5470,#5471,#5472,#5473,#5474,#5475,#5476,
#5477,#5478,#5479,#5480,#5481,#5482,#5483,#5484,#5485,#5486,#5487,#5488,#5489,
#5490,#5491,#5492,#5493,#5494,#5495,#5496,#5497,#5498,#5499,#5500,#5501,#5502,
#5503,#5504,#5505,#5506,#5507,#5508,#5509,#5510,#5511),(#5512,#5513,#5514,#5515,
#5516,#5517,#5518,#5519,#5520,#5521,#5522,#5523,#5524,#5525,#5526,#5527,#5528,
#5529,#5530,#5531,#5532,#5533,#5534,#5535,#5536,#5537,#5538,#5539,#5540,#5541,
#5542,#5543,#5544,#5545,#5546,#5547,#5548,#5549,#5550,#5551,#5552,#5553,#5554,
#5555,#5556,#5557,#5558,#5559,#5560,#5561,#5562,#5563,#5564,#5565,#5566,#5567,
#5568,#5569,#5570,#5571,#5572,#5573,#5574,#5575,#5576,#5577,#5578),(#5579,#5580,
#5581,#5582,#5583,#5584,#5585,#5586,#5587,#5588,#5589,#5590,#5591,#5592,#5593,
#5594,#5595,#5596,#5597,#5598,#5599,#5600,#5601,#5602,#5603,#5604,#5605,#5606,
#5607,#5608,#5609,#5610,#5611,#5612,#5613,#5614,#5615,#5616,#5617,#5618,#5619,
#5620,#5621,#5622,#5623,#5624,#5625,#5626,#5627,#5628,#5629,#5630,#5631,#5632,
#5633,#5634,#5635,#5636,#5637,#5638,#5639,#5640,#5641,#5642,#5643,#5644,#5645),(
#5646,#5647,#5648,#5649,#5650,#5651,#5652,#5653,#5654,#5655,#5656,#5657,#5658,
#5659,#5660,#5661,#5662,#5663,#5664,#5665,#5666,#5667,#5668,#5669,#5670,#5671,
#5672,#5673,#5674,#5675,#5676,#5677,#5678,#5679,#5680,#5681,#5682,#5683,#5684,
#5685,#5686,#5687,#5688,#5689,#5690,#5691,#5692,#5693,#5694,#5695,#5696,#5697,
#5698,#5699,#5700,#5701,#5702,#5703,#5704,#5705,#5706,#5707,#5708,#5709,#5710,
#5711,#5712)),.UNSPECIFIED.,.F.,.F.,.F.,(4,4),(4,1,1,1,1,1,1,1,1,1,1,1,1,1,1,1,
1,1,1,1,1,1,1,1,1,1,1,1,1,1,1,1,1,1,1,1,1,1,1,1,1,1,1,1,1,1,1,1,1,1,1,1,1,1,1,1,
1,1,1,1,1,1,1,1,4),(-4.132350269520E-2,1.041323502695E0),(-2.E-2,-3.75E-3,
1.25E-2,2.875E-2,4.5E-2,6.125E-2,7.75E-2,9.375E-2,1.1E-1,1.2625E-1,1.425E-1,
1.5875E-1,1.75E-1,1.9125E-1,2.075E-1,2.2375E-1,2.4E-1,2.5625E-1,2.725E-1,
2.8875E-1,3.05E-1,3.2125E-1,3.375E-1,3.5375E-1,3.7E-1,3.8625E-1,4.025E-1,
4.1875E-1,4.35E-1,4.5125E-1,4.675E-1,4.8375E-1,5.E-1,5.1625E-1,5.325E-1,
5.4875E-1,5.65E-1,5.8125E-1,5.975E-1,6.1375E-1,6.3E-1,6.4625E-1,6.625E-1,
6.7875E-1,6.95E-1,7.1125E-1,7.275E-1,7.4375E-1,7.6E-1,7.7625E-1,7.925E-1,
8.0875E-1,8.25E-1,8.4125E-1,8.575E-1,8.7375E-1,8.9E-1,9.0625E-1,9.225E-1,
9.3875E-1,9.55E-1,9.7125E-1,9.875E-1,1.00375E0,1.02E0),.UNSPECIFIED.);
#5714=ORIENTED_EDGE('',*,*,#4163,.F.);
#5715=ORIENTED_EDGE('',*,*,#3995,.T.);
#5716=ORIENTED_EDGE('',*,*,#4767,.F.);
#5717=ORIENTED_EDGE('',*,*,#4326,.T.);
#5718=ORIENTED_EDGE('',*,*,#4178,.F.);
#5719=ORIENTED_EDGE('',*,*,#4011,.T.);
#5720=ORIENTED_EDGE('',*,*,#4781,.F.);
#5721=ORIENTED_EDGE('',*,*,#4341,.T.);
#5722=ORIENTED_EDGE('',*,*,#4193,.F.);
#5723=ORIENTED_EDGE('',*,*,#4027,.T.);
#5724=ORIENTED_EDGE('',*,*,#4795,.F.);
#5725=ORIENTED_EDGE('',*,*,#4360,.T.);
#5727=ORIENTED_EDGE('',*,*,#5726,.F.);
#5728=ORIENTED_EDGE('',*,*,#5427,.F.);
#5729=ORIENTED_EDGE('',*,*,#4685,.T.);
#5730=ORIENTED_EDGE('',*,*,#3977,.T.);
#5731=ORIENTED_EDGE('',*,*,#4753,.F.);
#5732=ORIENTED_EDGE('',*,*,#4311,.T.);
#5733=EDGE_LOOP('',(#5714,#5715,#5716,#5717,#5718,#5719,#5720,#5721,#5722,#5723,
#5724,#5725,#5727,#5728,#5729,#5730,#5731,#5732));
#5734=FACE_OUTER_BOUND('',#5733,.F.);
#5735=ADVANCED_FACE('',(#5734),#5713,.F.);
#5736=CARTESIAN_POINT('',(-3.448418410370E-1,6.702793707028E0,
-5.481104106405E0));
#5737=CARTESIAN_POINT('',(-1.028834531142E0,6.722654818139E0,
-5.438070933903E0));
#5738=CARTESIAN_POINT('',(-2.380257492398E0,6.762377040361E0,
-5.092948103185E0));
#5739=CARTESIAN_POINT('',(-4.077871077906E0,6.821960373694E0,
-3.869745609835E0));
#5740=CARTESIAN_POINT('',(-5.210538548114E0,6.881543707028E0,
-2.110486575336E0));
#5741=CARTESIAN_POINT('',(-5.621426262175E0,6.941127040361E0,
-5.886954036839E-2));
#5742=CARTESIAN_POINT('',(-5.253596830525E0,7.000710373694E0,2.000902201191E0));
#5743=CARTESIAN_POINT('',(-4.158009195349E0,7.060293707028E0,3.783497216756E0));
#5744=CARTESIAN_POINT('',(-2.486429278397E0,7.119877040361E0,5.041979829438E0));
#5745=CARTESIAN_POINT('',(-4.704145659874E-1,7.179460373694E0,
5.602017616171E0));
#5746=CARTESIAN_POINT('',(1.610764771486E0,7.239043707028E0,5.386030828296E0));
#5747=CARTESIAN_POINT('',(3.468811451961E0,7.298627040361E0,4.423939233215E0));
#5748=CARTESIAN_POINT('',(4.846337880068E0,7.358210373694E0,2.849017441660E0));
#5749=CARTESIAN_POINT('',(5.552520955577E0,7.417793707028E0,8.794329239433E-1));
#5750=CARTESIAN_POINT('',(5.489536027692E0,7.477377040361E0,-1.211975837530E0));
#5751=CARTESIAN_POINT('',(4.666108140565E0,7.536960373694E0,-3.135494546411E0));
#5752=CARTESIAN_POINT('',(3.196303389440E0,7.596543707028E0,-4.624666028233E0));
#5753=CARTESIAN_POINT('',(1.283727811096E0,7.656127040361E0,-5.473201452263E0));
#5754=CARTESIAN_POINT('',(-8.066773270798E-1,7.715710373694E0,
-5.563556678961E0));
#5755=CARTESIAN_POINT('',(-2.785336756577E0,7.775293707028E0,
-4.883215168564E0));
#5756=CARTESIAN_POINT('',(-4.378154884569E0,7.834877040361E0,
-3.526421846114E0));
#5757=CARTESIAN_POINT('',(-5.364485134620E0,7.894460373694E0,
-1.681127737702E0));
#5758=CARTESIAN_POINT('',(-5.607695213885E0,7.954043707028E0,
3.970461159610E-1));
#5759=CARTESIAN_POINT('',(-5.074094225456E0,8.013627040361E0,2.420218796148E0));
#5760=CARTESIAN_POINT('',(-3.837599730422E0,8.073210373694E0,4.108128471591E0));
#5761=CARTESIAN_POINT('',(-2.069498250652E0,8.132793707028E0,5.226955922961E0));
#5762=CARTESIAN_POINT('',(-1.471764793257E-2,8.192377040361E0,
5.621714562380E0));
#5763=CARTESIAN_POINT('',(2.042101730321E0,8.251960373694E0,5.237720091133E0));
#5764=CARTESIAN_POINT('',(3.816037113462E0,8.311543707028E0,4.128165691771E0));
#5765=CARTESIAN_POINT('',(5.061352492947E0,8.371127040361E0,2.446753394229E0));
#5766=CARTESIAN_POINT('',(5.605539425884E0,8.430710373694E0,4.264023626687E-1));
#5767=CARTESIAN_POINT('',(5.373213923616E0,8.490293707028E0,-1.653016443080E0));
#5768=CARTESIAN_POINT('',(4.396559087146E0,8.549877040361E0,-3.503449646172E0));
#5769=CARTESIAN_POINT('',(2.810866913873E0,8.609460373694E0,-4.868564308143E0));
#5770=CARTESIAN_POINT('',(8.357968508919E-1,8.669043707028E0,
-5.559256681794E0));
#5771=CARTESIAN_POINT('',(-1.255052729227E0,8.728627040361E0,
-5.479847979360E0));
#5772=CARTESIAN_POINT('',(-3.172044991247E0,8.788210373694E0,
-4.641338363397E0));
#5773=CARTESIAN_POINT('',(-4.649626842672E0,8.847793707028E0,
-3.159883139286E0));
#5774=CARTESIAN_POINT('',(-5.483114916836E0,8.907377040361E0,
-1.240702236157E0));
#5775=CARTESIAN_POINT('',(-5.557049521993E0,8.966960373694E0,
8.503480699965E-1));
#5776=CARTESIAN_POINT('',(-4.861188799879E0,9.026543707028E0,2.823603138183E0));
#5777=CARTESIAN_POINT('',(-3.491927488420E0,9.086127040361E0,4.405716019632E0));
#5778=CARTESIAN_POINT('',(-1.638943753197E0,9.145710373694E0,5.377523091897E0));
#5779=CARTESIAN_POINT('',(4.410761525476E-1,9.205293707028E0,5.604403898515E0));
#5780=CARTESIAN_POINT('',(2.459995584046E0,9.264877040361E0,5.054929569886E0));
#5781=CARTESIAN_POINT('',(4.138141895167E0,9.324460373694E0,3.805216535954E0));
#5782=CARTESIAN_POINT('',(5.243048345480E0,9.384043707028E0,2.028382428683E0));
#5783=CARTESIAN_POINT('',(5.621656766410E0,9.443627040361E0,
-2.943519499188E-2));
#5784=CARTESIAN_POINT('',(5.221520082914E0,9.503210373694E0,-2.083175281572E0));
#5785=CARTESIAN_POINT('',(4.098067592141E0,9.562793707028E0,-3.848341622085E0));
#5786=CARTESIAN_POINT('',(2.406926569749E0,9.622377040361E0,-5.080412947573E0));
#5787=CARTESIAN_POINT('',(3.823638603375E-1,9.681960373694E0,
-5.608715459740E0));
#5788=CARTESIAN_POINT('',(-1.695166149772E0,9.741543707028E0,
-5.360065573736E0));
#5789=CARTESIAN_POINT('',(-3.537871730848E0,9.801127040361E0,
-4.368907740603E0));
#5790=CARTESIAN_POINT('',(-4.890490420336E0,9.860710373694E0,
-2.772542998631E0));
#5791=CARTESIAN_POINT('',(-5.565649486743E0,9.920293707028E0,
-7.921092217297E-1));
#5792=CARTESIAN_POINT('',(-5.469821908613E0,9.979877040361E0,1.298052202520E0));
#5793=CARTESIAN_POINT('',(-4.616282285058E0,1.003946037369E1,3.208399772541E0));
#5794=CARTESIAN_POINT('',(-3.123267978464E0,1.009904370703E1,4.674300834524E0));
#5795=CARTESIAN_POINT('',(-1.197600107184E0,1.015862704036E1,5.492690200719E0));
#5796=CARTESIAN_POINT('',(8.939662785427E-1,1.021821037369E1,5.550199417072E0));
#5797=CARTESIAN_POINT('',(2.861695648556E0,1.027779370703E1,4.838863178361E0));
#5798=CARTESIAN_POINT('',(4.433004262643E0,1.033737704036E1,3.457215462397E0));
#5799=CARTESIAN_POINT('',(5.390233543253E0,1.039696037369E1,1.596667141907E0));
#5800=CARTESIAN_POINT('',(5.600751183713E0,1.045654370703E1,
-4.851105956273E-1));
#5801=CARTESIAN_POINT('',(5.223924841912E0,1.049626592925E1,-1.828038626692E0));
#5802=CARTESIAN_POINT('',(4.919196317452E0,1.051612704036E1,-2.441910258576E0));
#5803=CARTESIAN_POINT('',(-3.629698324864E-1,6.869478117694E0,
-5.769240279427E0));
#5804=CARTESIAN_POINT('',(-1.082919335721E0,6.889339228805E0,
-5.723944895991E0));
#5805=CARTESIAN_POINT('',(-2.505385253403E0,6.929061451028E0,
-5.360679302477E0));
#5806=CARTESIAN_POINT('',(-4.292240690972E0,6.988644784361E0,
-4.073174274743E0));
#5807=CARTESIAN_POINT('',(-5.484451359746E0,7.048228117694E0,
-2.221432748447E0));
#5808=CARTESIAN_POINT('',(-5.916939030892E0,7.107811451028E0,
-6.196425335687E-2));
#5809=CARTESIAN_POINT('',(-5.529773173094E0,7.167394784361E0,2.106087633113E0));
#5810=CARTESIAN_POINT('',(-4.376591589275E0,7.226978117694E0,3.982391889711E0));
#5811=CARTESIAN_POINT('',(-2.617138384238E0,7.286561451028E0,5.307031677443E0));
#5812=CARTESIAN_POINT('',(-4.951437902725E-1,7.346144784361E0,
5.896510091736E0));
#5813=CARTESIAN_POINT('',(1.695441068065E0,7.405728117694E0,5.669169093966E0));
#5814=CARTESIAN_POINT('',(3.651163408301E0,7.465311451028E0,4.656501303847E0));
#5815=CARTESIAN_POINT('',(5.101105026034E0,7.524894784361E0,2.998787445399E0));
#5816=CARTESIAN_POINT('',(5.844411441090E0,7.584478117694E0,9.256638351275E-1));
#5817=CARTESIAN_POINT('',(5.778115458402E0,7.644061451028E0,-1.275688197821E0));
#5818=CARTESIAN_POINT('',(4.911400788985E0,7.703644784361E0,-3.300324365659E0));
#5819=CARTESIAN_POINT('',(3.364329868881E0,7.763228117694E0,-4.867780106165E0));
#5820=CARTESIAN_POINT('',(1.351212101033E0,7.822811451028E0,-5.760922190643E0));
#5821=CARTESIAN_POINT('',(-8.490835491431E-1,7.882394784361E0,
-5.856027301439E0));
#5822=CARTESIAN_POINT('',(-2.931759130251E0,7.941978117694E0,
-5.139920916785E0));
#5823=CARTESIAN_POINT('',(-4.608310117684E0,8.001561451028E0,
-3.711802323382E0));
#5824=CARTESIAN_POINT('',(-5.646490764675E0,8.061144784361E0,
-1.769502945197E0));
#5825=CARTESIAN_POINT('',(-5.902486155096E0,8.120728117694E0,
4.179184340461E-1));
#5826=CARTESIAN_POINT('',(-5.340834295211E0,8.180311451028E0,2.547447283011E0));
#5827=CARTESIAN_POINT('',(-4.039338518529E0,8.239894784361E0,4.324088685648E0));
#5828=CARTESIAN_POINT('',(-2.178289708439E0,8.299478117694E0,5.501731779606E0));
#5829=CARTESIAN_POINT('',(-1.549133999695E-2,8.359061451028E0,
5.917242486751E0));
#5830=CARTESIAN_POINT('',(2.149452980374E0,8.418644784361E0,5.513061809356E0));
#5831=CARTESIAN_POINT('',(4.016642376314E0,8.478228117694E0,4.345179242496E0));
#5832=CARTESIAN_POINT('',(5.327422742540E0,8.537811451028E0,2.575376778433E0));
#5833=CARTESIAN_POINT('',(5.900217039471E0,8.597394784361E0,4.488179093472E-1));
#5834=CARTESIAN_POINT('',(5.655678417397E0,8.656978117694E0,-1.739913867870E0));
#5835=CARTESIAN_POINT('',(4.627681810824E0,8.716561451028E0,-3.687622497814E0));
#5836=CARTESIAN_POINT('',(2.958631382439E0,8.776144784361E0,-5.124499875253E0));
#5837=CARTESIAN_POINT('',(8.797338572622E-1,8.835728117694E0,
-5.851501257712E0));
#5838=CARTESIAN_POINT('',(-1.321029598726E0,8.895311451028E0,
-5.767918119036E0));
#5839=CARTESIAN_POINT('',(-3.338796230904E0,8.954894784361E0,
-4.885328889351E0));
#5840=CARTESIAN_POINT('',(-4.894053085709E0,9.014478117694E0,
-3.325995042522E0));
#5841=CARTESIAN_POINT('',(-5.771356796155E0,9.074061451028E0,
-1.305924714557E0));
#5842=CARTESIAN_POINT('',(-5.849178069723E0,9.133644784361E0,
8.950500194338E-1));
#5843=CARTESIAN_POINT('',(-5.116736643880E0,9.193228117694E0,2.972037137351E0));
#5844=CARTESIAN_POINT('',(-3.675494631728E0,9.252811451028E0,4.637320114113E0));
#5845=CARTESIAN_POINT('',(-1.725101390724E0,9.312394784361E0,5.660214114355E0));
#5846=CARTESIAN_POINT('',(4.642630857164E-1,9.371978117694E0,5.899021818561E0));
#5847=CARTESIAN_POINT('',(2.589315096954E0,9.431561451028E0,5.320662172822E0));
#5848=CARTESIAN_POINT('',(4.355679884949E0,9.491144784361E0,4.005252971844E0));
#5849=CARTESIAN_POINT('',(5.518670164717E0,9.550728117694E0,2.135012468740E0));
#5850=CARTESIAN_POINT('',(5.917181652505E0,9.610311451028E0,
-3.098257381784E-2));
#5851=CARTESIAN_POINT('',(5.496010182873E0,9.669894784361E0,-2.192685727226E0));
#5852=CARTESIAN_POINT('',(4.313498915806E0,9.729478117694E0,-4.050645100717E0));
#5853=CARTESIAN_POINT('',(2.533456297535E0,9.789061451028E0,-5.347485186244E0));
#5854=CARTESIAN_POINT('',(4.024643468965E-1,9.848644784361E0,
-5.903560034258E0));
#5855=CARTESIAN_POINT('',(-1.784279342579E0,9.908228117694E0,
-5.641838871886E0));
#5856=CARTESIAN_POINT('',(-3.723854117130E0,9.967811451028E0,
-4.598576860588E0));
#5857=CARTESIAN_POINT('',(-5.147578621283E0,1.002739478436E1,
-2.918292817218E0));
#5858=CARTESIAN_POINT('',(-5.858230126038E0,1.008697811769E1,
-8.337496130330E-1));
#5859=CARTESIAN_POINT('',(-5.757364987756E0,1.014656145103E1,1.366289511419E0));
#5860=CARTESIAN_POINT('',(-4.858955637978E0,1.020614478436E1,3.377062146770E0));
#5861=CARTESIAN_POINT('',(-3.287455059235E0,1.026572811769E1,4.920024164691E0));
#5862=CARTESIAN_POINT('',(-1.260556749677E0,1.032531145103E1,5.781435443157E0));
#5863=CARTESIAN_POINT('',(9.409611936747E-1,1.038489478436E1,5.841967861622E0));
#5864=CARTESIAN_POINT('',(3.012132132980E0,1.044447811769E1,5.093237386718E0));
#5865=CARTESIAN_POINT('',(4.666042872827E0,1.050406145103E1,3.638957829137E0));
#5866=CARTESIAN_POINT('',(5.673592741455E0,1.056364478436E1,1.680602340167E0));
#5867=CARTESIAN_POINT('',(5.895177084188E0,1.062322811769E1,
-5.106123755247E-1));
#5868=CARTESIAN_POINT('',(5.498541357651E0,1.066295033992E1,-1.924136793011E0));
#5869=CARTESIAN_POINT('',(5.177793558763E0,1.068281145103E1,-2.570279043973E0));
#5870=CARTESIAN_POINT('',(-3.810978239358E-1,7.036162528361E0,
-6.057376452449E0));
#5871=CARTESIAN_POINT('',(-1.137004140301E0,7.056023639472E0,
-6.009818858079E0));
#5872=CARTESIAN_POINT('',(-2.630513014407E0,7.095745861694E0,
-5.628410501769E0));
#5873=CARTESIAN_POINT('',(-4.506610304038E0,7.155329195027E0,
-4.276602939651E0));
#5874=CARTESIAN_POINT('',(-5.758364171379E0,7.214912528361E0,
-2.332378921559E0));
#5875=CARTESIAN_POINT('',(-6.212451799609E0,7.274495861694E0,
-6.505896634535E-2));
#5876=CARTESIAN_POINT('',(-5.805949515663E0,7.334079195027E0,2.211273065035E0));
#5877=CARTESIAN_POINT('',(-4.595173983201E0,7.393662528361E0,4.181286562666E0));
#5878=CARTESIAN_POINT('',(-2.747847490078E0,7.453245861694E0,5.572083525447E0));
#5879=CARTESIAN_POINT('',(-5.198730145577E-1,7.512829195027E0,
6.191002567301E0));
#5880=CARTESIAN_POINT('',(1.780117364644E0,7.572412528361E0,5.952307359636E0));
#5881=CARTESIAN_POINT('',(3.833515364640E0,7.631995861694E0,4.889063374480E0));
#5882=CARTESIAN_POINT('',(5.355872172001E0,7.691579195027E0,3.148557449139E0));
#5883=CARTESIAN_POINT('',(6.136301926602E0,7.751162528361E0,9.718947463117E-1));
#5884=CARTESIAN_POINT('',(6.066694889111E0,7.810745861694E0,-1.339400558113E0));
#5885=CARTESIAN_POINT('',(5.156693437406E0,7.870329195027E0,-3.465154184906E0));
#5886=CARTESIAN_POINT('',(3.532356348322E0,7.929912528361E0,-5.110894184098E0));
#5887=CARTESIAN_POINT('',(1.418696390970E0,7.989495861694E0,-6.048642929023E0));
#5888=CARTESIAN_POINT('',(-8.914897712064E-1,8.049079195027E0,
-6.148497923917E0));
#5889=CARTESIAN_POINT('',(-3.078181503926E0,8.108662528361E0,
-5.396626665007E0));
#5890=CARTESIAN_POINT('',(-4.838465350800E0,8.168245861694E0,
-3.897182800650E0));
#5891=CARTESIAN_POINT('',(-5.928496394730E0,8.227829195027E0,
-1.857878152691E0));
#5892=CARTESIAN_POINT('',(-6.197277096307E0,8.287412528361E0,
4.387907521311E-1));
#5893=CARTESIAN_POINT('',(-5.607574364966E0,8.346995861694E0,2.674675769874E0));
#5894=CARTESIAN_POINT('',(-4.241077306636E0,8.406579195027E0,4.540048899705E0));
#5895=CARTESIAN_POINT('',(-2.287081166226E0,8.466162528361E0,5.776507636251E0));
#5896=CARTESIAN_POINT('',(-1.626503206134E-2,8.525745861694E0,
6.212770411121E0));
#5897=CARTESIAN_POINT('',(2.256804230428E0,8.585329195027E0,5.788403527580E0));
#5898=CARTESIAN_POINT('',(4.217247639166E0,8.644912528361E0,4.562192793222E0));
#5899=CARTESIAN_POINT('',(5.593492992132E0,8.704495861694E0,2.704000162637E0));
#5900=CARTESIAN_POINT('',(6.194894653059E0,8.764079195027E0,4.712334560257E-1));
#5901=CARTESIAN_POINT('',(5.938142911179E0,8.823662528361E0,-1.826811292660E0));
#5902=CARTESIAN_POINT('',(4.858804534502E0,8.883245861694E0,-3.871795349456E0));
#5903=CARTESIAN_POINT('',(3.106395851005E0,8.942829195027E0,-5.380435442362E0));
#5904=CARTESIAN_POINT('',(9.236708636326E-1,9.002412528361E0,
-6.143745833630E0));
#5905=CARTESIAN_POINT('',(-1.387006468226E0,9.061995861694E0,
-6.055988258713E0));
#5906=CARTESIAN_POINT('',(-3.505547470561E0,9.121579195027E0,
-5.129319415304E0));
#5907=CARTESIAN_POINT('',(-5.138479328747E0,9.181162528361E0,
-3.492106945758E0));
#5908=CARTESIAN_POINT('',(-6.059598675475E0,9.240745861694E0,
-1.371147192957E0));
#5909=CARTESIAN_POINT('',(-6.141306617453E0,9.300329195027E0,
9.397519688712E-1));
#5910=CARTESIAN_POINT('',(-5.372284487881E0,9.359912528361E0,3.120471136519E0));
#5911=CARTESIAN_POINT('',(-3.859061775035E0,9.419495861694E0,4.868924208594E0));
#5912=CARTESIAN_POINT('',(-1.811259028250E0,9.479079195027E0,5.942905136813E0));
#5913=CARTESIAN_POINT('',(4.874500188852E-1,9.538662528361E0,6.193639738608E0));
#5914=CARTESIAN_POINT('',(2.718634609862E0,9.598245861694E0,5.586394775759E0));
#5915=CARTESIAN_POINT('',(4.573217874732E0,9.657829195027E0,4.205289407735E0));
#5916=CARTESIAN_POINT('',(5.794291983955E0,9.717412528361E0,2.241642508798E0));
#5917=CARTESIAN_POINT('',(6.212706538599E0,9.776995861694E0,
-3.252995264376E-2));
#5918=CARTESIAN_POINT('',(5.770500282831E0,9.836579195027E0,-2.302196172879E0));
#5919=CARTESIAN_POINT('',(4.528930239470E0,9.896162528361E0,-4.252948579349E0));
#5920=CARTESIAN_POINT('',(2.659986025322E0,9.955745861694E0,-5.614557424915E0));
#5921=CARTESIAN_POINT('',(4.225648334556E-1,1.001532919503E1,
-6.198404608775E0));
#5922=CARTESIAN_POINT('',(-1.873392535387E0,1.007491252836E1,
-5.923612170036E0));
#5923=CARTESIAN_POINT('',(-3.909836503412E0,1.013449586169E1,
-4.828245980573E0));
#5924=CARTESIAN_POINT('',(-5.404666822229E0,1.019407919503E1,
-3.064042635805E0));
#5925=CARTESIAN_POINT('',(-6.150810765332E0,1.025366252836E1,
-8.753900043363E-1));
#5926=CARTESIAN_POINT('',(-6.044908066900E0,1.031324586169E1,1.434526820318E0));
#5927=CARTESIAN_POINT('',(-5.101628990899E0,1.037282919503E1,3.545724520999E0));
#5928=CARTESIAN_POINT('',(-3.451642140007E0,1.043241252836E1,5.165747494857E0));
#5929=CARTESIAN_POINT('',(-1.323513392170E0,1.049199586169E1,6.070180685595E0));
#5930=CARTESIAN_POINT('',(9.879561088066E-1,1.055157919503E1,6.133736306172E0));
#5931=CARTESIAN_POINT('',(3.162568617403E0,1.061116252836E1,5.347611595075E0));
#5932=CARTESIAN_POINT('',(4.899081483010E0,1.067074586169E1,3.820700195877E0));
#5933=CARTESIAN_POINT('',(5.956951939656E0,1.073032919503E1,1.764537538428E0));
#5934=CARTESIAN_POINT('',(6.189602984662E0,1.078991252836E1,
-5.361141554221E-1));
#5935=CARTESIAN_POINT('',(5.773157873390E0,1.082963475058E1,-2.020234959331E0));
#5936=CARTESIAN_POINT('',(5.436390800074E0,1.084949586169E1,-2.698647829369E0));
#5937=CARTESIAN_POINT('',(-3.992258153852E-1,7.202846939027E0,
-6.345512625470E0));
#5938=CARTESIAN_POINT('',(-1.191088944881E0,7.222708050138E0,
-6.295692820168E0));
#5939=CARTESIAN_POINT('',(-2.755640775412E0,7.262430272361E0,
-5.896141701061E0));
#5940=CARTESIAN_POINT('',(-4.720979917104E0,7.322013605694E0,
-4.480031604559E0));
#5941=CARTESIAN_POINT('',(-6.032276983012E0,7.381596939027E0,
-2.443325094670E0));
#5942=CARTESIAN_POINT('',(-6.507964568326E0,7.441180272361E0,
-6.815367933383E-2));
#5943=CARTESIAN_POINT('',(-6.082125858233E0,7.500763605694E0,2.316458496958E0));
#5944=CARTESIAN_POINT('',(-4.813756377128E0,7.560346939027E0,4.380181235621E0));
#5945=CARTESIAN_POINT('',(-2.878556595919E0,7.619930272361E0,5.837135373452E0));
#5946=CARTESIAN_POINT('',(-5.446022388428E-1,7.679513605694E0,
6.485495042866E0));
#5947=CARTESIAN_POINT('',(1.864793661223E0,7.739096939027E0,6.235445625306E0));
#5948=CARTESIAN_POINT('',(4.015867320980E0,7.798680272361E0,5.121625445113E0));
#5949=CARTESIAN_POINT('',(5.610639317967E0,7.858263605694E0,3.298327452878E0));
#5950=CARTESIAN_POINT('',(6.428192412115E0,7.917846939027E0,1.018125657496E0));
#5951=CARTESIAN_POINT('',(6.355274319820E0,7.977430272361E0,-1.403112918404E0));
#5952=CARTESIAN_POINT('',(5.401986085827E0,8.037013605694E0,-3.629984004153E0));
#5953=CARTESIAN_POINT('',(3.700382827763E0,8.096596939027E0,-5.354008262030E0));
#5954=CARTESIAN_POINT('',(1.486180680907E0,8.156180272361E0,-6.336363667403E0));
#5955=CARTESIAN_POINT('',(-9.338959932698E-1,8.215763605694E0,
-6.440968546395E0));
#5956=CARTESIAN_POINT('',(-3.224603877601E0,8.275346939027E0,
-5.653332413228E0));
#5957=CARTESIAN_POINT('',(-5.068620583915E0,8.334930272361E0,
-4.082563277918E0));
#5958=CARTESIAN_POINT('',(-6.210502024785E0,8.394513605694E0,
-1.946253360186E0));
#5959=CARTESIAN_POINT('',(-6.492068037518E0,8.454096939027E0,
4.596630702162E-1));
#5960=CARTESIAN_POINT('',(-5.874314434721E0,8.513680272361E0,2.801904256737E0));
#5961=CARTESIAN_POINT('',(-4.442816094743E0,8.573263605694E0,4.756009113762E0));
#5962=CARTESIAN_POINT('',(-2.395872624013E0,8.632846939027E0,6.051283492896E0));
#5963=CARTESIAN_POINT('',(-1.703872412572E-2,8.692430272361E0,
6.508298335492E0));
#5964=CARTESIAN_POINT('',(2.364155480481E0,8.752013605694E0,6.063745245803E0));
#5965=CARTESIAN_POINT('',(4.417852902017E0,8.811596939027E0,4.779206343947E0));
#5966=CARTESIAN_POINT('',(5.859563241724E0,8.871180272361E0,2.832623546842E0));
#5967=CARTESIAN_POINT('',(6.489572266646E0,8.930763605694E0,4.936490027042E-1));
#5968=CARTESIAN_POINT('',(6.220607404960E0,8.990346939027E0,-1.913708717450E0));
#5969=CARTESIAN_POINT('',(5.089927258180E0,9.049930272361E0,-4.055968201098E0));
#5970=CARTESIAN_POINT('',(3.254160319571E0,9.109513605694E0,-5.636371009472E0));
#5971=CARTESIAN_POINT('',(9.676078700030E-1,9.169096939027E0,
-6.435990409548E0));
#5972=CARTESIAN_POINT('',(-1.452983337725E0,9.228680272361E0,
-6.344058398390E0));
#5973=CARTESIAN_POINT('',(-3.672298710218E0,9.288263605694E0,
-5.373309941258E0));
#5974=CARTESIAN_POINT('',(-5.382905571785E0,9.347846939027E0,
-3.658218848994E0));
#5975=CARTESIAN_POINT('',(-6.347840554795E0,9.407430272361E0,
-1.436369671356E0));
#5976=CARTESIAN_POINT('',(-6.433435165183E0,9.467013605694E0,
9.844539183086E-1));
#5977=CARTESIAN_POINT('',(-5.627832331881E0,9.526596939027E0,3.268905135687E0));
#5978=CARTESIAN_POINT('',(-4.042628918343E0,9.586180272361E0,5.100528303075E0));
#5979=CARTESIAN_POINT('',(-1.897416665777E0,9.645763605694E0,6.225596159270E0));
#5980=CARTESIAN_POINT('',(5.106369520539E-1,9.705346939027E0,6.488257658654E0));
#5981=CARTESIAN_POINT('',(2.847954122770E0,9.764930272361E0,5.852127378696E0));
#5982=CARTESIAN_POINT('',(4.790755864514E0,9.824513605694E0,4.405325843625E0));
#5983=CARTESIAN_POINT('',(6.069913803192E0,9.884096939027E0,2.348272548856E0));
#5984=CARTESIAN_POINT('',(6.508231424694E0,9.943680272361E0,
-3.407733146971E-2));
#5985=CARTESIAN_POINT('',(6.044990382789E0,1.000326360569E1,-2.411706618533E0));
#5986=CARTESIAN_POINT('',(4.744361563134E0,1.006284693903E1,-4.455252057981E0));
#5987=CARTESIAN_POINT('',(2.786515753108E0,1.012243027236E1,-5.881629663586E0));
#5988=CARTESIAN_POINT('',(4.426653200146E-1,1.018201360569E1,
-6.493249183293E0));
#5989=CARTESIAN_POINT('',(-1.962505728194E0,1.024159693903E1,
-6.205385468185E0));
#5990=CARTESIAN_POINT('',(-4.095818889694E0,1.030118027236E1,
-5.057915100558E0));
#5991=CARTESIAN_POINT('',(-5.661755023176E0,1.036076360569E1,
-3.209792454392E0));
#5992=CARTESIAN_POINT('',(-6.443391404627E0,1.042034693903E1,
-9.170303956395E-1));
#5993=CARTESIAN_POINT('',(-6.332451146043E0,1.047993027236E1,1.502764129217E0));
#5994=CARTESIAN_POINT('',(-5.344302343819E0,1.053951360569E1,3.714386895229E0));
#5995=CARTESIAN_POINT('',(-3.615829220779E0,1.059909693903E1,5.411470825023E0));
#5996=CARTESIAN_POINT('',(-1.386470034664E0,1.065868027236E1,6.358925928032E0));
#5997=CARTESIAN_POINT('',(1.034951023939E0,1.071826360569E1,6.425504750722E0));
#5998=CARTESIAN_POINT('',(3.313005101827E0,1.077784693903E1,5.601985803432E0));
#5999=CARTESIAN_POINT('',(5.132120093194E0,1.083743027236E1,4.002442562617E0));
#6000=CARTESIAN_POINT('',(6.240311137857E0,1.089701360569E1,1.848472736689E0));
#6001=CARTESIAN_POINT('',(6.484028885137E0,1.095659693903E1,
-5.616159353196E-1));
#6002=CARTESIAN_POINT('',(6.047774389129E0,1.099631916125E1,-2.116333125650E0));
#6003=CARTESIAN_POINT('',(5.694988041385E0,1.101618027236E1,-2.827016614765E0));
#6004=B_SPLINE_SURFACE_WITH_KNOTS('',3,3,((#5736,#5737,#5738,#5739,#5740,#5741,
#5742,#5743,#5744,#5745,#5746,#5747,#5748,#5749,#5750,#5751,#5752,#5753,#5754,
#5755,#5756,#5757,#5758,#5759,#5760,#5761,#5762,#5763,#5764,#5765,#5766,#5767,
#5768,#5769,#5770,#5771,#5772,#5773,#5774,#5775,#5776,#5777,#5778,#5779,#5780,
#5781,#5782,#5783,#5784,#5785,#5786,#5787,#5788,#5789,#5790,#5791,#5792,#5793,
#5794,#5795,#5796,#5797,#5798,#5799,#5800,#5801,#5802),(#5803,#5804,#5805,#5806,
#5807,#5808,#5809,#5810,#5811,#5812,#5813,#5814,#5815,#5816,#5817,#5818,#5819,
#5820,#5821,#5822,#5823,#5824,#5825,#5826,#5827,#5828,#5829,#5830,#5831,#5832,
#5833,#5834,#5835,#5836,#5837,#5838,#5839,#5840,#5841,#5842,#5843,#5844,#5845,
#5846,#5847,#5848,#5849,#5850,#5851,#5852,#5853,#5854,#5855,#5856,#5857,#5858,
#5859,#5860,#5861,#5862,#5863,#5864,#5865,#5866,#5867,#5868,#5869),(#5870,#5871,
#5872,#5873,#5874,#5875,#5876,#5877,#5878,#5879,#5880,#5881,#5882,#5883,#5884,
#5885,#5886,#5887,#5888,#5889,#5890,#5891,#5892,#5893,#5894,#5895,#5896,#5897,
#5898,#5899,#5900,#5901,#5902,#5903,#5904,#5905,#5906,#5907,#5908,#5909,#5910,
#5911,#5912,#5913,#5914,#5915,#5916,#5917,#5918,#5919,#5920,#5921,#5922,#5923,
#5924,#5925,#5926,#5927,#5928,#5929,#5930,#5931,#5932,#5933,#5934,#5935,#5936),(
#5937,#5938,#5939,#5940,#5941,#5942,#5943,#5944,#5945,#5946,#5947,#5948,#5949,
#5950,#5951,#5952,#5953,#5954,#5955,#5956,#5957,#5958,#5959,#5960,#5961,#5962,
#5963,#5964,#5965,#5966,#5967,#5968,#5969,#5970,#5971,#5972,#5973,#5974,#5975,
#5976,#5977,#5978,#5979,#5980,#5981,#5982,#5983,#5984,#5985,#5986,#5987,#5988,
#5989,#5990,#5991,#5992,#5993,#5994,#5995,#5996,#5997,#5998,#5999,#6000,#6001,
#6002,#6003)),.UNSPECIFIED.,.F.,.F.,.F.,(4,4),(4,1,1,1,1,1,1,1,1,1,1,1,1,1,1,1,
1,1,1,1,1,1,1,1,1,1,1,1,1,1,1,1,1,1,1,1,1,1,1,1,1,1,1,1,1,1,1,1,1,1,1,1,1,1,1,1,
1,1,1,1,1,1,1,1,4),(-4.132350269520E-2,1.041323502695E0),(-2.E-2,-3.75E-3,
1.25E-2,2.875E-2,4.5E-2,6.125E-2,7.75E-2,9.375E-2,1.1E-1,1.2625E-1,1.425E-1,
1.5875E-1,1.75E-1,1.9125E-1,2.075E-1,2.2375E-1,2.4E-1,2.5625E-1,2.725E-1,
2.8875E-1,3.05E-1,3.2125E-1,3.375E-1,3.5375E-1,3.7E-1,3.8625E-1,4.025E-1,
4.1875E-1,4.35E-1,4.5125E-1,4.675E-1,4.8375E-1,5.E-1,5.1625E-1,5.325E-1,
5.4875E-1,5.65E-1,5.8125E-1,5.975E-1,6.1375E-1,6.3E-1,6.4625E-1,6.625E-1,
6.7875E-1,6.95E-1,7.1125E-1,7.275E-1,7.4375E-1,7.6E-1,7.7625E-1,7.925E-1,
8.0875E-1,8.25E-1,8.4125E-1,8.575E-1,8.7375E-1,8.9E-1,9.0625E-1,9.225E-1,
9.3875E-1,9.55E-1,9.7125E-1,9.875E-1,1.00375E0,1.02E0),.UNSPECIFIED.);
#6005=ORIENTED_EDGE('',*,*,#4208,.F.);
#6006=ORIENTED_EDGE('',*,*,#4043,.T.);
#6007=ORIENTED_EDGE('',*,*,#4809,.F.);
#6008=ORIENTED_EDGE('',*,*,#4375,.T.);
#6009=ORIENTED_EDGE('',*,*,#4223,.F.);
#6010=ORIENTED_EDGE('',*,*,#4059,.T.);
#6011=ORIENTED_EDGE('',*,*,#4823,.F.);
#6012=ORIENTED_EDGE('',*,*,#4390,.T.);
#6013=ORIENTED_EDGE('',*,*,#4238,.F.);
#6014=ORIENTED_EDGE('',*,*,#4075,.F.);
#6015=ORIENTED_EDGE('',*,*,#4841,.F.);
#6016=ORIENTED_EDGE('',*,*,#4088,.F.);
#6018=ORIENTED_EDGE('',*,*,#6017,.T.);
#6020=ORIENTED_EDGE('',*,*,#6019,.F.);
#6022=ORIENTED_EDGE('',*,*,#6021,.F.);
#6023=ORIENTED_EDGE('',*,*,#5726,.T.);
#6024=ORIENTED_EDGE('',*,*,#4358,.T.);
#6025=EDGE_LOOP('',(#6005,#6006,#6007,#6008,#6009,#6010,#6011,#6012,#6013,#6014,
#6015,#6016,#6018,#6020,#6022,#6023,#6024));
#6026=FACE_OUTER_BOUND('',#6025,.F.);
#6027=ADVANCED_FACE('',(#6026),#6004,.F.);
#6028=CARTESIAN_POINT('',(5.912961729046E0,1.001969780803E1,-2.245553070146E0));
#6029=CARTESIAN_POINT('',(5.630568259697E0,1.003971261737E1,-2.989147955071E0));
#6030=CARTESIAN_POINT('',(4.782014046106E0,1.007974223603E1,-4.368234631699E0));
#6031=CARTESIAN_POINT('',(2.836491996886E0,1.013978666403E1,-5.822692452418E0));
#6032=CARTESIAN_POINT('',(4.920334590032E-1,1.019983109202E1,
-6.458111278221E0));
#6033=CARTESIAN_POINT('',(-1.921637187310E0,1.025987552002E1,
-6.185196424628E0));
#6034=CARTESIAN_POINT('',(-4.065022829541E0,1.031991994801E1,
-5.042313010370E0));
#6035=CARTESIAN_POINT('',(-5.636652796774E0,1.037996437601E1,
-3.190216232287E0));
#6036=CARTESIAN_POINT('',(-6.415472635690E0,1.044000880400E1,
-8.894068516712E-1));
#6037=CARTESIAN_POINT('',(-6.291939445213E0,1.050005323200E1,1.536499857409E0));
#6038=CARTESIAN_POINT('',(-5.283428455106E0,1.056009766E1,3.746293828154E0));
#6039=CARTESIAN_POINT('',(-3.531789380173E0,1.062014208799E1,5.429161826123E0));
#6040=CARTESIAN_POINT('',(-1.283394900072E0,1.068018651599E1,6.348403628449E0));
#6041=CARTESIAN_POINT('',(1.145512588161E0,1.074023094398E1,6.374727068765E0));
#6042=CARTESIAN_POINT('',(3.413300173259E0,1.080027537198E1,5.504423687717E0));
#6043=CARTESIAN_POINT('',(5.201000191033E0,1.086031979997E1,3.859926327887E0));
#6044=CARTESIAN_POINT('',(6.257158199770E0,1.092036422797E1,1.672454303647E0));
#6045=CARTESIAN_POINT('',(6.374558843775E0,1.096039384663E1,5.748018501733E-2));
#6046=CARTESIAN_POINT('',(6.282432197526E0,1.098040865597E1,
-7.325781074324E-1));
#6047=CARTESIAN_POINT('',(5.912961729046E0,9.686328986701E0,-2.245553070146E0));
#6048=CARTESIAN_POINT('',(5.630568259697E0,9.706343796033E0,-2.989147955071E0));
#6049=CARTESIAN_POINT('',(4.782014046106E0,9.746373414696E0,-4.368234631699E0));
#6050=CARTESIAN_POINT('',(2.836491996886E0,9.806417842692E0,-5.822692452418E0));
#6051=CARTESIAN_POINT('',(4.920334590032E-1,9.866462270688E0,
-6.458111278221E0));
#6052=CARTESIAN_POINT('',(-1.921637187310E0,9.926506698684E0,
-6.185196424628E0));
#6053=CARTESIAN_POINT('',(-4.065022829541E0,9.986551126679E0,
-5.042313010370E0));
#6054=CARTESIAN_POINT('',(-5.636652796774E0,1.004659555468E1,
-3.190216232287E0));
#6055=CARTESIAN_POINT('',(-6.415472635690E0,1.010663998267E1,
-8.894068516712E-1));
#6056=CARTESIAN_POINT('',(-6.291939445213E0,1.016668441067E1,1.536499857409E0));
#6057=CARTESIAN_POINT('',(-5.283428455106E0,1.022672883866E1,3.746293828154E0));
#6058=CARTESIAN_POINT('',(-3.531789380173E0,1.028677326666E1,5.429161826123E0));
#6059=CARTESIAN_POINT('',(-1.283394900072E0,1.034681769465E1,6.348403628449E0));
#6060=CARTESIAN_POINT('',(1.145512588161E0,1.040686212265E1,6.374727068765E0));
#6061=CARTESIAN_POINT('',(3.413300173259E0,1.046690655065E1,5.504423687717E0));
#6062=CARTESIAN_POINT('',(5.201000191033E0,1.052695097864E1,3.859926327887E0));
#6063=CARTESIAN_POINT('',(6.257158199770E0,1.058699540664E1,1.672454303647E0));
#6064=CARTESIAN_POINT('',(6.374558843775E0,1.062702502530E1,5.748018501733E-2));
#6065=CARTESIAN_POINT('',(6.282432197526E0,1.064703983463E1,
-7.325781074324E-1));
#6066=CARTESIAN_POINT('',(5.912961729046E0,9.352960165368E0,-2.245553070146E0));
#6067=CARTESIAN_POINT('',(5.630568259697E0,9.372974974700E0,-2.989147955071E0));
#6068=CARTESIAN_POINT('',(4.782014046106E0,9.413004593363E0,-4.368234631699E0));
#6069=CARTESIAN_POINT('',(2.836491996886E0,9.473049021359E0,-5.822692452418E0));
#6070=CARTESIAN_POINT('',(4.920334590033E-1,9.533093449355E0,
-6.458111278221E0));
#6071=CARTESIAN_POINT('',(-1.921637187310E0,9.593137877351E0,
-6.185196424628E0));
#6072=CARTESIAN_POINT('',(-4.065022829541E0,9.653182305346E0,
-5.042313010370E0));
#6073=CARTESIAN_POINT('',(-5.636652796774E0,9.713226733342E0,
-3.190216232287E0));
#6074=CARTESIAN_POINT('',(-6.415472635690E0,9.773271161338E0,
-8.894068516712E-1));
#6075=CARTESIAN_POINT('',(-6.291939445213E0,9.833315589333E0,1.536499857409E0));
#6076=CARTESIAN_POINT('',(-5.283428455106E0,9.893360017329E0,3.746293828154E0));
#6077=CARTESIAN_POINT('',(-3.531789380173E0,9.953404445325E0,5.429161826123E0));
#6078=CARTESIAN_POINT('',(-1.283394900072E0,1.001344887332E1,6.348403628449E0));
#6079=CARTESIAN_POINT('',(1.145512588161E0,1.007349330132E1,6.374727068765E0));
#6080=CARTESIAN_POINT('',(3.413300173259E0,1.013353772931E1,5.504423687717E0));
#6081=CARTESIAN_POINT('',(5.201000191033E0,1.019358215731E1,3.859926327887E0));
#6082=CARTESIAN_POINT('',(6.257158199770E0,1.025362658530E1,1.672454303647E0));
#6083=CARTESIAN_POINT('',(6.374558843775E0,1.029365620397E1,5.748018501733E-2));
#6084=CARTESIAN_POINT('',(6.282432197526E0,1.031367101330E1,
-7.325781074324E-1));
#6085=CARTESIAN_POINT('',(5.912961729046E0,9.019591344035E0,-2.245553070146E0));
#6086=CARTESIAN_POINT('',(5.630568259697E0,9.039606153367E0,-2.989147955071E0));
#6087=CARTESIAN_POINT('',(4.782014046106E0,9.079635772030E0,-4.368234631699E0));
#6088=CARTESIAN_POINT('',(2.836491996886E0,9.139680200026E0,-5.822692452418E0));
#6089=CARTESIAN_POINT('',(4.920334590033E-1,9.199724628022E0,
-6.458111278221E0));
#6090=CARTESIAN_POINT('',(-1.921637187310E0,9.259769056018E0,
-6.185196424628E0));
#6091=CARTESIAN_POINT('',(-4.065022829541E0,9.319813484013E0,
-5.042313010370E0));
#6092=CARTESIAN_POINT('',(-5.636652796774E0,9.379857912009E0,
-3.190216232287E0));
#6093=CARTESIAN_POINT('',(-6.415472635690E0,9.439902340005E0,
-8.894068516712E-1));
#6094=CARTESIAN_POINT('',(-6.291939445213E0,9.499946768E0,1.536499857409E0));
#6095=CARTESIAN_POINT('',(-5.283428455106E0,9.559991195996E0,3.746293828154E0));
#6096=CARTESIAN_POINT('',(-3.531789380173E0,9.620035623992E0,5.429161826123E0));
#6097=CARTESIAN_POINT('',(-1.283394900072E0,9.680080051988E0,6.348403628449E0));
#6098=CARTESIAN_POINT('',(1.145512588161E0,9.740124479983E0,6.374727068765E0));
#6099=CARTESIAN_POINT('',(3.413300173259E0,9.800168907979E0,5.504423687717E0));
#6100=CARTESIAN_POINT('',(5.201000191033E0,9.860213335975E0,3.859926327887E0));
#6101=CARTESIAN_POINT('',(6.257158199770E0,9.920257763970E0,1.672454303647E0));
#6102=CARTESIAN_POINT('',(6.374558843775E0,9.960287382634E0,5.748018501733E-2));
#6103=CARTESIAN_POINT('',(6.282432197526E0,9.980302191966E0,
-7.325781074324E-1));
#6104=B_SPLINE_SURFACE_WITH_KNOTS('',3,3,((#6028,#6029,#6030,#6031,#6032,#6033,
#6034,#6035,#6036,#6037,#6038,#6039,#6040,#6041,#6042,#6043,#6044,#6045,#6046),(
#6047,#6048,#6049,#6050,#6051,#6052,#6053,#6054,#6055,#6056,#6057,#6058,#6059,
#6060,#6061,#6062,#6063,#6064,#6065),(#6066,#6067,#6068,#6069,#6070,#6071,#6072,
#6073,#6074,#6075,#6076,#6077,#6078,#6079,#6080,#6081,#6082,#6083,#6084),(#6085,
#6086,#6087,#6088,#6089,#6090,#6091,#6092,#6093,#6094,#6095,#6096,#6097,#6098,
#6099,#6100,#6101,#6102,#6103)),.UNSPECIFIED.,.F.,.F.,.F.,(4,4),(4,1,1,1,1,1,1,
1,1,1,1,1,1,1,1,1,4),(-4.132350269520E-2,1.041323502695E0),(7.430266438225E-1,
7.594023969123E-1,7.757781500020E-1,7.921539030917E-1,8.085296561815E-1,
8.249054092712E-1,8.412811623610E-1,8.576569154507E-1,8.740326685404E-1,
8.904084216302E-1,9.067841747199E-1,9.231599278097E-1,9.395356808994E-1,
9.559114339892E-1,9.722871870789E-1,9.886629401686E-1,1.005038693258E0),
.UNSPECIFIED.);
#6105=ORIENTED_EDGE('',*,*,#3899,.F.);
#6107=ORIENTED_EDGE('',*,*,#6106,.F.);
#6108=ORIENTED_EDGE('',*,*,#6017,.F.);
#6109=EDGE_LOOP('',(#6105,#6107,#6108));
#6110=FACE_OUTER_BOUND('',#6109,.F.);
#6111=ADVANCED_FACE('',(#6110),#6104,.F.);
#6112=CARTESIAN_POINT('',(6.325E0,1.E1,6.306066779871E-14));
#6113=DIRECTION('',(0.E0,0.E0,-1.E0));
#6114=DIRECTION('',(-1.E0,0.E0,0.E0));
#6115=AXIS2_PLACEMENT_3D('',#6112,#6113,#6114);
#6116=PLANE('',#6115);
#6118=ORIENTED_EDGE('',*,*,#6117,.T.);
#6119=ORIENTED_EDGE('',*,*,#6019,.T.);
#6120=ORIENTED_EDGE('',*,*,#6106,.T.);
#6121=EDGE_LOOP('',(#6118,#6119,#6120));
#6122=FACE_OUTER_BOUND('',#6121,.F.);
#6123=ADVANCED_FACE('',(#6122),#6116,.F.);
#6124=CARTESIAN_POINT('',(-3.992258153852E-1,6.240913491676E0,
-6.345512625470E0));
#6125=CARTESIAN_POINT('',(-1.191088944881E0,6.260774602787E0,
-6.295692820168E0));
#6126=CARTESIAN_POINT('',(-2.755640775412E0,6.300496825009E0,
-5.896141701061E0));
#6127=CARTESIAN_POINT('',(-4.720979917104E0,6.360080158343E0,
-4.480031604559E0));
#6128=CARTESIAN_POINT('',(-6.032276983012E0,6.419663491676E0,
-2.443325094670E0));
#6129=CARTESIAN_POINT('',(-6.507964568326E0,6.479246825009E0,
-6.815367933383E-2));
#6130=CARTESIAN_POINT('',(-6.082125858233E0,6.538830158343E0,2.316458496958E0));
#6131=CARTESIAN_POINT('',(-4.813756377128E0,6.598413491676E0,4.380181235621E0));
#6132=CARTESIAN_POINT('',(-2.878556595919E0,6.657996825009E0,5.837135373452E0));
#6133=CARTESIAN_POINT('',(-5.446022388428E-1,6.717580158343E0,
6.485495042866E0));
#6134=CARTESIAN_POINT('',(1.864793661223E0,6.777163491676E0,6.235445625306E0));
#6135=CARTESIAN_POINT('',(4.015867320980E0,6.836746825009E0,5.121625445113E0));
#6136=CARTESIAN_POINT('',(5.610639317967E0,6.896330158343E0,3.298327452878E0));
#6137=CARTESIAN_POINT('',(6.428192412115E0,6.955913491676E0,1.018125657496E0));
#6138=CARTESIAN_POINT('',(6.355274319820E0,7.015496825009E0,-1.403112918404E0));
#6139=CARTESIAN_POINT('',(5.401986085827E0,7.075080158343E0,-3.629984004153E0));
#6140=CARTESIAN_POINT('',(3.700382827763E0,7.134663491676E0,-5.354008262030E0));
#6141=CARTESIAN_POINT('',(1.486180680907E0,7.194246825009E0,-6.336363667403E0));
#6142=CARTESIAN_POINT('',(-9.338959932698E-1,7.253830158343E0,
-6.440968546395E0));
#6143=CARTESIAN_POINT('',(-3.224603877601E0,7.313413491676E0,
-5.653332413228E0));
#6144=CARTESIAN_POINT('',(-5.068620583915E0,7.372996825009E0,
-4.082563277918E0));
#6145=CARTESIAN_POINT('',(-6.210502024785E0,7.432580158343E0,
-1.946253360186E0));
#6146=CARTESIAN_POINT('',(-6.492068037518E0,7.492163491676E0,
4.596630702162E-1));
#6147=CARTESIAN_POINT('',(-5.874314434721E0,7.551746825009E0,2.801904256737E0));
#6148=CARTESIAN_POINT('',(-4.442816094743E0,7.611330158343E0,4.756009113762E0));
#6149=CARTESIAN_POINT('',(-2.395872624013E0,7.670913491676E0,6.051283492896E0));
#6150=CARTESIAN_POINT('',(-1.703872412572E-2,7.730496825009E0,
6.508298335492E0));
#6151=CARTESIAN_POINT('',(2.364155480481E0,7.790080158343E0,6.063745245803E0));
#6152=CARTESIAN_POINT('',(4.417852902017E0,7.849663491676E0,4.779206343947E0));
#6153=CARTESIAN_POINT('',(5.859563241724E0,7.909246825009E0,2.832623546842E0));
#6154=CARTESIAN_POINT('',(6.489572266646E0,7.968830158343E0,4.936490027042E-1));
#6155=CARTESIAN_POINT('',(6.220607404960E0,8.028413491676E0,-1.913708717450E0));
#6156=CARTESIAN_POINT('',(5.089927258180E0,8.087996825009E0,-4.055968201098E0));
#6157=CARTESIAN_POINT('',(3.254160319571E0,8.147580158343E0,-5.636371009472E0));
#6158=CARTESIAN_POINT('',(9.676078700030E-1,8.207163491676E0,
-6.435990409548E0));
#6159=CARTESIAN_POINT('',(-1.452983337725E0,8.266746825009E0,
-6.344058398390E0));
#6160=CARTESIAN_POINT('',(-3.672298710218E0,8.326330158343E0,
-5.373309941258E0));
#6161=CARTESIAN_POINT('',(-5.382905571785E0,8.385913491676E0,
-3.658218848994E0));
#6162=CARTESIAN_POINT('',(-6.347840554795E0,8.445496825009E0,
-1.436369671356E0));
#6163=CARTESIAN_POINT('',(-6.433435165183E0,8.505080158343E0,
9.844539183086E-1));
#6164=CARTESIAN_POINT('',(-5.627832331881E0,8.564663491676E0,3.268905135687E0));
#6165=CARTESIAN_POINT('',(-4.042628918343E0,8.624246825009E0,5.100528303075E0));
#6166=CARTESIAN_POINT('',(-1.897416665777E0,8.683830158343E0,6.225596159270E0));
#6167=CARTESIAN_POINT('',(5.106369520539E-1,8.743413491676E0,6.488257658654E0));
#6168=CARTESIAN_POINT('',(2.847954122770E0,8.802996825009E0,5.852127378696E0));
#6169=CARTESIAN_POINT('',(4.790755864514E0,8.862580158343E0,4.405325843625E0));
#6170=CARTESIAN_POINT('',(6.069913803192E0,8.922163491676E0,2.348272548856E0));
#6171=CARTESIAN_POINT('',(6.508231424694E0,8.981746825009E0,
-3.407733146975E-2));
#6172=CARTESIAN_POINT('',(6.044990382789E0,9.041330158343E0,-2.411706618533E0));
#6173=CARTESIAN_POINT('',(4.744361563134E0,9.100913491676E0,-4.455252057981E0));
#6174=CARTESIAN_POINT('',(2.786515753108E0,9.160496825009E0,-5.881629663586E0));
#6175=CARTESIAN_POINT('',(4.426653200146E-1,9.220080158343E0,
-6.493249183293E0));
#6176=CARTESIAN_POINT('',(-1.962505728194E0,9.279663491676E0,
-6.205385468185E0));
#6177=CARTESIAN_POINT('',(-4.095818889694E0,9.339246825009E0,
-5.057915100558E0));
#6178=CARTESIAN_POINT('',(-5.661755023176E0,9.398830158343E0,
-3.209792454392E0));
#6179=CARTESIAN_POINT('',(-6.443391404627E0,9.458413491676E0,
-9.170303956395E-1));
#6180=CARTESIAN_POINT('',(-6.332451146043E0,9.517996825009E0,1.502764129217E0));
#6181=CARTESIAN_POINT('',(-5.344302343819E0,9.577580158343E0,3.714386895229E0));
#6182=CARTESIAN_POINT('',(-3.615829220779E0,9.637163491676E0,5.411470825023E0));
#6183=CARTESIAN_POINT('',(-1.386470034664E0,9.696746825009E0,6.358925928032E0));
#6184=CARTESIAN_POINT('',(1.034951023939E0,9.756330158343E0,6.425504750722E0));
#6185=CARTESIAN_POINT('',(3.313005101827E0,9.815913491676E0,5.601985803432E0));
#6186=CARTESIAN_POINT('',(5.132120093194E0,9.875496825009E0,4.002442562617E0));
#6187=CARTESIAN_POINT('',(6.240311137857E0,9.935080158343E0,1.848472736689E0));
#6188=CARTESIAN_POINT('',(6.484028885137E0,9.994663491676E0,
-5.616159353196E-1));
#6189=CARTESIAN_POINT('',(6.047774389129E0,1.003438571390E1,-2.116333125650E0));
#6190=CARTESIAN_POINT('',(5.694988041385E0,1.005424682501E1,-2.827016614765E0));
#6191=CARTESIAN_POINT('',(-3.810978239358E-1,6.407597902343E0,
-6.057376452449E0));
#6192=CARTESIAN_POINT('',(-1.137004140301E0,6.427459013454E0,
-6.009818858079E0));
#6193=CARTESIAN_POINT('',(-2.630513014407E0,6.467181235676E0,
-5.628410501769E0));
#6194=CARTESIAN_POINT('',(-4.506610304038E0,6.526764569009E0,
-4.276602939651E0));
#6195=CARTESIAN_POINT('',(-5.758364171379E0,6.586347902343E0,
-2.332378921559E0));
#6196=CARTESIAN_POINT('',(-6.212451799609E0,6.645931235676E0,
-6.505896634535E-2));
#6197=CARTESIAN_POINT('',(-5.805949515663E0,6.705514569009E0,2.211273065035E0));
#6198=CARTESIAN_POINT('',(-4.595173983201E0,6.765097902343E0,4.181286562666E0));
#6199=CARTESIAN_POINT('',(-2.747847490078E0,6.824681235676E0,5.572083525447E0));
#6200=CARTESIAN_POINT('',(-5.198730145577E-1,6.884264569009E0,
6.191002567301E0));
#6201=CARTESIAN_POINT('',(1.780117364644E0,6.943847902343E0,5.952307359636E0));
#6202=CARTESIAN_POINT('',(3.833515364640E0,7.003431235676E0,4.889063374480E0));
#6203=CARTESIAN_POINT('',(5.355872172001E0,7.063014569009E0,3.148557449139E0));
#6204=CARTESIAN_POINT('',(6.136301926602E0,7.122597902343E0,9.718947463117E-1));
#6205=CARTESIAN_POINT('',(6.066694889111E0,7.182181235676E0,-1.339400558113E0));
#6206=CARTESIAN_POINT('',(5.156693437406E0,7.241764569009E0,-3.465154184906E0));
#6207=CARTESIAN_POINT('',(3.532356348322E0,7.301347902343E0,-5.110894184098E0));
#6208=CARTESIAN_POINT('',(1.418696390970E0,7.360931235676E0,-6.048642929023E0));
#6209=CARTESIAN_POINT('',(-8.914897712064E-1,7.420514569009E0,
-6.148497923917E0));
#6210=CARTESIAN_POINT('',(-3.078181503926E0,7.480097902343E0,
-5.396626665007E0));
#6211=CARTESIAN_POINT('',(-4.838465350800E0,7.539681235676E0,
-3.897182800650E0));
#6212=CARTESIAN_POINT('',(-5.928496394730E0,7.599264569009E0,
-1.857878152691E0));
#6213=CARTESIAN_POINT('',(-6.197277096307E0,7.658847902343E0,
4.387907521311E-1));
#6214=CARTESIAN_POINT('',(-5.607574364966E0,7.718431235676E0,2.674675769874E0));
#6215=CARTESIAN_POINT('',(-4.241077306636E0,7.778014569009E0,4.540048899705E0));
#6216=CARTESIAN_POINT('',(-2.287081166226E0,7.837597902343E0,5.776507636251E0));
#6217=CARTESIAN_POINT('',(-1.626503206134E-2,7.897181235676E0,
6.212770411121E0));
#6218=CARTESIAN_POINT('',(2.256804230428E0,7.956764569009E0,5.788403527580E0));
#6219=CARTESIAN_POINT('',(4.217247639166E0,8.016347902343E0,4.562192793222E0));
#6220=CARTESIAN_POINT('',(5.593492992132E0,8.075931235676E0,2.704000162637E0));
#6221=CARTESIAN_POINT('',(6.194894653059E0,8.135514569009E0,4.712334560257E-1));
#6222=CARTESIAN_POINT('',(5.938142911179E0,8.195097902343E0,-1.826811292660E0));
#6223=CARTESIAN_POINT('',(4.858804534502E0,8.254681235676E0,-3.871795349456E0));
#6224=CARTESIAN_POINT('',(3.106395851005E0,8.314264569009E0,-5.380435442362E0));
#6225=CARTESIAN_POINT('',(9.236708636326E-1,8.373847902343E0,
-6.143745833630E0));
#6226=CARTESIAN_POINT('',(-1.387006468226E0,8.433431235676E0,
-6.055988258713E0));
#6227=CARTESIAN_POINT('',(-3.505547470561E0,8.493014569009E0,
-5.129319415304E0));
#6228=CARTESIAN_POINT('',(-5.138479328747E0,8.552597902343E0,
-3.492106945758E0));
#6229=CARTESIAN_POINT('',(-6.059598675475E0,8.612181235676E0,
-1.371147192957E0));
#6230=CARTESIAN_POINT('',(-6.141306617453E0,8.671764569009E0,
9.397519688712E-1));
#6231=CARTESIAN_POINT('',(-5.372284487881E0,8.731347902343E0,3.120471136519E0));
#6232=CARTESIAN_POINT('',(-3.859061775035E0,8.790931235676E0,4.868924208594E0));
#6233=CARTESIAN_POINT('',(-1.811259028250E0,8.850514569009E0,5.942905136813E0));
#6234=CARTESIAN_POINT('',(4.874500188852E-1,8.910097902343E0,6.193639738608E0));
#6235=CARTESIAN_POINT('',(2.718634609862E0,8.969681235676E0,5.586394775759E0));
#6236=CARTESIAN_POINT('',(4.573217874732E0,9.029264569009E0,4.205289407735E0));
#6237=CARTESIAN_POINT('',(5.794291983955E0,9.088847902343E0,2.241642508798E0));
#6238=CARTESIAN_POINT('',(6.212706538599E0,9.148431235676E0,
-3.252995264379E-2));
#6239=CARTESIAN_POINT('',(5.770500282831E0,9.208014569009E0,-2.302196172879E0));
#6240=CARTESIAN_POINT('',(4.528930239470E0,9.267597902343E0,-4.252948579349E0));
#6241=CARTESIAN_POINT('',(2.659986025322E0,9.327181235676E0,-5.614557424915E0));
#6242=CARTESIAN_POINT('',(4.225648334556E-1,9.386764569009E0,
-6.198404608775E0));
#6243=CARTESIAN_POINT('',(-1.873392535387E0,9.446347902343E0,
-5.923612170036E0));
#6244=CARTESIAN_POINT('',(-3.909836503412E0,9.505931235676E0,
-4.828245980573E0));
#6245=CARTESIAN_POINT('',(-5.404666822229E0,9.565514569009E0,
-3.064042635805E0));
#6246=CARTESIAN_POINT('',(-6.150810765332E0,9.625097902343E0,
-8.753900043362E-1));
#6247=CARTESIAN_POINT('',(-6.044908066900E0,9.684681235676E0,1.434526820318E0));
#6248=CARTESIAN_POINT('',(-5.101628990899E0,9.744264569009E0,3.545724520999E0));
#6249=CARTESIAN_POINT('',(-3.451642140007E0,9.803847902343E0,5.165747494857E0));
#6250=CARTESIAN_POINT('',(-1.323513392170E0,9.863431235676E0,6.070180685595E0));
#6251=CARTESIAN_POINT('',(9.879561088066E-1,9.923014569009E0,6.133736306172E0));
#6252=CARTESIAN_POINT('',(3.162568617403E0,9.982597902343E0,5.347611595075E0));
#6253=CARTESIAN_POINT('',(4.899081483010E0,1.004218123568E1,3.820700195877E0));
#6254=CARTESIAN_POINT('',(5.956951939656E0,1.010176456901E1,1.764537538428E0));
#6255=CARTESIAN_POINT('',(6.189602984662E0,1.016134790234E1,
-5.361141554221E-1));
#6256=CARTESIAN_POINT('',(5.773157873390E0,1.020107012456E1,-2.020234959331E0));
#6257=CARTESIAN_POINT('',(5.436390800074E0,1.022093123568E1,-2.698647829369E0));
#6258=CARTESIAN_POINT('',(-3.629698324864E-1,6.574282313009E0,
-5.769240279427E0));
#6259=CARTESIAN_POINT('',(-1.082919335721E0,6.594143424120E0,
-5.723944895991E0));
#6260=CARTESIAN_POINT('',(-2.505385253403E0,6.633865646342E0,
-5.360679302477E0));
#6261=CARTESIAN_POINT('',(-4.292240690972E0,6.693448979676E0,
-4.073174274743E0));
#6262=CARTESIAN_POINT('',(-5.484451359746E0,6.753032313009E0,
-2.221432748447E0));
#6263=CARTESIAN_POINT('',(-5.916939030892E0,6.812615646342E0,
-6.196425335687E-2));
#6264=CARTESIAN_POINT('',(-5.529773173094E0,6.872198979676E0,2.106087633113E0));
#6265=CARTESIAN_POINT('',(-4.376591589275E0,6.931782313009E0,3.982391889711E0));
#6266=CARTESIAN_POINT('',(-2.617138384238E0,6.991365646342E0,5.307031677443E0));
#6267=CARTESIAN_POINT('',(-4.951437902725E-1,7.050948979676E0,
5.896510091736E0));
#6268=CARTESIAN_POINT('',(1.695441068065E0,7.110532313009E0,5.669169093966E0));
#6269=CARTESIAN_POINT('',(3.651163408301E0,7.170115646342E0,4.656501303847E0));
#6270=CARTESIAN_POINT('',(5.101105026034E0,7.229698979676E0,2.998787445399E0));
#6271=CARTESIAN_POINT('',(5.844411441090E0,7.289282313009E0,9.256638351275E-1));
#6272=CARTESIAN_POINT('',(5.778115458402E0,7.348865646342E0,-1.275688197821E0));
#6273=CARTESIAN_POINT('',(4.911400788985E0,7.408448979676E0,-3.300324365659E0));
#6274=CARTESIAN_POINT('',(3.364329868881E0,7.468032313009E0,-4.867780106165E0));
#6275=CARTESIAN_POINT('',(1.351212101033E0,7.527615646342E0,-5.760922190643E0));
#6276=CARTESIAN_POINT('',(-8.490835491431E-1,7.587198979676E0,
-5.856027301439E0));
#6277=CARTESIAN_POINT('',(-2.931759130251E0,7.646782313009E0,
-5.139920916785E0));
#6278=CARTESIAN_POINT('',(-4.608310117684E0,7.706365646342E0,
-3.711802323382E0));
#6279=CARTESIAN_POINT('',(-5.646490764675E0,7.765948979676E0,
-1.769502945197E0));
#6280=CARTESIAN_POINT('',(-5.902486155096E0,7.825532313009E0,
4.179184340461E-1));
#6281=CARTESIAN_POINT('',(-5.340834295211E0,7.885115646342E0,2.547447283011E0));
#6282=CARTESIAN_POINT('',(-4.039338518529E0,7.944698979676E0,4.324088685648E0));
#6283=CARTESIAN_POINT('',(-2.178289708439E0,8.004282313009E0,5.501731779606E0));
#6284=CARTESIAN_POINT('',(-1.549133999695E-2,8.063865646342E0,
5.917242486751E0));
#6285=CARTESIAN_POINT('',(2.149452980374E0,8.123448979676E0,5.513061809356E0));
#6286=CARTESIAN_POINT('',(4.016642376314E0,8.183032313009E0,4.345179242496E0));
#6287=CARTESIAN_POINT('',(5.327422742540E0,8.242615646342E0,2.575376778433E0));
#6288=CARTESIAN_POINT('',(5.900217039471E0,8.302198979676E0,4.488179093472E-1));
#6289=CARTESIAN_POINT('',(5.655678417397E0,8.361782313009E0,-1.739913867870E0));
#6290=CARTESIAN_POINT('',(4.627681810824E0,8.421365646342E0,-3.687622497814E0));
#6291=CARTESIAN_POINT('',(2.958631382439E0,8.480948979676E0,-5.124499875253E0));
#6292=CARTESIAN_POINT('',(8.797338572622E-1,8.540532313009E0,
-5.851501257712E0));
#6293=CARTESIAN_POINT('',(-1.321029598726E0,8.600115646342E0,
-5.767918119036E0));
#6294=CARTESIAN_POINT('',(-3.338796230904E0,8.659698979676E0,
-4.885328889351E0));
#6295=CARTESIAN_POINT('',(-4.894053085709E0,8.719282313009E0,
-3.325995042522E0));
#6296=CARTESIAN_POINT('',(-5.771356796155E0,8.778865646342E0,
-1.305924714557E0));
#6297=CARTESIAN_POINT('',(-5.849178069723E0,8.838448979676E0,
8.950500194338E-1));
#6298=CARTESIAN_POINT('',(-5.116736643880E0,8.898032313009E0,2.972037137351E0));
#6299=CARTESIAN_POINT('',(-3.675494631728E0,8.957615646342E0,4.637320114113E0));
#6300=CARTESIAN_POINT('',(-1.725101390724E0,9.017198979676E0,5.660214114355E0));
#6301=CARTESIAN_POINT('',(4.642630857164E-1,9.076782313009E0,5.899021818561E0));
#6302=CARTESIAN_POINT('',(2.589315096954E0,9.136365646342E0,5.320662172822E0));
#6303=CARTESIAN_POINT('',(4.355679884949E0,9.195948979676E0,4.005252971844E0));
#6304=CARTESIAN_POINT('',(5.518670164717E0,9.255532313009E0,2.135012468740E0));
#6305=CARTESIAN_POINT('',(5.917181652505E0,9.315115646342E0,
-3.098257381784E-2));
#6306=CARTESIAN_POINT('',(5.496010182873E0,9.374698979676E0,-2.192685727226E0));
#6307=CARTESIAN_POINT('',(4.313498915806E0,9.434282313009E0,-4.050645100717E0));
#6308=CARTESIAN_POINT('',(2.533456297535E0,9.493865646342E0,-5.347485186244E0));
#6309=CARTESIAN_POINT('',(4.024643468965E-1,9.553448979676E0,
-5.903560034258E0));
#6310=CARTESIAN_POINT('',(-1.784279342579E0,9.613032313009E0,
-5.641838871886E0));
#6311=CARTESIAN_POINT('',(-3.723854117130E0,9.672615646342E0,
-4.598576860588E0));
#6312=CARTESIAN_POINT('',(-5.147578621283E0,9.732198979676E0,
-2.918292817218E0));
#6313=CARTESIAN_POINT('',(-5.858230126038E0,9.791782313009E0,
-8.337496130330E-1));
#6314=CARTESIAN_POINT('',(-5.757364987756E0,9.851365646342E0,1.366289511419E0));
#6315=CARTESIAN_POINT('',(-4.858955637978E0,9.910948979676E0,3.377062146770E0));
#6316=CARTESIAN_POINT('',(-3.287455059235E0,9.970532313009E0,4.920024164691E0));
#6317=CARTESIAN_POINT('',(-1.260556749677E0,1.003011564634E1,5.781435443157E0));
#6318=CARTESIAN_POINT('',(9.409611936746E-1,1.008969897968E1,5.841967861622E0));
#6319=CARTESIAN_POINT('',(3.012132132980E0,1.014928231301E1,5.093237386718E0));
#6320=CARTESIAN_POINT('',(4.666042872827E0,1.020886564634E1,3.638957829137E0));
#6321=CARTESIAN_POINT('',(5.673592741455E0,1.026844897968E1,1.680602340167E0));
#6322=CARTESIAN_POINT('',(5.895177084188E0,1.032803231301E1,
-5.106123755247E-1));
#6323=CARTESIAN_POINT('',(5.498541357651E0,1.036775453523E1,-1.924136793011E0));
#6324=CARTESIAN_POINT('',(5.177793558763E0,1.038761564634E1,-2.570279043973E0));
#6325=CARTESIAN_POINT('',(-3.448418410370E-1,6.740966723676E0,
-5.481104106405E0));
#6326=CARTESIAN_POINT('',(-1.028834531142E0,6.760827834787E0,
-5.438070933903E0));
#6327=CARTESIAN_POINT('',(-2.380257492398E0,6.800550057009E0,
-5.092948103185E0));
#6328=CARTESIAN_POINT('',(-4.077871077906E0,6.860133390342E0,
-3.869745609835E0));
#6329=CARTESIAN_POINT('',(-5.210538548114E0,6.919716723676E0,
-2.110486575336E0));
#6330=CARTESIAN_POINT('',(-5.621426262175E0,6.979300057009E0,
-5.886954036839E-2));
#6331=CARTESIAN_POINT('',(-5.253596830525E0,7.038883390342E0,2.000902201191E0));
#6332=CARTESIAN_POINT('',(-4.158009195349E0,7.098466723676E0,3.783497216756E0));
#6333=CARTESIAN_POINT('',(-2.486429278397E0,7.158050057009E0,5.041979829438E0));
#6334=CARTESIAN_POINT('',(-4.704145659874E-1,7.217633390342E0,
5.602017616171E0));
#6335=CARTESIAN_POINT('',(1.610764771486E0,7.277216723676E0,5.386030828296E0));
#6336=CARTESIAN_POINT('',(3.468811451961E0,7.336800057009E0,4.423939233215E0));
#6337=CARTESIAN_POINT('',(4.846337880068E0,7.396383390342E0,2.849017441660E0));
#6338=CARTESIAN_POINT('',(5.552520955577E0,7.455966723676E0,8.794329239433E-1));
#6339=CARTESIAN_POINT('',(5.489536027692E0,7.515550057009E0,-1.211975837530E0));
#6340=CARTESIAN_POINT('',(4.666108140565E0,7.575133390342E0,-3.135494546411E0));
#6341=CARTESIAN_POINT('',(3.196303389440E0,7.634716723676E0,-4.624666028233E0));
#6342=CARTESIAN_POINT('',(1.283727811096E0,7.694300057009E0,-5.473201452263E0));
#6343=CARTESIAN_POINT('',(-8.066773270798E-1,7.753883390342E0,
-5.563556678961E0));
#6344=CARTESIAN_POINT('',(-2.785336756577E0,7.813466723676E0,
-4.883215168564E0));
#6345=CARTESIAN_POINT('',(-4.378154884569E0,7.873050057009E0,
-3.526421846114E0));
#6346=CARTESIAN_POINT('',(-5.364485134620E0,7.932633390342E0,
-1.681127737702E0));
#6347=CARTESIAN_POINT('',(-5.607695213885E0,7.992216723676E0,
3.970461159610E-1));
#6348=CARTESIAN_POINT('',(-5.074094225456E0,8.051800057009E0,2.420218796148E0));
#6349=CARTESIAN_POINT('',(-3.837599730422E0,8.111383390342E0,4.108128471591E0));
#6350=CARTESIAN_POINT('',(-2.069498250652E0,8.170966723676E0,5.226955922961E0));
#6351=CARTESIAN_POINT('',(-1.471764793257E-2,8.230550057009E0,
5.621714562380E0));
#6352=CARTESIAN_POINT('',(2.042101730321E0,8.290133390342E0,5.237720091133E0));
#6353=CARTESIAN_POINT('',(3.816037113462E0,8.349716723676E0,4.128165691771E0));
#6354=CARTESIAN_POINT('',(5.061352492947E0,8.409300057009E0,2.446753394229E0));
#6355=CARTESIAN_POINT('',(5.605539425884E0,8.468883390342E0,4.264023626687E-1));
#6356=CARTESIAN_POINT('',(5.373213923616E0,8.528466723676E0,-1.653016443080E0));
#6357=CARTESIAN_POINT('',(4.396559087146E0,8.588050057009E0,-3.503449646172E0));
#6358=CARTESIAN_POINT('',(2.810866913873E0,8.647633390342E0,-4.868564308143E0));
#6359=CARTESIAN_POINT('',(8.357968508919E-1,8.707216723676E0,
-5.559256681794E0));
#6360=CARTESIAN_POINT('',(-1.255052729227E0,8.766800057009E0,
-5.479847979360E0));
#6361=CARTESIAN_POINT('',(-3.172044991247E0,8.826383390342E0,
-4.641338363397E0));
#6362=CARTESIAN_POINT('',(-4.649626842672E0,8.885966723676E0,
-3.159883139286E0));
#6363=CARTESIAN_POINT('',(-5.483114916836E0,8.945550057009E0,
-1.240702236157E0));
#6364=CARTESIAN_POINT('',(-5.557049521993E0,9.005133390342E0,
8.503480699965E-1));
#6365=CARTESIAN_POINT('',(-4.861188799879E0,9.064716723676E0,2.823603138183E0));
#6366=CARTESIAN_POINT('',(-3.491927488420E0,9.124300057009E0,4.405716019632E0));
#6367=CARTESIAN_POINT('',(-1.638943753197E0,9.183883390342E0,5.377523091897E0));
#6368=CARTESIAN_POINT('',(4.410761525476E-1,9.243466723676E0,5.604403898515E0));
#6369=CARTESIAN_POINT('',(2.459995584046E0,9.303050057009E0,5.054929569886E0));
#6370=CARTESIAN_POINT('',(4.138141895167E0,9.362633390342E0,3.805216535954E0));
#6371=CARTESIAN_POINT('',(5.243048345480E0,9.422216723676E0,2.028382428683E0));
#6372=CARTESIAN_POINT('',(5.621656766410E0,9.481800057009E0,
-2.943519499188E-2));
#6373=CARTESIAN_POINT('',(5.221520082914E0,9.541383390342E0,-2.083175281572E0));
#6374=CARTESIAN_POINT('',(4.098067592141E0,9.600966723676E0,-3.848341622085E0));
#6375=CARTESIAN_POINT('',(2.406926569749E0,9.660550057009E0,-5.080412947573E0));
#6376=CARTESIAN_POINT('',(3.823638603375E-1,9.720133390342E0,
-5.608715459740E0));
#6377=CARTESIAN_POINT('',(-1.695166149772E0,9.779716723676E0,
-5.360065573736E0));
#6378=CARTESIAN_POINT('',(-3.537871730848E0,9.839300057009E0,
-4.368907740603E0));
#6379=CARTESIAN_POINT('',(-4.890490420336E0,9.898883390342E0,
-2.772542998631E0));
#6380=CARTESIAN_POINT('',(-5.565649486743E0,9.958466723676E0,
-7.921092217297E-1));
#6381=CARTESIAN_POINT('',(-5.469821908613E0,1.001805005701E1,1.298052202520E0));
#6382=CARTESIAN_POINT('',(-4.616282285058E0,1.007763339034E1,3.208399772541E0));
#6383=CARTESIAN_POINT('',(-3.123267978464E0,1.013721672368E1,4.674300834524E0));
#6384=CARTESIAN_POINT('',(-1.197600107184E0,1.019680005701E1,5.492690200719E0));
#6385=CARTESIAN_POINT('',(8.939662785426E-1,1.025638339034E1,5.550199417072E0));
#6386=CARTESIAN_POINT('',(2.861695648556E0,1.031596672368E1,4.838863178361E0));
#6387=CARTESIAN_POINT('',(4.433004262643E0,1.037555005701E1,3.457215462397E0));
#6388=CARTESIAN_POINT('',(5.390233543253E0,1.043513339034E1,1.596667141907E0));
#6389=CARTESIAN_POINT('',(5.600751183713E0,1.049471672368E1,
-4.851105956273E-1));
#6390=CARTESIAN_POINT('',(5.223924841912E0,1.053443894590E1,-1.828038626692E0));
#6391=CARTESIAN_POINT('',(4.919196317452E0,1.055430005701E1,-2.441910258576E0));
#6392=B_SPLINE_SURFACE_WITH_KNOTS('',3,3,((#6124,#6125,#6126,#6127,#6128,#6129,
#6130,#6131,#6132,#6133,#6134,#6135,#6136,#6137,#6138,#6139,#6140,#6141,#6142,
#6143,#6144,#6145,#6146,#6147,#6148,#6149,#6150,#6151,#6152,#6153,#6154,#6155,
#6156,#6157,#6158,#6159,#6160,#6161,#6162,#6163,#6164,#6165,#6166,#6167,#6168,
#6169,#6170,#6171,#6172,#6173,#6174,#6175,#6176,#6177,#6178,#6179,#6180,#6181,
#6182,#6183,#6184,#6185,#6186,#6187,#6188,#6189,#6190),(#6191,#6192,#6193,#6194,
#6195,#6196,#6197,#6198,#6199,#6200,#6201,#6202,#6203,#6204,#6205,#6206,#6207,
#6208,#6209,#6210,#6211,#6212,#6213,#6214,#6215,#6216,#6217,#6218,#6219,#6220,
#6221,#6222,#6223,#6224,#6225,#6226,#6227,#6228,#6229,#6230,#6231,#6232,#6233,
#6234,#6235,#6236,#6237,#6238,#6239,#6240,#6241,#6242,#6243,#6244,#6245,#6246,
#6247,#6248,#6249,#6250,#6251,#6252,#6253,#6254,#6255,#6256,#6257),(#6258,#6259,
#6260,#6261,#6262,#6263,#6264,#6265,#6266,#6267,#6268,#6269,#6270,#6271,#6272,
#6273,#6274,#6275,#6276,#6277,#6278,#6279,#6280,#6281,#6282,#6283,#6284,#6285,
#6286,#6287,#6288,#6289,#6290,#6291,#6292,#6293,#6294,#6295,#6296,#6297,#6298,
#6299,#6300,#6301,#6302,#6303,#6304,#6305,#6306,#6307,#6308,#6309,#6310,#6311,
#6312,#6313,#6314,#6315,#6316,#6317,#6318,#6319,#6320,#6321,#6322,#6323,#6324),(
#6325,#6326,#6327,#6328,#6329,#6330,#6331,#6332,#6333,#6334,#6335,#6336,#6337,
#6338,#6339,#6340,#6341,#6342,#6343,#6344,#6345,#6346,#6347,#6348,#6349,#6350,
#6351,#6352,#6353,#6354,#6355,#6356,#6357,#6358,#6359,#6360,#6361,#6362,#6363,
#6364,#6365,#6366,#6367,#6368,#6369,#6370,#6371,#6372,#6373,#6374,#6375,#6376,
#6377,#6378,#6379,#6380,#6381,#6382,#6383,#6384,#6385,#6386,#6387,#6388,#6389,
#6390,#6391)),.UNSPECIFIED.,.F.,.F.,.F.,(4,4),(4,1,1,1,1,1,1,1,1,1,1,1,1,1,1,1,
1,1,1,1,1,1,1,1,1,1,1,1,1,1,1,1,1,1,1,1,1,1,1,1,1,1,1,1,1,1,1,1,1,1,1,1,1,1,1,1,
1,1,1,1,1,1,1,1,4),(-4.132350269520E-2,1.041323502695E0),(-2.E-2,-3.75E-3,
1.25E-2,2.875E-2,4.5E-2,6.125E-2,7.75E-2,9.375E-2,1.1E-1,1.2625E-1,1.425E-1,
1.5875E-1,1.75E-1,1.9125E-1,2.075E-1,2.2375E-1,2.4E-1,2.5625E-1,2.725E-1,
2.8875E-1,3.05E-1,3.2125E-1,3.375E-1,3.5375E-1,3.7E-1,3.8625E-1,4.025E-1,
4.1875E-1,4.35E-1,4.5125E-1,4.675E-1,4.8375E-1,5.E-1,5.1625E-1,5.325E-1,
5.4875E-1,5.65E-1,5.8125E-1,5.975E-1,6.1375E-1,6.3E-1,6.4625E-1,6.625E-1,
6.7875E-1,6.95E-1,7.1125E-1,7.275E-1,7.4375E-1,7.6E-1,7.7625E-1,7.925E-1,
8.0875E-1,8.25E-1,8.4125E-1,8.575E-1,8.7375E-1,8.9E-1,9.0625E-1,9.225E-1,
9.3875E-1,9.55E-1,9.7125E-1,9.875E-1,1.00375E0,1.02E0),.UNSPECIFIED.);
#6393=ORIENTED_EDGE('',*,*,#4190,.F.);
#6394=ORIENTED_EDGE('',*,*,#4347,.T.);
#6395=ORIENTED_EDGE('',*,*,#5429,.T.);
#6396=ORIENTED_EDGE('',*,*,#6021,.T.);
#6397=ORIENTED_EDGE('',*,*,#6117,.F.);
#6398=ORIENTED_EDGE('',*,*,#3897,.F.);
#6399=ORIENTED_EDGE('',*,*,#4837,.F.);
#6400=ORIENTED_EDGE('',*,*,#4071,.T.);
#6401=ORIENTED_EDGE('',*,*,#4235,.F.);
#6402=ORIENTED_EDGE('',*,*,#4394,.T.);
#6403=ORIENTED_EDGE('',*,*,#4826,.F.);
#6404=ORIENTED_EDGE('',*,*,#4055,.T.);
#6405=ORIENTED_EDGE('',*,*,#4220,.F.);
#6406=ORIENTED_EDGE('',*,*,#4379,.T.);
#6407=ORIENTED_EDGE('',*,*,#4812,.F.);
#6408=ORIENTED_EDGE('',*,*,#4039,.T.);
#6409=ORIENTED_EDGE('',*,*,#4205,.F.);
#6410=ORIENTED_EDGE('',*,*,#4364,.T.);
#6411=ORIENTED_EDGE('',*,*,#4798,.F.);
#6412=ORIENTED_EDGE('',*,*,#4023,.T.);
#6413=EDGE_LOOP('',(#6393,#6394,#6395,#6396,#6397,#6398,#6399,#6400,#6401,#6402,
#6403,#6404,#6405,#6406,#6407,#6408,#6409,#6410,#6411,#6412));
#6414=FACE_OUTER_BOUND('',#6413,.F.);
#6415=ADVANCED_FACE('',(#6414),#6392,.F.);
#6416=CARTESIAN_POINT('',(0.E0,0.E0,0.E0));
#6417=DIRECTION('',(0.E0,-1.E0,0.E0));
#6418=DIRECTION('',(-1.E0,0.E0,0.E0));
#6419=AXIS2_PLACEMENT_3D('',#6416,#6417,#6418);
#6420=CYLINDRICAL_SURFACE('',#6419,4.725E0);
#6422=ORIENTED_EDGE('',*,*,#6421,.T.);
#6424=ORIENTED_EDGE('',*,*,#6423,.T.);
#6426=ORIENTED_EDGE('',*,*,#6425,.T.);
#6428=ORIENTED_EDGE('',*,*,#6427,.F.);
#6430=ORIENTED_EDGE('',*,*,#6429,.T.);
#6432=ORIENTED_EDGE('',*,*,#6431,.F.);
#6433=ORIENTED_EDGE('',*,*,#4858,.F.);
#6435=ORIENTED_EDGE('',*,*,#6434,.T.);
#6436=EDGE_LOOP('',(#6422,#6424,#6426,#6428,#6430,#6432,#6433,#6435));
#6437=FACE_OUTER_BOUND('',#6436,.F.);
#6438=ADVANCED_FACE('',(#6437),#6420,.F.);
#6439=CARTESIAN_POINT('',(0.E0,9.5E0,0.E0));
#6440=DIRECTION('',(0.E0,-1.E0,0.E0));
#6441=DIRECTION('',(-1.E0,0.E0,0.E0));
#6442=AXIS2_PLACEMENT_3D('',#6439,#6440,#6441);
#6443=PLANE('',#6442);
#6445=ORIENTED_EDGE('',*,*,#6444,.T.);
#6446=ORIENTED_EDGE('',*,*,#6421,.F.);
#6448=ORIENTED_EDGE('',*,*,#6447,.F.);
#6449=ORIENTED_EDGE('',*,*,#6429,.F.);
#6450=EDGE_LOOP('',(#6445,#6446,#6448,#6449));
#6451=FACE_OUTER_BOUND('',#6450,.F.);
#6453=ORIENTED_EDGE('',*,*,#6452,.T.);
#6455=ORIENTED_EDGE('',*,*,#6454,.T.);
#6456=EDGE_LOOP('',(#6453,#6455));
#6457=FACE_BOUND('',#6456,.F.);
#6459=ORIENTED_EDGE('',*,*,#6458,.T.);
#6461=ORIENTED_EDGE('',*,*,#6460,.T.);
#6462=EDGE_LOOP('',(#6459,#6461));
#6463=FACE_BOUND('',#6462,.F.);
#6465=ORIENTED_EDGE('',*,*,#6464,.T.);
#6467=ORIENTED_EDGE('',*,*,#6466,.T.);
#6468=EDGE_LOOP('',(#6465,#6467));
#6469=FACE_BOUND('',#6468,.F.);
#6471=ORIENTED_EDGE('',*,*,#6470,.T.);
#6473=ORIENTED_EDGE('',*,*,#6472,.T.);
#6474=EDGE_LOOP('',(#6471,#6473));
#6475=FACE_BOUND('',#6474,.F.);
#6476=ADVANCED_FACE('',(#6451,#6457,#6463,#6469,#6475),#6443,.T.);
#6477=FILL_AREA_STYLE_COLOUR('',#1);
#6478=FILL_AREA_STYLE('',(#6477));
#6479=SURFACE_STYLE_FILL_AREA(#6478);
#6480=SURFACE_SIDE_STYLE('',(#6479));
#6481=SURFACE_STYLE_USAGE(.POSITIVE.,#6480);
#6482=PRESENTATION_STYLE_ASSIGNMENT((#6481));
#6483=STYLED_ITEM('',(#6482),#6476);
#6484=CARTESIAN_POINT('',(0.E0,9.5E0,-4.829778448198E0));
#6485=DIRECTION('',(0.E0,-1.E0,0.E0));
#6486=DIRECTION('',(-1.E0,0.E0,0.E0));
#6487=AXIS2_PLACEMENT_3D('',#6484,#6485,#6486);
#6488=CYLINDRICAL_SURFACE('',#6487,6.E-1);
#6489=ORIENTED_EDGE('',*,*,#6444,.F.);
#6490=ORIENTED_EDGE('',*,*,#6427,.T.);
#6492=ORIENTED_EDGE('',*,*,#6491,.T.);
#6493=ORIENTED_EDGE('',*,*,#6423,.F.);
#6494=EDGE_LOOP('',(#6489,#6490,#6492,#6493));
#6495=FACE_OUTER_BOUND('',#6494,.F.);
#6496=ADVANCED_FACE('',(#6495),#6488,.T.);
#6497=CARTESIAN_POINT('',(0.E0,5.E-1,0.E0));
#6498=DIRECTION('',(0.E0,-1.E0,0.E0));
#6499=DIRECTION('',(-1.E0,0.E0,0.E0));
#6500=AXIS2_PLACEMENT_3D('',#6497,#6498,#6499);
#6501=PLANE('',#6500);
#6502=ORIENTED_EDGE('',*,*,#6425,.F.);
#6503=ORIENTED_EDGE('',*,*,#6491,.F.);
#6504=EDGE_LOOP('',(#6502,#6503));
#6505=FACE_OUTER_BOUND('',#6504,.F.);
#6506=ADVANCED_FACE('',(#6505),#6501,.T.);
#6507=CARTESIAN_POINT('',(0.E0,0.E0,0.E0));
#6508=DIRECTION('',(0.E0,-1.E0,0.E0));
#6509=DIRECTION('',(-1.E0,0.E0,0.E0));
#6510=AXIS2_PLACEMENT_3D('',#6507,#6508,#6509);
#6511=CYLINDRICAL_SURFACE('',#6510,4.725E0);
#6512=ORIENTED_EDGE('',*,*,#4860,.F.);
#6513=ORIENTED_EDGE('',*,*,#6431,.T.);
#6514=ORIENTED_EDGE('',*,*,#6447,.T.);
#6515=ORIENTED_EDGE('',*,*,#6434,.F.);
#6516=EDGE_LOOP('',(#6512,#6513,#6514,#6515));
#6517=FACE_OUTER_BOUND('',#6516,.F.);
#6518=ADVANCED_FACE('',(#6517),#6511,.F.);
#6519=CARTESIAN_POINT('',(1.7E0,9.5E0,-1.7E0));
#6520=DIRECTION('',(0.E0,-1.E0,0.E0));
#6521=DIRECTION('',(-1.E0,0.E0,0.E0));
#6522=AXIS2_PLACEMENT_3D('',#6519,#6520,#6521);
#6523=CYLINDRICAL_SURFACE('',#6522,5.75E-1);
#6525=ORIENTED_EDGE('',*,*,#6524,.T.);
#6527=ORIENTED_EDGE('',*,*,#6526,.F.);
#6528=ORIENTED_EDGE('',*,*,#6452,.F.);
#6530=ORIENTED_EDGE('',*,*,#6529,.T.);
#6531=EDGE_LOOP('',(#6525,#6527,#6528,#6530));
#6532=FACE_OUTER_BOUND('',#6531,.F.);
#6533=ADVANCED_FACE('',(#6532),#6523,.T.);
#6534=FILL_AREA_STYLE_COLOUR('',#14);
#6535=FILL_AREA_STYLE('',(#6534));
#6536=SURFACE_STYLE_FILL_AREA(#6535);
#6537=SURFACE_SIDE_STYLE('',(#6536));
#6538=SURFACE_STYLE_USAGE(.POSITIVE.,#6537);
#6539=PRESENTATION_STYLE_ASSIGNMENT((#6538));
#6540=STYLED_ITEM('',(#6539),#6533);
#6541=CARTESIAN_POINT('',(1.126405487535E0,2.567275917493E0,-1.663912490316E0));
#6542=CARTESIAN_POINT('',(1.115794891131E0,2.228973703112E0,-1.663244928141E0));
#6543=CARTESIAN_POINT('',(1.354656507034E0,1.989639816407E0,-1.678272827972E0));
#6544=CARTESIAN_POINT('',(1.692291159207E0,2.000271391799E0,-1.699515000822E0));
#6545=CARTESIAN_POINT('',(1.104197284411E0,2.567275917493E0,-2.016901753238E0));
#6546=CARTESIAN_POINT('',(1.093175871175E0,2.228973703112E0,-2.022763937291E0));
#6547=CARTESIAN_POINT('',(1.341285635673E0,1.989639816407E0,-1.890796731859E0));
#6548=CARTESIAN_POINT('',(1.691992691390E0,2.000271391799E0,-1.704259010694E0));
#6549=CARTESIAN_POINT('',(1.346312823851E0,2.567275917493E0,-2.274728612944E0));
#6550=CARTESIAN_POINT('',(1.339770167326E0,2.228973703112E0,-2.285360188424E0));
#6551=CARTESIAN_POINT('',(1.487055904172E0,1.989639816407E0,-2.046026299744E0));
#6552=CARTESIAN_POINT('',(1.695246610502E0,2.000271391799E0,-1.707724082571E0));
#6553=CARTESIAN_POINT('',(1.700000007707E0,2.567275917493E0,-2.274728608201E0));
#6554=CARTESIAN_POINT('',(1.700000007850E0,2.228973703112E0,-2.285360183593E0));
#6555=CARTESIAN_POINT('',(1.700000004640E0,1.989639816407E0,-2.046026296888E0));
#6556=CARTESIAN_POINT('',(1.700000000104E0,2.000271391799E0,-1.707724082507E0));
#6557=CARTESIAN_POINT('',(2.053687191564E0,2.567275917493E0,-2.274728603458E0));
#6558=CARTESIAN_POINT('',(2.060229848374E0,2.228973703112E0,-2.285360178763E0));
#6559=CARTESIAN_POINT('',(1.912944105108E0,1.989639816407E0,-2.046026294033E0));
#6560=CARTESIAN_POINT('',(1.704753389705E0,2.000271391799E0,-1.707724082443E0));
#6561=CARTESIAN_POINT('',(2.295802724089E0,2.567275917493E0,-2.016901737258E0));
#6562=CARTESIAN_POINT('',(2.306824137482E0,2.228973703112E0,-2.022763921015E0));
#6563=CARTESIAN_POINT('',(2.058714369444E0,1.989639816407E0,-1.890796722238E0));
#6564=CARTESIAN_POINT('',(1.708007308725E0,2.000271391799E0,-1.704259010480E0));
#6565=CARTESIAN_POINT('',(2.273594511497E0,2.567275917493E0,-1.663912474932E0));
#6566=CARTESIAN_POINT('',(2.284205107884E0,2.228973703112E0,-1.663244912472E0));
#6567=CARTESIAN_POINT('',(2.045343492383E0,1.989639816407E0,-1.678272818710E0));
#6568=CARTESIAN_POINT('',(1.707708840780E0,2.000271391799E0,-1.699515000616E0));
#6569=(BOUNDED_SURFACE()B_SPLINE_SURFACE(3,3,((#6541,#6542,#6543,#6544),(#6545,
#6546,#6547,#6548),(#6549,#6550,#6551,#6552),(#6553,#6554,#6555,#6556),(#6557,
#6558,#6559,#6560),(#6561,#6562,#6563,#6564),(#6565,#6566,#6567,#6568)),
.UNSPECIFIED.,.F.,.F.,.F.)B_SPLINE_SURFACE_WITH_KNOTS((4,3,4),(4,4),(0.E0,1.E0,
2.E0),(0.E0,1.E0),.UNSPECIFIED.)GEOMETRIC_REPRESENTATION_ITEM()RATIONAL_B_SPLINE_SURFACE(((1.409592801009E0,1.113152715316E0,1.113152715316E0,1.409592801009E0),(
1.113152709656E0,8.790545471196E-1,8.790545471196E-1,1.113152709656E0),(
1.113152709656E0,8.790545471196E-1,8.790545471196E-1,1.113152709656E0),(
1.409592801009E0,1.113152715316E0,1.113152715316E0,1.409592801009E0),(
1.113152709656E0,8.790545471196E-1,8.790545471196E-1,1.113152709656E0),(
1.113152709656E0,8.790545471196E-1,8.790545471196E-1,1.113152709656E0),(
1.409592801009E0,1.113152715316E0,1.113152715316E0,1.409592801009E0)))REPRESENTATION_ITEM('')SURFACE());
#6571=ORIENTED_EDGE('',*,*,#6570,.T.);
#6573=ORIENTED_EDGE('',*,*,#6572,.T.);
#6574=ORIENTED_EDGE('',*,*,#6524,.F.);
#6576=ORIENTED_EDGE('',*,*,#6575,.F.);
#6577=EDGE_LOOP('',(#6571,#6573,#6574,#6576));
#6578=FACE_OUTER_BOUND('',#6577,.F.);
#6579=ADVANCED_FACE('',(#6578),#6569,.T.);
#6580=FILL_AREA_STYLE_COLOUR('',#14);
#6581=FILL_AREA_STYLE('',(#6580));
#6582=SURFACE_STYLE_FILL_AREA(#6581);
#6583=SURFACE_SIDE_STYLE('',(#6582));
#6584=SURFACE_STYLE_USAGE(.POSITIVE.,#6583);
#6585=PRESENTATION_STYLE_ASSIGNMENT((#6584));
#6586=STYLED_ITEM('',(#6585),#6579);
#6587=CARTESIAN_POINT('',(0.E0,2.E0,0.E0));
#6588=DIRECTION('',(0.E0,-1.E0,0.E0));
#6589=DIRECTION('',(-1.E0,0.E0,0.E0));
#6590=AXIS2_PLACEMENT_3D('',#6587,#6588,#6589);
#6591=PLANE('',#6590);
#6592=ORIENTED_EDGE('',*,*,#6570,.F.);
#6594=ORIENTED_EDGE('',*,*,#6593,.F.);
#6595=EDGE_LOOP('',(#6592,#6594));
#6596=FACE_OUTER_BOUND('',#6595,.F.);
#6597=ADVANCED_FACE('',(#6596),#6591,.T.);
#6598=FILL_AREA_STYLE_COLOUR('',#14);
#6599=FILL_AREA_STYLE('',(#6598));
#6600=SURFACE_STYLE_FILL_AREA(#6599);
#6601=SURFACE_SIDE_STYLE('',(#6600));
#6602=SURFACE_STYLE_USAGE(.POSITIVE.,#6601);
#6603=PRESENTATION_STYLE_ASSIGNMENT((#6602));
#6604=STYLED_ITEM('',(#6603),#6597);
#6605=CARTESIAN_POINT('',(0.E0,2.E0,0.E0));
#6606=DIRECTION('',(0.E0,-1.E0,0.E0));
#6607=DIRECTION('',(-1.E0,0.E0,0.E0));
#6608=AXIS2_PLACEMENT_3D('',#6605,#6606,#6607);
#6609=PLANE('',#6608);
#6611=ORIENTED_EDGE('',*,*,#6610,.F.);
#6613=ORIENTED_EDGE('',*,*,#6612,.F.);
#6614=EDGE_LOOP('',(#6611,#6613));
#6615=FACE_OUTER_BOUND('',#6614,.F.);
#6616=ADVANCED_FACE('',(#6615),#6609,.T.);
#6617=FILL_AREA_STYLE_COLOUR('',#14);
#6618=FILL_AREA_STYLE('',(#6617));
#6619=SURFACE_STYLE_FILL_AREA(#6618);
#6620=SURFACE_SIDE_STYLE('',(#6619));
#6621=SURFACE_STYLE_USAGE(.POSITIVE.,#6620);
#6622=PRESENTATION_STYLE_ASSIGNMENT((#6621));
#6623=STYLED_ITEM('',(#6622),#6616);
#6624=CARTESIAN_POINT('',(0.E0,2.E0,0.E0));
#6625=DIRECTION('',(0.E0,-1.E0,0.E0));
#6626=DIRECTION('',(-1.E0,0.E0,0.E0));
#6627=AXIS2_PLACEMENT_3D('',#6624,#6625,#6626);
#6628=PLANE('',#6627);
#6630=ORIENTED_EDGE('',*,*,#6629,.F.);
#6632=ORIENTED_EDGE('',*,*,#6631,.F.);
#6633=EDGE_LOOP('',(#6630,#6632));
#6634=FACE_OUTER_BOUND('',#6633,.F.);
#6635=ADVANCED_FACE('',(#6634),#6628,.T.);
#6636=FILL_AREA_STYLE_COLOUR('',#14);
#6637=FILL_AREA_STYLE('',(#6636));
#6638=SURFACE_STYLE_FILL_AREA(#6637);
#6639=SURFACE_SIDE_STYLE('',(#6638));
#6640=SURFACE_STYLE_USAGE(.POSITIVE.,#6639);
#6641=PRESENTATION_STYLE_ASSIGNMENT((#6640));
#6642=STYLED_ITEM('',(#6641),#6635);
#6643=CARTESIAN_POINT('',(0.E0,2.E0,0.E0));
#6644=DIRECTION('',(0.E0,-1.E0,0.E0));
#6645=DIRECTION('',(-1.E0,0.E0,0.E0));
#6646=AXIS2_PLACEMENT_3D('',#6643,#6644,#6645);
#6647=PLANE('',#6646);
#6649=ORIENTED_EDGE('',*,*,#6648,.F.);
#6651=ORIENTED_EDGE('',*,*,#6650,.F.);
#6652=EDGE_LOOP('',(#6649,#6651));
#6653=FACE_OUTER_BOUND('',#6652,.F.);
#6654=ADVANCED_FACE('',(#6653),#6647,.T.);
#6655=FILL_AREA_STYLE_COLOUR('',#14);
#6656=FILL_AREA_STYLE('',(#6655));
#6657=SURFACE_STYLE_FILL_AREA(#6656);
#6658=SURFACE_SIDE_STYLE('',(#6657));
#6659=SURFACE_STYLE_USAGE(.POSITIVE.,#6658);
#6660=PRESENTATION_STYLE_ASSIGNMENT((#6659));
#6661=STYLED_ITEM('',(#6660),#6654);
#6662=CARTESIAN_POINT('',(2.273594512465E0,2.567275917493E0,-1.736087509684E0));
#6663=CARTESIAN_POINT('',(2.284205108869E0,2.228973703112E0,-1.736755071859E0));
#6664=CARTESIAN_POINT('',(2.045343492966E0,1.989639816407E0,-1.721727172028E0));
#6665=CARTESIAN_POINT('',(1.707708840793E0,2.000271391799E0,-1.700484999178E0));
#6666=CARTESIAN_POINT('',(2.295802715589E0,2.567275917493E0,-1.383098246762E0));
#6667=CARTESIAN_POINT('',(2.306824128825E0,2.228973703112E0,-1.377236062709E0));
#6668=CARTESIAN_POINT('',(2.058714364327E0,1.989639816407E0,-1.509203268141E0));
#6669=CARTESIAN_POINT('',(1.708007308610E0,2.000271391799E0,-1.695740989306E0));
#6670=CARTESIAN_POINT('',(2.053687176149E0,2.567275917493E0,-1.125271387056E0));
#6671=CARTESIAN_POINT('',(2.060229832674E0,2.228973703112E0,-1.114639811576E0));
#6672=CARTESIAN_POINT('',(1.912944095828E0,1.989639816407E0,-1.353973700256E0));
#6673=CARTESIAN_POINT('',(1.704753389498E0,2.000271391799E0,-1.692275917429E0));
#6674=CARTESIAN_POINT('',(1.699999992293E0,2.567275917493E0,-1.125271391799E0));
#6675=CARTESIAN_POINT('',(1.699999992150E0,2.228973703112E0,-1.114639816407E0));
#6676=CARTESIAN_POINT('',(1.699999995360E0,1.989639816407E0,-1.353973703112E0));
#6677=CARTESIAN_POINT('',(1.699999999896E0,2.000271391799E0,-1.692275917493E0));
#6678=CARTESIAN_POINT('',(1.346312808436E0,2.567275917493E0,-1.125271396542E0));
#6679=CARTESIAN_POINT('',(1.339770151626E0,2.228973703112E0,-1.114639821237E0));
#6680=CARTESIAN_POINT('',(1.487055894892E0,1.989639816407E0,-1.353973705967E0));
#6681=CARTESIAN_POINT('',(1.695246610295E0,2.000271391799E0,-1.692275917557E0));
#6682=CARTESIAN_POINT('',(1.104197275911E0,2.567275917493E0,-1.383098262742E0));
#6683=CARTESIAN_POINT('',(1.093175862518E0,2.228973703112E0,-1.377236078985E0));
#6684=CARTESIAN_POINT('',(1.341285630556E0,1.989639816407E0,-1.509203277762E0));
#6685=CARTESIAN_POINT('',(1.691992691275E0,2.000271391799E0,-1.695740989520E0));
#6686=CARTESIAN_POINT('',(1.126405488503E0,2.567275917493E0,-1.736087525068E0));
#6687=CARTESIAN_POINT('',(1.115794892116E0,2.228973703112E0,-1.736755087528E0));
#6688=CARTESIAN_POINT('',(1.354656507617E0,1.989639816407E0,-1.721727181290E0));
#6689=CARTESIAN_POINT('',(1.692291159220E0,2.000271391799E0,-1.700484999384E0));
#6690=(BOUNDED_SURFACE()B_SPLINE_SURFACE(3,3,((#6662,#6663,#6664,#6665),(#6666,
#6667,#6668,#6669),(#6670,#6671,#6672,#6673),(#6674,#6675,#6676,#6677),(#6678,
#6679,#6680,#6681),(#6682,#6683,#6684,#6685),(#6686,#6687,#6688,#6689)),
.UNSPECIFIED.,.F.,.F.,.F.)B_SPLINE_SURFACE_WITH_KNOTS((4,3,4),(4,4),(0.E0,1.E0,
2.E0),(0.E0,1.E0),.UNSPECIFIED.)GEOMETRIC_REPRESENTATION_ITEM()RATIONAL_B_SPLINE_SURFACE(((1.409592801009E0,1.113152715316E0,1.113152715316E0,1.409592801009E0),(
1.113152709656E0,8.790545471196E-1,8.790545471196E-1,1.113152709656E0),(
1.113152709656E0,8.790545471196E-1,8.790545471196E-1,1.113152709656E0),(
1.409592801009E0,1.113152715316E0,1.113152715316E0,1.409592801009E0),(
1.113152709656E0,8.790545471196E-1,8.790545471196E-1,1.113152709656E0),(
1.113152709656E0,8.790545471196E-1,8.790545471196E-1,1.113152709656E0),(
1.409592801009E0,1.113152715316E0,1.113152715316E0,1.409592801009E0)))REPRESENTATION_ITEM('')SURFACE());
#6691=ORIENTED_EDGE('',*,*,#6593,.T.);
#6692=ORIENTED_EDGE('',*,*,#6575,.T.);
#6694=ORIENTED_EDGE('',*,*,#6693,.F.);
#6695=ORIENTED_EDGE('',*,*,#6572,.F.);
#6696=EDGE_LOOP('',(#6691,#6692,#6694,#6695));
#6697=FACE_OUTER_BOUND('',#6696,.F.);
#6698=ADVANCED_FACE('',(#6697),#6690,.T.);
#6699=FILL_AREA_STYLE_COLOUR('',#14);
#6700=FILL_AREA_STYLE('',(#6699));
#6701=SURFACE_STYLE_FILL_AREA(#6700);
#6702=SURFACE_SIDE_STYLE('',(#6701));
#6703=SURFACE_STYLE_USAGE(.POSITIVE.,#6702);
#6704=PRESENTATION_STYLE_ASSIGNMENT((#6703));
#6705=STYLED_ITEM('',(#6704),#6698);
#6706=CARTESIAN_POINT('',(1.7E0,9.5E0,-1.7E0));
#6707=DIRECTION('',(0.E0,-1.E0,0.E0));
#6708=DIRECTION('',(-1.E0,0.E0,0.E0));
#6709=AXIS2_PLACEMENT_3D('',#6706,#6707,#6708);
#6710=CYLINDRICAL_SURFACE('',#6709,5.75E-1);
#6711=ORIENTED_EDGE('',*,*,#6693,.T.);
#6712=ORIENTED_EDGE('',*,*,#6529,.F.);
#6713=ORIENTED_EDGE('',*,*,#6454,.F.);
#6714=ORIENTED_EDGE('',*,*,#6526,.T.);
#6715=EDGE_LOOP('',(#6711,#6712,#6713,#6714));
#6716=FACE_OUTER_BOUND('',#6715,.F.);
#6717=ADVANCED_FACE('',(#6716),#6710,.T.);
#6718=FILL_AREA_STYLE_COLOUR('',#14);
#6719=FILL_AREA_STYLE('',(#6718));
#6720=SURFACE_STYLE_FILL_AREA(#6719);
#6721=SURFACE_SIDE_STYLE('',(#6720));
#6722=SURFACE_STYLE_USAGE(.POSITIVE.,#6721);
#6723=PRESENTATION_STYLE_ASSIGNMENT((#6722));
#6724=STYLED_ITEM('',(#6723),#6717);
#6725=CARTESIAN_POINT('',(-2.273594512465E0,2.567275917493E0,
-1.663912490316E0));
#6726=CARTESIAN_POINT('',(-2.284205108869E0,2.228973703112E0,
-1.663244928141E0));
#6727=CARTESIAN_POINT('',(-2.045343492966E0,1.989639816407E0,
-1.678272827972E0));
#6728=CARTESIAN_POINT('',(-1.707708840793E0,2.000271391799E0,
-1.699515000822E0));
#6729=CARTESIAN_POINT('',(-2.295802715589E0,2.567275917493E0,
-2.016901753238E0));
#6730=CARTESIAN_POINT('',(-2.306824128825E0,2.228973703112E0,
-2.022763937291E0));
#6731=CARTESIAN_POINT('',(-2.058714364327E0,1.989639816407E0,
-1.890796731859E0));
#6732=CARTESIAN_POINT('',(-1.708007308610E0,2.000271391799E0,
-1.704259010694E0));
#6733=CARTESIAN_POINT('',(-2.053687176149E0,2.567275917493E0,
-2.274728612944E0));
#6734=CARTESIAN_POINT('',(-2.060229832674E0,2.228973703112E0,
-2.285360188424E0));
#6735=CARTESIAN_POINT('',(-1.912944095828E0,1.989639816407E0,
-2.046026299744E0));
#6736=CARTESIAN_POINT('',(-1.704753389498E0,2.000271391799E0,
-1.707724082571E0));
#6737=CARTESIAN_POINT('',(-1.699999992293E0,2.567275917493E0,
-2.274728608201E0));
#6738=CARTESIAN_POINT('',(-1.699999992150E0,2.228973703112E0,
-2.285360183593E0));
#6739=CARTESIAN_POINT('',(-1.699999995360E0,1.989639816407E0,
-2.046026296888E0));
#6740=CARTESIAN_POINT('',(-1.699999999896E0,2.000271391799E0,
-1.707724082507E0));
#6741=CARTESIAN_POINT('',(-1.346312808436E0,2.567275917493E0,
-2.274728603458E0));
#6742=CARTESIAN_POINT('',(-1.339770151626E0,2.228973703112E0,
-2.285360178763E0));
#6743=CARTESIAN_POINT('',(-1.487055894892E0,1.989639816407E0,
-2.046026294033E0));
#6744=CARTESIAN_POINT('',(-1.695246610295E0,2.000271391799E0,
-1.707724082443E0));
#6745=CARTESIAN_POINT('',(-1.104197275911E0,2.567275917493E0,
-2.016901737258E0));
#6746=CARTESIAN_POINT('',(-1.093175862518E0,2.228973703112E0,
-2.022763921015E0));
#6747=CARTESIAN_POINT('',(-1.341285630556E0,1.989639816407E0,
-1.890796722238E0));
#6748=CARTESIAN_POINT('',(-1.691992691275E0,2.000271391799E0,
-1.704259010480E0));
#6749=CARTESIAN_POINT('',(-1.126405488503E0,2.567275917493E0,
-1.663912474932E0));
#6750=CARTESIAN_POINT('',(-1.115794892116E0,2.228973703112E0,
-1.663244912472E0));
#6751=CARTESIAN_POINT('',(-1.354656507617E0,1.989639816407E0,
-1.678272818710E0));
#6752=CARTESIAN_POINT('',(-1.692291159220E0,2.000271391799E0,
-1.699515000616E0));
#6753=(BOUNDED_SURFACE()B_SPLINE_SURFACE(3,3,((#6725,#6726,#6727,#6728),(#6729,
#6730,#6731,#6732),(#6733,#6734,#6735,#6736),(#6737,#6738,#6739,#6740),(#6741,
#6742,#6743,#6744),(#6745,#6746,#6747,#6748),(#6749,#6750,#6751,#6752)),
.UNSPECIFIED.,.F.,.F.,.F.)B_SPLINE_SURFACE_WITH_KNOTS((4,3,4),(4,4),(0.E0,1.E0,
2.E0),(0.E0,1.E0),.UNSPECIFIED.)GEOMETRIC_REPRESENTATION_ITEM()RATIONAL_B_SPLINE_SURFACE(((1.409592801009E0,1.113152715316E0,1.113152715316E0,1.409592801009E0),(
1.113152709656E0,8.790545471196E-1,8.790545471196E-1,1.113152709656E0),(
1.113152709656E0,8.790545471196E-1,8.790545471196E-1,1.113152709656E0),(
1.409592801009E0,1.113152715316E0,1.113152715316E0,1.409592801009E0),(
1.113152709656E0,8.790545471196E-1,8.790545471196E-1,1.113152709656E0),(
1.113152709656E0,8.790545471196E-1,8.790545471196E-1,1.113152709656E0),(
1.409592801009E0,1.113152715316E0,1.113152715316E0,1.409592801009E0)))REPRESENTATION_ITEM('')SURFACE());
#6754=ORIENTED_EDGE('',*,*,#6610,.T.);
#6756=ORIENTED_EDGE('',*,*,#6755,.T.);
#6758=ORIENTED_EDGE('',*,*,#6757,.F.);
#6760=ORIENTED_EDGE('',*,*,#6759,.F.);
#6761=EDGE_LOOP('',(#6754,#6756,#6758,#6760));
#6762=FACE_OUTER_BOUND('',#6761,.F.);
#6763=ADVANCED_FACE('',(#6762),#6753,.T.);
#6764=FILL_AREA_STYLE_COLOUR('',#14);
#6765=FILL_AREA_STYLE('',(#6764));
#6766=SURFACE_STYLE_FILL_AREA(#6765);
#6767=SURFACE_SIDE_STYLE('',(#6766));
#6768=SURFACE_STYLE_USAGE(.POSITIVE.,#6767);
#6769=PRESENTATION_STYLE_ASSIGNMENT((#6768));
#6770=STYLED_ITEM('',(#6769),#6763);
#6771=CARTESIAN_POINT('',(-1.126405487535E0,2.567275917493E0,
-1.736087509684E0));
#6772=CARTESIAN_POINT('',(-1.115794891131E0,2.228973703112E0,
-1.736755071859E0));
#6773=CARTESIAN_POINT('',(-1.354656507034E0,1.989639816407E0,
-1.721727172028E0));
#6774=CARTESIAN_POINT('',(-1.692291159207E0,2.000271391799E0,
-1.700484999178E0));
#6775=CARTESIAN_POINT('',(-1.104197284411E0,2.567275917493E0,
-1.383098246762E0));
#6776=CARTESIAN_POINT('',(-1.093175871175E0,2.228973703112E0,
-1.377236062709E0));
#6777=CARTESIAN_POINT('',(-1.341285635673E0,1.989639816407E0,
-1.509203268141E0));
#6778=CARTESIAN_POINT('',(-1.691992691390E0,2.000271391799E0,
-1.695740989306E0));
#6779=CARTESIAN_POINT('',(-1.346312823851E0,2.567275917493E0,
-1.125271387056E0));
#6780=CARTESIAN_POINT('',(-1.339770167326E0,2.228973703112E0,
-1.114639811576E0));
#6781=CARTESIAN_POINT('',(-1.487055904172E0,1.989639816407E0,
-1.353973700256E0));
#6782=CARTESIAN_POINT('',(-1.695246610502E0,2.000271391799E0,
-1.692275917429E0));
#6783=CARTESIAN_POINT('',(-1.700000007707E0,2.567275917493E0,
-1.125271391799E0));
#6784=CARTESIAN_POINT('',(-1.700000007850E0,2.228973703112E0,
-1.114639816407E0));
#6785=CARTESIAN_POINT('',(-1.700000004640E0,1.989639816407E0,
-1.353973703112E0));
#6786=CARTESIAN_POINT('',(-1.700000000104E0,2.000271391799E0,
-1.692275917493E0));
#6787=CARTESIAN_POINT('',(-2.053687191564E0,2.567275917493E0,
-1.125271396542E0));
#6788=CARTESIAN_POINT('',(-2.060229848374E0,2.228973703112E0,
-1.114639821237E0));
#6789=CARTESIAN_POINT('',(-1.912944105108E0,1.989639816407E0,
-1.353973705967E0));
#6790=CARTESIAN_POINT('',(-1.704753389705E0,2.000271391799E0,
-1.692275917557E0));
#6791=CARTESIAN_POINT('',(-2.295802724089E0,2.567275917493E0,
-1.383098262742E0));
#6792=CARTESIAN_POINT('',(-2.306824137482E0,2.228973703112E0,
-1.377236078985E0));
#6793=CARTESIAN_POINT('',(-2.058714369444E0,1.989639816407E0,
-1.509203277762E0));
#6794=CARTESIAN_POINT('',(-1.708007308725E0,2.000271391799E0,
-1.695740989520E0));
#6795=CARTESIAN_POINT('',(-2.273594511497E0,2.567275917493E0,
-1.736087525068E0));
#6796=CARTESIAN_POINT('',(-2.284205107884E0,2.228973703112E0,
-1.736755087528E0));
#6797=CARTESIAN_POINT('',(-2.045343492383E0,1.989639816407E0,
-1.721727181290E0));
#6798=CARTESIAN_POINT('',(-1.707708840780E0,2.000271391799E0,
-1.700484999384E0));
#6799=(BOUNDED_SURFACE()B_SPLINE_SURFACE(3,3,((#6771,#6772,#6773,#6774),(#6775,
#6776,#6777,#6778),(#6779,#6780,#6781,#6782),(#6783,#6784,#6785,#6786),(#6787,
#6788,#6789,#6790),(#6791,#6792,#6793,#6794),(#6795,#6796,#6797,#6798)),
.UNSPECIFIED.,.F.,.F.,.F.)B_SPLINE_SURFACE_WITH_KNOTS((4,3,4),(4,4),(0.E0,1.E0,
2.E0),(0.E0,1.E0),.UNSPECIFIED.)GEOMETRIC_REPRESENTATION_ITEM()RATIONAL_B_SPLINE_SURFACE(((1.409592801009E0,1.113152715316E0,1.113152715316E0,1.409592801009E0),(
1.113152709656E0,8.790545471196E-1,8.790545471196E-1,1.113152709656E0),(
1.113152709656E0,8.790545471196E-1,8.790545471196E-1,1.113152709656E0),(
1.409592801009E0,1.113152715316E0,1.113152715316E0,1.409592801009E0),(
1.113152709656E0,8.790545471196E-1,8.790545471196E-1,1.113152709656E0),(
1.113152709656E0,8.790545471196E-1,8.790545471196E-1,1.113152709656E0),(
1.409592801009E0,1.113152715316E0,1.113152715316E0,1.409592801009E0)))REPRESENTATION_ITEM('')SURFACE());
#6800=ORIENTED_EDGE('',*,*,#6612,.T.);
#6801=ORIENTED_EDGE('',*,*,#6759,.T.);
#6803=ORIENTED_EDGE('',*,*,#6802,.F.);
#6804=ORIENTED_EDGE('',*,*,#6755,.F.);
#6805=EDGE_LOOP('',(#6800,#6801,#6803,#6804));
#6806=FACE_OUTER_BOUND('',#6805,.F.);
#6807=ADVANCED_FACE('',(#6806),#6799,.T.);
#6808=FILL_AREA_STYLE_COLOUR('',#14);
#6809=FILL_AREA_STYLE('',(#6808));
#6810=SURFACE_STYLE_FILL_AREA(#6809);
#6811=SURFACE_SIDE_STYLE('',(#6810));
#6812=SURFACE_STYLE_USAGE(.POSITIVE.,#6811);
#6813=PRESENTATION_STYLE_ASSIGNMENT((#6812));
#6814=STYLED_ITEM('',(#6813),#6807);
#6815=CARTESIAN_POINT('',(-1.7E0,9.5E0,-1.7E0));
#6816=DIRECTION('',(0.E0,-1.E0,0.E0));
#6817=DIRECTION('',(-1.E0,0.E0,0.E0));
#6818=AXIS2_PLACEMENT_3D('',#6815,#6816,#6817);
#6819=CYLINDRICAL_SURFACE('',#6818,5.75E-1);
#6820=ORIENTED_EDGE('',*,*,#6802,.T.);
#6822=ORIENTED_EDGE('',*,*,#6821,.F.);
#6823=ORIENTED_EDGE('',*,*,#6460,.F.);
#6825=ORIENTED_EDGE('',*,*,#6824,.T.);
#6826=EDGE_LOOP('',(#6820,#6822,#6823,#6825));
#6827=FACE_OUTER_BOUND('',#6826,.F.);
#6828=ADVANCED_FACE('',(#6827),#6819,.T.);
#6829=FILL_AREA_STYLE_COLOUR('',#14);
#6830=FILL_AREA_STYLE('',(#6829));
#6831=SURFACE_STYLE_FILL_AREA(#6830);
#6832=SURFACE_SIDE_STYLE('',(#6831));
#6833=SURFACE_STYLE_USAGE(.POSITIVE.,#6832);
#6834=PRESENTATION_STYLE_ASSIGNMENT((#6833));
#6835=STYLED_ITEM('',(#6834),#6828);
#6836=CARTESIAN_POINT('',(-1.7E0,9.5E0,-1.7E0));
#6837=DIRECTION('',(0.E0,-1.E0,0.E0));
#6838=DIRECTION('',(-1.E0,0.E0,0.E0));
#6839=AXIS2_PLACEMENT_3D('',#6836,#6837,#6838);
#6840=CYLINDRICAL_SURFACE('',#6839,5.75E-1);
#6841=ORIENTED_EDGE('',*,*,#6757,.T.);
#6842=ORIENTED_EDGE('',*,*,#6824,.F.);
#6843=ORIENTED_EDGE('',*,*,#6458,.F.);
#6844=ORIENTED_EDGE('',*,*,#6821,.T.);
#6845=EDGE_LOOP('',(#6841,#6842,#6843,#6844));
#6846=FACE_OUTER_BOUND('',#6845,.F.);
#6847=ADVANCED_FACE('',(#6846),#6840,.T.);
#6848=FILL_AREA_STYLE_COLOUR('',#14);
#6849=FILL_AREA_STYLE('',(#6848));
#6850=SURFACE_STYLE_FILL_AREA(#6849);
#6851=SURFACE_SIDE_STYLE('',(#6850));
#6852=SURFACE_STYLE_USAGE(.POSITIVE.,#6851);
#6853=PRESENTATION_STYLE_ASSIGNMENT((#6852));
#6854=STYLED_ITEM('',(#6853),#6847);
#6855=CARTESIAN_POINT('',(1.126405487535E0,2.567275917493E0,1.736087509684E0));
#6856=CARTESIAN_POINT('',(1.115794891131E0,2.228973703112E0,1.736755071859E0));
#6857=CARTESIAN_POINT('',(1.354656507034E0,1.989639816407E0,1.721727172028E0));
#6858=CARTESIAN_POINT('',(1.692291159207E0,2.000271391799E0,1.700484999178E0));
#6859=CARTESIAN_POINT('',(1.104197284411E0,2.567275917493E0,1.383098246762E0));
#6860=CARTESIAN_POINT('',(1.093175871175E0,2.228973703112E0,1.377236062709E0));
#6861=CARTESIAN_POINT('',(1.341285635673E0,1.989639816407E0,1.509203268141E0));
#6862=CARTESIAN_POINT('',(1.691992691390E0,2.000271391799E0,1.695740989306E0));
#6863=CARTESIAN_POINT('',(1.346312823851E0,2.567275917493E0,1.125271387056E0));
#6864=CARTESIAN_POINT('',(1.339770167326E0,2.228973703112E0,1.114639811576E0));
#6865=CARTESIAN_POINT('',(1.487055904172E0,1.989639816407E0,1.353973700256E0));
#6866=CARTESIAN_POINT('',(1.695246610502E0,2.000271391799E0,1.692275917429E0));
#6867=CARTESIAN_POINT('',(1.700000007707E0,2.567275917493E0,1.125271391799E0));
#6868=CARTESIAN_POINT('',(1.700000007850E0,2.228973703112E0,1.114639816407E0));
#6869=CARTESIAN_POINT('',(1.700000004640E0,1.989639816407E0,1.353973703112E0));
#6870=CARTESIAN_POINT('',(1.700000000104E0,2.000271391799E0,1.692275917493E0));
#6871=CARTESIAN_POINT('',(2.053687191564E0,2.567275917493E0,1.125271396542E0));
#6872=CARTESIAN_POINT('',(2.060229848374E0,2.228973703112E0,1.114639821237E0));
#6873=CARTESIAN_POINT('',(1.912944105108E0,1.989639816407E0,1.353973705967E0));
#6874=CARTESIAN_POINT('',(1.704753389705E0,2.000271391799E0,1.692275917557E0));
#6875=CARTESIAN_POINT('',(2.295802724089E0,2.567275917493E0,1.383098262742E0));
#6876=CARTESIAN_POINT('',(2.306824137482E0,2.228973703112E0,1.377236078985E0));
#6877=CARTESIAN_POINT('',(2.058714369444E0,1.989639816407E0,1.509203277762E0));
#6878=CARTESIAN_POINT('',(1.708007308725E0,2.000271391799E0,1.695740989520E0));
#6879=CARTESIAN_POINT('',(2.273594511497E0,2.567275917493E0,1.736087525068E0));
#6880=CARTESIAN_POINT('',(2.284205107884E0,2.228973703112E0,1.736755087528E0));
#6881=CARTESIAN_POINT('',(2.045343492383E0,1.989639816407E0,1.721727181290E0));
#6882=CARTESIAN_POINT('',(1.707708840780E0,2.000271391799E0,1.700484999384E0));
#6883=(BOUNDED_SURFACE()B_SPLINE_SURFACE(3,3,((#6855,#6856,#6857,#6858),(#6859,
#6860,#6861,#6862),(#6863,#6864,#6865,#6866),(#6867,#6868,#6869,#6870),(#6871,
#6872,#6873,#6874),(#6875,#6876,#6877,#6878),(#6879,#6880,#6881,#6882)),
.UNSPECIFIED.,.F.,.F.,.F.)B_SPLINE_SURFACE_WITH_KNOTS((4,3,4),(4,4),(0.E0,1.E0,
2.E0),(0.E0,1.E0),.UNSPECIFIED.)GEOMETRIC_REPRESENTATION_ITEM()RATIONAL_B_SPLINE_SURFACE(((1.409592801009E0,1.113152715316E0,1.113152715316E0,1.409592801009E0),(
1.113152709656E0,8.790545471196E-1,8.790545471196E-1,1.113152709656E0),(
1.113152709656E0,8.790545471196E-1,8.790545471196E-1,1.113152709656E0),(
1.409592801009E0,1.113152715316E0,1.113152715316E0,1.409592801009E0),(
1.113152709656E0,8.790545471196E-1,8.790545471196E-1,1.113152709656E0),(
1.113152709656E0,8.790545471196E-1,8.790545471196E-1,1.113152709656E0),(
1.409592801009E0,1.113152715316E0,1.113152715316E0,1.409592801009E0)))REPRESENTATION_ITEM('')SURFACE());
#6884=ORIENTED_EDGE('',*,*,#6629,.T.);
#6886=ORIENTED_EDGE('',*,*,#6885,.T.);
#6888=ORIENTED_EDGE('',*,*,#6887,.F.);
#6890=ORIENTED_EDGE('',*,*,#6889,.F.);
#6891=EDGE_LOOP('',(#6884,#6886,#6888,#6890));
#6892=FACE_OUTER_BOUND('',#6891,.F.);
#6893=ADVANCED_FACE('',(#6892),#6883,.T.);
#6894=FILL_AREA_STYLE_COLOUR('',#14);
#6895=FILL_AREA_STYLE('',(#6894));
#6896=SURFACE_STYLE_FILL_AREA(#6895);
#6897=SURFACE_SIDE_STYLE('',(#6896));
#6898=SURFACE_STYLE_USAGE(.POSITIVE.,#6897);
#6899=PRESENTATION_STYLE_ASSIGNMENT((#6898));
#6900=STYLED_ITEM('',(#6899),#6893);
#6901=CARTESIAN_POINT('',(2.273594512465E0,2.567275917493E0,1.663912490316E0));
#6902=CARTESIAN_POINT('',(2.284205108869E0,2.228973703112E0,1.663244928141E0));
#6903=CARTESIAN_POINT('',(2.045343492966E0,1.989639816407E0,1.678272827972E0));
#6904=CARTESIAN_POINT('',(1.707708840793E0,2.000271391799E0,1.699515000822E0));
#6905=CARTESIAN_POINT('',(2.295802715589E0,2.567275917493E0,2.016901753238E0));
#6906=CARTESIAN_POINT('',(2.306824128825E0,2.228973703112E0,2.022763937291E0));
#6907=CARTESIAN_POINT('',(2.058714364327E0,1.989639816407E0,1.890796731859E0));
#6908=CARTESIAN_POINT('',(1.708007308610E0,2.000271391799E0,1.704259010694E0));
#6909=CARTESIAN_POINT('',(2.053687176149E0,2.567275917493E0,2.274728612944E0));
#6910=CARTESIAN_POINT('',(2.060229832674E0,2.228973703112E0,2.285360188424E0));
#6911=CARTESIAN_POINT('',(1.912944095828E0,1.989639816407E0,2.046026299744E0));
#6912=CARTESIAN_POINT('',(1.704753389498E0,2.000271391799E0,1.707724082571E0));
#6913=CARTESIAN_POINT('',(1.699999992293E0,2.567275917493E0,2.274728608201E0));
#6914=CARTESIAN_POINT('',(1.699999992150E0,2.228973703112E0,2.285360183593E0));
#6915=CARTESIAN_POINT('',(1.699999995360E0,1.989639816407E0,2.046026296888E0));
#6916=CARTESIAN_POINT('',(1.699999999896E0,2.000271391799E0,1.707724082507E0));
#6917=CARTESIAN_POINT('',(1.346312808436E0,2.567275917493E0,2.274728603458E0));
#6918=CARTESIAN_POINT('',(1.339770151626E0,2.228973703112E0,2.285360178763E0));
#6919=CARTESIAN_POINT('',(1.487055894892E0,1.989639816407E0,2.046026294033E0));
#6920=CARTESIAN_POINT('',(1.695246610295E0,2.000271391799E0,1.707724082443E0));
#6921=CARTESIAN_POINT('',(1.104197275911E0,2.567275917493E0,2.016901737258E0));
#6922=CARTESIAN_POINT('',(1.093175862518E0,2.228973703112E0,2.022763921015E0));
#6923=CARTESIAN_POINT('',(1.341285630556E0,1.989639816407E0,1.890796722238E0));
#6924=CARTESIAN_POINT('',(1.691992691275E0,2.000271391799E0,1.704259010480E0));
#6925=CARTESIAN_POINT('',(1.126405488503E0,2.567275917493E0,1.663912474932E0));
#6926=CARTESIAN_POINT('',(1.115794892116E0,2.228973703112E0,1.663244912472E0));
#6927=CARTESIAN_POINT('',(1.354656507617E0,1.989639816407E0,1.678272818710E0));
#6928=CARTESIAN_POINT('',(1.692291159220E0,2.000271391799E0,1.699515000616E0));
#6929=(BOUNDED_SURFACE()B_SPLINE_SURFACE(3,3,((#6901,#6902,#6903,#6904),(#6905,
#6906,#6907,#6908),(#6909,#6910,#6911,#6912),(#6913,#6914,#6915,#6916),(#6917,
#6918,#6919,#6920),(#6921,#6922,#6923,#6924),(#6925,#6926,#6927,#6928)),
.UNSPECIFIED.,.F.,.F.,.F.)B_SPLINE_SURFACE_WITH_KNOTS((4,3,4),(4,4),(0.E0,1.E0,
2.E0),(0.E0,1.E0),.UNSPECIFIED.)GEOMETRIC_REPRESENTATION_ITEM()RATIONAL_B_SPLINE_SURFACE(((1.409592801009E0,1.113152715316E0,1.113152715316E0,1.409592801009E0),(
1.113152709656E0,8.790545471196E-1,8.790545471196E-1,1.113152709656E0),(
1.113152709656E0,8.790545471196E-1,8.790545471196E-1,1.113152709656E0),(
1.409592801009E0,1.113152715316E0,1.113152715316E0,1.409592801009E0),(
1.113152709656E0,8.790545471196E-1,8.790545471196E-1,1.113152709656E0),(
1.113152709656E0,8.790545471196E-1,8.790545471196E-1,1.113152709656E0),(
1.409592801009E0,1.113152715316E0,1.113152715316E0,1.409592801009E0)))REPRESENTATION_ITEM('')SURFACE());
#6930=ORIENTED_EDGE('',*,*,#6631,.T.);
#6931=ORIENTED_EDGE('',*,*,#6889,.T.);
#6933=ORIENTED_EDGE('',*,*,#6932,.F.);
#6934=ORIENTED_EDGE('',*,*,#6885,.F.);
#6935=EDGE_LOOP('',(#6930,#6931,#6933,#6934));
#6936=FACE_OUTER_BOUND('',#6935,.F.);
#6937=ADVANCED_FACE('',(#6936),#6929,.T.);
#6938=FILL_AREA_STYLE_COLOUR('',#14);
#6939=FILL_AREA_STYLE('',(#6938));
#6940=SURFACE_STYLE_FILL_AREA(#6939);
#6941=SURFACE_SIDE_STYLE('',(#6940));
#6942=SURFACE_STYLE_USAGE(.POSITIVE.,#6941);
#6943=PRESENTATION_STYLE_ASSIGNMENT((#6942));
#6944=STYLED_ITEM('',(#6943),#6937);
#6945=CARTESIAN_POINT('',(1.7E0,9.5E0,1.7E0));
#6946=DIRECTION('',(0.E0,-1.E0,0.E0));
#6947=DIRECTION('',(-1.E0,0.E0,0.E0));
#6948=AXIS2_PLACEMENT_3D('',#6945,#6946,#6947);
#6949=CYLINDRICAL_SURFACE('',#6948,5.75E-1);
#6950=ORIENTED_EDGE('',*,*,#6932,.T.);
#6952=ORIENTED_EDGE('',*,*,#6951,.F.);
#6953=ORIENTED_EDGE('',*,*,#6472,.F.);
#6955=ORIENTED_EDGE('',*,*,#6954,.T.);
#6956=EDGE_LOOP('',(#6950,#6952,#6953,#6955));
#6957=FACE_OUTER_BOUND('',#6956,.F.);
#6958=ADVANCED_FACE('',(#6957),#6949,.T.);
#6959=FILL_AREA_STYLE_COLOUR('',#14);
#6960=FILL_AREA_STYLE('',(#6959));
#6961=SURFACE_STYLE_FILL_AREA(#6960);
#6962=SURFACE_SIDE_STYLE('',(#6961));
#6963=SURFACE_STYLE_USAGE(.POSITIVE.,#6962);
#6964=PRESENTATION_STYLE_ASSIGNMENT((#6963));
#6965=STYLED_ITEM('',(#6964),#6958);
#6966=CARTESIAN_POINT('',(1.7E0,9.5E0,1.7E0));
#6967=DIRECTION('',(0.E0,-1.E0,0.E0));
#6968=DIRECTION('',(-1.E0,0.E0,0.E0));
#6969=AXIS2_PLACEMENT_3D('',#6966,#6967,#6968);
#6970=CYLINDRICAL_SURFACE('',#6969,5.75E-1);
#6971=ORIENTED_EDGE('',*,*,#6887,.T.);
#6972=ORIENTED_EDGE('',*,*,#6954,.F.);
#6973=ORIENTED_EDGE('',*,*,#6470,.F.);
#6974=ORIENTED_EDGE('',*,*,#6951,.T.);
#6975=EDGE_LOOP('',(#6971,#6972,#6973,#6974));
#6976=FACE_OUTER_BOUND('',#6975,.F.);
#6977=ADVANCED_FACE('',(#6976),#6970,.T.);
#6978=FILL_AREA_STYLE_COLOUR('',#14);
#6979=FILL_AREA_STYLE('',(#6978));
#6980=SURFACE_STYLE_FILL_AREA(#6979);
#6981=SURFACE_SIDE_STYLE('',(#6980));
#6982=SURFACE_STYLE_USAGE(.POSITIVE.,#6981);
#6983=PRESENTATION_STYLE_ASSIGNMENT((#6982));
#6984=STYLED_ITEM('',(#6983),#6977);
#6985=CARTESIAN_POINT('',(-2.273594512465E0,2.567275917493E0,1.736087509684E0));
#6986=CARTESIAN_POINT('',(-2.284205108869E0,2.228973703112E0,1.736755071859E0));
#6987=CARTESIAN_POINT('',(-2.045343492966E0,1.989639816407E0,1.721727172028E0));
#6988=CARTESIAN_POINT('',(-1.707708840793E0,2.000271391799E0,1.700484999178E0));
#6989=CARTESIAN_POINT('',(-2.295802715589E0,2.567275917493E0,1.383098246762E0));
#6990=CARTESIAN_POINT('',(-2.306824128825E0,2.228973703112E0,1.377236062709E0));
#6991=CARTESIAN_POINT('',(-2.058714364327E0,1.989639816407E0,1.509203268141E0));
#6992=CARTESIAN_POINT('',(-1.708007308610E0,2.000271391799E0,1.695740989306E0));
#6993=CARTESIAN_POINT('',(-2.053687176149E0,2.567275917493E0,1.125271387056E0));
#6994=CARTESIAN_POINT('',(-2.060229832674E0,2.228973703112E0,1.114639811576E0));
#6995=CARTESIAN_POINT('',(-1.912944095828E0,1.989639816407E0,1.353973700256E0));
#6996=CARTESIAN_POINT('',(-1.704753389498E0,2.000271391799E0,1.692275917429E0));
#6997=CARTESIAN_POINT('',(-1.699999992293E0,2.567275917493E0,1.125271391799E0));
#6998=CARTESIAN_POINT('',(-1.699999992150E0,2.228973703112E0,1.114639816407E0));
#6999=CARTESIAN_POINT('',(-1.699999995360E0,1.989639816407E0,1.353973703112E0));
#7000=CARTESIAN_POINT('',(-1.699999999896E0,2.000271391799E0,1.692275917493E0));
#7001=CARTESIAN_POINT('',(-1.346312808436E0,2.567275917493E0,1.125271396542E0));
#7002=CARTESIAN_POINT('',(-1.339770151626E0,2.228973703112E0,1.114639821237E0));
#7003=CARTESIAN_POINT('',(-1.487055894892E0,1.989639816407E0,1.353973705967E0));
#7004=CARTESIAN_POINT('',(-1.695246610295E0,2.000271391799E0,1.692275917557E0));
#7005=CARTESIAN_POINT('',(-1.104197275911E0,2.567275917493E0,1.383098262742E0));
#7006=CARTESIAN_POINT('',(-1.093175862518E0,2.228973703112E0,1.377236078985E0));
#7007=CARTESIAN_POINT('',(-1.341285630556E0,1.989639816407E0,1.509203277762E0));
#7008=CARTESIAN_POINT('',(-1.691992691275E0,2.000271391799E0,1.695740989520E0));
#7009=CARTESIAN_POINT('',(-1.126405488503E0,2.567275917493E0,1.736087525068E0));
#7010=CARTESIAN_POINT('',(-1.115794892116E0,2.228973703112E0,1.736755087528E0));
#7011=CARTESIAN_POINT('',(-1.354656507617E0,1.989639816407E0,1.721727181290E0));
#7012=CARTESIAN_POINT('',(-1.692291159220E0,2.000271391799E0,1.700484999384E0));
#7013=(BOUNDED_SURFACE()B_SPLINE_SURFACE(3,3,((#6985,#6986,#6987,#6988),(#6989,
#6990,#6991,#6992),(#6993,#6994,#6995,#6996),(#6997,#6998,#6999,#7000),(#7001,
#7002,#7003,#7004),(#7005,#7006,#7007,#7008),(#7009,#7010,#7011,#7012)),
.UNSPECIFIED.,.F.,.F.,.F.)B_SPLINE_SURFACE_WITH_KNOTS((4,3,4),(4,4),(0.E0,1.E0,
2.E0),(0.E0,1.E0),.UNSPECIFIED.)GEOMETRIC_REPRESENTATION_ITEM()RATIONAL_B_SPLINE_SURFACE(((1.409592801009E0,1.113152715316E0,1.113152715316E0,1.409592801009E0),(
1.113152709656E0,8.790545471196E-1,8.790545471196E-1,1.113152709656E0),(
1.113152709656E0,8.790545471196E-1,8.790545471196E-1,1.113152709656E0),(
1.409592801009E0,1.113152715316E0,1.113152715316E0,1.409592801009E0),(
1.113152709656E0,8.790545471196E-1,8.790545471196E-1,1.113152709656E0),(
1.113152709656E0,8.790545471196E-1,8.790545471196E-1,1.113152709656E0),(
1.409592801009E0,1.113152715316E0,1.113152715316E0,1.409592801009E0)))REPRESENTATION_ITEM('')SURFACE());
#7014=ORIENTED_EDGE('',*,*,#6648,.T.);
#7016=ORIENTED_EDGE('',*,*,#7015,.T.);
#7018=ORIENTED_EDGE('',*,*,#7017,.F.);
#7020=ORIENTED_EDGE('',*,*,#7019,.F.);
#7021=EDGE_LOOP('',(#7014,#7016,#7018,#7020));
#7022=FACE_OUTER_BOUND('',#7021,.F.);
#7023=ADVANCED_FACE('',(#7022),#7013,.T.);
#7024=FILL_AREA_STYLE_COLOUR('',#14);
#7025=FILL_AREA_STYLE('',(#7024));
#7026=SURFACE_STYLE_FILL_AREA(#7025);
#7027=SURFACE_SIDE_STYLE('',(#7026));
#7028=SURFACE_STYLE_USAGE(.POSITIVE.,#7027);
#7029=PRESENTATION_STYLE_ASSIGNMENT((#7028));
#7030=STYLED_ITEM('',(#7029),#7023);
#7031=CARTESIAN_POINT('',(-1.126405487535E0,2.567275917493E0,1.663912490316E0));
#7032=CARTESIAN_POINT('',(-1.115794891131E0,2.228973703112E0,1.663244928141E0));
#7033=CARTESIAN_POINT('',(-1.354656507034E0,1.989639816407E0,1.678272827972E0));
#7034=CARTESIAN_POINT('',(-1.692291159207E0,2.000271391799E0,1.699515000822E0));
#7035=CARTESIAN_POINT('',(-1.104197284411E0,2.567275917493E0,2.016901753238E0));
#7036=CARTESIAN_POINT('',(-1.093175871175E0,2.228973703112E0,2.022763937291E0));
#7037=CARTESIAN_POINT('',(-1.341285635673E0,1.989639816407E0,1.890796731859E0));
#7038=CARTESIAN_POINT('',(-1.691992691390E0,2.000271391799E0,1.704259010694E0));
#7039=CARTESIAN_POINT('',(-1.346312823851E0,2.567275917493E0,2.274728612944E0));
#7040=CARTESIAN_POINT('',(-1.339770167326E0,2.228973703112E0,2.285360188424E0));
#7041=CARTESIAN_POINT('',(-1.487055904172E0,1.989639816407E0,2.046026299744E0));
#7042=CARTESIAN_POINT('',(-1.695246610502E0,2.000271391799E0,1.707724082571E0));
#7043=CARTESIAN_POINT('',(-1.700000007707E0,2.567275917493E0,2.274728608201E0));
#7044=CARTESIAN_POINT('',(-1.700000007850E0,2.228973703112E0,2.285360183593E0));
#7045=CARTESIAN_POINT('',(-1.700000004640E0,1.989639816407E0,2.046026296888E0));
#7046=CARTESIAN_POINT('',(-1.700000000104E0,2.000271391799E0,1.707724082507E0));
#7047=CARTESIAN_POINT('',(-2.053687191564E0,2.567275917493E0,2.274728603458E0));
#7048=CARTESIAN_POINT('',(-2.060229848374E0,2.228973703112E0,2.285360178763E0));
#7049=CARTESIAN_POINT('',(-1.912944105108E0,1.989639816407E0,2.046026294033E0));
#7050=CARTESIAN_POINT('',(-1.704753389705E0,2.000271391799E0,1.707724082443E0));
#7051=CARTESIAN_POINT('',(-2.295802724089E0,2.567275917493E0,2.016901737258E0));
#7052=CARTESIAN_POINT('',(-2.306824137482E0,2.228973703112E0,2.022763921015E0));
#7053=CARTESIAN_POINT('',(-2.058714369444E0,1.989639816407E0,1.890796722238E0));
#7054=CARTESIAN_POINT('',(-1.708007308725E0,2.000271391799E0,1.704259010480E0));
#7055=CARTESIAN_POINT('',(-2.273594511497E0,2.567275917493E0,1.663912474932E0));
#7056=CARTESIAN_POINT('',(-2.284205107884E0,2.228973703112E0,1.663244912472E0));
#7057=CARTESIAN_POINT('',(-2.045343492383E0,1.989639816407E0,1.678272818710E0));
#7058=CARTESIAN_POINT('',(-1.707708840780E0,2.000271391799E0,1.699515000616E0));
#7059=(BOUNDED_SURFACE()B_SPLINE_SURFACE(3,3,((#7031,#7032,#7033,#7034),(#7035,
#7036,#7037,#7038),(#7039,#7040,#7041,#7042),(#7043,#7044,#7045,#7046),(#7047,
#7048,#7049,#7050),(#7051,#7052,#7053,#7054),(#7055,#7056,#7057,#7058)),
.UNSPECIFIED.,.F.,.F.,.F.)B_SPLINE_SURFACE_WITH_KNOTS((4,3,4),(4,4),(0.E0,1.E0,
2.E0),(0.E0,1.E0),.UNSPECIFIED.)GEOMETRIC_REPRESENTATION_ITEM()RATIONAL_B_SPLINE_SURFACE(((1.409592801009E0,1.113152715316E0,1.113152715316E0,1.409592801009E0),(
1.113152709656E0,8.790545471196E-1,8.790545471196E-1,1.113152709656E0),(
1.113152709656E0,8.790545471196E-1,8.790545471196E-1,1.113152709656E0),(
1.409592801009E0,1.113152715316E0,1.113152715316E0,1.409592801009E0),(
1.113152709656E0,8.790545471196E-1,8.790545471196E-1,1.113152709656E0),(
1.113152709656E0,8.790545471196E-1,8.790545471196E-1,1.113152709656E0),(
1.409592801009E0,1.113152715316E0,1.113152715316E0,1.409592801009E0)))REPRESENTATION_ITEM('')SURFACE());
#7060=ORIENTED_EDGE('',*,*,#6650,.T.);
#7061=ORIENTED_EDGE('',*,*,#7019,.T.);
#7063=ORIENTED_EDGE('',*,*,#7062,.F.);
#7064=ORIENTED_EDGE('',*,*,#7015,.F.);
#7065=EDGE_LOOP('',(#7060,#7061,#7063,#7064));
#7066=FACE_OUTER_BOUND('',#7065,.F.);
#7067=ADVANCED_FACE('',(#7066),#7059,.T.);
#7068=FILL_AREA_STYLE_COLOUR('',#14);
#7069=FILL_AREA_STYLE('',(#7068));
#7070=SURFACE_STYLE_FILL_AREA(#7069);
#7071=SURFACE_SIDE_STYLE('',(#7070));
#7072=SURFACE_STYLE_USAGE(.POSITIVE.,#7071);
#7073=PRESENTATION_STYLE_ASSIGNMENT((#7072));
#7074=STYLED_ITEM('',(#7073),#7067);
#7075=CARTESIAN_POINT('',(-1.7E0,9.5E0,1.7E0));
#7076=DIRECTION('',(0.E0,-1.E0,0.E0));
#7077=DIRECTION('',(-1.E0,0.E0,0.E0));
#7078=AXIS2_PLACEMENT_3D('',#7075,#7076,#7077);
#7079=CYLINDRICAL_SURFACE('',#7078,5.75E-1);
#7080=ORIENTED_EDGE('',*,*,#7062,.T.);
#7082=ORIENTED_EDGE('',*,*,#7081,.F.);
#7083=ORIENTED_EDGE('',*,*,#6466,.F.);
#7085=ORIENTED_EDGE('',*,*,#7084,.T.);
#7086=EDGE_LOOP('',(#7080,#7082,#7083,#7085));
#7087=FACE_OUTER_BOUND('',#7086,.F.);
#7088=ADVANCED_FACE('',(#7087),#7079,.T.);
#7089=FILL_AREA_STYLE_COLOUR('',#14);
#7090=FILL_AREA_STYLE('',(#7089));
#7091=SURFACE_STYLE_FILL_AREA(#7090);
#7092=SURFACE_SIDE_STYLE('',(#7091));
#7093=SURFACE_STYLE_USAGE(.POSITIVE.,#7092);
#7094=PRESENTATION_STYLE_ASSIGNMENT((#7093));
#7095=STYLED_ITEM('',(#7094),#7088);
#7096=CARTESIAN_POINT('',(-1.7E0,9.5E0,1.7E0));
#7097=DIRECTION('',(0.E0,-1.E0,0.E0));
#7098=DIRECTION('',(-1.E0,0.E0,0.E0));
#7099=AXIS2_PLACEMENT_3D('',#7096,#7097,#7098);
#7100=CYLINDRICAL_SURFACE('',#7099,5.75E-1);
#7101=ORIENTED_EDGE('',*,*,#7017,.T.);
#7102=ORIENTED_EDGE('',*,*,#7084,.F.);
#7103=ORIENTED_EDGE('',*,*,#6464,.F.);
#7104=ORIENTED_EDGE('',*,*,#7081,.T.);
#7105=EDGE_LOOP('',(#7101,#7102,#7103,#7104));
#7106=FACE_OUTER_BOUND('',#7105,.F.);
#7107=ADVANCED_FACE('',(#7106),#7100,.T.);
#7108=FILL_AREA_STYLE_COLOUR('',#14);
#7109=FILL_AREA_STYLE('',(#7108));
#7110=SURFACE_STYLE_FILL_AREA(#7109);
#7111=SURFACE_SIDE_STYLE('',(#7110));
#7112=SURFACE_STYLE_USAGE(.POSITIVE.,#7111);
#7113=PRESENTATION_STYLE_ASSIGNMENT((#7112));
#7114=STYLED_ITEM('',(#7113),#7107);
#7115=CARTESIAN_POINT('',(1.7E0,1.58E1,-1.7E0));
#7116=DIRECTION('',(0.E0,1.E0,0.E0));
#7117=DIRECTION('',(1.E0,0.E0,0.E0));
#7118=AXIS2_PLACEMENT_3D('',#7115,#7116,#7117);
#7119=CYLINDRICAL_SURFACE('',#7118,7.5E-1);
#7121=ORIENTED_EDGE('',*,*,#7120,.T.);
#7122=ORIENTED_EDGE('',*,*,#3541,.T.);
#7124=ORIENTED_EDGE('',*,*,#7123,.F.);
#7125=ORIENTED_EDGE('',*,*,#3292,.F.);
#7126=ORIENTED_EDGE('',*,*,#3674,.F.);
#7127=ORIENTED_EDGE('',*,*,#3288,.T.);
#7128=EDGE_LOOP('',(#7121,#7122,#7124,#7125,#7126,#7127));
#7129=FACE_OUTER_BOUND('',#7128,.F.);
#7130=ADVANCED_FACE('',(#7129),#7119,.T.);
#7131=FILL_AREA_STYLE_COLOUR('',#14);
#7132=FILL_AREA_STYLE('',(#7131));
#7133=SURFACE_STYLE_FILL_AREA(#7132);
#7134=SURFACE_SIDE_STYLE('',(#7133));
#7135=SURFACE_STYLE_USAGE(.POSITIVE.,#7134);
#7136=PRESENTATION_STYLE_ASSIGNMENT((#7135));
#7137=STYLED_ITEM('',(#7136),#7130);
#7138=CARTESIAN_POINT('',(9.5E-1,1.95E1,-1.7E0));
#7139=DIRECTION('',(0.E0,0.E0,1.E0));
#7140=DIRECTION('',(1.E0,0.E0,0.E0));
#7141=AXIS2_PLACEMENT_3D('',#7138,#7139,#7140);
#7142=PLANE('',#7141);
#7143=ORIENTED_EDGE('',*,*,#3535,.F.);
#7144=ORIENTED_EDGE('',*,*,#7120,.F.);
#7145=ORIENTED_EDGE('',*,*,#3337,.T.);
#7147=ORIENTED_EDGE('',*,*,#7146,.F.);
#7148=EDGE_LOOP('',(#7143,#7144,#7145,#7147));
#7149=FACE_OUTER_BOUND('',#7148,.F.);
#7150=ADVANCED_FACE('',(#7149),#7142,.F.);
#7151=FILL_AREA_STYLE_COLOUR('',#14);
#7152=FILL_AREA_STYLE('',(#7151));
#7153=SURFACE_STYLE_FILL_AREA(#7152);
#7154=SURFACE_SIDE_STYLE('',(#7153));
#7155=SURFACE_STYLE_USAGE(.POSITIVE.,#7154);
#7156=PRESENTATION_STYLE_ASSIGNMENT((#7155));
#7157=STYLED_ITEM('',(#7156),#7150);
#7158=CARTESIAN_POINT('',(1.7E0,1.95E1,-1.7E0));
#7159=DIRECTION('',(0.E0,1.E0,0.E0));
#7160=DIRECTION('',(1.E0,0.E0,0.E0));
#7161=AXIS2_PLACEMENT_3D('',#7158,#7159,#7160);
#7162=CYLINDRICAL_SURFACE('',#7161,5.75E-1);
#7163=ORIENTED_EDGE('',*,*,#3537,.F.);
#7164=ORIENTED_EDGE('',*,*,#7146,.T.);
#7165=ORIENTED_EDGE('',*,*,#3335,.T.);
#7167=ORIENTED_EDGE('',*,*,#7166,.F.);
#7168=EDGE_LOOP('',(#7163,#7164,#7165,#7167));
#7169=FACE_OUTER_BOUND('',#7168,.F.);
#7170=ADVANCED_FACE('',(#7169),#7162,.F.);
#7171=FILL_AREA_STYLE_COLOUR('',#14);
#7172=FILL_AREA_STYLE('',(#7171));
#7173=SURFACE_STYLE_FILL_AREA(#7172);
#7174=SURFACE_SIDE_STYLE('',(#7173));
#7175=SURFACE_STYLE_USAGE(.POSITIVE.,#7174);
#7176=PRESENTATION_STYLE_ASSIGNMENT((#7175));
#7177=STYLED_ITEM('',(#7176),#7170);
#7178=CARTESIAN_POINT('',(2.275E0,1.95E1,-1.7E0));
#7179=DIRECTION('',(0.E0,0.E0,1.E0));
#7180=DIRECTION('',(1.E0,0.E0,0.E0));
#7181=AXIS2_PLACEMENT_3D('',#7178,#7179,#7180);
#7182=PLANE('',#7181);
#7183=ORIENTED_EDGE('',*,*,#3539,.F.);
#7184=ORIENTED_EDGE('',*,*,#7166,.T.);
#7185=ORIENTED_EDGE('',*,*,#3333,.T.);
#7186=ORIENTED_EDGE('',*,*,#7123,.T.);
#7187=EDGE_LOOP('',(#7183,#7184,#7185,#7186));
#7188=FACE_OUTER_BOUND('',#7187,.F.);
#7189=ADVANCED_FACE('',(#7188),#7182,.F.);
#7190=FILL_AREA_STYLE_COLOUR('',#14);
#7191=FILL_AREA_STYLE('',(#7190));
#7192=SURFACE_STYLE_FILL_AREA(#7191);
#7193=SURFACE_SIDE_STYLE('',(#7192));
#7194=SURFACE_STYLE_USAGE(.POSITIVE.,#7193);
#7195=PRESENTATION_STYLE_ASSIGNMENT((#7194));
#7196=STYLED_ITEM('',(#7195),#7189);
#7197=CARTESIAN_POINT('',(1.7E0,1.58E1,1.7E0));
#7198=DIRECTION('',(0.E0,1.E0,0.E0));
#7199=DIRECTION('',(1.E0,0.E0,0.E0));
#7200=AXIS2_PLACEMENT_3D('',#7197,#7198,#7199);
#7201=CYLINDRICAL_SURFACE('',#7200,7.5E-1);
#7203=ORIENTED_EDGE('',*,*,#7202,.T.);
#7204=ORIENTED_EDGE('',*,*,#3497,.T.);
#7206=ORIENTED_EDGE('',*,*,#7205,.F.);
#7208=ORIENTED_EDGE('',*,*,#7207,.F.);
#7209=ORIENTED_EDGE('',*,*,#3682,.F.);
#7211=ORIENTED_EDGE('',*,*,#7210,.T.);
#7212=EDGE_LOOP('',(#7203,#7204,#7206,#7208,#7209,#7211));
#7213=FACE_OUTER_BOUND('',#7212,.F.);
#7214=ADVANCED_FACE('',(#7213),#7201,.T.);
#7215=FILL_AREA_STYLE_COLOUR('',#14);
#7216=FILL_AREA_STYLE('',(#7215));
#7217=SURFACE_STYLE_FILL_AREA(#7216);
#7218=SURFACE_SIDE_STYLE('',(#7217));
#7219=SURFACE_STYLE_USAGE(.POSITIVE.,#7218);
#7220=PRESENTATION_STYLE_ASSIGNMENT((#7219));
#7221=STYLED_ITEM('',(#7220),#7214);
#7222=CARTESIAN_POINT('',(2.45E0,1.95E1,1.7E0));
#7223=DIRECTION('',(0.E0,0.E0,-1.E0));
#7224=DIRECTION('',(-1.E0,0.E0,0.E0));
#7225=AXIS2_PLACEMENT_3D('',#7222,#7223,#7224);
#7226=PLANE('',#7225);
#7227=ORIENTED_EDGE('',*,*,#3491,.F.);
#7228=ORIENTED_EDGE('',*,*,#7202,.F.);
#7229=ORIENTED_EDGE('',*,*,#3383,.T.);
#7231=ORIENTED_EDGE('',*,*,#7230,.F.);
#7232=EDGE_LOOP('',(#7227,#7228,#7229,#7231));
#7233=FACE_OUTER_BOUND('',#7232,.F.);
#7234=ADVANCED_FACE('',(#7233),#7226,.F.);
#7235=FILL_AREA_STYLE_COLOUR('',#14);
#7236=FILL_AREA_STYLE('',(#7235));
#7237=SURFACE_STYLE_FILL_AREA(#7236);
#7238=SURFACE_SIDE_STYLE('',(#7237));
#7239=SURFACE_STYLE_USAGE(.POSITIVE.,#7238);
#7240=PRESENTATION_STYLE_ASSIGNMENT((#7239));
#7241=STYLED_ITEM('',(#7240),#7234);
#7242=CARTESIAN_POINT('',(1.7E0,1.95E1,1.7E0));
#7243=DIRECTION('',(0.E0,1.E0,0.E0));
#7244=DIRECTION('',(1.E0,0.E0,0.E0));
#7245=AXIS2_PLACEMENT_3D('',#7242,#7243,#7244);
#7246=CYLINDRICAL_SURFACE('',#7245,5.75E-1);
#7247=ORIENTED_EDGE('',*,*,#3493,.F.);
#7248=ORIENTED_EDGE('',*,*,#7230,.T.);
#7249=ORIENTED_EDGE('',*,*,#3381,.T.);
#7251=ORIENTED_EDGE('',*,*,#7250,.F.);
#7252=EDGE_LOOP('',(#7247,#7248,#7249,#7251));
#7253=FACE_OUTER_BOUND('',#7252,.F.);
#7254=ADVANCED_FACE('',(#7253),#7246,.F.);
#7255=FILL_AREA_STYLE_COLOUR('',#14);
#7256=FILL_AREA_STYLE('',(#7255));
#7257=SURFACE_STYLE_FILL_AREA(#7256);
#7258=SURFACE_SIDE_STYLE('',(#7257));
#7259=SURFACE_STYLE_USAGE(.POSITIVE.,#7258);
#7260=PRESENTATION_STYLE_ASSIGNMENT((#7259));
#7261=STYLED_ITEM('',(#7260),#7254);
#7262=CARTESIAN_POINT('',(1.125E0,1.95E1,1.7E0));
#7263=DIRECTION('',(0.E0,0.E0,-1.E0));
#7264=DIRECTION('',(-1.E0,0.E0,0.E0));
#7265=AXIS2_PLACEMENT_3D('',#7262,#7263,#7264);
#7266=PLANE('',#7265);
#7267=ORIENTED_EDGE('',*,*,#3495,.F.);
#7268=ORIENTED_EDGE('',*,*,#7250,.T.);
#7269=ORIENTED_EDGE('',*,*,#3379,.T.);
#7270=ORIENTED_EDGE('',*,*,#7205,.T.);
#7271=EDGE_LOOP('',(#7267,#7268,#7269,#7270));
#7272=FACE_OUTER_BOUND('',#7271,.F.);
#7273=ADVANCED_FACE('',(#7272),#7266,.F.);
#7274=FILL_AREA_STYLE_COLOUR('',#14);
#7275=FILL_AREA_STYLE('',(#7274));
#7276=SURFACE_STYLE_FILL_AREA(#7275);
#7277=SURFACE_SIDE_STYLE('',(#7276));
#7278=SURFACE_STYLE_USAGE(.POSITIVE.,#7277);
#7279=PRESENTATION_STYLE_ASSIGNMENT((#7278));
#7280=STYLED_ITEM('',(#7279),#7273);
#7281=CARTESIAN_POINT('',(1.7E0,1.58E1,1.7E0));
#7282=DIRECTION('',(0.E0,1.E0,0.E0));
#7283=DIRECTION('',(1.E0,0.E0,0.E0));
#7284=AXIS2_PLACEMENT_3D('',#7281,#7282,#7283);
#7285=CYLINDRICAL_SURFACE('',#7284,7.5E-1);
#7286=ORIENTED_EDGE('',*,*,#3377,.T.);
#7287=ORIENTED_EDGE('',*,*,#7210,.F.);
#7288=ORIENTED_EDGE('',*,*,#3684,.F.);
#7289=ORIENTED_EDGE('',*,*,#7207,.T.);
#7290=EDGE_LOOP('',(#7286,#7287,#7288,#7289));
#7291=FACE_OUTER_BOUND('',#7290,.F.);
#7292=ADVANCED_FACE('',(#7291),#7285,.T.);
#7293=FILL_AREA_STYLE_COLOUR('',#14);
#7294=FILL_AREA_STYLE('',(#7293));
#7295=SURFACE_STYLE_FILL_AREA(#7294);
#7296=SURFACE_SIDE_STYLE('',(#7295));
#7297=SURFACE_STYLE_USAGE(.POSITIVE.,#7296);
#7298=PRESENTATION_STYLE_ASSIGNMENT((#7297));
#7299=STYLED_ITEM('',(#7298),#7292);
#7300=CARTESIAN_POINT('',(-1.7E0,1.95E1,-1.7E0));
#7301=DIRECTION('',(0.E0,1.E0,0.E0));
#7302=DIRECTION('',(1.E0,0.E0,0.E0));
#7303=AXIS2_PLACEMENT_3D('',#7300,#7301,#7302);
#7304=CYLINDRICAL_SURFACE('',#7303,5.75E-1);
#7305=ORIENTED_EDGE('',*,*,#3515,.F.);
#7306=ORIENTED_EDGE('',*,*,#3451,.T.);
#7307=ORIENTED_EDGE('',*,*,#3313,.T.);
#7309=ORIENTED_EDGE('',*,*,#7308,.F.);
#7310=EDGE_LOOP('',(#7305,#7306,#7307,#7309));
#7311=FACE_OUTER_BOUND('',#7310,.F.);
#7312=ADVANCED_FACE('',(#7311),#7304,.F.);
#7313=FILL_AREA_STYLE_COLOUR('',#14);
#7314=FILL_AREA_STYLE('',(#7313));
#7315=SURFACE_STYLE_FILL_AREA(#7314);
#7316=SURFACE_SIDE_STYLE('',(#7315));
#7317=SURFACE_STYLE_USAGE(.POSITIVE.,#7316);
#7318=PRESENTATION_STYLE_ASSIGNMENT((#7317));
#7319=STYLED_ITEM('',(#7318),#7312);
#7320=CARTESIAN_POINT('',(-1.125E0,1.95E1,-1.7E0));
#7321=DIRECTION('',(0.E0,0.E0,1.E0));
#7322=DIRECTION('',(1.E0,0.E0,0.E0));
#7323=AXIS2_PLACEMENT_3D('',#7320,#7321,#7322);
#7324=PLANE('',#7323);
#7325=ORIENTED_EDGE('',*,*,#3517,.F.);
#7326=ORIENTED_EDGE('',*,*,#7308,.T.);
#7327=ORIENTED_EDGE('',*,*,#3311,.T.);
#7328=ORIENTED_EDGE('',*,*,#3426,.T.);
#7329=EDGE_LOOP('',(#7325,#7326,#7327,#7328));
#7330=FACE_OUTER_BOUND('',#7329,.F.);
#7331=ADVANCED_FACE('',(#7330),#7324,.F.);
#7332=FILL_AREA_STYLE_COLOUR('',#14);
#7333=FILL_AREA_STYLE('',(#7332));
#7334=SURFACE_STYLE_FILL_AREA(#7333);
#7335=SURFACE_SIDE_STYLE('',(#7334));
#7336=SURFACE_STYLE_USAGE(.POSITIVE.,#7335);
#7337=PRESENTATION_STYLE_ASSIGNMENT((#7336));
#7338=STYLED_ITEM('',(#7337),#7331);
#7341=DIRECTION('',(9.805806756909E-1,-1.961161351382E-1,0.E0));
#7342=VECTOR('',#7341,1.529705854078E0);
#7343=CARTESIAN_POINT('',(7.1E0,9.9E0,0.E0));
#7344=LINE('',#7343,#7342);
#7345=DIRECTION('',(-9.805806756909E-1,-1.961161351382E-1,0.E0));
#7346=VECTOR('',#7345,1.529705854078E0);
#7347=CARTESIAN_POINT('',(-7.1E0,9.9E0,0.E0));
#7348=LINE('',#7347,#7346);
#7349=CARTESIAN_POINT('',(0.E0,9.9E0,0.E0));
#7350=DIRECTION('',(0.E0,1.E0,0.E0));
#7351=DIRECTION('',(0.E0,0.E0,-1.E0));
#7352=AXIS2_PLACEMENT_3D('',#7349,#7350,#7351);
#7354=CARTESIAN_POINT('',(0.E0,9.9E0,0.E0));
#7355=DIRECTION('',(0.E0,1.E0,0.E0));
#7356=DIRECTION('',(0.E0,0.E0,1.E0));
#7357=AXIS2_PLACEMENT_3D('',#7354,#7355,#7356);
#7359=CARTESIAN_POINT('',(0.E0,9.9E0,0.E0));
#7360=DIRECTION('',(0.E0,1.E0,0.E0));
#7361=DIRECTION('',(1.E0,0.E0,0.E0));
#7362=AXIS2_PLACEMENT_3D('',#7359,#7360,#7361);
#7364=CARTESIAN_POINT('',(0.E0,9.9E0,0.E0));
#7365=DIRECTION('',(0.E0,1.E0,0.E0));
#7366=DIRECTION('',(-1.E0,0.E0,0.E0));
#7367=AXIS2_PLACEMENT_3D('',#7364,#7365,#7366);
#7369=DIRECTION('',(0.E0,-1.E0,0.E0));
#7370=VECTOR('',#7369,2.E0);
#7371=CARTESIAN_POINT('',(0.E0,9.9E0,-6.35E0));
#7372=LINE('',#7371,#7370);
#7373=DIRECTION('',(0.E0,-1.E0,0.E0));
#7374=VECTOR('',#7373,2.E0);
#7375=CARTESIAN_POINT('',(0.E0,9.9E0,6.35E0));
#7376=LINE('',#7375,#7374);
#7377=CARTESIAN_POINT('',(0.E0,7.9E0,0.E0));
#7378=DIRECTION('',(0.E0,1.E0,0.E0));
#7379=DIRECTION('',(0.E0,0.E0,-1.E0));
#7380=AXIS2_PLACEMENT_3D('',#7377,#7378,#7379);
#7382=CARTESIAN_POINT('',(0.E0,7.9E0,0.E0));
#7383=DIRECTION('',(0.E0,1.E0,0.E0));
#7384=DIRECTION('',(0.E0,0.E0,1.E0));
#7385=AXIS2_PLACEMENT_3D('',#7382,#7383,#7384);
#7387=CARTESIAN_POINT('',(0.E0,7.9E0,0.E0));
#7388=DIRECTION('',(0.E0,1.E0,0.E0));
#7389=DIRECTION('',(1.E0,0.E0,0.E0));
#7390=AXIS2_PLACEMENT_3D('',#7387,#7388,#7389);
#7392=CARTESIAN_POINT('',(0.E0,7.9E0,0.E0));
#7393=DIRECTION('',(0.E0,1.E0,0.E0));
#7394=DIRECTION('',(-1.E0,0.E0,0.E0));
#7395=AXIS2_PLACEMENT_3D('',#7392,#7393,#7394);
#7397=DIRECTION('',(9.805806756909E-1,-1.961161351382E-1,0.E0));
#7398=VECTOR('',#7397,1.529705854078E0);
#7399=CARTESIAN_POINT('',(-8.6E0,8.2E0,0.E0));
#7400=LINE('',#7399,#7398);
#7401=DIRECTION('',(-9.805806756909E-1,-1.961161351382E-1,0.E0));
#7402=VECTOR('',#7401,1.529705854078E0);
#7403=CARTESIAN_POINT('',(8.6E0,8.2E0,0.E0));
#7404=LINE('',#7403,#7402);
#7405=CARTESIAN_POINT('',(-8.6E0,8.2E0,0.E0));
#7406=CARTESIAN_POINT('',(-8.416074355810E0,8.163214871162E0,
3.185685605527E-1));
#7407=CARTESIAN_POINT('',(-8.051482468209E0,8.097449476722E0,
9.500602339041E-1));
#7408=CARTESIAN_POINT('',(-7.519950484765E0,8.025342478559E0,1.870700635077E0));
#7409=CARTESIAN_POINT('',(-6.986562326300E0,7.979944025288E0,2.794556025694E0));
#7410=CARTESIAN_POINT('',(-6.449820095332E0,7.964368970777E0,3.724220840298E0));
#7411=CARTESIAN_POINT('',(-5.913104664959E0,7.979962268577E0,4.653839234912E0));
#7412=CARTESIAN_POINT('',(-5.379659104213E0,8.025388204468E0,5.577794049194E0));
#7413=CARTESIAN_POINT('',(-4.848434532173E0,8.097466751555E0,6.497901998197E0));
#7414=CARTESIAN_POINT('',(-4.483900683033E0,8.163219863393E0,7.129293145986E0));
#7415=CARTESIAN_POINT('',(-4.3E0,8.2E0,7.447818472546E0));
#7417=CARTESIAN_POINT('',(-8.6E0,9.6E0,0.E0));
#7418=CARTESIAN_POINT('',(-8.416074355810E0,9.636785128838E0,
3.185685605527E-1));
#7419=CARTESIAN_POINT('',(-8.051482468209E0,9.702550523278E0,
9.500602339041E-1));
#7420=CARTESIAN_POINT('',(-7.519950484765E0,9.774657521441E0,1.870700635077E0));
#7421=CARTESIAN_POINT('',(-6.986562326300E0,9.820055974712E0,2.794556025694E0));
#7422=CARTESIAN_POINT('',(-6.449820095332E0,9.835631029223E0,3.724220840298E0));
#7423=CARTESIAN_POINT('',(-5.913104664959E0,9.820037731423E0,4.653839234912E0));
#7424=CARTESIAN_POINT('',(-5.379659104213E0,9.774611795532E0,5.577794049194E0));
#7425=CARTESIAN_POINT('',(-4.848434532173E0,9.702533248445E0,6.497901998197E0));
#7426=CARTESIAN_POINT('',(-4.483900683033E0,9.636780136607E0,7.129293145986E0));
#7427=CARTESIAN_POINT('',(-4.3E0,9.6E0,7.447818472546E0));
#7429=DIRECTION('',(0.E0,-1.E0,0.E0));
#7430=VECTOR('',#7429,1.4E0);
#7431=CARTESIAN_POINT('',(-4.3E0,9.6E0,7.447818472546E0));
#7432=LINE('',#7431,#7430);
#7433=CARTESIAN_POINT('',(-4.3E0,8.2E0,-7.447818472546E0));
#7434=CARTESIAN_POINT('',(-4.483925644190E0,8.163214871162E0,
-7.129249911993E0));
#7435=CARTESIAN_POINT('',(-4.848517531791E0,8.097449476722E0,
-6.497758238642E0));
#7436=CARTESIAN_POINT('',(-5.380049515235E0,8.025342478559E0,
-5.577117837469E0));
#7437=CARTESIAN_POINT('',(-5.913437673700E0,7.979944025288E0,
-4.653262446853E0));
#7438=CARTESIAN_POINT('',(-6.450179904668E0,7.964368970777E0,
-3.723597632248E0));
#7439=CARTESIAN_POINT('',(-6.986895335041E0,7.979962268577E0,
-2.793979237635E0));
#7440=CARTESIAN_POINT('',(-7.520340895787E0,8.025388204468E0,
-1.870024423352E0));
#7441=CARTESIAN_POINT('',(-8.051565467827E0,8.097466751555E0,
-9.499164743488E-1));
#7442=CARTESIAN_POINT('',(-8.416099316967E0,8.163219863393E0,
-3.185253265598E-1));
#7443=CARTESIAN_POINT('',(-8.6E0,8.2E0,0.E0));
#7445=CARTESIAN_POINT('',(-4.3E0,9.6E0,-7.447818472546E0));
#7446=CARTESIAN_POINT('',(-4.483925644190E0,9.636785128838E0,
-7.129249911993E0));
#7447=CARTESIAN_POINT('',(-4.848517531791E0,9.702550523278E0,
-6.497758238642E0));
#7448=CARTESIAN_POINT('',(-5.380049515235E0,9.774657521441E0,
-5.577117837469E0));
#7449=CARTESIAN_POINT('',(-5.913437673700E0,9.820055974712E0,
-4.653262446853E0));
#7450=CARTESIAN_POINT('',(-6.450179904668E0,9.835631029223E0,
-3.723597632248E0));
#7451=CARTESIAN_POINT('',(-6.986895335041E0,9.820037731423E0,
-2.793979237635E0));
#7452=CARTESIAN_POINT('',(-7.520340895787E0,9.774611795532E0,
-1.870024423352E0));
#7453=CARTESIAN_POINT('',(-8.051565467827E0,9.702533248445E0,
-9.499164743488E-1));
#7454=CARTESIAN_POINT('',(-8.416099316967E0,9.636780136607E0,
-3.185253265598E-1));
#7455=CARTESIAN_POINT('',(-8.6E0,9.6E0,0.E0));
#7457=DIRECTION('',(0.E0,-1.E0,0.E0));
#7458=VECTOR('',#7457,1.4E0);
#7459=CARTESIAN_POINT('',(-8.6E0,9.6E0,0.E0));
#7460=LINE('',#7459,#7458);
#7461=CARTESIAN_POINT('',(4.3E0,8.2E0,-7.447818472546E0));
#7462=CARTESIAN_POINT('',(3.932148711619E0,8.163214871162E0,-7.447818472546E0));
#7463=CARTESIAN_POINT('',(3.202964936418E0,8.097449476722E0,-7.447818472546E0));
#7464=CARTESIAN_POINT('',(2.139900969530E0,8.025342478559E0,-7.447818472546E0));
#7465=CARTESIAN_POINT('',(1.073124652601E0,7.979944025288E0,-7.447818472546E0));
#7466=CARTESIAN_POINT('',(-3.598093354812E-4,7.964368970777E0,
-7.447818472546E0));
#7467=CARTESIAN_POINT('',(-1.073790670083E0,7.979962268577E0,
-7.447818472546E0));
#7468=CARTESIAN_POINT('',(-2.140681791573E0,8.025388204468E0,
-7.447818472546E0));
#7469=CARTESIAN_POINT('',(-3.203130935654E0,8.097466751555E0,
-7.447818472546E0));
#7470=CARTESIAN_POINT('',(-3.932198633934E0,8.163219863393E0,
-7.447818472546E0));
#7471=CARTESIAN_POINT('',(-4.3E0,8.2E0,-7.447818472546E0));
#7473=CARTESIAN_POINT('',(4.3E0,9.6E0,-7.447818472546E0));
#7474=CARTESIAN_POINT('',(3.932148711619E0,9.636785128838E0,-7.447818472546E0));
#7475=CARTESIAN_POINT('',(3.202964936418E0,9.702550523278E0,-7.447818472546E0));
#7476=CARTESIAN_POINT('',(2.139900969530E0,9.774657521441E0,-7.447818472546E0));
#7477=CARTESIAN_POINT('',(1.073124652601E0,9.820055974712E0,-7.447818472546E0));
#7478=CARTESIAN_POINT('',(-3.598093354778E-4,9.835631029223E0,
-7.447818472546E0));
#7479=CARTESIAN_POINT('',(-1.073790670083E0,9.820037731423E0,
-7.447818472546E0));
#7480=CARTESIAN_POINT('',(-2.140681791573E0,9.774611795532E0,
-7.447818472546E0));
#7481=CARTESIAN_POINT('',(-3.203130935654E0,9.702533248445E0,
-7.447818472546E0));
#7482=CARTESIAN_POINT('',(-3.932198633934E0,9.636780136607E0,
-7.447818472546E0));
#7483=CARTESIAN_POINT('',(-4.3E0,9.6E0,-7.447818472546E0));
#7485=DIRECTION('',(0.E0,-1.E0,0.E0));
#7486=VECTOR('',#7485,1.4E0);
#7487=CARTESIAN_POINT('',(-4.3E0,9.6E0,-7.447818472546E0));
#7488=LINE('',#7487,#7486);
#7489=CARTESIAN_POINT('',(8.6E0,8.2E0,0.E0));
#7490=CARTESIAN_POINT('',(8.416074355810E0,8.163214871162E0,
-3.185685605527E-1));
#7491=CARTESIAN_POINT('',(8.051482468209E0,8.097449476722E0,
-9.500602339041E-1));
#7492=CARTESIAN_POINT('',(7.519950484765E0,8.025342478559E0,-1.870700635077E0));
#7493=CARTESIAN_POINT('',(6.986562326300E0,7.979944025288E0,-2.794556025694E0));
#7494=CARTESIAN_POINT('',(6.449820095332E0,7.964368970777E0,-3.724220840298E0));
#7495=CARTESIAN_POINT('',(5.913104664959E0,7.979962268577E0,-4.653839234912E0));
#7496=CARTESIAN_POINT('',(5.379659104213E0,8.025388204468E0,-5.577794049194E0));
#7497=CARTESIAN_POINT('',(4.848434532173E0,8.097466751555E0,-6.497901998197E0));
#7498=CARTESIAN_POINT('',(4.483900683033E0,8.163219863393E0,-7.129293145986E0));
#7499=CARTESIAN_POINT('',(4.3E0,8.2E0,-7.447818472546E0));
#7501=CARTESIAN_POINT('',(8.6E0,9.6E0,0.E0));
#7502=CARTESIAN_POINT('',(8.416074355810E0,9.636785128838E0,
-3.185685605527E-1));
#7503=CARTESIAN_POINT('',(8.051482468209E0,9.702550523278E0,
-9.500602339041E-1));
#7504=CARTESIAN_POINT('',(7.519950484765E0,9.774657521441E0,-1.870700635077E0));
#7505=CARTESIAN_POINT('',(6.986562326300E0,9.820055974712E0,-2.794556025694E0));
#7506=CARTESIAN_POINT('',(6.449820095332E0,9.835631029223E0,-3.724220840298E0));
#7507=CARTESIAN_POINT('',(5.913104664959E0,9.820037731423E0,-4.653839234912E0));
#7508=CARTESIAN_POINT('',(5.379659104213E0,9.774611795532E0,-5.577794049194E0));
#7509=CARTESIAN_POINT('',(4.848434532173E0,9.702533248445E0,-6.497901998197E0));
#7510=CARTESIAN_POINT('',(4.483900683033E0,9.636780136607E0,-7.129293145986E0));
#7511=CARTESIAN_POINT('',(4.3E0,9.6E0,-7.447818472546E0));
#7513=DIRECTION('',(0.E0,-1.E0,0.E0));
#7514=VECTOR('',#7513,1.4E0);
#7515=CARTESIAN_POINT('',(4.3E0,9.6E0,-7.447818472546E0));
#7516=LINE('',#7515,#7514);
#7517=CARTESIAN_POINT('',(4.3E0,8.2E0,7.447818472546E0));
#7518=CARTESIAN_POINT('',(4.483925644190E0,8.163214871162E0,7.129249911993E0));
#7519=CARTESIAN_POINT('',(4.848517531791E0,8.097449476722E0,6.497758238642E0));
#7520=CARTESIAN_POINT('',(5.380049515235E0,8.025342478559E0,5.577117837469E0));
#7521=CARTESIAN_POINT('',(5.913437673700E0,7.979944025288E0,4.653262446853E0));
#7522=CARTESIAN_POINT('',(6.450179904668E0,7.964368970777E0,3.723597632248E0));
#7523=CARTESIAN_POINT('',(6.986895335041E0,7.979962268577E0,2.793979237635E0));
#7524=CARTESIAN_POINT('',(7.520340895787E0,8.025388204468E0,1.870024423352E0));
#7525=CARTESIAN_POINT('',(8.051565467827E0,8.097466751555E0,9.499164743488E-1));
#7526=CARTESIAN_POINT('',(8.416099316967E0,8.163219863393E0,3.185253265598E-1));
#7527=CARTESIAN_POINT('',(8.6E0,8.2E0,0.E0));
#7529=CARTESIAN_POINT('',(4.3E0,9.6E0,7.447818472546E0));
#7530=CARTESIAN_POINT('',(4.483925644190E0,9.636785128838E0,7.129249911993E0));
#7531=CARTESIAN_POINT('',(4.848517531791E0,9.702550523278E0,6.497758238642E0));
#7532=CARTESIAN_POINT('',(5.380049515235E0,9.774657521441E0,5.577117837469E0));
#7533=CARTESIAN_POINT('',(5.913437673700E0,9.820055974712E0,4.653262446853E0));
#7534=CARTESIAN_POINT('',(6.450179904668E0,9.835631029223E0,3.723597632248E0));
#7535=CARTESIAN_POINT('',(6.986895335041E0,9.820037731423E0,2.793979237635E0));
#7536=CARTESIAN_POINT('',(7.520340895787E0,9.774611795532E0,1.870024423352E0));
#7537=CARTESIAN_POINT('',(8.051565467827E0,9.702533248445E0,9.499164743488E-1));
#7538=CARTESIAN_POINT('',(8.416099316967E0,9.636780136607E0,3.185253265598E-1));
#7539=CARTESIAN_POINT('',(8.6E0,9.6E0,0.E0));
#7541=DIRECTION('',(0.E0,-1.E0,0.E0));
#7542=VECTOR('',#7541,1.4E0);
#7543=CARTESIAN_POINT('',(8.6E0,9.6E0,0.E0));
#7544=LINE('',#7543,#7542);
#7545=CARTESIAN_POINT('',(-4.3E0,8.2E0,7.447818472546E0));
#7546=CARTESIAN_POINT('',(-3.932148711619E0,8.163214871162E0,7.447818472546E0));
#7547=CARTESIAN_POINT('',(-3.202964936418E0,8.097449476722E0,7.447818472546E0));
#7548=CARTESIAN_POINT('',(-2.139900969530E0,8.025342478559E0,7.447818472546E0));
#7549=CARTESIAN_POINT('',(-1.073124652601E0,7.979944025288E0,7.447818472546E0));
#7550=CARTESIAN_POINT('',(3.598093354777E-4,7.964368970777E0,7.447818472546E0));
#7551=CARTESIAN_POINT('',(1.073790670083E0,7.979962268577E0,7.447818472546E0));
#7552=CARTESIAN_POINT('',(2.140681791573E0,8.025388204468E0,7.447818472546E0));
#7553=CARTESIAN_POINT('',(3.203130935654E0,8.097466751555E0,7.447818472546E0));
#7554=CARTESIAN_POINT('',(3.932198633934E0,8.163219863393E0,7.447818472546E0));
#7555=CARTESIAN_POINT('',(4.3E0,8.2E0,7.447818472546E0));
#7557=CARTESIAN_POINT('',(-4.3E0,9.6E0,7.447818472546E0));
#7558=CARTESIAN_POINT('',(-3.932148711619E0,9.636785128838E0,7.447818472546E0));
#7559=CARTESIAN_POINT('',(-3.202964936418E0,9.702550523278E0,7.447818472546E0));
#7560=CARTESIAN_POINT('',(-2.139900969530E0,9.774657521441E0,7.447818472546E0));
#7561=CARTESIAN_POINT('',(-1.073124652601E0,9.820055974712E0,7.447818472546E0));
#7562=CARTESIAN_POINT('',(3.598093354783E-4,9.835631029223E0,7.447818472546E0));
#7563=CARTESIAN_POINT('',(1.073790670083E0,9.820037731423E0,7.447818472546E0));
#7564=CARTESIAN_POINT('',(2.140681791573E0,9.774611795532E0,7.447818472546E0));
#7565=CARTESIAN_POINT('',(3.203130935654E0,9.702533248445E0,7.447818472546E0));
#7566=CARTESIAN_POINT('',(3.932198633934E0,9.636780136607E0,7.447818472546E0));
#7567=CARTESIAN_POINT('',(4.3E0,9.6E0,7.447818472546E0));
#7569=DIRECTION('',(0.E0,-1.E0,0.E0));
#7570=VECTOR('',#7569,1.4E0);
#7571=CARTESIAN_POINT('',(4.3E0,9.6E0,7.447818472546E0));
#7572=LINE('',#7571,#7570);
#7573=CARTESIAN_POINT('',(0.E0,9.9E0,-6.35E0));
#7574=CARTESIAN_POINT('',(0.E0,9.9E0,6.35E0));
#7575=VERTEX_POINT('',#7573);
#7576=VERTEX_POINT('',#7574);
#7577=CARTESIAN_POINT('',(0.E0,7.9E0,-6.35E0));
#7578=CARTESIAN_POINT('',(0.E0,7.9E0,6.35E0));
#7579=VERTEX_POINT('',#7577);
#7580=VERTEX_POINT('',#7578);
#7581=CARTESIAN_POINT('',(7.1E0,9.9E0,0.E0));
#7582=CARTESIAN_POINT('',(-7.1E0,9.9E0,0.E0));
#7583=VERTEX_POINT('',#7581);
#7584=VERTEX_POINT('',#7582);
#7585=CARTESIAN_POINT('',(7.1E0,7.9E0,0.E0));
#7586=CARTESIAN_POINT('',(-7.1E0,7.9E0,0.E0));
#7587=VERTEX_POINT('',#7585);
#7588=VERTEX_POINT('',#7586);
#7589=VERTEX_POINT('',#7517);
#7590=VERTEX_POINT('',#7527);
#7591=VERTEX_POINT('',#7529);
#7592=VERTEX_POINT('',#7539);
#7593=VERTEX_POINT('',#7545);
#7594=VERTEX_POINT('',#7557);
#7595=VERTEX_POINT('',#7405);
#7596=VERTEX_POINT('',#7417);
#7597=VERTEX_POINT('',#7433);
#7598=VERTEX_POINT('',#7445);
#7599=VERTEX_POINT('',#7461);
#7600=VERTEX_POINT('',#7473);
#7601=CARTESIAN_POINT('',(0.E0,9.75E0,0.E0));
#7602=DIRECTION('',(0.E0,-1.E0,0.E0));
#7603=DIRECTION('',(-1.E0,0.E0,0.E0));
#7604=AXIS2_PLACEMENT_3D('',#7601,#7602,#7603);
#7605=CONICAL_SURFACE('',#7604,7.85E0,7.869006752598E1);
#7607=ORIENTED_EDGE('',*,*,#7606,.T.);
#7609=ORIENTED_EDGE('',*,*,#7608,.T.);
#7611=ORIENTED_EDGE('',*,*,#7610,.F.);
#7613=ORIENTED_EDGE('',*,*,#7612,.F.);
#7615=ORIENTED_EDGE('',*,*,#7614,.F.);
#7617=ORIENTED_EDGE('',*,*,#7616,.F.);
#7618=EDGE_LOOP('',(#7607,#7609,#7611,#7613,#7615,#7617));
#7619=FACE_OUTER_BOUND('',#7618,.F.);
#7620=ADVANCED_FACE('',(#7619),#7605,.T.);
#7621=CARTESIAN_POINT('',(0.E0,9.9E0,0.E0));
#7622=DIRECTION('',(0.E0,-1.E0,0.E0));
#7623=DIRECTION('',(0.E0,0.E0,-1.E0));
#7624=AXIS2_PLACEMENT_3D('',#7621,#7622,#7623);
#7625=PLANE('',#7624);
#7627=ORIENTED_EDGE('',*,*,#7626,.F.);
#7628=ORIENTED_EDGE('',*,*,#7606,.F.);
#7629=EDGE_LOOP('',(#7627,#7628));
#7630=FACE_OUTER_BOUND('',#7629,.F.);
#7632=ORIENTED_EDGE('',*,*,#7631,.T.);
#7634=ORIENTED_EDGE('',*,*,#7633,.T.);
#7635=EDGE_LOOP('',(#7632,#7634));
#7636=FACE_BOUND('',#7635,.F.);
#7637=ADVANCED_FACE('',(#7630,#7636),#7625,.F.);
#7638=CARTESIAN_POINT('',(0.E0,9.9E0,0.E0));
#7639=DIRECTION('',(0.E0,-1.E0,0.E0));
#7640=DIRECTION('',(0.E0,0.E0,-1.E0));
#7641=AXIS2_PLACEMENT_3D('',#7638,#7639,#7640);
#7642=CYLINDRICAL_SURFACE('',#7641,6.35E0);
#7643=ORIENTED_EDGE('',*,*,#7631,.F.);
#7645=ORIENTED_EDGE('',*,*,#7644,.T.);
#7647=ORIENTED_EDGE('',*,*,#7646,.T.);
#7649=ORIENTED_EDGE('',*,*,#7648,.F.);
#7650=EDGE_LOOP('',(#7643,#7645,#7647,#7649));
#7651=FACE_OUTER_BOUND('',#7650,.F.);
#7652=ADVANCED_FACE('',(#7651),#7642,.F.);
#7653=CARTESIAN_POINT('',(0.E0,9.9E0,0.E0));
#7654=DIRECTION('',(0.E0,-1.E0,0.E0));
#7655=DIRECTION('',(0.E0,0.E0,-1.E0));
#7656=AXIS2_PLACEMENT_3D('',#7653,#7654,#7655);
#7657=CYLINDRICAL_SURFACE('',#7656,6.35E0);
#7658=ORIENTED_EDGE('',*,*,#7633,.F.);
#7659=ORIENTED_EDGE('',*,*,#7648,.T.);
#7661=ORIENTED_EDGE('',*,*,#7660,.T.);
#7662=ORIENTED_EDGE('',*,*,#7644,.F.);
#7663=EDGE_LOOP('',(#7658,#7659,#7661,#7662));
#7664=FACE_OUTER_BOUND('',#7663,.F.);
#7665=ADVANCED_FACE('',(#7664),#7657,.F.);
#7666=CARTESIAN_POINT('',(0.E0,7.9E0,0.E0));
#7667=DIRECTION('',(0.E0,-1.E0,0.E0));
#7668=DIRECTION('',(0.E0,0.E0,-1.E0));
#7669=AXIS2_PLACEMENT_3D('',#7666,#7667,#7668);
#7670=PLANE('',#7669);
#7672=ORIENTED_EDGE('',*,*,#7671,.T.);
#7674=ORIENTED_EDGE('',*,*,#7673,.T.);
#7675=EDGE_LOOP('',(#7672,#7674));
#7676=FACE_OUTER_BOUND('',#7675,.F.);
#7677=ORIENTED_EDGE('',*,*,#7646,.F.);
#7678=ORIENTED_EDGE('',*,*,#7660,.F.);
#7679=EDGE_LOOP('',(#7677,#7678));
#7680=FACE_BOUND('',#7679,.F.);
#7681=ADVANCED_FACE('',(#7676,#7680),#7670,.T.);
#7682=CARTESIAN_POINT('',(0.E0,8.05E0,0.E0));
#7683=DIRECTION('',(0.E0,1.E0,0.E0));
#7684=DIRECTION('',(1.E0,0.E0,0.E0));
#7685=AXIS2_PLACEMENT_3D('',#7682,#7683,#7684);
#7686=CONICAL_SURFACE('',#7685,7.85E0,7.869006752598E1);
#7687=ORIENTED_EDGE('',*,*,#7671,.F.);
#7689=ORIENTED_EDGE('',*,*,#7688,.F.);
#7691=ORIENTED_EDGE('',*,*,#7690,.T.);
#7693=ORIENTED_EDGE('',*,*,#7692,.T.);
#7695=ORIENTED_EDGE('',*,*,#7694,.T.);
#7697=ORIENTED_EDGE('',*,*,#7696,.T.);
#7698=EDGE_LOOP('',(#7687,#7689,#7691,#7693,#7695,#7697));
#7699=FACE_OUTER_BOUND('',#7698,.F.);
#7700=ADVANCED_FACE('',(#7699),#7686,.T.);
#7701=CARTESIAN_POINT('',(0.E0,8.05E0,0.E0));
#7702=DIRECTION('',(0.E0,1.E0,0.E0));
#7703=DIRECTION('',(1.E0,0.E0,0.E0));
#7704=AXIS2_PLACEMENT_3D('',#7701,#7702,#7703);
#7705=CONICAL_SURFACE('',#7704,7.85E0,7.869006752598E1);
#7706=ORIENTED_EDGE('',*,*,#7673,.F.);
#7707=ORIENTED_EDGE('',*,*,#7696,.F.);
#7709=ORIENTED_EDGE('',*,*,#7708,.T.);
#7711=ORIENTED_EDGE('',*,*,#7710,.T.);
#7713=ORIENTED_EDGE('',*,*,#7712,.T.);
#7714=ORIENTED_EDGE('',*,*,#7688,.T.);
#7715=EDGE_LOOP('',(#7706,#7707,#7709,#7711,#7713,#7714));
#7716=FACE_OUTER_BOUND('',#7715,.F.);
#7717=ADVANCED_FACE('',(#7716),#7705,.T.);
#7718=CARTESIAN_POINT('',(-4.3E0,9.9E0,7.447818472546E0));
#7719=DIRECTION('',(-8.660254037844E-1,0.E0,5.E-1));
#7720=DIRECTION('',(-5.E-1,0.E0,-8.660254037844E-1));
#7721=AXIS2_PLACEMENT_3D('',#7718,#7719,#7720);
#7722=PLANE('',#7721);
#7723=ORIENTED_EDGE('',*,*,#7708,.F.);
#7725=ORIENTED_EDGE('',*,*,#7724,.F.);
#7726=ORIENTED_EDGE('',*,*,#7614,.T.);
#7728=ORIENTED_EDGE('',*,*,#7727,.T.);
#7729=EDGE_LOOP('',(#7723,#7725,#7726,#7728));
#7730=FACE_OUTER_BOUND('',#7729,.F.);
#7731=ADVANCED_FACE('',(#7730),#7722,.T.);
#7732=CARTESIAN_POINT('',(-8.6E0,9.9E0,0.E0));
#7733=DIRECTION('',(-8.660254037844E-1,0.E0,-5.E-1));
#7734=DIRECTION('',(5.E-1,0.E0,-8.660254037844E-1));
#7735=AXIS2_PLACEMENT_3D('',#7732,#7733,#7734);
#7736=PLANE('',#7735);
#7737=ORIENTED_EDGE('',*,*,#7694,.F.);
#7739=ORIENTED_EDGE('',*,*,#7738,.F.);
#7741=ORIENTED_EDGE('',*,*,#7740,.T.);
#7742=ORIENTED_EDGE('',*,*,#7724,.T.);
#7743=EDGE_LOOP('',(#7737,#7739,#7741,#7742));
#7744=FACE_OUTER_BOUND('',#7743,.F.);
#7745=ADVANCED_FACE('',(#7744),#7736,.T.);
#7746=CARTESIAN_POINT('',(-4.3E0,9.9E0,-7.447818472546E0));
#7747=DIRECTION('',(0.E0,0.E0,-1.E0));
#7748=DIRECTION('',(1.E0,0.E0,0.E0));
#7749=AXIS2_PLACEMENT_3D('',#7746,#7747,#7748);
#7750=PLANE('',#7749);
#7751=ORIENTED_EDGE('',*,*,#7692,.F.);
#7753=ORIENTED_EDGE('',*,*,#7752,.F.);
#7755=ORIENTED_EDGE('',*,*,#7754,.T.);
#7756=ORIENTED_EDGE('',*,*,#7738,.T.);
#7757=EDGE_LOOP('',(#7751,#7753,#7755,#7756));
#7758=FACE_OUTER_BOUND('',#7757,.F.);
#7759=ADVANCED_FACE('',(#7758),#7750,.T.);
#7760=CARTESIAN_POINT('',(4.3E0,9.9E0,-7.447818472546E0));
#7761=DIRECTION('',(8.660254037844E-1,0.E0,-5.E-1));
#7762=DIRECTION('',(5.E-1,0.E0,8.660254037844E-1));
#7763=AXIS2_PLACEMENT_3D('',#7760,#7761,#7762);
#7764=PLANE('',#7763);
#7765=ORIENTED_EDGE('',*,*,#7690,.F.);
#7767=ORIENTED_EDGE('',*,*,#7766,.F.);
#7769=ORIENTED_EDGE('',*,*,#7768,.T.);
#7770=ORIENTED_EDGE('',*,*,#7752,.T.);
#7771=EDGE_LOOP('',(#7765,#7767,#7769,#7770));
#7772=FACE_OUTER_BOUND('',#7771,.F.);
#7773=ADVANCED_FACE('',(#7772),#7764,.T.);
#7774=CARTESIAN_POINT('',(8.6E0,9.9E0,0.E0));
#7775=DIRECTION('',(8.660254037844E-1,0.E0,5.E-1));
#7776=DIRECTION('',(-5.E-1,0.E0,8.660254037844E-1));
#7777=AXIS2_PLACEMENT_3D('',#7774,#7775,#7776);
#7778=PLANE('',#7777);
#7779=ORIENTED_EDGE('',*,*,#7712,.F.);
#7781=ORIENTED_EDGE('',*,*,#7780,.F.);
#7782=ORIENTED_EDGE('',*,*,#7610,.T.);
#7783=ORIENTED_EDGE('',*,*,#7766,.T.);
#7784=EDGE_LOOP('',(#7779,#7781,#7782,#7783));
#7785=FACE_OUTER_BOUND('',#7784,.F.);
#7786=ADVANCED_FACE('',(#7785),#7778,.T.);
#7787=CARTESIAN_POINT('',(4.3E0,9.9E0,7.447818472546E0));
#7788=DIRECTION('',(0.E0,0.E0,1.E0));
#7789=DIRECTION('',(-1.E0,0.E0,0.E0));
#7790=AXIS2_PLACEMENT_3D('',#7787,#7788,#7789);
#7791=PLANE('',#7790);
#7792=ORIENTED_EDGE('',*,*,#7710,.F.);
#7793=ORIENTED_EDGE('',*,*,#7727,.F.);
#7794=ORIENTED_EDGE('',*,*,#7612,.T.);
#7795=ORIENTED_EDGE('',*,*,#7780,.T.);
#7796=EDGE_LOOP('',(#7792,#7793,#7794,#7795));
#7797=FACE_OUTER_BOUND('',#7796,.F.);
#7798=ADVANCED_FACE('',(#7797),#7791,.T.);
#7799=CARTESIAN_POINT('',(0.E0,9.75E0,0.E0));
#7800=DIRECTION('',(0.E0,-1.E0,0.E0));
#7801=DIRECTION('',(-1.E0,0.E0,0.E0));
#7802=AXIS2_PLACEMENT_3D('',#7799,#7800,#7801);
#7803=CONICAL_SURFACE('',#7802,7.85E0,7.869006752598E1);
#7804=ORIENTED_EDGE('',*,*,#7626,.T.);
#7805=ORIENTED_EDGE('',*,*,#7616,.T.);
#7806=ORIENTED_EDGE('',*,*,#7740,.F.);
#7807=ORIENTED_EDGE('',*,*,#7754,.F.);
#7808=ORIENTED_EDGE('',*,*,#7768,.F.);
#7809=ORIENTED_EDGE('',*,*,#7608,.F.);
#7810=EDGE_LOOP('',(#7804,#7805,#7806,#7807,#7808,#7809));
#7811=FACE_OUTER_BOUND('',#7810,.F.);
#7812=ADVANCED_FACE('',(#7811),#7803,.T.);
#7815=CARTESIAN_POINT('',(0.E0,0.E0,0.E0));
#7816=DIRECTION('',(0.E0,0.E0,1.E0));
#7817=DIRECTION('',(1.E0,0.E0,0.E0));
#7818=AXIS2_PLACEMENT_3D('PRT_CSYS',#7815,#7816,#7817);
#7819=DRAUGHTING_PRE_DEFINED_CURVE_FONT('continuous');
#7820=CURVE_STYLE('',#7819,POSITIVE_LENGTH_MEASURE(2.E-2),#9);
#7821=PRESENTATION_STYLE_ASSIGNMENT((#7820));
#7822=STYLED_ITEM('',(#7821),#7818);
#7823=DIRECTION('',(0.E0,1.E0,0.E0));
#7824=VECTOR('',#7823,9.431611174087E0);
#7825=CARTESIAN_POINT('',(0.E0,0.E0,0.E0));
#7826=LINE('',#7825,#7824);
#7828=CURVE_STYLE('',#7819,POSITIVE_LENGTH_MEASURE(2.E-2),#6);
#7829=PRESENTATION_STYLE_ASSIGNMENT((#7828));
#7830=STYLED_ITEM('',(#7829),#7827);
#7832=DIRECTION('',(0.E0,1.E0,0.E0));
#7833=VECTOR('',#7832,1.1E0);
#7834=CARTESIAN_POINT('',(0.E0,1.02E1,0.E0));
#7835=LINE('',#7834,#7833);
#7837=CURVE_STYLE('',#7819,POSITIVE_LENGTH_MEASURE(2.E-2),#6);
#7838=PRESENTATION_STYLE_ASSIGNMENT((#7837));
#7839=STYLED_ITEM('',(#7838),#7836);
#7840=DIRECTION('',(0.E0,1.E0,0.E0));
#7841=VECTOR('',#7840,1.5E0);
#7842=CARTESIAN_POINT('',(0.E0,1.15E1,0.E0));
#7843=LINE('',#7842,#7841);
#7845=CURVE_STYLE('',#7819,POSITIVE_LENGTH_MEASURE(2.E-2),#6);
#7846=PRESENTATION_STYLE_ASSIGNMENT((#7845));
#7847=STYLED_ITEM('',(#7846),#7844);
#7848=DIRECTION('',(0.E0,-1.E0,0.E0));
#7849=VECTOR('',#7848,2.8E0);
#7850=CARTESIAN_POINT('',(0.E0,1.58E1,0.E0));
#7851=LINE('',#7850,#7849);
#7853=CURVE_STYLE('',#7819,POSITIVE_LENGTH_MEASURE(2.E-2),#6);
#7854=PRESENTATION_STYLE_ASSIGNMENT((#7853));
#7855=STYLED_ITEM('',(#7854),#7852);
#7856=DIRECTION('',(0.E0,1.E0,0.E0));
#7857=VECTOR('',#7856,1.1E1);
#7858=CARTESIAN_POINT('',(6.325E0,-1.E0,0.E0));
#7859=LINE('',#7858,#7857);
#7863=FILL_AREA_STYLE_COLOUR('',#2);
#7864=FILL_AREA_STYLE('',(#7863));
#7865=SURFACE_STYLE_FILL_AREA(#7864);
#7866=SURFACE_SIDE_STYLE('',(#7865));
#7867=SURFACE_STYLE_USAGE(.BOTH.,#7866);
#7868=PRESENTATION_STYLE_ASSIGNMENT((#7867));
#7869=STYLED_ITEM('',(#7868),#7862);
#7870=CURVE_STYLE('',#7819,POSITIVE_LENGTH_MEASURE(2.E-2),#2);
#7871=PRESENTATION_STYLE_ASSIGNMENT((#7870));
#7872=STYLED_ITEM('',(#7871),#7862);
#7873=DIRECTION('',(0.E0,1.E0,0.E0));
#7874=VECTOR('',#7873,2.05E1);
#7875=CARTESIAN_POINT('',(0.E0,-1.E0,0.E0));
#7876=LINE('',#7875,#7874);
#7878=CURVE_STYLE('',#7819,POSITIVE_LENGTH_MEASURE(2.E-2),#6);
#7879=PRESENTATION_STYLE_ASSIGNMENT((#7878));
#7880=STYLED_ITEM('',(#7879),#7877);
#7881=DIRECTION('',(0.E0,-1.E0,0.E0));
#7882=VECTOR('',#7881,9.5E0);
#7883=CARTESIAN_POINT('',(0.E0,9.5E0,0.E0));
#7884=LINE('',#7883,#7882);
#7886=CURVE_STYLE('',#7819,POSITIVE_LENGTH_MEASURE(2.E-2),#6);
#7887=PRESENTATION_STYLE_ASSIGNMENT((#7886));
#7888=STYLED_ITEM('',(#7887),#7885);
#7889=DIRECTION('',(0.E0,-1.E0,0.E0));
#7890=VECTOR('',#7889,9.E0);
#7891=CARTESIAN_POINT('',(0.E0,9.5E0,-4.829778448198E0));
#7892=LINE('',#7891,#7890);
#7894=CURVE_STYLE('',#7819,POSITIVE_LENGTH_MEASURE(2.E-2),#6);
#7895=PRESENTATION_STYLE_ASSIGNMENT((#7894));
#7896=STYLED_ITEM('',(#7895),#7893);
#7897=DIRECTION('',(0.E0,-1.E0,0.E0));
#7898=VECTOR('',#7897,6.95E0);
#7899=CARTESIAN_POINT('',(1.7E0,9.5E0,-1.7E0));
#7900=LINE('',#7899,#7898);
#7902=CURVE_STYLE('',#7819,POSITIVE_LENGTH_MEASURE(2.E-2),#6);
#7903=PRESENTATION_STYLE_ASSIGNMENT((#7902));
#7904=STYLED_ITEM('',(#7903),#7901);
#7905=DIRECTION('',(0.E0,-1.E0,0.E0));
#7906=VECTOR('',#7905,6.95E0);
#7907=CARTESIAN_POINT('',(-1.7E0,9.5E0,-1.7E0));
#7908=LINE('',#7907,#7906);
#7910=CURVE_STYLE('',#7819,POSITIVE_LENGTH_MEASURE(2.E-2),#6);
#7911=PRESENTATION_STYLE_ASSIGNMENT((#7910));
#7912=STYLED_ITEM('',(#7911),#7909);
#7913=DIRECTION('',(0.E0,-1.E0,0.E0));
#7914=VECTOR('',#7913,6.95E0);
#7915=CARTESIAN_POINT('',(-1.7E0,9.5E0,1.7E0));
#7916=LINE('',#7915,#7914);
#7918=CURVE_STYLE('',#7819,POSITIVE_LENGTH_MEASURE(2.E-2),#6);
#7919=PRESENTATION_STYLE_ASSIGNMENT((#7918));
#7920=STYLED_ITEM('',(#7919),#7917);
#7921=DIRECTION('',(0.E0,-1.E0,0.E0));
#7922=VECTOR('',#7921,6.95E0);
#7923=CARTESIAN_POINT('',(1.7E0,9.5E0,1.7E0));
#7924=LINE('',#7923,#7922);
#7926=CURVE_STYLE('',#7819,POSITIVE_LENGTH_MEASURE(2.E-2),#6);
#7927=PRESENTATION_STYLE_ASSIGNMENT((#7926));
#7928=STYLED_ITEM('',(#7927),#7925);
#7929=DIRECTION('',(0.E0,1.E0,0.E0));
#7930=VECTOR('',#7929,7.E-1);
#7931=CARTESIAN_POINT('',(-1.7E0,1.58E1,-1.7E0));
#7932=LINE('',#7931,#7930);
#7934=CURVE_STYLE('',#7819,POSITIVE_LENGTH_MEASURE(2.E-2),#6);
#7935=PRESENTATION_STYLE_ASSIGNMENT((#7934));
#7936=STYLED_ITEM('',(#7935),#7933);
#7937=DIRECTION('',(0.E0,1.E0,0.E0));
#7938=VECTOR('',#7937,7.E-1);
#7939=CARTESIAN_POINT('',(1.7E0,1.58E1,-1.7E0));
#7940=LINE('',#7939,#7938);
#7942=CURVE_STYLE('',#7819,POSITIVE_LENGTH_MEASURE(2.E-2),#6);
#7943=PRESENTATION_STYLE_ASSIGNMENT((#7942));
#7944=STYLED_ITEM('',(#7943),#7941);
#7945=DIRECTION('',(0.E0,1.E0,0.E0));
#7946=VECTOR('',#7945,3.7E0);
#7947=CARTESIAN_POINT('',(-1.7E0,1.58E1,1.7E0));
#7948=LINE('',#7947,#7946);
#7950=CURVE_STYLE('',#7819,POSITIVE_LENGTH_MEASURE(2.E-2),#6);
#7951=PRESENTATION_STYLE_ASSIGNMENT((#7950));
#7952=STYLED_ITEM('',(#7951),#7949);
#7953=DIRECTION('',(0.E0,1.E0,0.E0));
#7954=VECTOR('',#7953,3.7E0);
#7955=CARTESIAN_POINT('',(1.7E0,1.58E1,1.7E0));
#7956=LINE('',#7955,#7954);
#7958=CURVE_STYLE('',#7819,POSITIVE_LENGTH_MEASURE(2.E-2),#6);
#7959=PRESENTATION_STYLE_ASSIGNMENT((#7958));
#7960=STYLED_ITEM('',(#7959),#7957);
#7961=PRESENTATION_LAYER_ASSIGNMENT('02___PRT_ALL_AXES','',(#7827,#7836,#7844,
#7852,#7862,#7877,#7885,#7893,#7901,#7909,#7917,#7925,#7933,#7941,#7949,#7957));
#7962=PRESENTATION_LAYER_ASSIGNMENT('03___PRT_ALL_CURVES','',(#7862,#7877));
#7963=PRESENTATION_LAYER_ASSIGNMENT('05___PRT_ALL_DTM_CSYS','',(#7818));
#7964=PRESENTATION_LAYER_ASSIGNMENT('05___PRT_DEF_DTM_CSYS','',(#7818));
#7965=PRESENTATION_LAYER_ASSIGNMENT('.BLACK_HOLE','',(#7862,#7877));
#7966=INVISIBILITY((#7965));
#7968=DIMENSIONAL_EXPONENTS(0.E0,0.E0,0.E0,0.E0,0.E0,0.E0,0.E0);
#7970=PLANE_ANGLE_MEASURE_WITH_UNIT(PLANE_ANGLE_MEASURE(1.745329251994E-2),
#7969);
#7971=(CONVERSION_BASED_UNIT('DEGREE',#7970)NAMED_UNIT(*)PLANE_ANGLE_UNIT());
#7973=UNCERTAINTY_MEASURE_WITH_UNIT(LENGTH_MEASURE(3.180957477269E-3),#7967,
'closure',
'Maximum model space distance between geometric entities at asserted connectivities');
#7974=(GEOMETRIC_REPRESENTATION_CONTEXT(3)GLOBAL_UNCERTAINTY_ASSIGNED_CONTEXT((
#7973))GLOBAL_UNIT_ASSIGNED_CONTEXT((#7967,#7971,#7972))REPRESENTATION_CONTEXT(
'ID1','3'));
#7831=GEOMETRIC_SET('',(#7827,#7836,#7844,#7852,#7862,#7877,#7885,#7893,#7901,
#7909,#7917,#7925,#7933,#7941,#7949,#7957));
#7978=SHAPE_REPRESENTATION_RELATIONSHIP('','',#7977,#7975);
#7979=SHAPE_REPRESENTATION_RELATIONSHIP('','',#7977,#7976);
#7980=MECHANICAL_DESIGN_GEOMETRIC_PRESENTATION_REPRESENTATION('',(#3303,#3326,
#3348,#3371,#3394,#3416,#3441,#3462,#3485,#3508,#3529,#3552,#3573,#3598,#3618,
#3637,#3657,#3695,#6483,#6540,#6586,#6604,#6623,#6642,#6661,#6705,#6724,#6770,
#6814,#6835,#6854,#6900,#6944,#6965,#6984,#7030,#7074,#7095,#7114,#7137,#7157,
#7177,#7196,#7221,#7241,#7261,#7280,#7299,#7319,#7338,#7822,#7830,#7839,#7847,
#7855,#7869,#7872,#7880,#7888,#7896,#7904,#7912,#7920,#7928,#7936,#7944,#7952,
#7960),#7974);
#7981=APPLICATION_CONTEXT(
'CONFIGURATION CONTROLLED 3D DESIGNS OF MECHANICAL PARTS AND ASSEMBLIES');
#7982=APPLICATION_PROTOCOL_DEFINITION('international standard',
'config_control_design',1994,#7981);
#7983=DESIGN_CONTEXT('',#7981,'design');
#7984=MECHANICAL_CONTEXT('',#7981,'mechanical');
#7985=PRODUCT('GX12-4P-M','GX12-4P-M','NOT SPECIFIED',(#7984));
#7986=PRODUCT_DEFINITION_FORMATION_WITH_SPECIFIED_SOURCE('9','LAST_VERSION',
#7985,.MADE.);
#7990=PRODUCT_CATEGORY('part','');
#7991=PRODUCT_RELATED_PRODUCT_CATEGORY('detail','',(#7985));
#7992=PRODUCT_CATEGORY_RELATIONSHIP('','',#7990,#7991);
#7993=SECURITY_CLASSIFICATION_LEVEL('unclassified');
#7994=SECURITY_CLASSIFICATION('','',#7993);
#7995=CC_DESIGN_SECURITY_CLASSIFICATION(#7994,(#7986));
#7996=APPROVAL_STATUS('approved');
#7997=APPROVAL(#7996,'');
#7998=CC_DESIGN_APPROVAL(#7997,(#7994,#7986,#7987));
#7999=CALENDAR_DATE(125,23,5);
#8000=COORDINATED_UNIVERSAL_TIME_OFFSET(8,0,.AHEAD.);
#8001=LOCAL_TIME(18,14,4.E1,#8000);
#8002=DATE_AND_TIME(#7999,#8001);
#8003=APPROVAL_DATE_TIME(#8002,#7997);
#8004=DATE_TIME_ROLE('creation_date');
#8005=CC_DESIGN_DATE_AND_TIME_ASSIGNMENT(#8002,#8004,(#7987));
#8006=DATE_TIME_ROLE('classification_date');
#8007=CC_DESIGN_DATE_AND_TIME_ASSIGNMENT(#8002,#8006,(#7994));
#8008=PERSON('UNSPECIFIED','UNSPECIFIED',$,$,$,$);
#8009=ORGANIZATION('UNSPECIFIED','UNSPECIFIED','UNSPECIFIED');
#8010=PERSON_AND_ORGANIZATION(#8008,#8009);
#8011=APPROVAL_ROLE('approver');
#8012=APPROVAL_PERSON_ORGANIZATION(#8010,#7997,#8011);
#8013=PERSON_AND_ORGANIZATION_ROLE('creator');
#8014=CC_DESIGN_PERSON_AND_ORGANIZATION_ASSIGNMENT(#8010,#8013,(#7986,#7987));
#8015=PERSON_AND_ORGANIZATION_ROLE('design_supplier');
#8016=CC_DESIGN_PERSON_AND_ORGANIZATION_ASSIGNMENT(#8010,#8015,(#7986));
#8017=PERSON_AND_ORGANIZATION_ROLE('classification_officer');
#8018=CC_DESIGN_PERSON_AND_ORGANIZATION_ASSIGNMENT(#8010,#8017,(#7994));
#8019=PERSON_AND_ORGANIZATION_ROLE('design_owner');
#8020=CC_DESIGN_PERSON_AND_ORGANIZATION_ASSIGNMENT(#8010,#8019,(#7985));
#1=DRAUGHTING_PRE_DEFINED_COLOUR('black');
#2=COLOUR_RGB('',0.E0,7.450980392157E-1,9.215686274510E-1);
#3=DRAUGHTING_PRE_DEFINED_COLOUR('green');
#4=COLOUR_RGB('',1.1E-2,1.2E-2,1.E0);
#5=COLOUR_RGB('',9.803921568627E-2,9.803921568627E-2,9.803921568627E-2);
#6=COLOUR_RGB('',2.156862745098E-1,0.E0,3.725490196078E-1);
#7=COLOUR_RGB('',2.274509803922E-1,2.274509803922E-1,2.274509803922E-1);
#8=COLOUR_RGB('',4.1E-1,2.61589E-1,1.12848E-1);
#9=COLOUR_RGB('',4.705882352941E-1,3.137254901961E-1,3.333333333333E-1);
#10=COLOUR_RGB('',5.04854E-1,1.5455E-2,1.5455E-2);
#11=COLOUR_RGB('',6.35294E-1,6.86275E-1,7.4902E-1);
#12=COLOUR_RGB('',6.40777E-1,6.40777E-1,6.40777E-1);
#13=COLOUR_RGB('',6.69062E-1,6.69903E-1,6.55217E-1);
#14=COLOUR_RGB('',8.117647058824E-1,6.117647058824E-1,0.E0);
#15=COLOUR_RGB('',8.274509803922E-1,8.274509803922E-1,8.274509803922E-1);
#16=COLOUR_RGB('',9.21569E-1,7.05882E-1,4.70588E-1);
#17=COLOUR_RGB('',9.215686274510E-1,9.215686274510E-1,9.215686274510E-1);
#18=DRAUGHTING_PRE_DEFINED_COLOUR('red');
#19=DRAUGHTING_PRE_DEFINED_COLOUR('yellow');
#20=COLOUR_RGB('',1.E0,1.E0,5.3E-1);
#21=COLOUR_RGB('',1.E0,1.E0,9.49E-1);
#22=DRAUGHTING_PRE_DEFINED_COLOUR('white');
#27=CIRCLE('',#26,7.5E-1);
#40=CIRCLE('',#39,5.75E-1);
#53=CIRCLE('',#52,5.75E-1);
#66=CIRCLE('',#65,5.75E-1);
#79=CIRCLE('',#78,5.75E-1);
#88=CIRCLE('',#87,7.5E-1);
#113=CIRCLE('',#112,5.75E-1);
#122=CIRCLE('',#121,7.5E-1);
#131=CIRCLE('',#130,5.75E-1);
#140=CIRCLE('',#139,7.5E-1);
#149=CIRCLE('',#148,5.75E-1);
#158=CIRCLE('',#157,7.5E-1);
#167=CIRCLE('',#166,5.75E-1);
#176=CIRCLE('',#175,7.5E-1);
#201=CIRCLE('',#200,7.5E-1);
#210=CIRCLE('',#209,4.2E0);
#215=CIRCLE('',#214,4.2E0);
#220=CIRCLE('',#219,7.5E-1);
#225=CIRCLE('',#224,7.5E-1);
#230=CIRCLE('',#229,7.5E-1);
#235=CIRCLE('',#234,7.5E-1);
#240=CIRCLE('',#239,7.5E-1);
#245=CIRCLE('',#244,7.5E-1);
#250=CIRCLE('',#249,7.5E-1);
#255=CIRCLE('',#254,7.5E-1);
#268=CIRCLE('',#267,4.942157941508E0);
#273=CIRCLE('',#272,4.942157941508E0);
#286=CIRCLE('',#285,7.5E0);
#291=CIRCLE('',#290,7.5E0);
#296=CIRCLE('',#295,6.25E0);
#301=CIRCLE('',#300,6.25E0);
#310=CIRCLE('',#309,7.5E0);
#315=CIRCLE('',#314,7.5E0);
#320=CIRCLE('',#319,7.8E0);
#325=CIRCLE('',#324,7.8E0);
#342=CIRCLE('',#341,8.E0);
#347=CIRCLE('',#346,8.E0);
#356=CIRCLE('',#355,8.E0);
#361=CIRCLE('',#360,8.E0);
#374=CIRCLE('',#373,7.8E0);
#379=CIRCLE('',#378,7.8E0);
#425=B_SPLINE_CURVE_WITH_KNOTS('',3,(#384,#385,#386,#387,#388,#389,#390,#391,
#392,#393,#394,#395,#396,#397,#398,#399,#400,#401,#402,#403,#404,#405,#406,#407,
#408,#409,#410,#411,#412,#413,#414,#415,#416,#417,#418,#419,#420,#421,#422,#423,
#424),.UNSPECIFIED.,.F.,.F.,(4,1,1,1,1,1,1,1,1,1,1,1,1,1,1,1,1,1,1,1,1,1,1,1,1,
1,1,1,1,1,1,1,1,1,1,1,1,1,4),(0.E0,2.631578947368E-2,5.263157894737E-2,
7.894736842105E-2,1.052631578947E-1,1.315789473684E-1,1.578947368421E-1,
1.842105263158E-1,2.105263157895E-1,2.368421052632E-1,2.631578947368E-1,
2.894736842105E-1,3.157894736842E-1,3.421052631579E-1,3.684210526316E-1,
3.947368421053E-1,4.210526315789E-1,4.473684210526E-1,4.736842105263E-1,5.E-1,
5.263157894737E-1,5.526315789474E-1,5.789473684211E-1,6.052631578947E-1,
6.315789473684E-1,6.578947368421E-1,6.842105263158E-1,7.105263157895E-1,
7.368421052632E-1,7.631578947368E-1,7.894736842105E-1,8.157894736842E-1,
8.421052631579E-1,8.684210526316E-1,8.947368421053E-1,9.210526315789E-1,
9.473684210526E-1,9.736842105263E-1,1.E0),.UNSPECIFIED.);
#453=B_SPLINE_CURVE_WITH_KNOTS('',3,(#434,#435,#436,#437,#438,#439,#440,#441,
#442,#443,#444,#445,#446,#447,#448,#449,#450,#451,#452),.UNSPECIFIED.,.F.,.F.,
(4,1,1,1,1,1,1,1,1,1,1,1,1,1,1,1,4),(0.E0,6.25E-2,1.25E-1,1.875E-1,2.5E-1,
3.125E-1,3.75E-1,4.375E-1,5.E-1,5.625E-1,6.25E-1,6.875E-1,7.5E-1,8.125E-1,
8.75E-1,9.375E-1,1.E0),.UNSPECIFIED.);
#477=B_SPLINE_CURVE_WITH_KNOTS('',3,(#458,#459,#460,#461,#462,#463,#464,#465,
#466,#467,#468,#469,#470,#471,#472,#473,#474,#475,#476),.UNSPECIFIED.,.F.,.F.,
(4,1,1,1,1,1,1,1,1,1,1,1,1,1,1,1,4),(0.E0,6.25E-2,1.25E-1,1.875E-1,2.5E-1,
3.125E-1,3.75E-1,4.375E-1,5.E-1,5.625E-1,6.25E-1,6.875E-1,7.5E-1,8.125E-1,
8.75E-1,9.375E-1,1.E0),.UNSPECIFIED.);
#501=B_SPLINE_CURVE_WITH_KNOTS('',3,(#482,#483,#484,#485,#486,#487,#488,#489,
#490,#491,#492,#493,#494,#495,#496,#497,#498,#499,#500),.UNSPECIFIED.,.F.,.F.,
(4,1,1,1,1,1,1,1,1,1,1,1,1,1,1,1,4),(0.E0,6.25E-2,1.25E-1,1.875E-1,2.5E-1,
3.125E-1,3.75E-1,4.375E-1,5.E-1,5.625E-1,6.25E-1,6.875E-1,7.5E-1,8.125E-1,
8.75E-1,9.375E-1,1.E0),.UNSPECIFIED.);
#525=B_SPLINE_CURVE_WITH_KNOTS('',3,(#506,#507,#508,#509,#510,#511,#512,#513,
#514,#515,#516,#517,#518,#519,#520,#521,#522,#523,#524),.UNSPECIFIED.,.F.,.F.,
(4,1,1,1,1,1,1,1,1,1,1,1,1,1,1,1,4),(0.E0,6.25E-2,1.25E-1,1.875E-1,2.5E-1,
3.125E-1,3.75E-1,4.375E-1,5.E-1,5.625E-1,6.25E-1,6.875E-1,7.5E-1,8.125E-1,
8.75E-1,9.375E-1,1.E0),.UNSPECIFIED.);
#538=B_SPLINE_CURVE_WITH_KNOTS('',3,(#530,#531,#532,#533,#534,#535,#536,#537),
.UNSPECIFIED.,.F.,.F.,(4,1,1,1,1,4),(0.E0,2.E-1,4.E-1,6.E-1,8.E-1,1.E0),
.UNSPECIFIED.);
#554=B_SPLINE_CURVE_WITH_KNOTS('',3,(#539,#540,#541,#542,#543,#544,#545,#546,
#547,#548,#549,#550,#551,#552,#553),.UNSPECIFIED.,.F.,.F.,(4,1,1,1,1,1,1,1,1,1,
1,1,4),(0.E0,8.333333333333E-2,1.666666666667E-1,2.5E-1,3.333333333333E-1,
4.166666666667E-1,5.E-1,5.833333333333E-1,6.666666666667E-1,7.5E-1,
8.333333333333E-1,9.166666666667E-1,1.E0),.UNSPECIFIED.);
#578=B_SPLINE_CURVE_WITH_KNOTS('',3,(#559,#560,#561,#562,#563,#564,#565,#566,
#567,#568,#569,#570,#571,#572,#573,#574,#575,#576,#577),.UNSPECIFIED.,.F.,.F.,
(4,1,1,1,1,1,1,1,1,1,1,1,1,1,1,1,4),(0.E0,6.25E-2,1.25E-1,1.875E-1,2.5E-1,
3.125E-1,3.75E-1,4.375E-1,5.E-1,5.625E-1,6.25E-1,6.875E-1,7.5E-1,8.125E-1,
8.75E-1,9.375E-1,1.E0),.UNSPECIFIED.);
#602=B_SPLINE_CURVE_WITH_KNOTS('',3,(#583,#584,#585,#586,#587,#588,#589,#590,
#591,#592,#593,#594,#595,#596,#597,#598,#599,#600,#601),.UNSPECIFIED.,.F.,.F.,
(4,1,1,1,1,1,1,1,1,1,1,1,1,1,1,1,4),(0.E0,6.25E-2,1.25E-1,1.875E-1,2.5E-1,
3.125E-1,3.75E-1,4.375E-1,5.E-1,5.625E-1,6.25E-1,6.875E-1,7.5E-1,8.125E-1,
8.75E-1,9.375E-1,1.E0),.UNSPECIFIED.);
#622=B_SPLINE_CURVE_WITH_KNOTS('',3,(#607,#608,#609,#610,#611,#612,#613,#614,
#615,#616,#617,#618,#619,#620,#621),.UNSPECIFIED.,.F.,.F.,(4,1,1,1,1,1,1,1,1,1,
1,1,4),(0.E0,8.333333333333E-2,1.666666666667E-1,2.5E-1,3.333333333333E-1,
4.166666666667E-1,5.E-1,5.833333333333E-1,6.666666666667E-1,7.5E-1,
8.333333333333E-1,9.166666666667E-1,1.E0),.UNSPECIFIED.);
#631=B_SPLINE_CURVE_WITH_KNOTS('',3,(#623,#624,#625,#626,#627,#628,#629,#630),
.UNSPECIFIED.,.F.,.F.,(4,1,1,1,1,4),(0.E0,2.E-1,4.E-1,6.E-1,8.E-1,1.E0),
.UNSPECIFIED.);
#655=B_SPLINE_CURVE_WITH_KNOTS('',3,(#636,#637,#638,#639,#640,#641,#642,#643,
#644,#645,#646,#647,#648,#649,#650,#651,#652,#653,#654),.UNSPECIFIED.,.F.,.F.,
(4,1,1,1,1,1,1,1,1,1,1,1,1,1,1,1,4),(0.E0,6.25E-2,1.25E-1,1.875E-1,2.5E-1,
3.125E-1,3.75E-1,4.375E-1,5.E-1,5.625E-1,6.25E-1,6.875E-1,7.5E-1,8.125E-1,
8.75E-1,9.375E-1,1.E0),.UNSPECIFIED.);
#679=B_SPLINE_CURVE_WITH_KNOTS('',3,(#660,#661,#662,#663,#664,#665,#666,#667,
#668,#669,#670,#671,#672,#673,#674,#675,#676,#677,#678),.UNSPECIFIED.,.F.,.F.,
(4,1,1,1,1,1,1,1,1,1,1,1,1,1,1,1,4),(0.E0,6.25E-2,1.25E-1,1.875E-1,2.5E-1,
3.125E-1,3.75E-1,4.375E-1,5.E-1,5.625E-1,6.25E-1,6.875E-1,7.5E-1,8.125E-1,
8.75E-1,9.375E-1,1.E0),.UNSPECIFIED.);
#703=B_SPLINE_CURVE_WITH_KNOTS('',3,(#684,#685,#686,#687,#688,#689,#690,#691,
#692,#693,#694,#695,#696,#697,#698,#699,#700,#701,#702),.UNSPECIFIED.,.F.,.F.,
(4,1,1,1,1,1,1,1,1,1,1,1,1,1,1,1,4),(0.E0,6.25E-2,1.25E-1,1.875E-1,2.5E-1,
3.125E-1,3.75E-1,4.375E-1,5.E-1,5.625E-1,6.25E-1,6.875E-1,7.5E-1,8.125E-1,
8.75E-1,9.375E-1,1.E0),.UNSPECIFIED.);
#727=B_SPLINE_CURVE_WITH_KNOTS('',3,(#708,#709,#710,#711,#712,#713,#714,#715,
#716,#717,#718,#719,#720,#721,#722,#723,#724,#725,#726),.UNSPECIFIED.,.F.,.F.,
(4,1,1,1,1,1,1,1,1,1,1,1,1,1,1,1,4),(0.E0,6.25E-2,1.25E-1,1.875E-1,2.5E-1,
3.125E-1,3.75E-1,4.375E-1,5.E-1,5.625E-1,6.25E-1,6.875E-1,7.5E-1,8.125E-1,
8.75E-1,9.375E-1,1.E0),.UNSPECIFIED.);
#751=B_SPLINE_CURVE_WITH_KNOTS('',3,(#732,#733,#734,#735,#736,#737,#738,#739,
#740,#741,#742,#743,#744,#745,#746,#747,#748,#749,#750),.UNSPECIFIED.,.F.,.F.,
(4,1,1,1,1,1,1,1,1,1,1,1,1,1,1,1,4),(0.E0,6.25E-2,1.25E-1,1.875E-1,2.5E-1,
3.125E-1,3.75E-1,4.375E-1,5.E-1,5.625E-1,6.25E-1,6.875E-1,7.5E-1,8.125E-1,
8.75E-1,9.375E-1,1.E0),.UNSPECIFIED.);
#775=B_SPLINE_CURVE_WITH_KNOTS('',3,(#756,#757,#758,#759,#760,#761,#762,#763,
#764,#765,#766,#767,#768,#769,#770,#771,#772,#773,#774),.UNSPECIFIED.,.F.,.F.,
(4,1,1,1,1,1,1,1,1,1,1,1,1,1,1,1,4),(0.E0,6.25E-2,1.25E-1,1.875E-1,2.5E-1,
3.125E-1,3.75E-1,4.375E-1,5.E-1,5.625E-1,6.25E-1,6.875E-1,7.5E-1,8.125E-1,
8.75E-1,9.375E-1,1.E0),.UNSPECIFIED.);
#799=B_SPLINE_CURVE_WITH_KNOTS('',3,(#780,#781,#782,#783,#784,#785,#786,#787,
#788,#789,#790,#791,#792,#793,#794,#795,#796,#797,#798),.UNSPECIFIED.,.F.,.F.,
(4,1,1,1,1,1,1,1,1,1,1,1,1,1,1,1,4),(0.E0,6.25E-2,1.25E-1,1.875E-1,2.5E-1,
3.125E-1,3.75E-1,4.375E-1,5.E-1,5.625E-1,6.25E-1,6.875E-1,7.5E-1,8.125E-1,
8.75E-1,9.375E-1,1.E0),.UNSPECIFIED.);
#823=B_SPLINE_CURVE_WITH_KNOTS('',3,(#804,#805,#806,#807,#808,#809,#810,#811,
#812,#813,#814,#815,#816,#817,#818,#819,#820,#821,#822),.UNSPECIFIED.,.F.,.F.,
(4,1,1,1,1,1,1,1,1,1,1,1,1,1,1,1,4),(0.E0,6.25E-2,1.25E-1,1.875E-1,2.5E-1,
3.125E-1,3.75E-1,4.375E-1,5.E-1,5.625E-1,6.25E-1,6.875E-1,7.5E-1,8.125E-1,
8.75E-1,9.375E-1,1.E0),.UNSPECIFIED.);
#847=B_SPLINE_CURVE_WITH_KNOTS('',3,(#828,#829,#830,#831,#832,#833,#834,#835,
#836,#837,#838,#839,#840,#841,#842,#843,#844,#845,#846),.UNSPECIFIED.,.F.,.F.,
(4,1,1,1,1,1,1,1,1,1,1,1,1,1,1,1,4),(0.E0,6.25E-2,1.25E-1,1.875E-1,2.5E-1,
3.125E-1,3.75E-1,4.375E-1,5.E-1,5.625E-1,6.25E-1,6.875E-1,7.5E-1,8.125E-1,
8.75E-1,9.375E-1,1.E0),.UNSPECIFIED.);
#871=B_SPLINE_CURVE_WITH_KNOTS('',3,(#852,#853,#854,#855,#856,#857,#858,#859,
#860,#861,#862,#863,#864,#865,#866,#867,#868,#869,#870),.UNSPECIFIED.,.F.,.F.,
(4,1,1,1,1,1,1,1,1,1,1,1,1,1,1,1,4),(0.E0,6.25E-2,1.25E-1,1.875E-1,2.5E-1,
3.125E-1,3.75E-1,4.375E-1,5.E-1,5.625E-1,6.25E-1,6.875E-1,7.5E-1,8.125E-1,
8.75E-1,9.375E-1,1.E0),.UNSPECIFIED.);
#895=B_SPLINE_CURVE_WITH_KNOTS('',3,(#876,#877,#878,#879,#880,#881,#882,#883,
#884,#885,#886,#887,#888,#889,#890,#891,#892,#893,#894),.UNSPECIFIED.,.F.,.F.,
(4,1,1,1,1,1,1,1,1,1,1,1,1,1,1,1,4),(0.E0,6.25E-2,1.25E-1,1.875E-1,2.5E-1,
3.125E-1,3.75E-1,4.375E-1,5.E-1,5.625E-1,6.25E-1,6.875E-1,7.5E-1,8.125E-1,
8.75E-1,9.375E-1,1.E0),.UNSPECIFIED.);
#919=B_SPLINE_CURVE_WITH_KNOTS('',3,(#900,#901,#902,#903,#904,#905,#906,#907,
#908,#909,#910,#911,#912,#913,#914,#915,#916,#917,#918),.UNSPECIFIED.,.F.,.F.,
(4,1,1,1,1,1,1,1,1,1,1,1,1,1,1,1,4),(0.E0,6.25E-2,1.25E-1,1.875E-1,2.5E-1,
3.125E-1,3.75E-1,4.375E-1,5.E-1,5.625E-1,6.25E-1,6.875E-1,7.5E-1,8.125E-1,
8.75E-1,9.375E-1,1.E0),.UNSPECIFIED.);
#928=CIRCLE('',#927,6.325E0);
#934=B_SPLINE_CURVE_WITH_KNOTS('',3,(#929,#930,#931,#932,#933),.UNSPECIFIED.,
.F.,.F.,(4,1,4),(0.E0,5.E-1,1.E0),.UNSPECIFIED.);
#958=B_SPLINE_CURVE_WITH_KNOTS('',3,(#939,#940,#941,#942,#943,#944,#945,#946,
#947,#948,#949,#950,#951,#952,#953,#954,#955,#956,#957),.UNSPECIFIED.,.F.,.F.,
(4,1,1,1,1,1,1,1,1,1,1,1,1,1,1,1,4),(0.E0,6.25E-2,1.25E-1,1.875E-1,2.5E-1,
3.125E-1,3.75E-1,4.375E-1,5.E-1,5.625E-1,6.25E-1,6.875E-1,7.5E-1,8.125E-1,
8.75E-1,9.375E-1,1.E0),.UNSPECIFIED.);
#982=B_SPLINE_CURVE_WITH_KNOTS('',3,(#963,#964,#965,#966,#967,#968,#969,#970,
#971,#972,#973,#974,#975,#976,#977,#978,#979,#980,#981),.UNSPECIFIED.,.F.,.F.,
(4,1,1,1,1,1,1,1,1,1,1,1,1,1,1,1,4),(0.E0,6.25E-2,1.25E-1,1.875E-1,2.5E-1,
3.125E-1,3.75E-1,4.375E-1,5.E-1,5.625E-1,6.25E-1,6.875E-1,7.5E-1,8.125E-1,
8.75E-1,9.375E-1,1.E0),.UNSPECIFIED.);
#1006=B_SPLINE_CURVE_WITH_KNOTS('',3,(#987,#988,#989,#990,#991,#992,#993,#994,
#995,#996,#997,#998,#999,#1000,#1001,#1002,#1003,#1004,#1005),.UNSPECIFIED.,.F.,
.F.,(4,1,1,1,1,1,1,1,1,1,1,1,1,1,1,1,4),(0.E0,6.25E-2,1.25E-1,1.875E-1,2.5E-1,
3.125E-1,3.75E-1,4.375E-1,5.E-1,5.625E-1,6.25E-1,6.875E-1,7.5E-1,8.125E-1,
8.75E-1,9.375E-1,1.E0),.UNSPECIFIED.);
#1030=B_SPLINE_CURVE_WITH_KNOTS('',3,(#1011,#1012,#1013,#1014,#1015,#1016,#1017,
#1018,#1019,#1020,#1021,#1022,#1023,#1024,#1025,#1026,#1027,#1028,#1029),
.UNSPECIFIED.,.F.,.F.,(4,1,1,1,1,1,1,1,1,1,1,1,1,1,1,1,4),(0.E0,6.25E-2,1.25E-1,
1.875E-1,2.5E-1,3.125E-1,3.75E-1,4.375E-1,5.E-1,5.625E-1,6.25E-1,6.875E-1,
7.5E-1,8.125E-1,8.75E-1,9.375E-1,1.E0),.UNSPECIFIED.);
#1054=B_SPLINE_CURVE_WITH_KNOTS('',3,(#1035,#1036,#1037,#1038,#1039,#1040,#1041,
#1042,#1043,#1044,#1045,#1046,#1047,#1048,#1049,#1050,#1051,#1052,#1053),
.UNSPECIFIED.,.F.,.F.,(4,1,1,1,1,1,1,1,1,1,1,1,1,1,1,1,4),(0.E0,6.25E-2,1.25E-1,
1.875E-1,2.5E-1,3.125E-1,3.75E-1,4.375E-1,5.E-1,5.625E-1,6.25E-1,6.875E-1,
7.5E-1,8.125E-1,8.75E-1,9.375E-1,1.E0),.UNSPECIFIED.);
#1078=B_SPLINE_CURVE_WITH_KNOTS('',3,(#1059,#1060,#1061,#1062,#1063,#1064,#1065,
#1066,#1067,#1068,#1069,#1070,#1071,#1072,#1073,#1074,#1075,#1076,#1077),
.UNSPECIFIED.,.F.,.F.,(4,1,1,1,1,1,1,1,1,1,1,1,1,1,1,1,4),(0.E0,6.25E-2,1.25E-1,
1.875E-1,2.5E-1,3.125E-1,3.75E-1,4.375E-1,5.E-1,5.625E-1,6.25E-1,6.875E-1,
7.5E-1,8.125E-1,8.75E-1,9.375E-1,1.E0),.UNSPECIFIED.);
#1102=B_SPLINE_CURVE_WITH_KNOTS('',3,(#1083,#1084,#1085,#1086,#1087,#1088,#1089,
#1090,#1091,#1092,#1093,#1094,#1095,#1096,#1097,#1098,#1099,#1100,#1101),
.UNSPECIFIED.,.F.,.F.,(4,1,1,1,1,1,1,1,1,1,1,1,1,1,1,1,4),(0.E0,6.25E-2,1.25E-1,
1.875E-1,2.5E-1,3.125E-1,3.75E-1,4.375E-1,5.E-1,5.625E-1,6.25E-1,6.875E-1,
7.5E-1,8.125E-1,8.75E-1,9.375E-1,1.E0),.UNSPECIFIED.);
#1126=B_SPLINE_CURVE_WITH_KNOTS('',3,(#1107,#1108,#1109,#1110,#1111,#1112,#1113,
#1114,#1115,#1116,#1117,#1118,#1119,#1120,#1121,#1122,#1123,#1124,#1125),
.UNSPECIFIED.,.F.,.F.,(4,1,1,1,1,1,1,1,1,1,1,1,1,1,1,1,4),(0.E0,6.25E-2,1.25E-1,
1.875E-1,2.5E-1,3.125E-1,3.75E-1,4.375E-1,5.E-1,5.625E-1,6.25E-1,6.875E-1,
7.5E-1,8.125E-1,8.75E-1,9.375E-1,1.E0),.UNSPECIFIED.);
#1150=B_SPLINE_CURVE_WITH_KNOTS('',3,(#1131,#1132,#1133,#1134,#1135,#1136,#1137,
#1138,#1139,#1140,#1141,#1142,#1143,#1144,#1145,#1146,#1147,#1148,#1149),
.UNSPECIFIED.,.F.,.F.,(4,1,1,1,1,1,1,1,1,1,1,1,1,1,1,1,4),(0.E0,6.25E-2,1.25E-1,
1.875E-1,2.5E-1,3.125E-1,3.75E-1,4.375E-1,5.E-1,5.625E-1,6.25E-1,6.875E-1,
7.5E-1,8.125E-1,8.75E-1,9.375E-1,1.E0),.UNSPECIFIED.);
#1174=B_SPLINE_CURVE_WITH_KNOTS('',3,(#1155,#1156,#1157,#1158,#1159,#1160,#1161,
#1162,#1163,#1164,#1165,#1166,#1167,#1168,#1169,#1170,#1171,#1172,#1173),
.UNSPECIFIED.,.F.,.F.,(4,1,1,1,1,1,1,1,1,1,1,1,1,1,1,1,4),(0.E0,6.25E-2,1.25E-1,
1.875E-1,2.5E-1,3.125E-1,3.75E-1,4.375E-1,5.E-1,5.625E-1,6.25E-1,6.875E-1,
7.5E-1,8.125E-1,8.75E-1,9.375E-1,1.E0),.UNSPECIFIED.);
#1198=B_SPLINE_CURVE_WITH_KNOTS('',3,(#1179,#1180,#1181,#1182,#1183,#1184,#1185,
#1186,#1187,#1188,#1189,#1190,#1191,#1192,#1193,#1194,#1195,#1196,#1197),
.UNSPECIFIED.,.F.,.F.,(4,1,1,1,1,1,1,1,1,1,1,1,1,1,1,1,4),(0.E0,6.25E-2,1.25E-1,
1.875E-1,2.5E-1,3.125E-1,3.75E-1,4.375E-1,5.E-1,5.625E-1,6.25E-1,6.875E-1,
7.5E-1,8.125E-1,8.75E-1,9.375E-1,1.E0),.UNSPECIFIED.);
#1222=B_SPLINE_CURVE_WITH_KNOTS('',3,(#1203,#1204,#1205,#1206,#1207,#1208,#1209,
#1210,#1211,#1212,#1213,#1214,#1215,#1216,#1217,#1218,#1219,#1220,#1221),
.UNSPECIFIED.,.F.,.F.,(4,1,1,1,1,1,1,1,1,1,1,1,1,1,1,1,4),(0.E0,6.25E-2,1.25E-1,
1.875E-1,2.5E-1,3.125E-1,3.75E-1,4.375E-1,5.E-1,5.625E-1,6.25E-1,6.875E-1,
7.5E-1,8.125E-1,8.75E-1,9.375E-1,1.E0),.UNSPECIFIED.);
#1246=B_SPLINE_CURVE_WITH_KNOTS('',3,(#1227,#1228,#1229,#1230,#1231,#1232,#1233,
#1234,#1235,#1236,#1237,#1238,#1239,#1240,#1241,#1242,#1243,#1244,#1245),
.UNSPECIFIED.,.F.,.F.,(4,1,1,1,1,1,1,1,1,1,1,1,1,1,1,1,4),(0.E0,6.25E-2,1.25E-1,
1.875E-1,2.5E-1,3.125E-1,3.75E-1,4.375E-1,5.E-1,5.625E-1,6.25E-1,6.875E-1,
7.5E-1,8.125E-1,8.75E-1,9.375E-1,1.E0),.UNSPECIFIED.);
#1266=B_SPLINE_CURVE_WITH_KNOTS('',3,(#1251,#1252,#1253,#1254,#1255,#1256,#1257,
#1258,#1259,#1260,#1261,#1262,#1263,#1264,#1265),.UNSPECIFIED.,.F.,.F.,(4,1,1,1,
1,1,1,1,1,1,1,1,4),(0.E0,8.333333333333E-2,1.666666666667E-1,2.5E-1,
3.333333333333E-1,4.166666666667E-1,5.E-1,5.833333333333E-1,6.666666666667E-1,
7.5E-1,8.333333333333E-1,9.166666666667E-1,1.E0),.UNSPECIFIED.);
#1275=B_SPLINE_CURVE_WITH_KNOTS('',3,(#1267,#1268,#1269,#1270,#1271,#1272,#1273,
#1274),.UNSPECIFIED.,.F.,.F.,(4,1,1,1,1,4),(0.E0,2.E-1,4.E-1,6.E-1,8.E-1,1.E0),
.UNSPECIFIED.);
#1288=B_SPLINE_CURVE_WITH_KNOTS('',3,(#1280,#1281,#1282,#1283,#1284,#1285,#1286,
#1287),.UNSPECIFIED.,.F.,.F.,(4,1,1,1,1,4),(0.E0,2.E-1,4.E-1,6.E-1,8.E-1,1.E0),
.UNSPECIFIED.);
#1304=B_SPLINE_CURVE_WITH_KNOTS('',3,(#1289,#1290,#1291,#1292,#1293,#1294,#1295,
#1296,#1297,#1298,#1299,#1300,#1301,#1302,#1303),.UNSPECIFIED.,.F.,.F.,(4,1,1,1,
1,1,1,1,1,1,1,1,4),(0.E0,8.333333333333E-2,1.666666666667E-1,2.5E-1,
3.333333333333E-1,4.166666666667E-1,5.E-1,5.833333333333E-1,6.666666666667E-1,
7.5E-1,8.333333333333E-1,9.166666666667E-1,1.E0),.UNSPECIFIED.);
#1328=B_SPLINE_CURVE_WITH_KNOTS('',3,(#1309,#1310,#1311,#1312,#1313,#1314,#1315,
#1316,#1317,#1318,#1319,#1320,#1321,#1322,#1323,#1324,#1325,#1326,#1327),
.UNSPECIFIED.,.F.,.F.,(4,1,1,1,1,1,1,1,1,1,1,1,1,1,1,1,4),(0.E0,6.25E-2,1.25E-1,
1.875E-1,2.5E-1,3.125E-1,3.75E-1,4.375E-1,5.E-1,5.625E-1,6.25E-1,6.875E-1,
7.5E-1,8.125E-1,8.75E-1,9.375E-1,1.E0),.UNSPECIFIED.);
#1352=B_SPLINE_CURVE_WITH_KNOTS('',3,(#1333,#1334,#1335,#1336,#1337,#1338,#1339,
#1340,#1341,#1342,#1343,#1344,#1345,#1346,#1347,#1348,#1349,#1350,#1351),
.UNSPECIFIED.,.F.,.F.,(4,1,1,1,1,1,1,1,1,1,1,1,1,1,1,1,4),(0.E0,6.25E-2,1.25E-1,
1.875E-1,2.5E-1,3.125E-1,3.75E-1,4.375E-1,5.E-1,5.625E-1,6.25E-1,6.875E-1,
7.5E-1,8.125E-1,8.75E-1,9.375E-1,1.E0),.UNSPECIFIED.);
#1376=B_SPLINE_CURVE_WITH_KNOTS('',3,(#1357,#1358,#1359,#1360,#1361,#1362,#1363,
#1364,#1365,#1366,#1367,#1368,#1369,#1370,#1371,#1372,#1373,#1374,#1375),
.UNSPECIFIED.,.F.,.F.,(4,1,1,1,1,1,1,1,1,1,1,1,1,1,1,1,4),(0.E0,6.25E-2,1.25E-1,
1.875E-1,2.5E-1,3.125E-1,3.75E-1,4.375E-1,5.E-1,5.625E-1,6.25E-1,6.875E-1,
7.5E-1,8.125E-1,8.75E-1,9.375E-1,1.E0),.UNSPECIFIED.);
#1400=B_SPLINE_CURVE_WITH_KNOTS('',3,(#1381,#1382,#1383,#1384,#1385,#1386,#1387,
#1388,#1389,#1390,#1391,#1392,#1393,#1394,#1395,#1396,#1397,#1398,#1399),
.UNSPECIFIED.,.F.,.F.,(4,1,1,1,1,1,1,1,1,1,1,1,1,1,1,1,4),(0.E0,6.25E-2,1.25E-1,
1.875E-1,2.5E-1,3.125E-1,3.75E-1,4.375E-1,5.E-1,5.625E-1,6.25E-1,6.875E-1,
7.5E-1,8.125E-1,8.75E-1,9.375E-1,1.E0),.UNSPECIFIED.);
#1424=B_SPLINE_CURVE_WITH_KNOTS('',3,(#1405,#1406,#1407,#1408,#1409,#1410,#1411,
#1412,#1413,#1414,#1415,#1416,#1417,#1418,#1419,#1420,#1421,#1422,#1423),
.UNSPECIFIED.,.F.,.F.,(4,1,1,1,1,1,1,1,1,1,1,1,1,1,1,1,4),(0.E0,6.25E-2,1.25E-1,
1.875E-1,2.5E-1,3.125E-1,3.75E-1,4.375E-1,5.E-1,5.625E-1,6.25E-1,6.875E-1,
7.5E-1,8.125E-1,8.75E-1,9.375E-1,1.E0),.UNSPECIFIED.);
#1441=B_SPLINE_CURVE_WITH_KNOTS('',3,(#1425,#1426,#1427,#1428,#1429,#1430,#1431,
#1432,#1433,#1434,#1435,#1436,#1437,#1438,#1439,#1440),.UNSPECIFIED.,.F.,.F.,(4,
1,1,1,1,1,1,1,1,1,1,1,1,4),(0.E0,7.692307692308E-2,1.538461538462E-1,
2.307692307692E-1,3.076923076923E-1,3.846153846154E-1,4.615384615385E-1,
5.384615384615E-1,6.153846153846E-1,6.923076923077E-1,7.692307692308E-1,
8.461538461538E-1,9.230769230769E-1,1.E0),.UNSPECIFIED.);
#1457=B_SPLINE_CURVE_WITH_KNOTS('',3,(#1442,#1443,#1444,#1445,#1446,#1447,#1448,
#1449,#1450,#1451,#1452,#1453,#1454,#1455,#1456),.UNSPECIFIED.,.F.,.F.,(4,1,1,1,
1,1,1,1,1,1,1,1,4),(0.E0,8.333333333333E-2,1.666666666667E-1,2.5E-1,
3.333333333333E-1,4.166666666667E-1,5.E-1,5.833333333333E-1,6.666666666667E-1,
7.5E-1,8.333333333333E-1,9.166666666667E-1,1.E0),.UNSPECIFIED.);
#1473=B_SPLINE_CURVE_WITH_KNOTS('',3,(#1458,#1459,#1460,#1461,#1462,#1463,#1464,
#1465,#1466,#1467,#1468,#1469,#1470,#1471,#1472),.UNSPECIFIED.,.F.,.F.,(4,1,1,1,
1,1,1,1,1,1,1,1,4),(0.E0,8.333333333333E-2,1.666666666667E-1,2.5E-1,
3.333333333333E-1,4.166666666667E-1,5.E-1,5.833333333333E-1,6.666666666667E-1,
7.5E-1,8.333333333333E-1,9.166666666667E-1,1.E0),.UNSPECIFIED.);
#1491=B_SPLINE_CURVE_WITH_KNOTS('',3,(#1474,#1475,#1476,#1477,#1478,#1479,#1480,
#1481,#1482,#1483,#1484,#1485,#1486,#1487,#1488,#1489,#1490),.UNSPECIFIED.,.F.,
.F.,(4,1,1,1,1,1,1,1,1,1,1,1,1,1,4),(0.E0,7.142857142857E-2,1.428571428571E-1,
2.142857142857E-1,2.857142857143E-1,3.571428571429E-1,4.285714285714E-1,5.E-1,
5.714285714286E-1,6.428571428571E-1,7.142857142857E-1,7.857142857143E-1,
8.571428571429E-1,9.285714285714E-1,1.E0),.UNSPECIFIED.);
#1506=B_SPLINE_CURVE_WITH_KNOTS('',3,(#1492,#1493,#1494,#1495,#1496,#1497,#1498,
#1499,#1500,#1501,#1502,#1503,#1504,#1505),.UNSPECIFIED.,.F.,.F.,(4,1,1,1,1,1,1,
1,1,1,1,4),(0.E0,9.090909090909E-2,1.818181818182E-1,2.727272727273E-1,
3.636363636364E-1,4.545454545455E-1,5.454545454545E-1,6.363636363636E-1,
7.272727272727E-1,8.181818181818E-1,9.090909090909E-1,1.E0),.UNSPECIFIED.);
#1522=B_SPLINE_CURVE_WITH_KNOTS('',3,(#1507,#1508,#1509,#1510,#1511,#1512,#1513,
#1514,#1515,#1516,#1517,#1518,#1519,#1520,#1521),.UNSPECIFIED.,.F.,.F.,(4,1,1,1,
1,1,1,1,1,1,1,1,4),(0.E0,8.333333333333E-2,1.666666666667E-1,2.5E-1,
3.333333333333E-1,4.166666666667E-1,5.E-1,5.833333333333E-1,6.666666666667E-1,
7.5E-1,8.333333333333E-1,9.166666666667E-1,1.E0),.UNSPECIFIED.);
#1536=B_SPLINE_CURVE_WITH_KNOTS('',3,(#1523,#1524,#1525,#1526,#1527,#1528,#1529,
#1530,#1531,#1532,#1533,#1534,#1535),.UNSPECIFIED.,.F.,.F.,(4,1,1,1,1,1,1,1,1,1,
4),(0.E0,1.E-1,2.E-1,3.E-1,4.E-1,5.E-1,6.E-1,7.E-1,8.E-1,9.E-1,1.E0),
.UNSPECIFIED.);
#1664=B_SPLINE_CURVE_WITH_KNOTS('',3,(#1537,#1538,#1539,#1540,#1541,#1542,#1543,
#1544,#1545,#1546,#1547,#1548,#1549,#1550,#1551,#1552,#1553,#1554,#1555,#1556,
#1557,#1558,#1559,#1560,#1561,#1562,#1563,#1564,#1565,#1566,#1567,#1568,#1569,
#1570,#1571,#1572,#1573,#1574,#1575,#1576,#1577,#1578,#1579,#1580,#1581,#1582,
#1583,#1584,#1585,#1586,#1587,#1588,#1589,#1590,#1591,#1592,#1593,#1594,#1595,
#1596,#1597,#1598,#1599,#1600,#1601,#1602,#1603,#1604,#1605,#1606,#1607,#1608,
#1609,#1610,#1611,#1612,#1613,#1614,#1615,#1616,#1617,#1618,#1619,#1620,#1621,
#1622,#1623,#1624,#1625,#1626,#1627,#1628,#1629,#1630,#1631,#1632,#1633,#1634,
#1635,#1636,#1637,#1638,#1639,#1640,#1641,#1642,#1643,#1644,#1645,#1646,#1647,
#1648,#1649,#1650,#1651,#1652,#1653,#1654,#1655,#1656,#1657,#1658,#1659,#1660,
#1661,#1662,#1663),.UNSPECIFIED.,.F.,.F.,(4,1,1,1,1,1,1,1,1,1,1,1,1,1,1,1,1,1,1,
1,1,1,1,1,1,1,1,1,1,1,1,1,1,1,1,1,1,1,1,1,1,1,1,1,1,1,1,1,1,1,1,1,1,1,1,1,1,1,1,
1,1,1,1,1,1,1,1,1,1,1,1,1,1,1,1,1,1,1,1,1,1,1,1,1,1,1,1,1,1,1,1,1,1,1,1,1,1,1,1,
1,1,1,1,1,1,1,1,1,1,1,1,1,1,1,1,1,1,1,1,1,1,1,1,1,4),(0.E0,8.064516129032E-3,
1.612903225806E-2,2.419354838710E-2,3.225806451613E-2,4.032258064516E-2,
4.838709677419E-2,5.645161290323E-2,6.451612903226E-2,7.258064516129E-2,
8.064516129032E-2,8.870967741935E-2,9.677419354839E-2,1.048387096774E-1,
1.129032258065E-1,1.209677419355E-1,1.290322580645E-1,1.370967741935E-1,
1.451612903226E-1,1.532258064516E-1,1.612903225806E-1,1.693548387097E-1,
1.774193548387E-1,1.854838709677E-1,1.935483870968E-1,2.016129032258E-1,
2.096774193548E-1,2.177419354839E-1,2.258064516129E-1,2.338709677419E-1,
2.419354838710E-1,2.5E-1,2.580645161290E-1,2.661290322581E-1,2.741935483871E-1,
2.822580645161E-1,2.903225806452E-1,2.983870967742E-1,3.064516129032E-1,
3.145161290323E-1,3.225806451613E-1,3.306451612903E-1,3.387096774194E-1,
3.467741935484E-1,3.548387096774E-1,3.629032258065E-1,3.709677419355E-1,
3.790322580645E-1,3.870967741935E-1,3.951612903226E-1,4.032258064516E-1,
4.112903225806E-1,4.193548387097E-1,4.274193548387E-1,4.354838709677E-1,
4.435483870968E-1,4.516129032258E-1,4.596774193548E-1,4.677419354839E-1,
4.758064516129E-1,4.838709677419E-1,4.919354838710E-1,5.E-1,5.080645161290E-1,
5.161290322581E-1,5.241935483871E-1,5.322580645161E-1,5.403225806452E-1,
5.483870967742E-1,5.564516129032E-1,5.645161290323E-1,5.725806451613E-1,
5.806451612903E-1,5.887096774194E-1,5.967741935484E-1,6.048387096774E-1,
6.129032258065E-1,6.209677419355E-1,6.290322580645E-1,6.370967741935E-1,
6.451612903226E-1,6.532258064516E-1,6.612903225806E-1,6.693548387097E-1,
6.774193548387E-1,6.854838709677E-1,6.935483870968E-1,7.016129032258E-1,
7.096774193548E-1,7.177419354839E-1,7.258064516129E-1,7.338709677419E-1,
7.419354838710E-1,7.5E-1,7.580645161290E-1,7.661290322581E-1,7.741935483871E-1,
7.822580645161E-1,7.903225806452E-1,7.983870967742E-1,8.064516129032E-1,
8.145161290323E-1,8.225806451613E-1,8.306451612903E-1,8.387096774194E-1,
8.467741935484E-1,8.548387096774E-1,8.629032258065E-1,8.709677419355E-1,
8.790322580645E-1,8.870967741935E-1,8.951612903226E-1,9.032258064516E-1,
9.112903225806E-1,9.193548387097E-1,9.274193548387E-1,9.354838709677E-1,
9.435483870968E-1,9.516129032258E-1,9.596774193548E-1,9.677419354839E-1,
9.758064516129E-1,9.838709677419E-1,9.919354838710E-1,1.E0),.UNSPECIFIED.);
#1673=CIRCLE('',#1672,6.325E0);
#1698=B_SPLINE_CURVE_WITH_KNOTS('',3,(#1674,#1675,#1676,#1677,#1678,#1679,#1680,
#1681,#1682,#1683,#1684,#1685,#1686,#1687,#1688,#1689,#1690,#1691,#1692,#1693,
#1694,#1695,#1696,#1697),.UNSPECIFIED.,.F.,.F.,(4,1,1,1,1,1,1,1,1,1,1,1,1,1,1,1,
1,1,1,1,1,4),(0.E0,4.761904761905E-2,9.523809523810E-2,1.428571428571E-1,
1.904761904762E-1,2.380952380952E-1,2.857142857143E-1,3.333333333333E-1,
3.809523809524E-1,4.285714285714E-1,4.761904761905E-1,5.238095238095E-1,
5.714285714286E-1,6.190476190476E-1,6.666666666667E-1,7.142857142857E-1,
7.619047619048E-1,8.095238095238E-1,8.571428571429E-1,9.047619047619E-1,
9.523809523810E-1,1.E0),.UNSPECIFIED.);
#1720=B_SPLINE_CURVE_WITH_KNOTS('',3,(#1699,#1700,#1701,#1702,#1703,#1704,#1705,
#1706,#1707,#1708,#1709,#1710,#1711,#1712,#1713,#1714,#1715,#1716,#1717,#1718,
#1719),.UNSPECIFIED.,.F.,.F.,(4,1,1,1,1,1,1,1,1,1,1,1,1,1,1,1,1,1,4),(0.E0,
5.555555555556E-2,1.111111111111E-1,1.666666666667E-1,2.222222222222E-1,
2.777777777778E-1,3.333333333333E-1,3.888888888889E-1,4.444444444444E-1,5.E-1,
5.555555555556E-1,6.111111111111E-1,6.666666666667E-1,7.222222222222E-1,
7.777777777778E-1,8.333333333333E-1,8.888888888889E-1,9.444444444444E-1,1.E0),
.UNSPECIFIED.);
#1725=CIRCLE('',#1724,4.725E0);
#1730=CIRCLE('',#1729,4.725E0);
#1746=B_SPLINE_CURVE_WITH_KNOTS('',3,(#1731,#1732,#1733,#1734,#1735,#1736,#1737,
#1738,#1739,#1740,#1741,#1742,#1743,#1744,#1745),.UNSPECIFIED.,.F.,.F.,(4,1,1,1,
1,1,1,1,1,1,1,1,4),(0.E0,8.333333333333E-2,1.666666666667E-1,2.5E-1,
3.333333333333E-1,4.166666666667E-1,5.E-1,5.833333333333E-1,6.666666666667E-1,
7.5E-1,8.333333333333E-1,9.166666666667E-1,1.E0),.UNSPECIFIED.);
#1762=B_SPLINE_CURVE_WITH_KNOTS('',3,(#1747,#1748,#1749,#1750,#1751,#1752,#1753,
#1754,#1755,#1756,#1757,#1758,#1759,#1760,#1761),.UNSPECIFIED.,.F.,.F.,(4,1,1,1,
1,1,1,1,1,1,1,1,4),(0.E0,8.333333333333E-2,1.666666666667E-1,2.5E-1,
3.333333333333E-1,4.166666666667E-1,5.E-1,5.833333333333E-1,6.666666666667E-1,
7.5E-1,8.333333333333E-1,9.166666666667E-1,1.E0),.UNSPECIFIED.);
#1776=B_SPLINE_CURVE_WITH_KNOTS('',3,(#1763,#1764,#1765,#1766,#1767,#1768,#1769,
#1770,#1771,#1772,#1773,#1774,#1775),.UNSPECIFIED.,.F.,.F.,(4,1,1,1,1,1,1,1,1,1,
4),(0.E0,1.E-1,2.E-1,3.E-1,4.E-1,5.E-1,6.E-1,7.E-1,8.E-1,9.E-1,1.E0),
.UNSPECIFIED.);
#1792=B_SPLINE_CURVE_WITH_KNOTS('',3,(#1777,#1778,#1779,#1780,#1781,#1782,#1783,
#1784,#1785,#1786,#1787,#1788,#1789,#1790,#1791),.UNSPECIFIED.,.F.,.F.,(4,1,1,1,
1,1,1,1,1,1,1,1,4),(0.E0,8.333333333333E-2,1.666666666667E-1,2.5E-1,
3.333333333333E-1,4.166666666667E-1,5.E-1,5.833333333333E-1,6.666666666667E-1,
7.5E-1,8.333333333333E-1,9.166666666667E-1,1.E0),.UNSPECIFIED.);
#1807=B_SPLINE_CURVE_WITH_KNOTS('',3,(#1793,#1794,#1795,#1796,#1797,#1798,#1799,
#1800,#1801,#1802,#1803,#1804,#1805,#1806),.UNSPECIFIED.,.F.,.F.,(4,1,1,1,1,1,1,
1,1,1,1,4),(0.E0,9.090909090909E-2,1.818181818182E-1,2.727272727273E-1,
3.636363636364E-1,4.545454545455E-1,5.454545454545E-1,6.363636363636E-1,
7.272727272727E-1,8.181818181818E-1,9.090909090909E-1,1.E0),.UNSPECIFIED.);
#1825=B_SPLINE_CURVE_WITH_KNOTS('',3,(#1808,#1809,#1810,#1811,#1812,#1813,#1814,
#1815,#1816,#1817,#1818,#1819,#1820,#1821,#1822,#1823,#1824),.UNSPECIFIED.,.F.,
.F.,(4,1,1,1,1,1,1,1,1,1,1,1,1,1,4),(0.E0,7.142857142857E-2,1.428571428571E-1,
2.142857142857E-1,2.857142857143E-1,3.571428571429E-1,4.285714285714E-1,5.E-1,
5.714285714286E-1,6.428571428571E-1,7.142857142857E-1,7.857142857143E-1,
8.571428571429E-1,9.285714285714E-1,1.E0),.UNSPECIFIED.);
#1840=B_SPLINE_CURVE_WITH_KNOTS('',3,(#1826,#1827,#1828,#1829,#1830,#1831,#1832,
#1833,#1834,#1835,#1836,#1837,#1838,#1839),.UNSPECIFIED.,.F.,.F.,(4,1,1,1,1,1,1,
1,1,1,1,4),(0.E0,9.090909090909E-2,1.818181818182E-1,2.727272727273E-1,
3.636363636364E-1,4.545454545455E-1,5.454545454545E-1,6.363636363636E-1,
7.272727272727E-1,8.181818181818E-1,9.090909090909E-1,1.E0),.UNSPECIFIED.);
#1856=B_SPLINE_CURVE_WITH_KNOTS('',3,(#1841,#1842,#1843,#1844,#1845,#1846,#1847,
#1848,#1849,#1850,#1851,#1852,#1853,#1854,#1855),.UNSPECIFIED.,.F.,.F.,(4,1,1,1,
1,1,1,1,1,1,1,1,4),(0.E0,8.333333333333E-2,1.666666666667E-1,2.5E-1,
3.333333333333E-1,4.166666666667E-1,5.E-1,5.833333333333E-1,6.666666666667E-1,
7.5E-1,8.333333333333E-1,9.166666666667E-1,1.E0),.UNSPECIFIED.);
#1876=B_SPLINE_CURVE_WITH_KNOTS('',3,(#1861,#1862,#1863,#1864,#1865,#1866,#1867,
#1868,#1869,#1870,#1871,#1872,#1873,#1874,#1875),.UNSPECIFIED.,.F.,.F.,(4,1,1,1,
1,1,1,1,1,1,1,1,4),(0.E0,8.333333333333E-2,1.666666666667E-1,2.5E-1,
3.333333333333E-1,4.166666666667E-1,5.E-1,5.833333333333E-1,6.666666666667E-1,
7.5E-1,8.333333333333E-1,9.166666666667E-1,1.E0),.UNSPECIFIED.);
#1891=B_SPLINE_CURVE_WITH_KNOTS('',3,(#1877,#1878,#1879,#1880,#1881,#1882,#1883,
#1884,#1885,#1886,#1887,#1888,#1889,#1890),.UNSPECIFIED.,.F.,.F.,(4,1,1,1,1,1,1,
1,1,1,1,4),(0.E0,9.090909090909E-2,1.818181818182E-1,2.727272727273E-1,
3.636363636364E-1,4.545454545455E-1,5.454545454545E-1,6.363636363636E-1,
7.272727272727E-1,8.181818181818E-1,9.090909090909E-1,1.E0),.UNSPECIFIED.);
#1907=B_SPLINE_CURVE_WITH_KNOTS('',3,(#1892,#1893,#1894,#1895,#1896,#1897,#1898,
#1899,#1900,#1901,#1902,#1903,#1904,#1905,#1906),.UNSPECIFIED.,.F.,.F.,(4,1,1,1,
1,1,1,1,1,1,1,1,4),(0.E0,8.333333333333E-2,1.666666666667E-1,2.5E-1,
3.333333333333E-1,4.166666666667E-1,5.E-1,5.833333333333E-1,6.666666666667E-1,
7.5E-1,8.333333333333E-1,9.166666666667E-1,1.E0),.UNSPECIFIED.);
#1920=B_SPLINE_CURVE_WITH_KNOTS('',3,(#1908,#1909,#1910,#1911,#1912,#1913,#1914,
#1915,#1916,#1917,#1918,#1919),.UNSPECIFIED.,.F.,.F.,(4,1,1,1,1,1,1,1,1,4),
(0.E0,1.111111111111E-1,2.222222222222E-1,3.333333333333E-1,4.444444444444E-1,
5.555555555556E-1,6.666666666667E-1,7.777777777778E-1,8.888888888889E-1,1.E0),
.UNSPECIFIED.);
#1936=B_SPLINE_CURVE_WITH_KNOTS('',3,(#1921,#1922,#1923,#1924,#1925,#1926,#1927,
#1928,#1929,#1930,#1931,#1932,#1933,#1934,#1935),.UNSPECIFIED.,.F.,.F.,(4,1,1,1,
1,1,1,1,1,1,1,1,4),(0.E0,8.333333333333E-2,1.666666666667E-1,2.5E-1,
3.333333333333E-1,4.166666666667E-1,5.E-1,5.833333333333E-1,6.666666666667E-1,
7.5E-1,8.333333333333E-1,9.166666666667E-1,1.E0),.UNSPECIFIED.);
#1951=B_SPLINE_CURVE_WITH_KNOTS('',3,(#1937,#1938,#1939,#1940,#1941,#1942,#1943,
#1944,#1945,#1946,#1947,#1948,#1949,#1950),.UNSPECIFIED.,.F.,.F.,(4,1,1,1,1,1,1,
1,1,1,1,4),(0.E0,9.090909090909E-2,1.818181818182E-1,2.727272727273E-1,
3.636363636364E-1,4.545454545455E-1,5.454545454545E-1,6.363636363636E-1,
7.272727272727E-1,8.181818181818E-1,9.090909090909E-1,1.E0),.UNSPECIFIED.);
#1967=B_SPLINE_CURVE_WITH_KNOTS('',3,(#1952,#1953,#1954,#1955,#1956,#1957,#1958,
#1959,#1960,#1961,#1962,#1963,#1964,#1965,#1966),.UNSPECIFIED.,.F.,.F.,(4,1,1,1,
1,1,1,1,1,1,1,1,4),(0.E0,8.333333333333E-2,1.666666666667E-1,2.5E-1,
3.333333333333E-1,4.166666666667E-1,5.E-1,5.833333333333E-1,6.666666666667E-1,
7.5E-1,8.333333333333E-1,9.166666666667E-1,1.E0),.UNSPECIFIED.);
#1980=B_SPLINE_CURVE_WITH_KNOTS('',3,(#1968,#1969,#1970,#1971,#1972,#1973,#1974,
#1975,#1976,#1977,#1978,#1979),.UNSPECIFIED.,.F.,.F.,(4,1,1,1,1,1,1,1,1,4),
(0.E0,1.111111111111E-1,2.222222222222E-1,3.333333333333E-1,4.444444444444E-1,
5.555555555556E-1,6.666666666667E-1,7.777777777778E-1,8.888888888889E-1,1.E0),
.UNSPECIFIED.);
#1996=B_SPLINE_CURVE_WITH_KNOTS('',3,(#1981,#1982,#1983,#1984,#1985,#1986,#1987,
#1988,#1989,#1990,#1991,#1992,#1993,#1994,#1995),.UNSPECIFIED.,.F.,.F.,(4,1,1,1,
1,1,1,1,1,1,1,1,4),(0.E0,8.333333333333E-2,1.666666666667E-1,2.5E-1,
3.333333333333E-1,4.166666666667E-1,5.E-1,5.833333333333E-1,6.666666666667E-1,
7.5E-1,8.333333333333E-1,9.166666666667E-1,1.E0),.UNSPECIFIED.);
#2011=B_SPLINE_CURVE_WITH_KNOTS('',3,(#1997,#1998,#1999,#2000,#2001,#2002,#2003,
#2004,#2005,#2006,#2007,#2008,#2009,#2010),.UNSPECIFIED.,.F.,.F.,(4,1,1,1,1,1,1,
1,1,1,1,4),(0.E0,9.090909090909E-2,1.818181818182E-1,2.727272727273E-1,
3.636363636364E-1,4.545454545455E-1,5.454545454545E-1,6.363636363636E-1,
7.272727272727E-1,8.181818181818E-1,9.090909090909E-1,1.E0),.UNSPECIFIED.);
#2027=B_SPLINE_CURVE_WITH_KNOTS('',3,(#2012,#2013,#2014,#2015,#2016,#2017,#2018,
#2019,#2020,#2021,#2022,#2023,#2024,#2025,#2026),.UNSPECIFIED.,.F.,.F.,(4,1,1,1,
1,1,1,1,1,1,1,1,4),(0.E0,8.333333333333E-2,1.666666666667E-1,2.5E-1,
3.333333333333E-1,4.166666666667E-1,5.E-1,5.833333333333E-1,6.666666666667E-1,
7.5E-1,8.333333333333E-1,9.166666666667E-1,1.E0),.UNSPECIFIED.);
#2176=B_SPLINE_CURVE_WITH_KNOTS('',3,(#2028,#2029,#2030,#2031,#2032,#2033,#2034,
#2035,#2036,#2037,#2038,#2039,#2040,#2041,#2042,#2043,#2044,#2045,#2046,#2047,
#2048,#2049,#2050,#2051,#2052,#2053,#2054,#2055,#2056,#2057,#2058,#2059,#2060,
#2061,#2062,#2063,#2064,#2065,#2066,#2067,#2068,#2069,#2070,#2071,#2072,#2073,
#2074,#2075,#2076,#2077,#2078,#2079,#2080,#2081,#2082,#2083,#2084,#2085,#2086,
#2087,#2088,#2089,#2090,#2091,#2092,#2093,#2094,#2095,#2096,#2097,#2098,#2099,
#2100,#2101,#2102,#2103,#2104,#2105,#2106,#2107,#2108,#2109,#2110,#2111,#2112,
#2113,#2114,#2115,#2116,#2117,#2118,#2119,#2120,#2121,#2122,#2123,#2124,#2125,
#2126,#2127,#2128,#2129,#2130,#2131,#2132,#2133,#2134,#2135,#2136,#2137,#2138,
#2139,#2140,#2141,#2142,#2143,#2144,#2145,#2146,#2147,#2148,#2149,#2150,#2151,
#2152,#2153,#2154,#2155,#2156,#2157,#2158,#2159,#2160,#2161,#2162,#2163,#2164,
#2165,#2166,#2167,#2168,#2169,#2170,#2171,#2172,#2173,#2174,#2175),
.UNSPECIFIED.,.F.,.F.,(4,1,1,1,1,1,1,1,1,1,1,1,1,1,1,1,1,1,1,1,1,1,1,1,1,1,1,1,
1,1,1,1,1,1,1,1,1,1,1,1,1,1,1,1,1,1,1,1,1,1,1,1,1,1,1,1,1,1,1,1,1,1,1,1,1,1,1,1,
1,1,1,1,1,1,1,1,1,1,1,1,1,1,1,1,1,1,1,1,1,1,1,1,1,1,1,1,1,1,1,1,1,1,1,1,1,1,1,1,
1,1,1,1,1,1,1,1,1,1,1,1,1,1,1,1,1,1,1,1,1,1,1,1,1,1,1,1,1,1,1,1,1,1,1,1,1,4),(
0.E0,6.896551724138E-3,1.379310344828E-2,2.068965517241E-2,2.758620689655E-2,
3.448275862069E-2,4.137931034483E-2,4.827586206897E-2,5.517241379310E-2,
6.206896551724E-2,6.896551724138E-2,7.586206896552E-2,8.275862068966E-2,
8.965517241379E-2,9.655172413793E-2,1.034482758621E-1,1.103448275862E-1,
1.172413793103E-1,1.241379310345E-1,1.310344827586E-1,1.379310344828E-1,
1.448275862069E-1,1.517241379310E-1,1.586206896552E-1,1.655172413793E-1,
1.724137931034E-1,1.793103448276E-1,1.862068965517E-1,1.931034482759E-1,2.E-1,
2.068965517241E-1,2.137931034483E-1,2.206896551724E-1,2.275862068966E-1,
2.344827586207E-1,2.413793103448E-1,2.482758620690E-1,2.551724137931E-1,
2.620689655172E-1,2.689655172414E-1,2.758620689655E-1,2.827586206897E-1,
2.896551724138E-1,2.965517241379E-1,3.034482758621E-1,3.103448275862E-1,
3.172413793103E-1,3.241379310345E-1,3.310344827586E-1,3.379310344828E-1,
3.448275862069E-1,3.517241379310E-1,3.586206896552E-1,3.655172413793E-1,
3.724137931034E-1,3.793103448276E-1,3.862068965517E-1,3.931034482759E-1,4.E-1,
4.068965517241E-1,4.137931034483E-1,4.206896551724E-1,4.275862068966E-1,
4.344827586207E-1,4.413793103448E-1,4.482758620690E-1,4.551724137931E-1,
4.620689655172E-1,4.689655172414E-1,4.758620689655E-1,4.827586206897E-1,
4.896551724138E-1,4.965517241379E-1,5.034482758621E-1,5.103448275862E-1,
5.172413793103E-1,5.241379310345E-1,5.310344827586E-1,5.379310344828E-1,
5.448275862069E-1,5.517241379310E-1,5.586206896552E-1,5.655172413793E-1,
5.724137931034E-1,5.793103448276E-1,5.862068965517E-1,5.931034482759E-1,6.E-1,
6.068965517241E-1,6.137931034483E-1,6.206896551724E-1,6.275862068966E-1,
6.344827586207E-1,6.413793103448E-1,6.482758620690E-1,6.551724137931E-1,
6.620689655172E-1,6.689655172414E-1,6.758620689655E-1,6.827586206897E-1,
6.896551724138E-1,6.965517241379E-1,7.034482758621E-1,7.103448275862E-1,
7.172413793103E-1,7.241379310345E-1,7.310344827586E-1,7.379310344828E-1,
7.448275862069E-1,7.517241379310E-1,7.586206896552E-1,7.655172413793E-1,
7.724137931034E-1,7.793103448276E-1,7.862068965517E-1,7.931034482759E-1,8.E-1,
8.068965517241E-1,8.137931034483E-1,8.206896551724E-1,8.275862068966E-1,
8.344827586207E-1,8.413793103448E-1,8.482758620690E-1,8.551724137931E-1,
8.620689655172E-1,8.689655172414E-1,8.758620689655E-1,8.827586206897E-1,
8.896551724138E-1,8.965517241379E-1,9.034482758621E-1,9.103448275862E-1,
9.172413793103E-1,9.241379310345E-1,9.310344827586E-1,9.379310344828E-1,
9.448275862069E-1,9.517241379310E-1,9.586206896552E-1,9.655172413793E-1,
9.724137931034E-1,9.793103448276E-1,9.862068965517E-1,9.931034482759E-1,1.E0),
.UNSPECIFIED.);
#2196=B_SPLINE_CURVE_WITH_KNOTS('',3,(#2181,#2182,#2183,#2184,#2185,#2186,#2187,
#2188,#2189,#2190,#2191,#2192,#2193,#2194,#2195),.UNSPECIFIED.,.F.,.F.,(4,1,1,1,
1,1,1,1,1,1,1,1,4),(0.E0,8.333333333333E-2,1.666666666667E-1,2.5E-1,
3.333333333333E-1,4.166666666667E-1,5.E-1,5.833333333333E-1,6.666666666667E-1,
7.5E-1,8.333333333333E-1,9.166666666667E-1,1.E0),.UNSPECIFIED.);
#2209=B_SPLINE_CURVE_WITH_KNOTS('',3,(#2197,#2198,#2199,#2200,#2201,#2202,#2203,
#2204,#2205,#2206,#2207,#2208),.UNSPECIFIED.,.F.,.F.,(4,1,1,1,1,1,1,1,1,4),
(0.E0,1.111111111111E-1,2.222222222222E-1,3.333333333333E-1,4.444444444444E-1,
5.555555555556E-1,6.666666666667E-1,7.777777777778E-1,8.888888888889E-1,1.E0),
.UNSPECIFIED.);
#2226=B_SPLINE_CURVE_WITH_KNOTS('',3,(#2210,#2211,#2212,#2213,#2214,#2215,#2216,
#2217,#2218,#2219,#2220,#2221,#2222,#2223,#2224,#2225),.UNSPECIFIED.,.F.,.F.,(4,
1,1,1,1,1,1,1,1,1,1,1,1,4),(0.E0,7.692307692308E-2,1.538461538462E-1,
2.307692307692E-1,3.076923076923E-1,3.846153846154E-1,4.615384615385E-1,
5.384615384615E-1,6.153846153846E-1,6.923076923077E-1,7.692307692308E-1,
8.461538461538E-1,9.230769230769E-1,1.E0),.UNSPECIFIED.);
#2241=B_SPLINE_CURVE_WITH_KNOTS('',3,(#2227,#2228,#2229,#2230,#2231,#2232,#2233,
#2234,#2235,#2236,#2237,#2238,#2239,#2240),.UNSPECIFIED.,.F.,.F.,(4,1,1,1,1,1,1,
1,1,1,1,4),(0.E0,9.090909090909E-2,1.818181818182E-1,2.727272727273E-1,
3.636363636364E-1,4.545454545455E-1,5.454545454545E-1,6.363636363636E-1,
7.272727272727E-1,8.181818181818E-1,9.090909090909E-1,1.E0),.UNSPECIFIED.);
#2256=B_SPLINE_CURVE_WITH_KNOTS('',3,(#2242,#2243,#2244,#2245,#2246,#2247,#2248,
#2249,#2250,#2251,#2252,#2253,#2254,#2255),.UNSPECIFIED.,.F.,.F.,(4,1,1,1,1,1,1,
1,1,1,1,4),(0.E0,9.090909090909E-2,1.818181818182E-1,2.727272727273E-1,
3.636363636364E-1,4.545454545455E-1,5.454545454545E-1,6.363636363636E-1,
7.272727272727E-1,8.181818181818E-1,9.090909090909E-1,1.E0),.UNSPECIFIED.);
#2273=B_SPLINE_CURVE_WITH_KNOTS('',3,(#2257,#2258,#2259,#2260,#2261,#2262,#2263,
#2264,#2265,#2266,#2267,#2268,#2269,#2270,#2271,#2272),.UNSPECIFIED.,.F.,.F.,(4,
1,1,1,1,1,1,1,1,1,1,1,1,4),(0.E0,7.692307692308E-2,1.538461538462E-1,
2.307692307692E-1,3.076923076923E-1,3.846153846154E-1,4.615384615385E-1,
5.384615384615E-1,6.153846153846E-1,6.923076923077E-1,7.692307692308E-1,
8.461538461538E-1,9.230769230769E-1,1.E0),.UNSPECIFIED.);
#2286=B_SPLINE_CURVE_WITH_KNOTS('',3,(#2274,#2275,#2276,#2277,#2278,#2279,#2280,
#2281,#2282,#2283,#2284,#2285),.UNSPECIFIED.,.F.,.F.,(4,1,1,1,1,1,1,1,1,4),
(0.E0,1.111111111111E-1,2.222222222222E-1,3.333333333333E-1,4.444444444444E-1,
5.555555555556E-1,6.666666666667E-1,7.777777777778E-1,8.888888888889E-1,1.E0),
.UNSPECIFIED.);
#2435=B_SPLINE_CURVE_WITH_KNOTS('',3,(#2287,#2288,#2289,#2290,#2291,#2292,#2293,
#2294,#2295,#2296,#2297,#2298,#2299,#2300,#2301,#2302,#2303,#2304,#2305,#2306,
#2307,#2308,#2309,#2310,#2311,#2312,#2313,#2314,#2315,#2316,#2317,#2318,#2319,
#2320,#2321,#2322,#2323,#2324,#2325,#2326,#2327,#2328,#2329,#2330,#2331,#2332,
#2333,#2334,#2335,#2336,#2337,#2338,#2339,#2340,#2341,#2342,#2343,#2344,#2345,
#2346,#2347,#2348,#2349,#2350,#2351,#2352,#2353,#2354,#2355,#2356,#2357,#2358,
#2359,#2360,#2361,#2362,#2363,#2364,#2365,#2366,#2367,#2368,#2369,#2370,#2371,
#2372,#2373,#2374,#2375,#2376,#2377,#2378,#2379,#2380,#2381,#2382,#2383,#2384,
#2385,#2386,#2387,#2388,#2389,#2390,#2391,#2392,#2393,#2394,#2395,#2396,#2397,
#2398,#2399,#2400,#2401,#2402,#2403,#2404,#2405,#2406,#2407,#2408,#2409,#2410,
#2411,#2412,#2413,#2414,#2415,#2416,#2417,#2418,#2419,#2420,#2421,#2422,#2423,
#2424,#2425,#2426,#2427,#2428,#2429,#2430,#2431,#2432,#2433,#2434),
.UNSPECIFIED.,.F.,.F.,(4,1,1,1,1,1,1,1,1,1,1,1,1,1,1,1,1,1,1,1,1,1,1,1,1,1,1,1,
1,1,1,1,1,1,1,1,1,1,1,1,1,1,1,1,1,1,1,1,1,1,1,1,1,1,1,1,1,1,1,1,1,1,1,1,1,1,1,1,
1,1,1,1,1,1,1,1,1,1,1,1,1,1,1,1,1,1,1,1,1,1,1,1,1,1,1,1,1,1,1,1,1,1,1,1,1,1,1,1,
1,1,1,1,1,1,1,1,1,1,1,1,1,1,1,1,1,1,1,1,1,1,1,1,1,1,1,1,1,1,1,1,1,1,1,1,1,4),(
0.E0,6.896551724138E-3,1.379310344828E-2,2.068965517241E-2,2.758620689655E-2,
3.448275862069E-2,4.137931034483E-2,4.827586206897E-2,5.517241379310E-2,
6.206896551724E-2,6.896551724138E-2,7.586206896552E-2,8.275862068966E-2,
8.965517241379E-2,9.655172413793E-2,1.034482758621E-1,1.103448275862E-1,
1.172413793103E-1,1.241379310345E-1,1.310344827586E-1,1.379310344828E-1,
1.448275862069E-1,1.517241379310E-1,1.586206896552E-1,1.655172413793E-1,
1.724137931034E-1,1.793103448276E-1,1.862068965517E-1,1.931034482759E-1,2.E-1,
2.068965517241E-1,2.137931034483E-1,2.206896551724E-1,2.275862068966E-1,
2.344827586207E-1,2.413793103448E-1,2.482758620690E-1,2.551724137931E-1,
2.620689655172E-1,2.689655172414E-1,2.758620689655E-1,2.827586206897E-1,
2.896551724138E-1,2.965517241379E-1,3.034482758621E-1,3.103448275862E-1,
3.172413793103E-1,3.241379310345E-1,3.310344827586E-1,3.379310344828E-1,
3.448275862069E-1,3.517241379310E-1,3.586206896552E-1,3.655172413793E-1,
3.724137931034E-1,3.793103448276E-1,3.862068965517E-1,3.931034482759E-1,4.E-1,
4.068965517241E-1,4.137931034483E-1,4.206896551724E-1,4.275862068966E-1,
4.344827586207E-1,4.413793103448E-1,4.482758620690E-1,4.551724137931E-1,
4.620689655172E-1,4.689655172414E-1,4.758620689655E-1,4.827586206897E-1,
4.896551724138E-1,4.965517241379E-1,5.034482758621E-1,5.103448275862E-1,
5.172413793103E-1,5.241379310345E-1,5.310344827586E-1,5.379310344828E-1,
5.448275862069E-1,5.517241379310E-1,5.586206896552E-1,5.655172413793E-1,
5.724137931034E-1,5.793103448276E-1,5.862068965517E-1,5.931034482759E-1,6.E-1,
6.068965517241E-1,6.137931034483E-1,6.206896551724E-1,6.275862068966E-1,
6.344827586207E-1,6.413793103448E-1,6.482758620690E-1,6.551724137931E-1,
6.620689655172E-1,6.689655172414E-1,6.758620689655E-1,6.827586206897E-1,
6.896551724138E-1,6.965517241379E-1,7.034482758621E-1,7.103448275862E-1,
7.172413793103E-1,7.241379310345E-1,7.310344827586E-1,7.379310344828E-1,
7.448275862069E-1,7.517241379310E-1,7.586206896552E-1,7.655172413793E-1,
7.724137931034E-1,7.793103448276E-1,7.862068965517E-1,7.931034482759E-1,8.E-1,
8.068965517241E-1,8.137931034483E-1,8.206896551724E-1,8.275862068966E-1,
8.344827586207E-1,8.413793103448E-1,8.482758620690E-1,8.551724137931E-1,
8.620689655172E-1,8.689655172414E-1,8.758620689655E-1,8.827586206897E-1,
8.896551724138E-1,8.965517241379E-1,9.034482758621E-1,9.103448275862E-1,
9.172413793103E-1,9.241379310345E-1,9.310344827586E-1,9.379310344828E-1,
9.448275862069E-1,9.517241379310E-1,9.586206896552E-1,9.655172413793E-1,
9.724137931034E-1,9.793103448276E-1,9.862068965517E-1,9.931034482759E-1,1.E0),
.UNSPECIFIED.);
#2481=B_SPLINE_CURVE_WITH_KNOTS('',3,(#2440,#2441,#2442,#2443,#2444,#2445,#2446,
#2447,#2448,#2449,#2450,#2451,#2452,#2453,#2454,#2455,#2456,#2457,#2458,#2459,
#2460,#2461,#2462,#2463,#2464,#2465,#2466,#2467,#2468,#2469,#2470,#2471,#2472,
#2473,#2474,#2475,#2476,#2477,#2478,#2479,#2480),.UNSPECIFIED.,.F.,.F.,(4,1,1,1,
1,1,1,1,1,1,1,1,1,1,1,1,1,1,1,1,1,1,1,1,1,1,1,1,1,1,1,1,1,1,1,1,1,1,4),(0.E0,
2.631578947368E-2,5.263157894737E-2,7.894736842105E-2,1.052631578947E-1,
1.315789473684E-1,1.578947368421E-1,1.842105263158E-1,2.105263157895E-1,
2.368421052632E-1,2.631578947368E-1,2.894736842105E-1,3.157894736842E-1,
3.421052631579E-1,3.684210526316E-1,3.947368421053E-1,4.210526315789E-1,
4.473684210526E-1,4.736842105263E-1,5.E-1,5.263157894737E-1,5.526315789474E-1,
5.789473684211E-1,6.052631578947E-1,6.315789473684E-1,6.578947368421E-1,
6.842105263158E-1,7.105263157895E-1,7.368421052632E-1,7.631578947368E-1,
7.894736842105E-1,8.157894736842E-1,8.421052631579E-1,8.684210526316E-1,
8.947368421053E-1,9.210526315789E-1,9.473684210526E-1,9.736842105263E-1,1.E0),
.UNSPECIFIED.);
#2506=B_SPLINE_CURVE_WITH_KNOTS('',3,(#2494,#2495,#2496,#2497,#2498,#2499,#2500,
#2501,#2502,#2503,#2504,#2505),.UNSPECIFIED.,.F.,.F.,(4,1,1,1,1,1,1,1,1,4),
(0.E0,1.111111111111E-1,2.222222222222E-1,3.333333333333E-1,4.444444444444E-1,
5.555555555556E-1,6.666666666667E-1,7.777777777778E-1,8.888888888889E-1,1.E0),
.UNSPECIFIED.);
#2518=B_SPLINE_CURVE_WITH_KNOTS('',3,(#2511,#2512,#2513,#2514,#2515,#2516,
#2517),.UNSPECIFIED.,.F.,.F.,(4,1,1,1,4),(0.E0,2.5E-1,5.E-1,7.5E-1,1.E0),
.UNSPECIFIED.);
#2524=B_SPLINE_CURVE_WITH_KNOTS('',3,(#2519,#2520,#2521,#2522,#2523),
.UNSPECIFIED.,.F.,.F.,(4,1,4),(0.E0,5.E-1,1.E0),.UNSPECIFIED.);
#2540=B_SPLINE_CURVE_WITH_KNOTS('',3,(#2525,#2526,#2527,#2528,#2529,#2530,#2531,
#2532,#2533,#2534,#2535,#2536,#2537,#2538,#2539),.UNSPECIFIED.,.F.,.F.,(4,1,1,1,
1,1,1,1,1,1,1,1,4),(0.E0,8.333333333333E-2,1.666666666667E-1,2.5E-1,
3.333333333333E-1,4.166666666667E-1,5.E-1,5.833333333333E-1,6.666666666667E-1,
7.5E-1,8.333333333333E-1,9.166666666667E-1,1.E0),.UNSPECIFIED.);
#2553=B_SPLINE_CURVE_WITH_KNOTS('',3,(#2541,#2542,#2543,#2544,#2545,#2546,#2547,
#2548,#2549,#2550,#2551,#2552),.UNSPECIFIED.,.F.,.F.,(4,1,1,1,1,1,1,1,1,4),
(0.E0,1.111111111111E-1,2.222222222222E-1,3.333333333333E-1,4.444444444444E-1,
5.555555555556E-1,6.666666666667E-1,7.777777777778E-1,8.888888888889E-1,1.E0),
.UNSPECIFIED.);
#2570=B_SPLINE_CURVE_WITH_KNOTS('',3,(#2554,#2555,#2556,#2557,#2558,#2559,#2560,
#2561,#2562,#2563,#2564,#2565,#2566,#2567,#2568,#2569),.UNSPECIFIED.,.F.,.F.,(4,
1,1,1,1,1,1,1,1,1,1,1,1,4),(0.E0,7.692307692308E-2,1.538461538462E-1,
2.307692307692E-1,3.076923076923E-1,3.846153846154E-1,4.615384615385E-1,
5.384615384615E-1,6.153846153846E-1,6.923076923077E-1,7.692307692308E-1,
8.461538461538E-1,9.230769230769E-1,1.E0),.UNSPECIFIED.);
#2585=B_SPLINE_CURVE_WITH_KNOTS('',3,(#2571,#2572,#2573,#2574,#2575,#2576,#2577,
#2578,#2579,#2580,#2581,#2582,#2583,#2584),.UNSPECIFIED.,.F.,.F.,(4,1,1,1,1,1,1,
1,1,1,1,4),(0.E0,9.090909090909E-2,1.818181818182E-1,2.727272727273E-1,
3.636363636364E-1,4.545454545455E-1,5.454545454545E-1,6.363636363636E-1,
7.272727272727E-1,8.181818181818E-1,9.090909090909E-1,1.E0),.UNSPECIFIED.);
#2600=B_SPLINE_CURVE_WITH_KNOTS('',3,(#2586,#2587,#2588,#2589,#2590,#2591,#2592,
#2593,#2594,#2595,#2596,#2597,#2598,#2599),.UNSPECIFIED.,.F.,.F.,(4,1,1,1,1,1,1,
1,1,1,1,4),(0.E0,9.090909090909E-2,1.818181818182E-1,2.727272727273E-1,
3.636363636364E-1,4.545454545455E-1,5.454545454545E-1,6.363636363636E-1,
7.272727272727E-1,8.181818181818E-1,9.090909090909E-1,1.E0),.UNSPECIFIED.);
#2617=B_SPLINE_CURVE_WITH_KNOTS('',3,(#2601,#2602,#2603,#2604,#2605,#2606,#2607,
#2608,#2609,#2610,#2611,#2612,#2613,#2614,#2615,#2616),.UNSPECIFIED.,.F.,.F.,(4,
1,1,1,1,1,1,1,1,1,1,1,1,4),(0.E0,7.692307692308E-2,1.538461538462E-1,
2.307692307692E-1,3.076923076923E-1,3.846153846154E-1,4.615384615385E-1,
5.384615384615E-1,6.153846153846E-1,6.923076923077E-1,7.692307692308E-1,
8.461538461538E-1,9.230769230769E-1,1.E0),.UNSPECIFIED.);
#2626=CIRCLE('',#2625,4.725E0);
#2639=CIRCLE('',#2638,6.E-1);
#2644=CIRCLE('',#2643,4.725E0);
#2649=CIRCLE('',#2648,4.725E0);
#2654=CIRCLE('',#2653,4.725E0);
#2659=CIRCLE('',#2658,5.75E-1);
#2664=CIRCLE('',#2663,5.75E-1);
#2669=CIRCLE('',#2668,5.75E-1);
#2674=CIRCLE('',#2673,5.75E-1);
#2679=CIRCLE('',#2678,5.75E-1);
#2684=CIRCLE('',#2683,5.75E-1);
#2689=CIRCLE('',#2688,5.75E-1);
#2694=CIRCLE('',#2693,5.75E-1);
#2699=CIRCLE('',#2698,6.E-1);
#2708=CIRCLE('',#2707,5.75E-1);
#2717=CIRCLE('',#2716,5.5E-1);
#2722=CIRCLE('',#2721,2.5E-2);
#2727=CIRCLE('',#2726,2.5E-2);
#2732=CIRCLE('',#2731,2.5E-2);
#2737=CIRCLE('',#2736,2.5E-2);
#2742=CIRCLE('',#2741,2.5E-2);
#2747=CIRCLE('',#2746,2.5E-2);
#2752=CIRCLE('',#2751,2.5E-2);
#2757=CIRCLE('',#2756,2.5E-2);
#2762=CIRCLE('',#2761,5.5E-1);
#2767=CIRCLE('',#2766,5.75E-1);
#2776=CIRCLE('',#2775,5.5E-1);
#2781=CIRCLE('',#2780,5.5E-1);
#2786=CIRCLE('',#2785,5.75E-1);
#2795=CIRCLE('',#2794,5.75E-1);
#2804=CIRCLE('',#2803,5.5E-1);
#2809=CIRCLE('',#2808,5.5E-1);
#2814=CIRCLE('',#2813,5.75E-1);
#2823=CIRCLE('',#2822,5.75E-1);
#2832=CIRCLE('',#2831,5.5E-1);
#2837=CIRCLE('',#2836,5.5E-1);
#2842=CIRCLE('',#2841,5.75E-1);
#2851=CIRCLE('',#2850,5.75E-1);
#2900=CIRCLE('',#2899,7.5E-1);
#3286=EDGE_CURVE('',#3271,#3272,#27,.T.);
#3288=EDGE_CURVE('',#3208,#3272,#2867,.T.);
#3290=EDGE_CURVE('',#3207,#3208,#230,.T.);
#3292=EDGE_CURVE('',#3207,#3271,#31,.T.);
#3309=EDGE_CURVE('',#3267,#3268,#88,.T.);
#3311=EDGE_CURVE('',#3228,#3267,#35,.T.);
#3313=EDGE_CURVE('',#3227,#3228,#40,.T.);
#3315=EDGE_CURVE('',#3268,#3227,#44,.T.);
#3333=EDGE_CURVE('',#3232,#3271,#48,.T.);
#3335=EDGE_CURVE('',#3231,#3232,#53,.T.);
#3337=EDGE_CURVE('',#3272,#3231,#57,.T.);
#3354=EDGE_CURVE('',#3276,#3274,#201,.T.);
#3356=EDGE_CURVE('',#3220,#3276,#61,.T.);
#3358=EDGE_CURVE('',#3219,#3220,#66,.T.);
#3360=EDGE_CURVE('',#3274,#3219,#70,.T.);
#3377=EDGE_CURVE('',#3280,#3278,#2900,.T.);
#3379=EDGE_CURVE('',#3224,#3280,#74,.T.);
#3381=EDGE_CURVE('',#3223,#3224,#79,.T.);
#3383=EDGE_CURVE('',#3278,#3223,#83,.T.);
#3401=EDGE_CURVE('',#3204,#3268,#104,.T.);
#3403=EDGE_CURVE('',#3203,#3204,#220,.T.);
#3405=EDGE_CURVE('',#3203,#3267,#92,.T.);
#3422=EDGE_CURVE('',#3268,#3251,#96,.T.);
#3424=EDGE_CURVE('',#3251,#3256,#158,.T.);
#3426=EDGE_CURVE('',#3267,#3256,#100,.T.);
#3429=EDGE_CURVE('',#3204,#3203,#225,.T.);
#3447=EDGE_CURVE('',#3251,#3252,#144,.T.);
#3451=EDGE_CURVE('',#3252,#3227,#2908,.T.);
#3468=EDGE_CURVE('',#3235,#3236,#108,.T.);
#3470=EDGE_CURVE('',#3236,#3238,#113,.T.);
#3472=EDGE_CURVE('',#3240,#3238,#117,.T.);
#3474=EDGE_CURVE('',#3235,#3240,#122,.T.);
#3491=EDGE_CURVE('',#3243,#3244,#126,.T.);
#3493=EDGE_CURVE('',#3244,#3246,#131,.T.);
#3495=EDGE_CURVE('',#3246,#3248,#135,.T.);
#3497=EDGE_CURVE('',#3243,#3248,#140,.T.);
#3515=EDGE_CURVE('',#3252,#3254,#149,.T.);
#3517=EDGE_CURVE('',#3254,#3256,#153,.T.);
#3535=EDGE_CURVE('',#3259,#3260,#162,.T.);
#3537=EDGE_CURVE('',#3260,#3262,#167,.T.);
#3539=EDGE_CURVE('',#3262,#3264,#171,.T.);
#3541=EDGE_CURVE('',#3259,#3264,#176,.T.);
#3559=EDGE_CURVE('',#3274,#3235,#180,.T.);
#3562=EDGE_CURVE('',#3236,#3219,#196,.T.);
#3581=EDGE_CURVE('',#3276,#3240,#184,.T.);
#3583=EDGE_CURVE('',#3212,#3276,#205,.T.);
#3585=EDGE_CURVE('',#3211,#3212,#240,.T.);
#3587=EDGE_CURVE('',#3211,#3274,#188,.T.);
#3605=EDGE_CURVE('',#3238,#3220,#192,.T.);
#3645=EDGE_CURVE('',#3212,#3211,#245,.T.);
#3663=EDGE_CURVE('',#2927,#2928,#210,.T.);
#3665=EDGE_CURVE('',#2928,#2927,#215,.T.);
#3674=EDGE_CURVE('',#3208,#3207,#235,.T.);
#3682=EDGE_CURVE('',#3215,#3216,#250,.T.);
#3684=EDGE_CURVE('',#3216,#3215,#255,.T.);
#3702=EDGE_CURVE('',#2928,#2932,#263,.T.);
#3704=EDGE_CURVE('',#2931,#2932,#273,.T.);
#3706=EDGE_CURVE('',#2927,#2931,#259,.T.);
#3718=EDGE_CURVE('',#2932,#2931,#268,.T.);
#3730=EDGE_CURVE('',#2923,#2931,#281,.T.);
#3732=EDGE_CURVE('',#2923,#2924,#296,.T.);
#3734=EDGE_CURVE('',#2924,#2932,#277,.T.);
#3746=EDGE_CURVE('',#2924,#2923,#301,.T.);
#3757=EDGE_CURVE('',#2915,#2916,#286,.T.);
#3759=EDGE_CURVE('',#2916,#2915,#291,.T.);
#3773=EDGE_CURVE('',#2919,#2920,#310,.T.);
#3775=EDGE_CURVE('',#2919,#2915,#305,.T.);
#3778=EDGE_CURVE('',#2920,#2916,#329,.T.);
#3788=EDGE_CURVE('',#2935,#2936,#320,.T.);
#3790=EDGE_CURVE('',#2936,#2935,#325,.T.);
#3795=EDGE_CURVE('',#2920,#2919,#315,.T.);
#3818=EDGE_CURVE('',#2936,#2940,#337,.T.);
#3820=EDGE_CURVE('',#2939,#2940,#356,.T.);
#3822=EDGE_CURVE('',#2935,#2939,#333,.T.);
#3834=EDGE_CURVE('',#2940,#2939,#342,.T.);
#3846=EDGE_CURVE('',#2948,#2939,#365,.T.);
#3848=EDGE_CURVE('',#2948,#2947,#347,.T.);
#3850=EDGE_CURVE('',#2947,#2940,#351,.T.);
#3862=EDGE_CURVE('',#2947,#2948,#361,.T.);
#3873=EDGE_CURVE('',#2943,#2944,#374,.T.);
#3875=EDGE_CURVE('',#2944,#2948,#429,.T.);
#3878=EDGE_CURVE('',#2943,#2947,#369,.T.);
#3889=EDGE_CURVE('',#2944,#2943,#379,.T.);
#3893=EDGE_CURVE('',#3135,#2963,#928,.T.);
#3895=EDGE_CURVE('',#3136,#3135,#383,.T.);
#3897=EDGE_CURVE('',#3136,#2962,#2518,.T.);
#3899=EDGE_CURVE('',#2962,#2963,#425,.T.);
#3921=EDGE_CURVE('',#3054,#3055,#433,.T.);
#3923=EDGE_CURVE('',#3095,#3055,#453,.T.);
#3925=EDGE_CURVE('',#3094,#3095,#457,.T.);
#3927=EDGE_CURVE('',#3054,#3094,#477,.T.);
#3937=EDGE_CURVE('',#3058,#3059,#481,.T.);
#3939=EDGE_CURVE('',#3099,#3059,#501,.T.);
#3941=EDGE_CURVE('',#3098,#3099,#505,.T.);
#3943=EDGE_CURVE('',#3058,#3098,#525,.T.);
#3953=EDGE_CURVE('',#3062,#3063,#529,.T.);
#3955=EDGE_CURVE('',#2967,#3063,#538,.T.);
#3957=EDGE_CURVE('',#3103,#2967,#554,.T.);
#3959=EDGE_CURVE('',#3102,#3103,#558,.T.);
#3961=EDGE_CURVE('',#3062,#3102,#578,.T.);
#3971=EDGE_CURVE('',#3066,#3067,#582,.T.);
#3973=EDGE_CURVE('',#3107,#3067,#602,.T.);
#3975=EDGE_CURVE('',#3106,#3107,#606,.T.);
#3977=EDGE_CURVE('',#2956,#3106,#622,.T.);
#3979=EDGE_CURVE('',#3066,#2956,#631,.T.);
#3989=EDGE_CURVE('',#3070,#3071,#635,.T.);
#3991=EDGE_CURVE('',#3111,#3071,#655,.T.);
#3993=EDGE_CURVE('',#3110,#3111,#659,.T.);
#3995=EDGE_CURVE('',#3070,#3110,#679,.T.);
#4005=EDGE_CURVE('',#3074,#3075,#683,.T.);
#4007=EDGE_CURVE('',#3115,#3075,#703,.T.);
#4009=EDGE_CURVE('',#3114,#3115,#707,.T.);
#4011=EDGE_CURVE('',#3074,#3114,#727,.T.);
#4021=EDGE_CURVE('',#3078,#3079,#731,.T.);
#4023=EDGE_CURVE('',#3119,#3079,#751,.T.);
#4025=EDGE_CURVE('',#3118,#3119,#755,.T.);
#4027=EDGE_CURVE('',#3078,#3118,#775,.T.);
#4037=EDGE_CURVE('',#3082,#3083,#779,.T.);
#4039=EDGE_CURVE('',#3123,#3083,#799,.T.);
#4041=EDGE_CURVE('',#3122,#3123,#803,.T.);
#4043=EDGE_CURVE('',#3082,#3122,#823,.T.);
#4053=EDGE_CURVE('',#3086,#3087,#827,.T.);
#4055=EDGE_CURVE('',#3127,#3087,#847,.T.);
#4057=EDGE_CURVE('',#3126,#3127,#851,.T.);
#4059=EDGE_CURVE('',#3086,#3126,#871,.T.);
#4069=EDGE_CURVE('',#3090,#3091,#875,.T.);
#4071=EDGE_CURVE('',#3131,#3091,#895,.T.);
#4073=EDGE_CURVE('',#3130,#3131,#899,.T.);
#4075=EDGE_CURVE('',#3130,#3090,#919,.T.);
#4085=EDGE_CURVE('',#3134,#3135,#923,.T.);
#4088=EDGE_CURVE('',#2963,#3134,#934,.T.);
#4098=EDGE_CURVE('',#2976,#2977,#938,.T.);
#4100=EDGE_CURVE('',#2977,#3055,#1746,.T.);
#4103=EDGE_CURVE('',#3054,#2976,#1441,.T.);
#4113=EDGE_CURVE('',#2980,#2981,#986,.T.);
#4115=EDGE_CURVE('',#2981,#3059,#1807,.T.);
#4118=EDGE_CURVE('',#3058,#2980,#1473,.T.);
#4128=EDGE_CURVE('',#2984,#2985,#1034,.T.);
#4130=EDGE_CURVE('',#2985,#3063,#1776,.T.);
#4133=EDGE_CURVE('',#3062,#2984,#1506,.T.);
#4143=EDGE_CURVE('',#2988,#2989,#1082,.T.);
#4145=EDGE_CURVE('',#2989,#3067,#1840,.T.);
#4148=EDGE_CURVE('',#3066,#2988,#1536,.T.);
#4158=EDGE_CURVE('',#2992,#2993,#1130,.T.);
#4160=EDGE_CURVE('',#2993,#3071,#1920,.T.);
#4163=EDGE_CURVE('',#3070,#2992,#1951,.T.);
#4173=EDGE_CURVE('',#2996,#2997,#1178,.T.);
#4175=EDGE_CURVE('',#2997,#3075,#1891,.T.);
#4178=EDGE_CURVE('',#3074,#2996,#1980,.T.);
#4188=EDGE_CURVE('',#3000,#3001,#1226,.T.);
#4190=EDGE_CURVE('',#3001,#3079,#2506,.T.);
#4193=EDGE_CURVE('',#3078,#3000,#2011,.T.);
#4203=EDGE_CURVE('',#3004,#3005,#1279,.T.);
#4205=EDGE_CURVE('',#3005,#3083,#2600,.T.);
#4208=EDGE_CURVE('',#3082,#3004,#2209,.T.);
#4218=EDGE_CURVE('',#3008,#3009,#1332,.T.);
#4220=EDGE_CURVE('',#3009,#3087,#2570,.T.);
#4223=EDGE_CURVE('',#3086,#3008,#2241,.T.);
#4233=EDGE_CURVE('',#3012,#3013,#1380,.T.);
#4235=EDGE_CURVE('',#3013,#3091,#2540,.T.);
#4238=EDGE_CURVE('',#3090,#3012,#2273,.T.);
#4249=EDGE_CURVE('',#2965,#2976,#958,.T.);
#4251=EDGE_CURVE('',#2973,#2965,#1673,.T.);
#4253=EDGE_CURVE('',#2973,#3015,#962,.T.);
#4255=EDGE_CURVE('',#2977,#3015,#982,.T.);
#4266=EDGE_CURVE('',#3018,#2980,#1006,.T.);
#4268=EDGE_CURVE('',#3018,#3019,#1010,.T.);
#4270=EDGE_CURVE('',#2981,#3019,#1030,.T.);
#4281=EDGE_CURVE('',#3022,#2984,#1054,.T.);
#4283=EDGE_CURVE('',#3022,#3023,#1058,.T.);
#4285=EDGE_CURVE('',#2985,#3023,#1078,.T.);
#4296=EDGE_CURVE('',#3026,#2988,#1102,.T.);
#4298=EDGE_CURVE('',#3026,#3027,#1106,.T.);
#4300=EDGE_CURVE('',#2989,#3027,#1126,.T.);
#4311=EDGE_CURVE('',#3030,#2992,#1150,.T.);
#4313=EDGE_CURVE('',#3030,#3031,#1154,.T.);
#4315=EDGE_CURVE('',#2993,#3031,#1174,.T.);
#4326=EDGE_CURVE('',#3034,#2996,#1198,.T.);
#4328=EDGE_CURVE('',#3034,#3035,#1202,.T.);
#4330=EDGE_CURVE('',#2997,#3035,#1222,.T.);
#4341=EDGE_CURVE('',#3038,#3000,#1246,.T.);
#4343=EDGE_CURVE('',#3038,#3039,#1250,.T.);
#4345=EDGE_CURVE('',#2969,#3039,#1266,.T.);
#4347=EDGE_CURVE('',#3001,#2969,#1275,.T.);
#4358=EDGE_CURVE('',#2960,#3004,#1288,.T.);
#4360=EDGE_CURVE('',#3042,#2960,#1304,.T.);
#4362=EDGE_CURVE('',#3042,#3043,#1308,.T.);
#4364=EDGE_CURVE('',#3005,#3043,#1328,.T.);
#4375=EDGE_CURVE('',#3046,#3008,#1352,.T.);
#4377=EDGE_CURVE('',#3046,#3047,#1356,.T.);
#4379=EDGE_CURVE('',#3009,#3047,#1376,.T.);
#4390=EDGE_CURVE('',#3050,#3012,#1400,.T.);
#4392=EDGE_CURVE('',#3050,#3051,#1404,.T.);
#4394=EDGE_CURVE('',#3013,#3051,#1424,.T.);
#4670=EDGE_CURVE('',#3018,#3094,#1457,.T.);
#4675=EDGE_CURVE('',#3022,#3098,#1491,.T.);
#4680=EDGE_CURVE('',#3026,#3102,#1522,.T.);
#4685=EDGE_CURVE('',#2955,#2956,#2180,.T.);
#4687=EDGE_CURVE('',#2964,#2955,#1664,.T.);
#4689=EDGE_CURVE('',#2964,#2965,#1698,.T.);
#4700=EDGE_CURVE('',#2972,#2973,#1668,.T.);
#4702=EDGE_CURVE('',#2972,#3015,#1762,.T.);
#4716=EDGE_CURVE('',#3095,#3019,#1825,.T.);
#4729=EDGE_CURVE('',#3099,#3023,#1792,.T.);
#4742=EDGE_CURVE('',#3103,#3027,#1856,.T.);
#4753=EDGE_CURVE('',#3030,#3106,#2196,.T.);
#4756=EDGE_CURVE('',#3107,#3031,#1936,.T.);
#4767=EDGE_CURVE('',#3034,#3110,#1967,.T.);
#4770=EDGE_CURVE('',#3111,#3035,#1907,.T.);
#4781=EDGE_CURVE('',#3038,#3114,#1996,.T.);
#4784=EDGE_CURVE('',#3115,#3039,#1876,.T.);
#4795=EDGE_CURVE('',#3042,#3118,#2027,.T.);
#4798=EDGE_CURVE('',#3119,#3043,#2617,.T.);
#4809=EDGE_CURVE('',#3046,#3122,#2226,.T.);
#4812=EDGE_CURVE('',#3123,#3047,#2585,.T.);
#4823=EDGE_CURVE('',#3050,#3126,#2256,.T.);
#4826=EDGE_CURVE('',#3127,#3051,#2553,.T.);
#4837=EDGE_CURVE('',#3131,#3136,#2524,.T.);
#4841=EDGE_CURVE('',#3134,#3130,#2286,.T.);
#4854=EDGE_CURVE('',#2972,#2964,#1720,.T.);
#4858=EDGE_CURVE('',#3143,#3144,#1725,.T.);
#4860=EDGE_CURVE('',#3144,#3143,#1730,.T.);
#5139=EDGE_CURVE('',#2967,#2955,#1860,.T.);
#5427=EDGE_CURVE('',#2955,#2959,#2176,.T.);
#5429=EDGE_CURVE('',#2969,#2959,#2510,.T.);
#5726=EDGE_CURVE('',#2959,#2960,#2439,.T.);
#6017=EDGE_CURVE('',#2963,#2952,#2481,.T.);
#6019=EDGE_CURVE('',#2951,#2952,#2489,.T.);
#6021=EDGE_CURVE('',#2959,#2951,#2435,.T.);
#6106=EDGE_CURVE('',#2952,#2962,#2493,.T.);
#6117=EDGE_CURVE('',#2962,#2951,#2485,.T.);
#6421=EDGE_CURVE('',#3140,#3148,#2644,.T.);
#6423=EDGE_CURVE('',#3148,#3151,#2621,.T.);
#6425=EDGE_CURVE('',#3151,#3152,#2626,.T.);
#6427=EDGE_CURVE('',#3147,#3152,#2630,.T.);
#6429=EDGE_CURVE('',#3147,#3139,#2654,.T.);
#6431=EDGE_CURVE('',#3144,#3139,#2703,.T.);
#6434=EDGE_CURVE('',#3143,#3140,#2634,.T.);
#6444=EDGE_CURVE('',#3147,#3148,#2639,.T.);
#6447=EDGE_CURVE('',#3139,#3140,#2649,.T.);
#6452=EDGE_CURVE('',#3155,#3156,#2659,.T.);
#6454=EDGE_CURVE('',#3156,#3155,#2664,.T.);
#6458=EDGE_CURVE('',#3159,#3160,#2669,.T.);
#6460=EDGE_CURVE('',#3160,#3159,#2674,.T.);
#6464=EDGE_CURVE('',#3163,#3164,#2679,.T.);
#6466=EDGE_CURVE('',#3164,#3163,#2684,.T.);
#6470=EDGE_CURVE('',#3167,#3168,#2689,.T.);
#6472=EDGE_CURVE('',#3168,#3167,#2694,.T.);
#6491=EDGE_CURVE('',#3152,#3151,#2699,.T.);
#6524=EDGE_CURVE('',#3175,#3176,#2708,.T.);
#6526=EDGE_CURVE('',#3156,#3176,#2771,.T.);
#6529=EDGE_CURVE('',#3155,#3175,#2712,.T.);
#6570=EDGE_CURVE('',#3171,#3172,#2722,.T.);
#6572=EDGE_CURVE('',#3172,#3176,#2762,.T.);
#6575=EDGE_CURVE('',#3171,#3175,#2717,.T.);
#6593=EDGE_CURVE('',#3172,#3171,#2727,.T.);
#6610=EDGE_CURVE('',#3179,#3180,#2732,.T.);
#6612=EDGE_CURVE('',#3180,#3179,#2737,.T.);
#6629=EDGE_CURVE('',#3187,#3188,#2742,.T.);
#6631=EDGE_CURVE('',#3188,#3187,#2747,.T.);
#6648=EDGE_CURVE('',#3195,#3196,#2752,.T.);
#6650=EDGE_CURVE('',#3196,#3195,#2757,.T.);
#6693=EDGE_CURVE('',#3176,#3175,#2767,.T.);
#6755=EDGE_CURVE('',#3180,#3184,#2781,.T.);
#6757=EDGE_CURVE('',#3183,#3184,#2795,.T.);
#6759=EDGE_CURVE('',#3179,#3183,#2776,.T.);
#6802=EDGE_CURVE('',#3184,#3183,#2786,.T.);
#6821=EDGE_CURVE('',#3159,#3183,#2799,.T.);
#6824=EDGE_CURVE('',#3160,#3184,#2790,.T.);
#6885=EDGE_CURVE('',#3188,#3192,#2809,.T.);
#6887=EDGE_CURVE('',#3191,#3192,#2823,.T.);
#6889=EDGE_CURVE('',#3187,#3191,#2804,.T.);
#6932=EDGE_CURVE('',#3192,#3191,#2814,.T.);
#6951=EDGE_CURVE('',#3167,#3191,#2827,.T.);
#6954=EDGE_CURVE('',#3168,#3192,#2818,.T.);
#7015=EDGE_CURVE('',#3196,#3200,#2837,.T.);
#7017=EDGE_CURVE('',#3199,#3200,#2851,.T.);
#7019=EDGE_CURVE('',#3195,#3199,#2832,.T.);
#7062=EDGE_CURVE('',#3200,#3199,#2842,.T.);
#7081=EDGE_CURVE('',#3163,#3199,#2855,.T.);
#7084=EDGE_CURVE('',#3164,#3200,#2846,.T.);
#7120=EDGE_CURVE('',#3272,#3259,#2859,.T.);
#7123=EDGE_CURVE('',#3271,#3264,#2863,.T.);
#7146=EDGE_CURVE('',#3260,#3231,#2871,.T.);
#7166=EDGE_CURVE('',#3262,#3232,#2875,.T.);
#7202=EDGE_CURVE('',#3278,#3243,#2879,.T.);
#7205=EDGE_CURVE('',#3280,#3248,#2883,.T.);
#7207=EDGE_CURVE('',#3216,#3280,#2904,.T.);
#7210=EDGE_CURVE('',#3215,#3278,#2887,.T.);
#7230=EDGE_CURVE('',#3244,#3223,#2891,.T.);
#7250=EDGE_CURVE('',#3246,#3224,#2895,.T.);
#7308=EDGE_CURVE('',#3254,#3228,#2912,.T.);
#7339=CLOSED_SHELL('',(#3296,#3319,#3341,#3364,#3387,#3409,#3434,#3455,#3478,
#3501,#3522,#3545,#3566,#3591,#3611,#3630,#3650,#3688,#3710,#3723,#3738,#3751,
#3767,#3782,#3799,#3811,#3826,#3839,#3854,#3867,#3882,#3903,#3915,#3931,#3947,
#3965,#3983,#3999,#4015,#4031,#4047,#4063,#4079,#4092,#4107,#4122,#4137,#4152,
#4167,#4182,#4197,#4212,#4227,#4242,#4259,#4274,#4289,#4304,#4319,#4334,#4351,
#4368,#4383,#4398,#4694,#4707,#4720,#4733,#4746,#4760,#4774,#4788,#4802,#4816,
#4830,#4845,#4864,#5152,#5444,#5735,#6027,#6111,#6123,#6415,#6438,#6476,#6496,
#6506,#6518,#6533,#6579,#6597,#6616,#6635,#6654,#6698,#6717,#6763,#6807,#6828,
#6847,#6893,#6937,#6958,#6977,#7023,#7067,#7088,#7107,#7130,#7150,#7170,#7189,
#7214,#7234,#7254,#7273,#7292,#7312,#7331));
#7340=MANIFOLD_SOLID_BREP('',#7339);
#7353=CIRCLE('',#7352,6.35E0);
#7358=CIRCLE('',#7357,6.35E0);
#7363=CIRCLE('',#7362,7.1E0);
#7368=CIRCLE('',#7367,7.1E0);
#7381=CIRCLE('',#7380,6.35E0);
#7386=CIRCLE('',#7385,6.35E0);
#7391=CIRCLE('',#7390,7.1E0);
#7396=CIRCLE('',#7395,7.1E0);
#7416=B_SPLINE_CURVE_WITH_KNOTS('',3,(#7405,#7406,#7407,#7408,#7409,#7410,#7411,
#7412,#7413,#7414,#7415),.UNSPECIFIED.,.F.,.F.,(4,1,1,1,1,1,1,1,4),(0.E0,
1.25E-1,2.5E-1,3.75E-1,5.E-1,6.25E-1,7.5E-1,8.75E-1,1.E0),.UNSPECIFIED.);
#7428=B_SPLINE_CURVE_WITH_KNOTS('',3,(#7417,#7418,#7419,#7420,#7421,#7422,#7423,
#7424,#7425,#7426,#7427),.UNSPECIFIED.,.F.,.F.,(4,1,1,1,1,1,1,1,4),(0.E0,
1.25E-1,2.5E-1,3.75E-1,5.E-1,6.25E-1,7.5E-1,8.75E-1,1.E0),.UNSPECIFIED.);
#7444=B_SPLINE_CURVE_WITH_KNOTS('',3,(#7433,#7434,#7435,#7436,#7437,#7438,#7439,
#7440,#7441,#7442,#7443),.UNSPECIFIED.,.F.,.F.,(4,1,1,1,1,1,1,1,4),(0.E0,
1.25E-1,2.5E-1,3.75E-1,5.E-1,6.25E-1,7.5E-1,8.75E-1,1.E0),.UNSPECIFIED.);
#7456=B_SPLINE_CURVE_WITH_KNOTS('',3,(#7445,#7446,#7447,#7448,#7449,#7450,#7451,
#7452,#7453,#7454,#7455),.UNSPECIFIED.,.F.,.F.,(4,1,1,1,1,1,1,1,4),(0.E0,
1.25E-1,2.5E-1,3.75E-1,5.E-1,6.25E-1,7.5E-1,8.75E-1,1.E0),.UNSPECIFIED.);
#7472=B_SPLINE_CURVE_WITH_KNOTS('',3,(#7461,#7462,#7463,#7464,#7465,#7466,#7467,
#7468,#7469,#7470,#7471),.UNSPECIFIED.,.F.,.F.,(4,1,1,1,1,1,1,1,4),(0.E0,
1.25E-1,2.5E-1,3.75E-1,5.E-1,6.25E-1,7.5E-1,8.75E-1,1.E0),.UNSPECIFIED.);
#7484=B_SPLINE_CURVE_WITH_KNOTS('',3,(#7473,#7474,#7475,#7476,#7477,#7478,#7479,
#7480,#7481,#7482,#7483),.UNSPECIFIED.,.F.,.F.,(4,1,1,1,1,1,1,1,4),(0.E0,
1.25E-1,2.5E-1,3.75E-1,5.E-1,6.25E-1,7.5E-1,8.75E-1,1.E0),.UNSPECIFIED.);
#7500=B_SPLINE_CURVE_WITH_KNOTS('',3,(#7489,#7490,#7491,#7492,#7493,#7494,#7495,
#7496,#7497,#7498,#7499),.UNSPECIFIED.,.F.,.F.,(4,1,1,1,1,1,1,1,4),(0.E0,
1.25E-1,2.5E-1,3.75E-1,5.E-1,6.25E-1,7.5E-1,8.75E-1,1.E0),.UNSPECIFIED.);
#7512=B_SPLINE_CURVE_WITH_KNOTS('',3,(#7501,#7502,#7503,#7504,#7505,#7506,#7507,
#7508,#7509,#7510,#7511),.UNSPECIFIED.,.F.,.F.,(4,1,1,1,1,1,1,1,4),(0.E0,
1.25E-1,2.5E-1,3.75E-1,5.E-1,6.25E-1,7.5E-1,8.75E-1,1.E0),.UNSPECIFIED.);
#7528=B_SPLINE_CURVE_WITH_KNOTS('',3,(#7517,#7518,#7519,#7520,#7521,#7522,#7523,
#7524,#7525,#7526,#7527),.UNSPECIFIED.,.F.,.F.,(4,1,1,1,1,1,1,1,4),(0.E0,
1.25E-1,2.5E-1,3.75E-1,5.E-1,6.25E-1,7.5E-1,8.75E-1,1.E0),.UNSPECIFIED.);
#7540=B_SPLINE_CURVE_WITH_KNOTS('',3,(#7529,#7530,#7531,#7532,#7533,#7534,#7535,
#7536,#7537,#7538,#7539),.UNSPECIFIED.,.F.,.F.,(4,1,1,1,1,1,1,1,4),(0.E0,
1.25E-1,2.5E-1,3.75E-1,5.E-1,6.25E-1,7.5E-1,8.75E-1,1.E0),.UNSPECIFIED.);
#7556=B_SPLINE_CURVE_WITH_KNOTS('',3,(#7545,#7546,#7547,#7548,#7549,#7550,#7551,
#7552,#7553,#7554,#7555),.UNSPECIFIED.,.F.,.F.,(4,1,1,1,1,1,1,1,4),(0.E0,
1.25E-1,2.5E-1,3.75E-1,5.E-1,6.25E-1,7.5E-1,8.75E-1,1.E0),.UNSPECIFIED.);
#7568=B_SPLINE_CURVE_WITH_KNOTS('',3,(#7557,#7558,#7559,#7560,#7561,#7562,#7563,
#7564,#7565,#7566,#7567),.UNSPECIFIED.,.F.,.F.,(4,1,1,1,1,1,1,1,4),(0.E0,
1.25E-1,2.5E-1,3.75E-1,5.E-1,6.25E-1,7.5E-1,8.75E-1,1.E0),.UNSPECIFIED.);
#7606=EDGE_CURVE('',#7584,#7583,#7368,.T.);
#7608=EDGE_CURVE('',#7583,#7592,#7344,.T.);
#7610=EDGE_CURVE('',#7591,#7592,#7540,.T.);
#7612=EDGE_CURVE('',#7594,#7591,#7568,.T.);
#7614=EDGE_CURVE('',#7596,#7594,#7428,.T.);
#7616=EDGE_CURVE('',#7584,#7596,#7348,.T.);
#7626=EDGE_CURVE('',#7583,#7584,#7363,.T.);
#7631=EDGE_CURVE('',#7575,#7576,#7353,.T.);
#7633=EDGE_CURVE('',#7576,#7575,#7358,.T.);
#7644=EDGE_CURVE('',#7575,#7579,#7372,.T.);
#7646=EDGE_CURVE('',#7579,#7580,#7381,.T.);
#7648=EDGE_CURVE('',#7576,#7580,#7376,.T.);
#7660=EDGE_CURVE('',#7580,#7579,#7386,.T.);
#7671=EDGE_CURVE('',#7587,#7588,#7391,.T.);
#7673=EDGE_CURVE('',#7588,#7587,#7396,.T.);
#7688=EDGE_CURVE('',#7590,#7587,#7404,.T.);
#7690=EDGE_CURVE('',#7590,#7599,#7500,.T.);
#7692=EDGE_CURVE('',#7599,#7597,#7472,.T.);
#7694=EDGE_CURVE('',#7597,#7595,#7444,.T.);
#7696=EDGE_CURVE('',#7595,#7588,#7400,.T.);
#7708=EDGE_CURVE('',#7595,#7593,#7416,.T.);
#7710=EDGE_CURVE('',#7593,#7589,#7556,.T.);
#7712=EDGE_CURVE('',#7589,#7590,#7528,.T.);
#7724=EDGE_CURVE('',#7596,#7595,#7460,.T.);
#7727=EDGE_CURVE('',#7594,#7593,#7432,.T.);
#7738=EDGE_CURVE('',#7598,#7597,#7488,.T.);
#7740=EDGE_CURVE('',#7598,#7596,#7456,.T.);
#7752=EDGE_CURVE('',#7600,#7599,#7516,.T.);
#7754=EDGE_CURVE('',#7600,#7598,#7484,.T.);
#7766=EDGE_CURVE('',#7592,#7590,#7544,.T.);
#7768=EDGE_CURVE('',#7592,#7600,#7512,.T.);
#7780=EDGE_CURVE('',#7591,#7589,#7572,.T.);
#7813=CLOSED_SHELL('',(#7620,#7637,#7652,#7665,#7681,#7700,#7717,#7731,#7745,
#7759,#7773,#7786,#7798,#7812));
#7814=MANIFOLD_SOLID_BREP('',#7813);
#7827=TRIMMED_CURVE('A_1',#7826,(PARAMETER_VALUE(0.E0)),(PARAMETER_VALUE(1.E0)),
.T.,.UNSPECIFIED.);
#7836=TRIMMED_CURVE('A_2',#7835,(PARAMETER_VALUE(0.E0)),(PARAMETER_VALUE(1.E0)),
.T.,.UNSPECIFIED.);
#7844=TRIMMED_CURVE('A_3',#7843,(PARAMETER_VALUE(0.E0)),(PARAMETER_VALUE(1.E0)),
.T.,.UNSPECIFIED.);
#7852=TRIMMED_CURVE('A_4',#7851,(PARAMETER_VALUE(0.E0)),(PARAMETER_VALUE(1.E0)),
.T.,.UNSPECIFIED.);
#7860=TRIMMED_CURVE('',#7859,(PARAMETER_VALUE(0.E0)),(PARAMETER_VALUE(1.E0)),
.T.,.UNSPECIFIED.);
#7861=COMPOSITE_CURVE_SEGMENT(.CONTINUOUS.,.T.,#7860);
#7862=COMPOSITE_CURVE('',(#7861),.F.);
#7877=TRIMMED_CURVE('A_7',#7876,(PARAMETER_VALUE(0.E0)),(PARAMETER_VALUE(1.E0)),
.T.,.UNSPECIFIED.);
#7885=TRIMMED_CURVE('A_8',#7884,(PARAMETER_VALUE(0.E0)),(PARAMETER_VALUE(1.E0)),
.T.,.UNSPECIFIED.);
#7893=TRIMMED_CURVE('A_9',#7892,(PARAMETER_VALUE(0.E0)),(PARAMETER_VALUE(1.E0)),
.T.,.UNSPECIFIED.);
#7901=TRIMMED_CURVE('A_10',#7900,(PARAMETER_VALUE(0.E0)),(PARAMETER_VALUE
(1.E0)),.T.,.UNSPECIFIED.);
#7909=TRIMMED_CURVE('A_11',#7908,(PARAMETER_VALUE(0.E0)),(PARAMETER_VALUE
(1.E0)),.T.,.UNSPECIFIED.);
#7917=TRIMMED_CURVE('A_12',#7916,(PARAMETER_VALUE(0.E0)),(PARAMETER_VALUE
(1.E0)),.T.,.UNSPECIFIED.);
#7925=TRIMMED_CURVE('A_13',#7924,(PARAMETER_VALUE(0.E0)),(PARAMETER_VALUE
(1.E0)),.T.,.UNSPECIFIED.);
#7933=TRIMMED_CURVE('A_14',#7932,(PARAMETER_VALUE(0.E0)),(PARAMETER_VALUE
(1.E0)),.T.,.UNSPECIFIED.);
#7941=TRIMMED_CURVE('A_15',#7940,(PARAMETER_VALUE(0.E0)),(PARAMETER_VALUE
(1.E0)),.T.,.UNSPECIFIED.);
#7949=TRIMMED_CURVE('A_16',#7948,(PARAMETER_VALUE(0.E0)),(PARAMETER_VALUE
(1.E0)),.T.,.UNSPECIFIED.);
#7957=TRIMMED_CURVE('A_17',#7956,(PARAMETER_VALUE(0.E0)),(PARAMETER_VALUE
(1.E0)),.T.,.UNSPECIFIED.);
#7967=(LENGTH_UNIT()NAMED_UNIT(*)SI_UNIT(.MILLI.,.METRE.));
#7969=(NAMED_UNIT(*)PLANE_ANGLE_UNIT()SI_UNIT($,.RADIAN.));
#7972=(NAMED_UNIT(*)SI_UNIT($,.STERADIAN.)SOLID_ANGLE_UNIT());
#7975=ADVANCED_BREP_SHAPE_REPRESENTATION('',(#7340,#7814),#7974);
#7976=GEOMETRICALLY_BOUNDED_SURFACE_SHAPE_REPRESENTATION('',(#7831),#7974);
#7977=SHAPE_REPRESENTATION('',(#7818),#7974);
#7987=PRODUCT_DEFINITION('design','',#7986,#7983);
#7988=PRODUCT_DEFINITION_SHAPE('','SHAPE FOR GX12-4P-M.',#7987);
#7989=SHAPE_DEFINITION_REPRESENTATION(#7988,#7977);
ENDSEC;
END-ISO-10303-21;
