ISO-10303-21;
HEADER;
/* Generated by software containing ST-Developer
 * from STEP Tools, Inc. (www.steptools.com) 
 */

FILE_DESCRIPTION(
/* description */ (''),
/* implementation_level */ '2;1');

FILE_NAME(
/* name */ 'motor drive module TB6612.step',
/* time_stamp */ '2022-12-21T16:48:36+10:00',
/* author */ (''),
/* organization */ (''),
/* preprocessor_version */ 'ST-DEVELOPER v19.2',
/* originating_system */ 'Autodesk Translation Framework v11.17.0.187',

/* authorisation */ '');

FILE_SCHEMA (('AUTOMOTIVE_DESIGN { 1 0 10303 214 3 1 1 }'));
ENDSEC;

DATA;
#10=MECHANICAL_DESIGN_GEOMETRIC_PRESENTATION_REPRESENTATION('',(#36,#37,
#38,#39,#40,#41,#42,#43,#44,#45,#46,#47,#48,#49,#50,#51,#52,#53,#54,#55,
#56,#57,#58,#59,#60,#61,#62,#63,#64,#65,#66,#67,#68,#69,#70,#71,#72,#73,
#74,#75),#15296);
#11=SHAPE_REPRESENTATION_RELATIONSHIP('SRR','None',#15303,#12);
#12=ADVANCED_BREP_SHAPE_REPRESENTATION('',(#76,#77,#78,#79,#80,#81,#82,
#83,#84,#85,#86,#87,#88,#89,#90,#91,#92,#93,#94,#95,#96,#97,#98,#99,#100,
#101,#102,#103,#104,#105,#106,#107,#108,#109,#110,#111,#112,#113,#114),
#15295);
#13=B_SPLINE_SURFACE_WITH_KNOTS('',3,3,((#15102,#15103,#15104,#15105),(#15106,
#15107,#15108,#15109),(#15110,#15111,#15112,#15113),(#15114,#15115,#15116,
#15117)),.UNSPECIFIED.,.F.,.F.,.F.,(4,4),(4,4),(0.,1.),(0.,0.0443347921119451),
 .UNSPECIFIED.);
#14=B_SPLINE_SURFACE_WITH_KNOTS('',3,3,((#15145,#15146,#15147,#15148),(#15149,
#15150,#15151,#15152),(#15153,#15154,#15155,#15156),(#15157,#15158,#15159,
#15160)),.UNSPECIFIED.,.F.,.F.,.F.,(4,4),(4,4),(0.,1.),(0.,0.0443347921119477),
 .UNSPECIFIED.);
#15=B_SPLINE_SURFACE_WITH_KNOTS('',3,3,((#15171,#15172,#15173,#15174),(#15175,
#15176,#15177,#15178),(#15179,#15180,#15181,#15182),(#15183,#15184,#15185,
#15186)),.UNSPECIFIED.,.F.,.F.,.F.,(4,4),(4,4),(0.259786941821041,0.461142940647352),
(0.16310978245123,0.1726081709656),.UNSPECIFIED.);
#16=B_SPLINE_SURFACE_WITH_KNOTS('',3,3,((#15194,#15195,#15196,#15197,#15198,
#15199,#15200),(#15201,#15202,#15203,#15204,#15205,#15206,#15207),(#15208,
#15209,#15210,#15211,#15212,#15213,#15214),(#15215,#15216,#15217,#15218,
#15219,#15220,#15221)),.UNSPECIFIED.,.F.,.F.,.F.,(4,4),(4,1,1,1,4),(0.,
0.461142940647351),(4.75329804197194E-17,0.0464085719200214,0.0773476198667022,
0.0928171438400427,0.108286667813383),.UNSPECIFIED.);
#17=B_SPLINE_CURVE_WITH_KNOTS('',3,(#15028,#15029,#15030,#15031,#15032,
#15033),.UNSPECIFIED.,.F.,.F.,(4,2,4),(0.01248853295226,0.0368271129610993,
0.037164153007223),.UNSPECIFIED.);
#18=B_SPLINE_CURVE_WITH_KNOTS('',3,(#15037,#15038,#15039,#15040,#15041,
#15042),.UNSPECIFIED.,.F.,.F.,(4,2,4),(-0.000439971481646577,0.,0.0317715394095795),
 .UNSPECIFIED.);
#19=B_SPLINE_CURVE_WITH_KNOTS('',3,(#15044,#15045,#15046,#15047,#15048,
#15049,#15050,#15051,#15052,#15053,#15054,#15055,#15056,#15057,#15058,#15059,
#15060,#15061,#15062,#15063,#15064,#15065,#15066,#15067,#15068),
 .UNSPECIFIED.,.F.,.F.,(4,3,3,3,3,3,3,3,4),(-0.0310207869595961,-0.0272895537367888,
-0.0235488488271286,-0.0197227049592851,-0.0172940043446065,-0.0123573117511452,
-0.00713696406087704,-0.00101011925362663,0.),.UNSPECIFIED.);
#20=B_SPLINE_CURVE_WITH_KNOTS('',3,(#15070,#15071,#15072,#15073),
 .UNSPECIFIED.,.F.,.F.,(4,4),(-0.0186239206956228,-0.0111298563882048),
 .UNSPECIFIED.);
#21=B_SPLINE_CURVE_WITH_KNOTS('',3,(#15075,#15076,#15077,#15078,#15079,
#15080),.UNSPECIFIED.,.F.,.F.,(4,2,4),(-0.0289689994549033,-0.014522043032285,
0.),.UNSPECIFIED.);
#22=B_SPLINE_CURVE_WITH_KNOTS('',3,(#15086,#15087,#15088,#15089,#15090,
#15091,#15092,#15093,#15094,#15095),.UNSPECIFIED.,.F.,.F.,(4,2,2,2,4),(-0.0631762926206783,
-0.0547038627357242,-0.0459320626387709,-0.0228444808941166,0.),
 .UNSPECIFIED.);
#23=B_SPLINE_CURVE_WITH_KNOTS('',3,(#15096,#15097,#15098,#15099,#15100,
#15101),.UNSPECIFIED.,.F.,.F.,(4,2,4),(-0.0308522957846974,-0.0117402280324065,
0.),.UNSPECIFIED.);
#24=B_SPLINE_CURVE_WITH_KNOTS('',3,(#15119,#15120,#15121,#15122),
 .UNSPECIFIED.,.F.,.F.,(4,4),(0.034855186583172,0.0443347921119451),
 .UNSPECIFIED.);
#25=B_SPLINE_CURVE_WITH_KNOTS('',3,(#15126,#15127,#15128,#15129),
 .UNSPECIFIED.,.F.,.F.,(4,4),(-0.0443347921119451,-0.0136897614912723),
 .UNSPECIFIED.);
#26=B_SPLINE_CURVE_WITH_KNOTS('',3,(#15131,#15132,#15133,#15134),
 .UNSPECIFIED.,.F.,.F.,(4,4),(0.,0.0111789153061269),.UNSPECIFIED.);
#27=B_SPLINE_CURVE_WITH_KNOTS('',3,(#15140,#15141,#15142,#15143),
 .UNSPECIFIED.,.F.,.F.,(4,4),(-0.0443347921119477,-0.0348551865831723),
 .UNSPECIFIED.);
#28=B_SPLINE_CURVE_WITH_KNOTS('',3,(#15164,#15165,#15166,#15167),
 .UNSPECIFIED.,.F.,.F.,(4,4),(0.,0.0443347921119477),.UNSPECIFIED.);
#29=B_SPLINE_CURVE_WITH_KNOTS('',3,(#15187,#15188,#15189,#15190,#15191,
#15192,#15193),.UNSPECIFIED.,.F.,.F.,(4,3,4),(0.,0.00553245206184625,0.00748739103935256),
 .UNSPECIFIED.);
#30=B_SPLINE_CURVE_WITH_KNOTS('',3,(#15223,#15224,#15225,#15226,#15227,
#15228,#15229,#15230,#15231,#15232),.UNSPECIFIED.,.F.,.F.,(4,3,3,4),(0.0795148585134187,
0.0851513466977851,0.089289697100966,0.0898348520524279),.UNSPECIFIED.);
#31=B_SPLINE_CURVE_WITH_KNOTS('',3,(#15233,#15234,#15235,#15236,#15237,
#15238,#15239),.UNSPECIFIED.,.F.,.F.,(4,1,1,1,4),(-0.108286667649936,-0.0928171438400427,
-0.0773476198667022,-0.0464085719200214,-4.75329804197194E-17),
 .UNSPECIFIED.);
#32=B_SPLINE_CURVE_WITH_KNOTS('',3,(#15244,#15245,#15246,#15247),
 .UNSPECIFIED.,.F.,.F.,(4,4),(0.2423039830846,0.247096668347499),
 .UNSPECIFIED.);
#33=B_SPLINE_CURVE_WITH_KNOTS('',3,(#15248,#15249,#15250,#15251,#15252,
#15253,#15254,#15255,#15256,#15257),.UNSPECIFIED.,.F.,.F.,(4,2,2,2,4),(0.00479268526289943,
0.014522043032285,0.0294539305529674,0.044999926659068,0.0494309221474938),
 .UNSPECIFIED.);
#34=TOROIDAL_SURFACE('',#10092,2.1,0.4);
#35=TOROIDAL_SURFACE('',#10103,2.1,0.4);
#36=STYLED_ITEM('',(#15313),#76);
#37=STYLED_ITEM('',(#15314),#77);
#38=STYLED_ITEM('',(#15314),#78);
#39=STYLED_ITEM('',(#15314),#79);
#40=STYLED_ITEM('',(#15314),#80);
#41=STYLED_ITEM('',(#15314),#81);
#42=STYLED_ITEM('',(#15314),#82);
#43=STYLED_ITEM('',(#15314),#83);
#44=STYLED_ITEM('',(#15314),#84);
#45=STYLED_ITEM('',(#15314),#85);
#46=STYLED_ITEM('',(#15315),#86);
#47=STYLED_ITEM('',(#15314),#87);
#48=STYLED_ITEM('',(#15314),#88);
#49=STYLED_ITEM('',(#15314),#89);
#50=STYLED_ITEM('',(#15314),#90);
#51=STYLED_ITEM('',(#15314),#91);
#52=STYLED_ITEM('',(#15314),#92);
#53=STYLED_ITEM('',(#15316),#93);
#54=STYLED_ITEM('',(#15316),#94);
#55=STYLED_ITEM('',(#15316),#95);
#56=STYLED_ITEM('',(#15316),#96);
#57=STYLED_ITEM('',(#15316),#97);
#58=STYLED_ITEM('',(#15316),#98);
#59=STYLED_ITEM('',(#15316),#99);
#60=STYLED_ITEM('',(#15316),#100);
#61=STYLED_ITEM('',(#15316),#101);
#62=STYLED_ITEM('',(#15316),#102);
#63=STYLED_ITEM('',(#15316),#103);
#64=STYLED_ITEM('',(#15316),#104);
#65=STYLED_ITEM('',(#15316),#105);
#66=STYLED_ITEM('',(#15316),#106);
#67=STYLED_ITEM('',(#15316),#107);
#68=STYLED_ITEM('',(#15316),#108);
#69=STYLED_ITEM('',(#15315),#109);
#70=STYLED_ITEM('',(#15315),#110);
#71=STYLED_ITEM('',(#15315),#111);
#72=STYLED_ITEM('',(#15315),#112);
#73=STYLED_ITEM('',(#15314),#9493);
#74=STYLED_ITEM('',(#15316),#113);
#75=STYLED_ITEM('',(#15315),#114);
#76=MANIFOLD_SOLID_BREP('Body2',#9510);
#77=MANIFOLD_SOLID_BREP('Body3',#9511);
#78=MANIFOLD_SOLID_BREP('Body4',#9512);
#79=MANIFOLD_SOLID_BREP('Body5',#9513);
#80=MANIFOLD_SOLID_BREP('Body6',#9514);
#81=MANIFOLD_SOLID_BREP('Body7',#9515);
#82=MANIFOLD_SOLID_BREP('Body8',#9516);
#83=MANIFOLD_SOLID_BREP('Body9',#9517);
#84=MANIFOLD_SOLID_BREP('Body10',#9518);
#85=MANIFOLD_SOLID_BREP('Body11',#9519);
#86=MANIFOLD_SOLID_BREP('Body12',#9520);
#87=MANIFOLD_SOLID_BREP('Body13',#9521);
#88=MANIFOLD_SOLID_BREP('Body14',#9522);
#89=MANIFOLD_SOLID_BREP('Body15',#9523);
#90=MANIFOLD_SOLID_BREP('Body16',#9524);
#91=MANIFOLD_SOLID_BREP('Body17',#9525);
#92=MANIFOLD_SOLID_BREP('Body18',#9526);
#93=MANIFOLD_SOLID_BREP('Body19',#9527);
#94=MANIFOLD_SOLID_BREP('Body20',#9528);
#95=MANIFOLD_SOLID_BREP('Body21',#9529);
#96=MANIFOLD_SOLID_BREP('Body22',#9530);
#97=MANIFOLD_SOLID_BREP('Body23',#9531);
#98=MANIFOLD_SOLID_BREP('Body24',#9532);
#99=MANIFOLD_SOLID_BREP('Body25',#9533);
#100=MANIFOLD_SOLID_BREP('Body26',#9534);
#101=MANIFOLD_SOLID_BREP('Body27',#9535);
#102=MANIFOLD_SOLID_BREP('Body28',#9536);
#103=MANIFOLD_SOLID_BREP('Body29',#9537);
#104=MANIFOLD_SOLID_BREP('Body30',#9538);
#105=MANIFOLD_SOLID_BREP('Body31',#9539);
#106=MANIFOLD_SOLID_BREP('Body32',#9540);
#107=MANIFOLD_SOLID_BREP('Body33',#9541);
#108=MANIFOLD_SOLID_BREP('Body34',#9542);
#109=MANIFOLD_SOLID_BREP('Body35',#9543);
#110=MANIFOLD_SOLID_BREP('Body35',#9544);
#111=MANIFOLD_SOLID_BREP('Body35',#9545);
#112=MANIFOLD_SOLID_BREP('Body35',#9546);
#113=MANIFOLD_SOLID_BREP('Body36',#9547);
#114=MANIFOLD_SOLID_BREP('Body37',#9548);
#115=FACE_BOUND('',#1189,.T.);
#116=FACE_BOUND('',#1190,.T.);
#117=FACE_BOUND('',#1191,.T.);
#118=FACE_BOUND('',#1192,.T.);
#119=FACE_BOUND('',#1193,.T.);
#120=FACE_BOUND('',#1194,.T.);
#121=FACE_BOUND('',#1195,.T.);
#122=FACE_BOUND('',#1196,.T.);
#123=FACE_BOUND('',#1197,.T.);
#124=FACE_BOUND('',#1198,.T.);
#125=FACE_BOUND('',#1199,.T.);
#126=FACE_BOUND('',#1200,.T.);
#127=FACE_BOUND('',#1201,.T.);
#128=FACE_BOUND('',#1202,.T.);
#129=FACE_BOUND('',#1203,.T.);
#130=FACE_BOUND('',#1204,.T.);
#131=FACE_BOUND('',#1206,.T.);
#132=FACE_BOUND('',#1207,.T.);
#133=FACE_BOUND('',#1208,.T.);
#134=FACE_BOUND('',#1209,.T.);
#135=FACE_BOUND('',#1210,.T.);
#136=FACE_BOUND('',#1211,.T.);
#137=FACE_BOUND('',#1212,.T.);
#138=FACE_BOUND('',#1213,.T.);
#139=FACE_BOUND('',#1214,.T.);
#140=FACE_BOUND('',#1215,.T.);
#141=FACE_BOUND('',#1216,.T.);
#142=FACE_BOUND('',#1217,.T.);
#143=FACE_BOUND('',#1218,.T.);
#144=FACE_BOUND('',#1219,.T.);
#145=FACE_BOUND('',#1220,.T.);
#146=FACE_BOUND('',#1221,.T.);
#147=FACE_BOUND('',#1239,.T.);
#148=FACE_BOUND('',#1241,.T.);
#149=FACE_BOUND('',#1259,.T.);
#150=FACE_BOUND('',#1261,.T.);
#151=FACE_BOUND('',#1279,.T.);
#152=FACE_BOUND('',#1281,.T.);
#153=FACE_BOUND('',#1299,.T.);
#154=FACE_BOUND('',#1301,.T.);
#155=FACE_BOUND('',#1319,.T.);
#156=FACE_BOUND('',#1321,.T.);
#157=FACE_BOUND('',#1339,.T.);
#158=FACE_BOUND('',#1341,.T.);
#159=FACE_BOUND('',#1359,.T.);
#160=FACE_BOUND('',#1361,.T.);
#161=FACE_BOUND('',#1379,.T.);
#162=FACE_BOUND('',#1381,.T.);
#163=FACE_BOUND('',#1399,.T.);
#164=FACE_BOUND('',#1401,.T.);
#165=FACE_BOUND('',#1419,.T.);
#166=FACE_BOUND('',#1421,.T.);
#167=FACE_BOUND('',#1439,.T.);
#168=FACE_BOUND('',#1441,.T.);
#169=FACE_BOUND('',#1459,.T.);
#170=FACE_BOUND('',#1461,.T.);
#171=FACE_BOUND('',#1479,.T.);
#172=FACE_BOUND('',#1481,.T.);
#173=FACE_BOUND('',#1499,.T.);
#174=FACE_BOUND('',#1501,.T.);
#175=FACE_BOUND('',#1519,.T.);
#176=FACE_BOUND('',#1521,.T.);
#177=FACE_BOUND('',#1539,.T.);
#178=FACE_BOUND('',#1541,.T.);
#179=PLANE('',#9610);
#180=PLANE('',#9611);
#181=PLANE('',#9612);
#182=PLANE('',#9613);
#183=PLANE('',#9614);
#184=PLANE('',#9615);
#185=PLANE('',#9616);
#186=PLANE('',#9617);
#187=PLANE('',#9618);
#188=PLANE('',#9619);
#189=PLANE('',#9620);
#190=PLANE('',#9621);
#191=PLANE('',#9622);
#192=PLANE('',#9623);
#193=PLANE('',#9624);
#194=PLANE('',#9625);
#195=PLANE('',#9626);
#196=PLANE('',#9627);
#197=PLANE('',#9628);
#198=PLANE('',#9629);
#199=PLANE('',#9630);
#200=PLANE('',#9631);
#201=PLANE('',#9632);
#202=PLANE('',#9633);
#203=PLANE('',#9634);
#204=PLANE('',#9635);
#205=PLANE('',#9636);
#206=PLANE('',#9637);
#207=PLANE('',#9638);
#208=PLANE('',#9639);
#209=PLANE('',#9640);
#210=PLANE('',#9641);
#211=PLANE('',#9642);
#212=PLANE('',#9643);
#213=PLANE('',#9644);
#214=PLANE('',#9645);
#215=PLANE('',#9646);
#216=PLANE('',#9647);
#217=PLANE('',#9648);
#218=PLANE('',#9649);
#219=PLANE('',#9650);
#220=PLANE('',#9651);
#221=PLANE('',#9652);
#222=PLANE('',#9653);
#223=PLANE('',#9654);
#224=PLANE('',#9655);
#225=PLANE('',#9656);
#226=PLANE('',#9657);
#227=PLANE('',#9658);
#228=PLANE('',#9659);
#229=PLANE('',#9660);
#230=PLANE('',#9661);
#231=PLANE('',#9662);
#232=PLANE('',#9663);
#233=PLANE('',#9664);
#234=PLANE('',#9665);
#235=PLANE('',#9666);
#236=PLANE('',#9667);
#237=PLANE('',#9668);
#238=PLANE('',#9669);
#239=PLANE('',#9670);
#240=PLANE('',#9671);
#241=PLANE('',#9672);
#242=PLANE('',#9673);
#243=PLANE('',#9674);
#244=PLANE('',#9675);
#245=PLANE('',#9676);
#246=PLANE('',#9677);
#247=PLANE('',#9678);
#248=PLANE('',#9679);
#249=PLANE('',#9680);
#250=PLANE('',#9681);
#251=PLANE('',#9682);
#252=PLANE('',#9683);
#253=PLANE('',#9684);
#254=PLANE('',#9685);
#255=PLANE('',#9686);
#256=PLANE('',#9687);
#257=PLANE('',#9688);
#258=PLANE('',#9689);
#259=PLANE('',#9690);
#260=PLANE('',#9691);
#261=PLANE('',#9692);
#262=PLANE('',#9693);
#263=PLANE('',#9694);
#264=PLANE('',#9695);
#265=PLANE('',#9696);
#266=PLANE('',#9697);
#267=PLANE('',#9698);
#268=PLANE('',#9699);
#269=PLANE('',#9700);
#270=PLANE('',#9701);
#271=PLANE('',#9702);
#272=PLANE('',#9703);
#273=PLANE('',#9704);
#274=PLANE('',#9705);
#275=PLANE('',#9706);
#276=PLANE('',#9707);
#277=PLANE('',#9708);
#278=PLANE('',#9709);
#279=PLANE('',#9710);
#280=PLANE('',#9711);
#281=PLANE('',#9712);
#282=PLANE('',#9713);
#283=PLANE('',#9714);
#284=PLANE('',#9715);
#285=PLANE('',#9716);
#286=PLANE('',#9717);
#287=PLANE('',#9718);
#288=PLANE('',#9719);
#289=PLANE('',#9720);
#290=PLANE('',#9721);
#291=PLANE('',#9722);
#292=PLANE('',#9723);
#293=PLANE('',#9724);
#294=PLANE('',#9725);
#295=PLANE('',#9726);
#296=PLANE('',#9727);
#297=PLANE('',#9728);
#298=PLANE('',#9729);
#299=PLANE('',#9730);
#300=PLANE('',#9731);
#301=PLANE('',#9732);
#302=PLANE('',#9733);
#303=PLANE('',#9734);
#304=PLANE('',#9735);
#305=PLANE('',#9736);
#306=PLANE('',#9737);
#307=PLANE('',#9738);
#308=PLANE('',#9739);
#309=PLANE('',#9740);
#310=PLANE('',#9741);
#311=PLANE('',#9742);
#312=PLANE('',#9743);
#313=PLANE('',#9744);
#314=PLANE('',#9745);
#315=PLANE('',#9746);
#316=PLANE('',#9747);
#317=PLANE('',#9748);
#318=PLANE('',#9749);
#319=PLANE('',#9750);
#320=PLANE('',#9751);
#321=PLANE('',#9752);
#322=PLANE('',#9753);
#323=PLANE('',#9754);
#324=PLANE('',#9755);
#325=PLANE('',#9756);
#326=PLANE('',#9757);
#327=PLANE('',#9758);
#328=PLANE('',#9759);
#329=PLANE('',#9760);
#330=PLANE('',#9761);
#331=PLANE('',#9762);
#332=PLANE('',#9763);
#333=PLANE('',#9764);
#334=PLANE('',#9765);
#335=PLANE('',#9766);
#336=PLANE('',#9767);
#337=PLANE('',#9768);
#338=PLANE('',#9769);
#339=PLANE('',#9770);
#340=PLANE('',#9771);
#341=PLANE('',#9772);
#342=PLANE('',#9773);
#343=PLANE('',#9774);
#344=PLANE('',#9775);
#345=PLANE('',#9776);
#346=PLANE('',#9777);
#347=PLANE('',#9778);
#348=PLANE('',#9779);
#349=PLANE('',#9780);
#350=PLANE('',#9781);
#351=PLANE('',#9782);
#352=PLANE('',#9783);
#353=PLANE('',#9784);
#354=PLANE('',#9785);
#355=PLANE('',#9786);
#356=PLANE('',#9787);
#357=PLANE('',#9788);
#358=PLANE('',#9789);
#359=PLANE('',#9790);
#360=PLANE('',#9791);
#361=PLANE('',#9792);
#362=PLANE('',#9793);
#363=PLANE('',#9794);
#364=PLANE('',#9795);
#365=PLANE('',#9796);
#366=PLANE('',#9797);
#367=PLANE('',#9798);
#368=PLANE('',#9799);
#369=PLANE('',#9800);
#370=PLANE('',#9801);
#371=PLANE('',#9802);
#372=PLANE('',#9803);
#373=PLANE('',#9804);
#374=PLANE('',#9805);
#375=PLANE('',#9806);
#376=PLANE('',#9807);
#377=PLANE('',#9808);
#378=PLANE('',#9809);
#379=PLANE('',#9810);
#380=PLANE('',#9811);
#381=PLANE('',#9812);
#382=PLANE('',#9813);
#383=PLANE('',#9814);
#384=PLANE('',#9815);
#385=PLANE('',#9816);
#386=PLANE('',#9817);
#387=PLANE('',#9818);
#388=PLANE('',#9819);
#389=PLANE('',#9820);
#390=PLANE('',#9821);
#391=PLANE('',#9822);
#392=PLANE('',#9823);
#393=PLANE('',#9824);
#394=PLANE('',#9825);
#395=PLANE('',#9826);
#396=PLANE('',#9827);
#397=PLANE('',#9828);
#398=PLANE('',#9829);
#399=PLANE('',#9830);
#400=PLANE('',#9831);
#401=PLANE('',#9832);
#402=PLANE('',#9833);
#403=PLANE('',#9834);
#404=PLANE('',#9835);
#405=PLANE('',#9836);
#406=PLANE('',#9837);
#407=PLANE('',#9838);
#408=PLANE('',#9839);
#409=PLANE('',#9840);
#410=PLANE('',#9841);
#411=PLANE('',#9842);
#412=PLANE('',#9843);
#413=PLANE('',#9844);
#414=PLANE('',#9845);
#415=PLANE('',#9846);
#416=PLANE('',#9847);
#417=PLANE('',#9848);
#418=PLANE('',#9849);
#419=PLANE('',#9850);
#420=PLANE('',#9851);
#421=PLANE('',#9852);
#422=PLANE('',#9853);
#423=PLANE('',#9854);
#424=PLANE('',#9855);
#425=PLANE('',#9856);
#426=PLANE('',#9857);
#427=PLANE('',#9858);
#428=PLANE('',#9859);
#429=PLANE('',#9860);
#430=PLANE('',#9861);
#431=PLANE('',#9862);
#432=PLANE('',#9863);
#433=PLANE('',#9864);
#434=PLANE('',#9865);
#435=PLANE('',#9866);
#436=PLANE('',#9867);
#437=PLANE('',#9868);
#438=PLANE('',#9869);
#439=PLANE('',#9870);
#440=PLANE('',#9871);
#441=PLANE('',#9872);
#442=PLANE('',#9873);
#443=PLANE('',#9874);
#444=PLANE('',#9875);
#445=PLANE('',#9876);
#446=PLANE('',#9877);
#447=PLANE('',#9878);
#448=PLANE('',#9879);
#449=PLANE('',#9880);
#450=PLANE('',#9881);
#451=PLANE('',#9882);
#452=PLANE('',#9883);
#453=PLANE('',#9884);
#454=PLANE('',#9885);
#455=PLANE('',#9886);
#456=PLANE('',#9887);
#457=PLANE('',#9888);
#458=PLANE('',#9889);
#459=PLANE('',#9890);
#460=PLANE('',#9891);
#461=PLANE('',#9892);
#462=PLANE('',#9893);
#463=PLANE('',#9894);
#464=PLANE('',#9895);
#465=PLANE('',#9896);
#466=PLANE('',#9897);
#467=PLANE('',#9898);
#468=PLANE('',#9899);
#469=PLANE('',#9900);
#470=PLANE('',#9901);
#471=PLANE('',#9902);
#472=PLANE('',#9903);
#473=PLANE('',#9904);
#474=PLANE('',#9905);
#475=PLANE('',#9906);
#476=PLANE('',#9907);
#477=PLANE('',#9908);
#478=PLANE('',#9909);
#479=PLANE('',#9910);
#480=PLANE('',#9911);
#481=PLANE('',#9912);
#482=PLANE('',#9913);
#483=PLANE('',#9914);
#484=PLANE('',#9915);
#485=PLANE('',#9916);
#486=PLANE('',#9917);
#487=PLANE('',#9918);
#488=PLANE('',#9919);
#489=PLANE('',#9920);
#490=PLANE('',#9921);
#491=PLANE('',#9922);
#492=PLANE('',#9923);
#493=PLANE('',#9924);
#494=PLANE('',#9925);
#495=PLANE('',#9926);
#496=PLANE('',#9927);
#497=PLANE('',#9928);
#498=PLANE('',#9929);
#499=PLANE('',#9930);
#500=PLANE('',#9931);
#501=PLANE('',#9932);
#502=PLANE('',#9933);
#503=PLANE('',#9934);
#504=PLANE('',#9935);
#505=PLANE('',#9936);
#506=PLANE('',#9937);
#507=PLANE('',#9938);
#508=PLANE('',#9939);
#509=PLANE('',#9940);
#510=PLANE('',#9941);
#511=PLANE('',#9942);
#512=PLANE('',#9943);
#513=PLANE('',#9944);
#514=PLANE('',#9945);
#515=PLANE('',#9946);
#516=PLANE('',#9947);
#517=PLANE('',#9948);
#518=PLANE('',#9949);
#519=PLANE('',#9950);
#520=PLANE('',#9951);
#521=PLANE('',#9952);
#522=PLANE('',#9953);
#523=PLANE('',#9954);
#524=PLANE('',#9955);
#525=PLANE('',#9956);
#526=PLANE('',#9957);
#527=PLANE('',#9958);
#528=PLANE('',#9959);
#529=PLANE('',#9960);
#530=PLANE('',#9961);
#531=PLANE('',#9962);
#532=PLANE('',#9963);
#533=PLANE('',#9964);
#534=PLANE('',#9965);
#535=PLANE('',#9966);
#536=PLANE('',#9967);
#537=PLANE('',#9968);
#538=PLANE('',#9969);
#539=PLANE('',#9970);
#540=PLANE('',#9971);
#541=PLANE('',#9972);
#542=PLANE('',#9973);
#543=PLANE('',#9974);
#544=PLANE('',#9975);
#545=PLANE('',#9976);
#546=PLANE('',#9977);
#547=PLANE('',#9978);
#548=PLANE('',#9979);
#549=PLANE('',#9980);
#550=PLANE('',#9981);
#551=PLANE('',#9982);
#552=PLANE('',#9983);
#553=PLANE('',#9984);
#554=PLANE('',#9985);
#555=PLANE('',#9986);
#556=PLANE('',#9987);
#557=PLANE('',#9988);
#558=PLANE('',#9989);
#559=PLANE('',#9990);
#560=PLANE('',#9991);
#561=PLANE('',#9992);
#562=PLANE('',#9993);
#563=PLANE('',#9994);
#564=PLANE('',#9995);
#565=PLANE('',#9996);
#566=PLANE('',#9997);
#567=PLANE('',#9998);
#568=PLANE('',#9999);
#569=PLANE('',#10000);
#570=PLANE('',#10001);
#571=PLANE('',#10002);
#572=PLANE('',#10003);
#573=PLANE('',#10004);
#574=PLANE('',#10005);
#575=PLANE('',#10006);
#576=PLANE('',#10007);
#577=PLANE('',#10008);
#578=PLANE('',#10009);
#579=PLANE('',#10010);
#580=PLANE('',#10011);
#581=PLANE('',#10012);
#582=PLANE('',#10013);
#583=PLANE('',#10014);
#584=PLANE('',#10015);
#585=PLANE('',#10016);
#586=PLANE('',#10017);
#587=PLANE('',#10018);
#588=PLANE('',#10019);
#589=PLANE('',#10020);
#590=PLANE('',#10021);
#591=PLANE('',#10022);
#592=PLANE('',#10023);
#593=PLANE('',#10024);
#594=PLANE('',#10025);
#595=PLANE('',#10026);
#596=PLANE('',#10027);
#597=PLANE('',#10028);
#598=PLANE('',#10029);
#599=PLANE('',#10030);
#600=PLANE('',#10031);
#601=PLANE('',#10032);
#602=PLANE('',#10033);
#603=PLANE('',#10034);
#604=PLANE('',#10035);
#605=PLANE('',#10036);
#606=PLANE('',#10037);
#607=PLANE('',#10038);
#608=PLANE('',#10039);
#609=PLANE('',#10040);
#610=PLANE('',#10041);
#611=PLANE('',#10042);
#612=PLANE('',#10043);
#613=PLANE('',#10044);
#614=PLANE('',#10045);
#615=PLANE('',#10046);
#616=PLANE('',#10047);
#617=PLANE('',#10048);
#618=PLANE('',#10049);
#619=PLANE('',#10050);
#620=PLANE('',#10051);
#621=PLANE('',#10052);
#622=PLANE('',#10053);
#623=PLANE('',#10054);
#624=PLANE('',#10055);
#625=PLANE('',#10056);
#626=PLANE('',#10057);
#627=PLANE('',#10058);
#628=PLANE('',#10059);
#629=PLANE('',#10060);
#630=PLANE('',#10061);
#631=PLANE('',#10062);
#632=PLANE('',#10063);
#633=PLANE('',#10064);
#634=PLANE('',#10068);
#635=PLANE('',#10069);
#636=PLANE('',#10070);
#637=PLANE('',#10071);
#638=PLANE('',#10073);
#639=PLANE('',#10075);
#640=PLANE('',#10076);
#641=PLANE('',#10078);
#642=PLANE('',#10082);
#643=PLANE('',#10083);
#644=PLANE('',#10084);
#645=PLANE('',#10085);
#646=PLANE('',#10087);
#647=PLANE('',#10089);
#648=PLANE('',#10091);
#649=PLANE('',#10098);
#650=PLANE('',#10108);
#651=PLANE('',#10109);
#652=PLANE('',#10110);
#653=PLANE('',#10111);
#654=PLANE('',#10112);
#655=PLANE('',#10113);
#656=PLANE('',#10114);
#657=PLANE('',#10115);
#658=PLANE('',#10116);
#659=FACE_OUTER_BOUND('',#1168,.T.);
#660=FACE_OUTER_BOUND('',#1169,.T.);
#661=FACE_OUTER_BOUND('',#1170,.T.);
#662=FACE_OUTER_BOUND('',#1171,.T.);
#663=FACE_OUTER_BOUND('',#1172,.T.);
#664=FACE_OUTER_BOUND('',#1173,.T.);
#665=FACE_OUTER_BOUND('',#1174,.T.);
#666=FACE_OUTER_BOUND('',#1175,.T.);
#667=FACE_OUTER_BOUND('',#1176,.T.);
#668=FACE_OUTER_BOUND('',#1177,.T.);
#669=FACE_OUTER_BOUND('',#1178,.T.);
#670=FACE_OUTER_BOUND('',#1179,.T.);
#671=FACE_OUTER_BOUND('',#1180,.T.);
#672=FACE_OUTER_BOUND('',#1181,.T.);
#673=FACE_OUTER_BOUND('',#1182,.T.);
#674=FACE_OUTER_BOUND('',#1183,.T.);
#675=FACE_OUTER_BOUND('',#1184,.T.);
#676=FACE_OUTER_BOUND('',#1185,.T.);
#677=FACE_OUTER_BOUND('',#1186,.T.);
#678=FACE_OUTER_BOUND('',#1187,.T.);
#679=FACE_OUTER_BOUND('',#1188,.T.);
#680=FACE_OUTER_BOUND('',#1205,.T.);
#681=FACE_OUTER_BOUND('',#1222,.T.);
#682=FACE_OUTER_BOUND('',#1223,.T.);
#683=FACE_OUTER_BOUND('',#1224,.T.);
#684=FACE_OUTER_BOUND('',#1225,.T.);
#685=FACE_OUTER_BOUND('',#1226,.T.);
#686=FACE_OUTER_BOUND('',#1227,.T.);
#687=FACE_OUTER_BOUND('',#1228,.T.);
#688=FACE_OUTER_BOUND('',#1229,.T.);
#689=FACE_OUTER_BOUND('',#1230,.T.);
#690=FACE_OUTER_BOUND('',#1231,.T.);
#691=FACE_OUTER_BOUND('',#1232,.T.);
#692=FACE_OUTER_BOUND('',#1233,.T.);
#693=FACE_OUTER_BOUND('',#1234,.T.);
#694=FACE_OUTER_BOUND('',#1235,.T.);
#695=FACE_OUTER_BOUND('',#1236,.T.);
#696=FACE_OUTER_BOUND('',#1237,.T.);
#697=FACE_OUTER_BOUND('',#1238,.T.);
#698=FACE_OUTER_BOUND('',#1240,.T.);
#699=FACE_OUTER_BOUND('',#1242,.T.);
#700=FACE_OUTER_BOUND('',#1243,.T.);
#701=FACE_OUTER_BOUND('',#1244,.T.);
#702=FACE_OUTER_BOUND('',#1245,.T.);
#703=FACE_OUTER_BOUND('',#1246,.T.);
#704=FACE_OUTER_BOUND('',#1247,.T.);
#705=FACE_OUTER_BOUND('',#1248,.T.);
#706=FACE_OUTER_BOUND('',#1249,.T.);
#707=FACE_OUTER_BOUND('',#1250,.T.);
#708=FACE_OUTER_BOUND('',#1251,.T.);
#709=FACE_OUTER_BOUND('',#1252,.T.);
#710=FACE_OUTER_BOUND('',#1253,.T.);
#711=FACE_OUTER_BOUND('',#1254,.T.);
#712=FACE_OUTER_BOUND('',#1255,.T.);
#713=FACE_OUTER_BOUND('',#1256,.T.);
#714=FACE_OUTER_BOUND('',#1257,.T.);
#715=FACE_OUTER_BOUND('',#1258,.T.);
#716=FACE_OUTER_BOUND('',#1260,.T.);
#717=FACE_OUTER_BOUND('',#1262,.T.);
#718=FACE_OUTER_BOUND('',#1263,.T.);
#719=FACE_OUTER_BOUND('',#1264,.T.);
#720=FACE_OUTER_BOUND('',#1265,.T.);
#721=FACE_OUTER_BOUND('',#1266,.T.);
#722=FACE_OUTER_BOUND('',#1267,.T.);
#723=FACE_OUTER_BOUND('',#1268,.T.);
#724=FACE_OUTER_BOUND('',#1269,.T.);
#725=FACE_OUTER_BOUND('',#1270,.T.);
#726=FACE_OUTER_BOUND('',#1271,.T.);
#727=FACE_OUTER_BOUND('',#1272,.T.);
#728=FACE_OUTER_BOUND('',#1273,.T.);
#729=FACE_OUTER_BOUND('',#1274,.T.);
#730=FACE_OUTER_BOUND('',#1275,.T.);
#731=FACE_OUTER_BOUND('',#1276,.T.);
#732=FACE_OUTER_BOUND('',#1277,.T.);
#733=FACE_OUTER_BOUND('',#1278,.T.);
#734=FACE_OUTER_BOUND('',#1280,.T.);
#735=FACE_OUTER_BOUND('',#1282,.T.);
#736=FACE_OUTER_BOUND('',#1283,.T.);
#737=FACE_OUTER_BOUND('',#1284,.T.);
#738=FACE_OUTER_BOUND('',#1285,.T.);
#739=FACE_OUTER_BOUND('',#1286,.T.);
#740=FACE_OUTER_BOUND('',#1287,.T.);
#741=FACE_OUTER_BOUND('',#1288,.T.);
#742=FACE_OUTER_BOUND('',#1289,.T.);
#743=FACE_OUTER_BOUND('',#1290,.T.);
#744=FACE_OUTER_BOUND('',#1291,.T.);
#745=FACE_OUTER_BOUND('',#1292,.T.);
#746=FACE_OUTER_BOUND('',#1293,.T.);
#747=FACE_OUTER_BOUND('',#1294,.T.);
#748=FACE_OUTER_BOUND('',#1295,.T.);
#749=FACE_OUTER_BOUND('',#1296,.T.);
#750=FACE_OUTER_BOUND('',#1297,.T.);
#751=FACE_OUTER_BOUND('',#1298,.T.);
#752=FACE_OUTER_BOUND('',#1300,.T.);
#753=FACE_OUTER_BOUND('',#1302,.T.);
#754=FACE_OUTER_BOUND('',#1303,.T.);
#755=FACE_OUTER_BOUND('',#1304,.T.);
#756=FACE_OUTER_BOUND('',#1305,.T.);
#757=FACE_OUTER_BOUND('',#1306,.T.);
#758=FACE_OUTER_BOUND('',#1307,.T.);
#759=FACE_OUTER_BOUND('',#1308,.T.);
#760=FACE_OUTER_BOUND('',#1309,.T.);
#761=FACE_OUTER_BOUND('',#1310,.T.);
#762=FACE_OUTER_BOUND('',#1311,.T.);
#763=FACE_OUTER_BOUND('',#1312,.T.);
#764=FACE_OUTER_BOUND('',#1313,.T.);
#765=FACE_OUTER_BOUND('',#1314,.T.);
#766=FACE_OUTER_BOUND('',#1315,.T.);
#767=FACE_OUTER_BOUND('',#1316,.T.);
#768=FACE_OUTER_BOUND('',#1317,.T.);
#769=FACE_OUTER_BOUND('',#1318,.T.);
#770=FACE_OUTER_BOUND('',#1320,.T.);
#771=FACE_OUTER_BOUND('',#1322,.T.);
#772=FACE_OUTER_BOUND('',#1323,.T.);
#773=FACE_OUTER_BOUND('',#1324,.T.);
#774=FACE_OUTER_BOUND('',#1325,.T.);
#775=FACE_OUTER_BOUND('',#1326,.T.);
#776=FACE_OUTER_BOUND('',#1327,.T.);
#777=FACE_OUTER_BOUND('',#1328,.T.);
#778=FACE_OUTER_BOUND('',#1329,.T.);
#779=FACE_OUTER_BOUND('',#1330,.T.);
#780=FACE_OUTER_BOUND('',#1331,.T.);
#781=FACE_OUTER_BOUND('',#1332,.T.);
#782=FACE_OUTER_BOUND('',#1333,.T.);
#783=FACE_OUTER_BOUND('',#1334,.T.);
#784=FACE_OUTER_BOUND('',#1335,.T.);
#785=FACE_OUTER_BOUND('',#1336,.T.);
#786=FACE_OUTER_BOUND('',#1337,.T.);
#787=FACE_OUTER_BOUND('',#1338,.T.);
#788=FACE_OUTER_BOUND('',#1340,.T.);
#789=FACE_OUTER_BOUND('',#1342,.T.);
#790=FACE_OUTER_BOUND('',#1343,.T.);
#791=FACE_OUTER_BOUND('',#1344,.T.);
#792=FACE_OUTER_BOUND('',#1345,.T.);
#793=FACE_OUTER_BOUND('',#1346,.T.);
#794=FACE_OUTER_BOUND('',#1347,.T.);
#795=FACE_OUTER_BOUND('',#1348,.T.);
#796=FACE_OUTER_BOUND('',#1349,.T.);
#797=FACE_OUTER_BOUND('',#1350,.T.);
#798=FACE_OUTER_BOUND('',#1351,.T.);
#799=FACE_OUTER_BOUND('',#1352,.T.);
#800=FACE_OUTER_BOUND('',#1353,.T.);
#801=FACE_OUTER_BOUND('',#1354,.T.);
#802=FACE_OUTER_BOUND('',#1355,.T.);
#803=FACE_OUTER_BOUND('',#1356,.T.);
#804=FACE_OUTER_BOUND('',#1357,.T.);
#805=FACE_OUTER_BOUND('',#1358,.T.);
#806=FACE_OUTER_BOUND('',#1360,.T.);
#807=FACE_OUTER_BOUND('',#1362,.T.);
#808=FACE_OUTER_BOUND('',#1363,.T.);
#809=FACE_OUTER_BOUND('',#1364,.T.);
#810=FACE_OUTER_BOUND('',#1365,.T.);
#811=FACE_OUTER_BOUND('',#1366,.T.);
#812=FACE_OUTER_BOUND('',#1367,.T.);
#813=FACE_OUTER_BOUND('',#1368,.T.);
#814=FACE_OUTER_BOUND('',#1369,.T.);
#815=FACE_OUTER_BOUND('',#1370,.T.);
#816=FACE_OUTER_BOUND('',#1371,.T.);
#817=FACE_OUTER_BOUND('',#1372,.T.);
#818=FACE_OUTER_BOUND('',#1373,.T.);
#819=FACE_OUTER_BOUND('',#1374,.T.);
#820=FACE_OUTER_BOUND('',#1375,.T.);
#821=FACE_OUTER_BOUND('',#1376,.T.);
#822=FACE_OUTER_BOUND('',#1377,.T.);
#823=FACE_OUTER_BOUND('',#1378,.T.);
#824=FACE_OUTER_BOUND('',#1380,.T.);
#825=FACE_OUTER_BOUND('',#1382,.T.);
#826=FACE_OUTER_BOUND('',#1383,.T.);
#827=FACE_OUTER_BOUND('',#1384,.T.);
#828=FACE_OUTER_BOUND('',#1385,.T.);
#829=FACE_OUTER_BOUND('',#1386,.T.);
#830=FACE_OUTER_BOUND('',#1387,.T.);
#831=FACE_OUTER_BOUND('',#1388,.T.);
#832=FACE_OUTER_BOUND('',#1389,.T.);
#833=FACE_OUTER_BOUND('',#1390,.T.);
#834=FACE_OUTER_BOUND('',#1391,.T.);
#835=FACE_OUTER_BOUND('',#1392,.T.);
#836=FACE_OUTER_BOUND('',#1393,.T.);
#837=FACE_OUTER_BOUND('',#1394,.T.);
#838=FACE_OUTER_BOUND('',#1395,.T.);
#839=FACE_OUTER_BOUND('',#1396,.T.);
#840=FACE_OUTER_BOUND('',#1397,.T.);
#841=FACE_OUTER_BOUND('',#1398,.T.);
#842=FACE_OUTER_BOUND('',#1400,.T.);
#843=FACE_OUTER_BOUND('',#1402,.T.);
#844=FACE_OUTER_BOUND('',#1403,.T.);
#845=FACE_OUTER_BOUND('',#1404,.T.);
#846=FACE_OUTER_BOUND('',#1405,.T.);
#847=FACE_OUTER_BOUND('',#1406,.T.);
#848=FACE_OUTER_BOUND('',#1407,.T.);
#849=FACE_OUTER_BOUND('',#1408,.T.);
#850=FACE_OUTER_BOUND('',#1409,.T.);
#851=FACE_OUTER_BOUND('',#1410,.T.);
#852=FACE_OUTER_BOUND('',#1411,.T.);
#853=FACE_OUTER_BOUND('',#1412,.T.);
#854=FACE_OUTER_BOUND('',#1413,.T.);
#855=FACE_OUTER_BOUND('',#1414,.T.);
#856=FACE_OUTER_BOUND('',#1415,.T.);
#857=FACE_OUTER_BOUND('',#1416,.T.);
#858=FACE_OUTER_BOUND('',#1417,.T.);
#859=FACE_OUTER_BOUND('',#1418,.T.);
#860=FACE_OUTER_BOUND('',#1420,.T.);
#861=FACE_OUTER_BOUND('',#1422,.T.);
#862=FACE_OUTER_BOUND('',#1423,.T.);
#863=FACE_OUTER_BOUND('',#1424,.T.);
#864=FACE_OUTER_BOUND('',#1425,.T.);
#865=FACE_OUTER_BOUND('',#1426,.T.);
#866=FACE_OUTER_BOUND('',#1427,.T.);
#867=FACE_OUTER_BOUND('',#1428,.T.);
#868=FACE_OUTER_BOUND('',#1429,.T.);
#869=FACE_OUTER_BOUND('',#1430,.T.);
#870=FACE_OUTER_BOUND('',#1431,.T.);
#871=FACE_OUTER_BOUND('',#1432,.T.);
#872=FACE_OUTER_BOUND('',#1433,.T.);
#873=FACE_OUTER_BOUND('',#1434,.T.);
#874=FACE_OUTER_BOUND('',#1435,.T.);
#875=FACE_OUTER_BOUND('',#1436,.T.);
#876=FACE_OUTER_BOUND('',#1437,.T.);
#877=FACE_OUTER_BOUND('',#1438,.T.);
#878=FACE_OUTER_BOUND('',#1440,.T.);
#879=FACE_OUTER_BOUND('',#1442,.T.);
#880=FACE_OUTER_BOUND('',#1443,.T.);
#881=FACE_OUTER_BOUND('',#1444,.T.);
#882=FACE_OUTER_BOUND('',#1445,.T.);
#883=FACE_OUTER_BOUND('',#1446,.T.);
#884=FACE_OUTER_BOUND('',#1447,.T.);
#885=FACE_OUTER_BOUND('',#1448,.T.);
#886=FACE_OUTER_BOUND('',#1449,.T.);
#887=FACE_OUTER_BOUND('',#1450,.T.);
#888=FACE_OUTER_BOUND('',#1451,.T.);
#889=FACE_OUTER_BOUND('',#1452,.T.);
#890=FACE_OUTER_BOUND('',#1453,.T.);
#891=FACE_OUTER_BOUND('',#1454,.T.);
#892=FACE_OUTER_BOUND('',#1455,.T.);
#893=FACE_OUTER_BOUND('',#1456,.T.);
#894=FACE_OUTER_BOUND('',#1457,.T.);
#895=FACE_OUTER_BOUND('',#1458,.T.);
#896=FACE_OUTER_BOUND('',#1460,.T.);
#897=FACE_OUTER_BOUND('',#1462,.T.);
#898=FACE_OUTER_BOUND('',#1463,.T.);
#899=FACE_OUTER_BOUND('',#1464,.T.);
#900=FACE_OUTER_BOUND('',#1465,.T.);
#901=FACE_OUTER_BOUND('',#1466,.T.);
#902=FACE_OUTER_BOUND('',#1467,.T.);
#903=FACE_OUTER_BOUND('',#1468,.T.);
#904=FACE_OUTER_BOUND('',#1469,.T.);
#905=FACE_OUTER_BOUND('',#1470,.T.);
#906=FACE_OUTER_BOUND('',#1471,.T.);
#907=FACE_OUTER_BOUND('',#1472,.T.);
#908=FACE_OUTER_BOUND('',#1473,.T.);
#909=FACE_OUTER_BOUND('',#1474,.T.);
#910=FACE_OUTER_BOUND('',#1475,.T.);
#911=FACE_OUTER_BOUND('',#1476,.T.);
#912=FACE_OUTER_BOUND('',#1477,.T.);
#913=FACE_OUTER_BOUND('',#1478,.T.);
#914=FACE_OUTER_BOUND('',#1480,.T.);
#915=FACE_OUTER_BOUND('',#1482,.T.);
#916=FACE_OUTER_BOUND('',#1483,.T.);
#917=FACE_OUTER_BOUND('',#1484,.T.);
#918=FACE_OUTER_BOUND('',#1485,.T.);
#919=FACE_OUTER_BOUND('',#1486,.T.);
#920=FACE_OUTER_BOUND('',#1487,.T.);
#921=FACE_OUTER_BOUND('',#1488,.T.);
#922=FACE_OUTER_BOUND('',#1489,.T.);
#923=FACE_OUTER_BOUND('',#1490,.T.);
#924=FACE_OUTER_BOUND('',#1491,.T.);
#925=FACE_OUTER_BOUND('',#1492,.T.);
#926=FACE_OUTER_BOUND('',#1493,.T.);
#927=FACE_OUTER_BOUND('',#1494,.T.);
#928=FACE_OUTER_BOUND('',#1495,.T.);
#929=FACE_OUTER_BOUND('',#1496,.T.);
#930=FACE_OUTER_BOUND('',#1497,.T.);
#931=FACE_OUTER_BOUND('',#1498,.T.);
#932=FACE_OUTER_BOUND('',#1500,.T.);
#933=FACE_OUTER_BOUND('',#1502,.T.);
#934=FACE_OUTER_BOUND('',#1503,.T.);
#935=FACE_OUTER_BOUND('',#1504,.T.);
#936=FACE_OUTER_BOUND('',#1505,.T.);
#937=FACE_OUTER_BOUND('',#1506,.T.);
#938=FACE_OUTER_BOUND('',#1507,.T.);
#939=FACE_OUTER_BOUND('',#1508,.T.);
#940=FACE_OUTER_BOUND('',#1509,.T.);
#941=FACE_OUTER_BOUND('',#1510,.T.);
#942=FACE_OUTER_BOUND('',#1511,.T.);
#943=FACE_OUTER_BOUND('',#1512,.T.);
#944=FACE_OUTER_BOUND('',#1513,.T.);
#945=FACE_OUTER_BOUND('',#1514,.T.);
#946=FACE_OUTER_BOUND('',#1515,.T.);
#947=FACE_OUTER_BOUND('',#1516,.T.);
#948=FACE_OUTER_BOUND('',#1517,.T.);
#949=FACE_OUTER_BOUND('',#1518,.T.);
#950=FACE_OUTER_BOUND('',#1520,.T.);
#951=FACE_OUTER_BOUND('',#1522,.T.);
#952=FACE_OUTER_BOUND('',#1523,.T.);
#953=FACE_OUTER_BOUND('',#1524,.T.);
#954=FACE_OUTER_BOUND('',#1525,.T.);
#955=FACE_OUTER_BOUND('',#1526,.T.);
#956=FACE_OUTER_BOUND('',#1527,.T.);
#957=FACE_OUTER_BOUND('',#1528,.T.);
#958=FACE_OUTER_BOUND('',#1529,.T.);
#959=FACE_OUTER_BOUND('',#1530,.T.);
#960=FACE_OUTER_BOUND('',#1531,.T.);
#961=FACE_OUTER_BOUND('',#1532,.T.);
#962=FACE_OUTER_BOUND('',#1533,.T.);
#963=FACE_OUTER_BOUND('',#1534,.T.);
#964=FACE_OUTER_BOUND('',#1535,.T.);
#965=FACE_OUTER_BOUND('',#1536,.T.);
#966=FACE_OUTER_BOUND('',#1537,.T.);
#967=FACE_OUTER_BOUND('',#1538,.T.);
#968=FACE_OUTER_BOUND('',#1540,.T.);
#969=FACE_OUTER_BOUND('',#1542,.T.);
#970=FACE_OUTER_BOUND('',#1543,.T.);
#971=FACE_OUTER_BOUND('',#1544,.T.);
#972=FACE_OUTER_BOUND('',#1545,.T.);
#973=FACE_OUTER_BOUND('',#1546,.T.);
#974=FACE_OUTER_BOUND('',#1547,.T.);
#975=FACE_OUTER_BOUND('',#1548,.T.);
#976=FACE_OUTER_BOUND('',#1549,.T.);
#977=FACE_OUTER_BOUND('',#1550,.T.);
#978=FACE_OUTER_BOUND('',#1551,.T.);
#979=FACE_OUTER_BOUND('',#1552,.T.);
#980=FACE_OUTER_BOUND('',#1553,.T.);
#981=FACE_OUTER_BOUND('',#1554,.T.);
#982=FACE_OUTER_BOUND('',#1555,.T.);
#983=FACE_OUTER_BOUND('',#1556,.T.);
#984=FACE_OUTER_BOUND('',#1557,.T.);
#985=FACE_OUTER_BOUND('',#1558,.T.);
#986=FACE_OUTER_BOUND('',#1559,.T.);
#987=FACE_OUTER_BOUND('',#1560,.T.);
#988=FACE_OUTER_BOUND('',#1561,.T.);
#989=FACE_OUTER_BOUND('',#1562,.T.);
#990=FACE_OUTER_BOUND('',#1563,.T.);
#991=FACE_OUTER_BOUND('',#1564,.T.);
#992=FACE_OUTER_BOUND('',#1565,.T.);
#993=FACE_OUTER_BOUND('',#1566,.T.);
#994=FACE_OUTER_BOUND('',#1567,.T.);
#995=FACE_OUTER_BOUND('',#1568,.T.);
#996=FACE_OUTER_BOUND('',#1569,.T.);
#997=FACE_OUTER_BOUND('',#1570,.T.);
#998=FACE_OUTER_BOUND('',#1571,.T.);
#999=FACE_OUTER_BOUND('',#1572,.T.);
#1000=FACE_OUTER_BOUND('',#1573,.T.);
#1001=FACE_OUTER_BOUND('',#1574,.T.);
#1002=FACE_OUTER_BOUND('',#1575,.T.);
#1003=FACE_OUTER_BOUND('',#1576,.T.);
#1004=FACE_OUTER_BOUND('',#1577,.T.);
#1005=FACE_OUTER_BOUND('',#1578,.T.);
#1006=FACE_OUTER_BOUND('',#1579,.T.);
#1007=FACE_OUTER_BOUND('',#1580,.T.);
#1008=FACE_OUTER_BOUND('',#1581,.T.);
#1009=FACE_OUTER_BOUND('',#1582,.T.);
#1010=FACE_OUTER_BOUND('',#1583,.T.);
#1011=FACE_OUTER_BOUND('',#1584,.T.);
#1012=FACE_OUTER_BOUND('',#1585,.T.);
#1013=FACE_OUTER_BOUND('',#1586,.T.);
#1014=FACE_OUTER_BOUND('',#1587,.T.);
#1015=FACE_OUTER_BOUND('',#1588,.T.);
#1016=FACE_OUTER_BOUND('',#1589,.T.);
#1017=FACE_OUTER_BOUND('',#1590,.T.);
#1018=FACE_OUTER_BOUND('',#1591,.T.);
#1019=FACE_OUTER_BOUND('',#1592,.T.);
#1020=FACE_OUTER_BOUND('',#1593,.T.);
#1021=FACE_OUTER_BOUND('',#1594,.T.);
#1022=FACE_OUTER_BOUND('',#1595,.T.);
#1023=FACE_OUTER_BOUND('',#1596,.T.);
#1024=FACE_OUTER_BOUND('',#1597,.T.);
#1025=FACE_OUTER_BOUND('',#1598,.T.);
#1026=FACE_OUTER_BOUND('',#1599,.T.);
#1027=FACE_OUTER_BOUND('',#1600,.T.);
#1028=FACE_OUTER_BOUND('',#1601,.T.);
#1029=FACE_OUTER_BOUND('',#1602,.T.);
#1030=FACE_OUTER_BOUND('',#1603,.T.);
#1031=FACE_OUTER_BOUND('',#1604,.T.);
#1032=FACE_OUTER_BOUND('',#1605,.T.);
#1033=FACE_OUTER_BOUND('',#1606,.T.);
#1034=FACE_OUTER_BOUND('',#1607,.T.);
#1035=FACE_OUTER_BOUND('',#1608,.T.);
#1036=FACE_OUTER_BOUND('',#1609,.T.);
#1037=FACE_OUTER_BOUND('',#1610,.T.);
#1038=FACE_OUTER_BOUND('',#1611,.T.);
#1039=FACE_OUTER_BOUND('',#1612,.T.);
#1040=FACE_OUTER_BOUND('',#1613,.T.);
#1041=FACE_OUTER_BOUND('',#1614,.T.);
#1042=FACE_OUTER_BOUND('',#1615,.T.);
#1043=FACE_OUTER_BOUND('',#1616,.T.);
#1044=FACE_OUTER_BOUND('',#1617,.T.);
#1045=FACE_OUTER_BOUND('',#1618,.T.);
#1046=FACE_OUTER_BOUND('',#1619,.T.);
#1047=FACE_OUTER_BOUND('',#1620,.T.);
#1048=FACE_OUTER_BOUND('',#1621,.T.);
#1049=FACE_OUTER_BOUND('',#1622,.T.);
#1050=FACE_OUTER_BOUND('',#1623,.T.);
#1051=FACE_OUTER_BOUND('',#1624,.T.);
#1052=FACE_OUTER_BOUND('',#1625,.T.);
#1053=FACE_OUTER_BOUND('',#1626,.T.);
#1054=FACE_OUTER_BOUND('',#1627,.T.);
#1055=FACE_OUTER_BOUND('',#1628,.T.);
#1056=FACE_OUTER_BOUND('',#1629,.T.);
#1057=FACE_OUTER_BOUND('',#1630,.T.);
#1058=FACE_OUTER_BOUND('',#1631,.T.);
#1059=FACE_OUTER_BOUND('',#1632,.T.);
#1060=FACE_OUTER_BOUND('',#1633,.T.);
#1061=FACE_OUTER_BOUND('',#1634,.T.);
#1062=FACE_OUTER_BOUND('',#1635,.T.);
#1063=FACE_OUTER_BOUND('',#1636,.T.);
#1064=FACE_OUTER_BOUND('',#1637,.T.);
#1065=FACE_OUTER_BOUND('',#1638,.T.);
#1066=FACE_OUTER_BOUND('',#1639,.T.);
#1067=FACE_OUTER_BOUND('',#1640,.T.);
#1068=FACE_OUTER_BOUND('',#1641,.T.);
#1069=FACE_OUTER_BOUND('',#1642,.T.);
#1070=FACE_OUTER_BOUND('',#1643,.T.);
#1071=FACE_OUTER_BOUND('',#1644,.T.);
#1072=FACE_OUTER_BOUND('',#1645,.T.);
#1073=FACE_OUTER_BOUND('',#1646,.T.);
#1074=FACE_OUTER_BOUND('',#1647,.T.);
#1075=FACE_OUTER_BOUND('',#1648,.T.);
#1076=FACE_OUTER_BOUND('',#1649,.T.);
#1077=FACE_OUTER_BOUND('',#1650,.T.);
#1078=FACE_OUTER_BOUND('',#1651,.T.);
#1079=FACE_OUTER_BOUND('',#1652,.T.);
#1080=FACE_OUTER_BOUND('',#1653,.T.);
#1081=FACE_OUTER_BOUND('',#1654,.T.);
#1082=FACE_OUTER_BOUND('',#1655,.T.);
#1083=FACE_OUTER_BOUND('',#1656,.T.);
#1084=FACE_OUTER_BOUND('',#1657,.T.);
#1085=FACE_OUTER_BOUND('',#1658,.T.);
#1086=FACE_OUTER_BOUND('',#1659,.T.);
#1087=FACE_OUTER_BOUND('',#1660,.T.);
#1088=FACE_OUTER_BOUND('',#1661,.T.);
#1089=FACE_OUTER_BOUND('',#1662,.T.);
#1090=FACE_OUTER_BOUND('',#1663,.T.);
#1091=FACE_OUTER_BOUND('',#1664,.T.);
#1092=FACE_OUTER_BOUND('',#1665,.T.);
#1093=FACE_OUTER_BOUND('',#1666,.T.);
#1094=FACE_OUTER_BOUND('',#1667,.T.);
#1095=FACE_OUTER_BOUND('',#1668,.T.);
#1096=FACE_OUTER_BOUND('',#1669,.T.);
#1097=FACE_OUTER_BOUND('',#1670,.T.);
#1098=FACE_OUTER_BOUND('',#1671,.T.);
#1099=FACE_OUTER_BOUND('',#1672,.T.);
#1100=FACE_OUTER_BOUND('',#1673,.T.);
#1101=FACE_OUTER_BOUND('',#1674,.T.);
#1102=FACE_OUTER_BOUND('',#1675,.T.);
#1103=FACE_OUTER_BOUND('',#1676,.T.);
#1104=FACE_OUTER_BOUND('',#1677,.T.);
#1105=FACE_OUTER_BOUND('',#1678,.T.);
#1106=FACE_OUTER_BOUND('',#1679,.T.);
#1107=FACE_OUTER_BOUND('',#1680,.T.);
#1108=FACE_OUTER_BOUND('',#1681,.T.);
#1109=FACE_OUTER_BOUND('',#1682,.T.);
#1110=FACE_OUTER_BOUND('',#1683,.T.);
#1111=FACE_OUTER_BOUND('',#1684,.T.);
#1112=FACE_OUTER_BOUND('',#1685,.T.);
#1113=FACE_OUTER_BOUND('',#1686,.T.);
#1114=FACE_OUTER_BOUND('',#1687,.T.);
#1115=FACE_OUTER_BOUND('',#1688,.T.);
#1116=FACE_OUTER_BOUND('',#1689,.T.);
#1117=FACE_OUTER_BOUND('',#1690,.T.);
#1118=FACE_OUTER_BOUND('',#1691,.T.);
#1119=FACE_OUTER_BOUND('',#1692,.T.);
#1120=FACE_OUTER_BOUND('',#1693,.T.);
#1121=FACE_OUTER_BOUND('',#1694,.T.);
#1122=FACE_OUTER_BOUND('',#1695,.T.);
#1123=FACE_OUTER_BOUND('',#1696,.T.);
#1124=FACE_OUTER_BOUND('',#1697,.T.);
#1125=FACE_OUTER_BOUND('',#1698,.T.);
#1126=FACE_OUTER_BOUND('',#1699,.T.);
#1127=FACE_OUTER_BOUND('',#1700,.T.);
#1128=FACE_OUTER_BOUND('',#1701,.T.);
#1129=FACE_OUTER_BOUND('',#1702,.T.);
#1130=FACE_OUTER_BOUND('',#1703,.T.);
#1131=FACE_OUTER_BOUND('',#1704,.T.);
#1132=FACE_OUTER_BOUND('',#1705,.T.);
#1133=FACE_OUTER_BOUND('',#1706,.T.);
#1134=FACE_OUTER_BOUND('',#1707,.T.);
#1135=FACE_OUTER_BOUND('',#1708,.T.);
#1136=FACE_OUTER_BOUND('',#1709,.T.);
#1137=FACE_OUTER_BOUND('',#1710,.T.);
#1138=FACE_OUTER_BOUND('',#1711,.T.);
#1139=FACE_OUTER_BOUND('',#1712,.T.);
#1140=FACE_OUTER_BOUND('',#1713,.T.);
#1141=FACE_OUTER_BOUND('',#1714,.T.);
#1142=FACE_OUTER_BOUND('',#1715,.T.);
#1143=FACE_OUTER_BOUND('',#1716,.T.);
#1144=FACE_OUTER_BOUND('',#1717,.T.);
#1145=FACE_OUTER_BOUND('',#1718,.T.);
#1146=FACE_OUTER_BOUND('',#1719,.T.);
#1147=FACE_OUTER_BOUND('',#1720,.T.);
#1148=FACE_OUTER_BOUND('',#1721,.T.);
#1149=FACE_OUTER_BOUND('',#1722,.T.);
#1150=FACE_OUTER_BOUND('',#1723,.T.);
#1151=FACE_OUTER_BOUND('',#1724,.T.);
#1152=FACE_OUTER_BOUND('',#1725,.T.);
#1153=FACE_OUTER_BOUND('',#1726,.T.);
#1154=FACE_OUTER_BOUND('',#1727,.T.);
#1155=FACE_OUTER_BOUND('',#1728,.T.);
#1156=FACE_OUTER_BOUND('',#1729,.T.);
#1157=FACE_OUTER_BOUND('',#1730,.T.);
#1158=FACE_OUTER_BOUND('',#1731,.T.);
#1159=FACE_OUTER_BOUND('',#1732,.T.);
#1160=FACE_OUTER_BOUND('',#1733,.T.);
#1161=FACE_OUTER_BOUND('',#1734,.T.);
#1162=FACE_OUTER_BOUND('',#1735,.T.);
#1163=FACE_OUTER_BOUND('',#1736,.T.);
#1164=FACE_OUTER_BOUND('',#1737,.T.);
#1165=FACE_OUTER_BOUND('',#1738,.T.);
#1166=FACE_OUTER_BOUND('',#1739,.T.);
#1167=FACE_OUTER_BOUND('',#1740,.T.);
#1168=EDGE_LOOP('',(#6394,#6395,#6396,#6397));
#1169=EDGE_LOOP('',(#6398,#6399,#6400,#6401));
#1170=EDGE_LOOP('',(#6402,#6403,#6404,#6405));
#1171=EDGE_LOOP('',(#6406,#6407,#6408,#6409));
#1172=EDGE_LOOP('',(#6410,#6411,#6412,#6413));
#1173=EDGE_LOOP('',(#6414,#6415,#6416,#6417));
#1174=EDGE_LOOP('',(#6418,#6419,#6420,#6421));
#1175=EDGE_LOOP('',(#6422,#6423,#6424,#6425));
#1176=EDGE_LOOP('',(#6426,#6427,#6428,#6429));
#1177=EDGE_LOOP('',(#6430,#6431,#6432,#6433));
#1178=EDGE_LOOP('',(#6434,#6435,#6436,#6437));
#1179=EDGE_LOOP('',(#6438,#6439,#6440,#6441));
#1180=EDGE_LOOP('',(#6442,#6443,#6444,#6445));
#1181=EDGE_LOOP('',(#6446,#6447,#6448,#6449));
#1182=EDGE_LOOP('',(#6450,#6451,#6452,#6453));
#1183=EDGE_LOOP('',(#6454,#6455,#6456,#6457));
#1184=EDGE_LOOP('',(#6458,#6459,#6460,#6461));
#1185=EDGE_LOOP('',(#6462,#6463,#6464,#6465));
#1186=EDGE_LOOP('',(#6466,#6467,#6468,#6469));
#1187=EDGE_LOOP('',(#6470,#6471,#6472,#6473));
#1188=EDGE_LOOP('',(#6474,#6475,#6476,#6477));
#1189=EDGE_LOOP('',(#6478));
#1190=EDGE_LOOP('',(#6479));
#1191=EDGE_LOOP('',(#6480));
#1192=EDGE_LOOP('',(#6481));
#1193=EDGE_LOOP('',(#6482));
#1194=EDGE_LOOP('',(#6483));
#1195=EDGE_LOOP('',(#6484));
#1196=EDGE_LOOP('',(#6485));
#1197=EDGE_LOOP('',(#6486));
#1198=EDGE_LOOP('',(#6487));
#1199=EDGE_LOOP('',(#6488));
#1200=EDGE_LOOP('',(#6489));
#1201=EDGE_LOOP('',(#6490));
#1202=EDGE_LOOP('',(#6491));
#1203=EDGE_LOOP('',(#6492));
#1204=EDGE_LOOP('',(#6493));
#1205=EDGE_LOOP('',(#6494,#6495,#6496,#6497));
#1206=EDGE_LOOP('',(#6498));
#1207=EDGE_LOOP('',(#6499));
#1208=EDGE_LOOP('',(#6500));
#1209=EDGE_LOOP('',(#6501));
#1210=EDGE_LOOP('',(#6502));
#1211=EDGE_LOOP('',(#6503));
#1212=EDGE_LOOP('',(#6504));
#1213=EDGE_LOOP('',(#6505));
#1214=EDGE_LOOP('',(#6506));
#1215=EDGE_LOOP('',(#6507));
#1216=EDGE_LOOP('',(#6508));
#1217=EDGE_LOOP('',(#6509));
#1218=EDGE_LOOP('',(#6510));
#1219=EDGE_LOOP('',(#6511));
#1220=EDGE_LOOP('',(#6512));
#1221=EDGE_LOOP('',(#6513));
#1222=EDGE_LOOP('',(#6514,#6515,#6516,#6517));
#1223=EDGE_LOOP('',(#6518,#6519,#6520,#6521));
#1224=EDGE_LOOP('',(#6522,#6523,#6524,#6525));
#1225=EDGE_LOOP('',(#6526,#6527,#6528,#6529));
#1226=EDGE_LOOP('',(#6530,#6531,#6532,#6533));
#1227=EDGE_LOOP('',(#6534,#6535,#6536,#6537));
#1228=EDGE_LOOP('',(#6538,#6539,#6540,#6541));
#1229=EDGE_LOOP('',(#6542,#6543,#6544,#6545));
#1230=EDGE_LOOP('',(#6546,#6547,#6548,#6549));
#1231=EDGE_LOOP('',(#6550,#6551,#6552,#6553));
#1232=EDGE_LOOP('',(#6554,#6555,#6556,#6557));
#1233=EDGE_LOOP('',(#6558,#6559,#6560,#6561));
#1234=EDGE_LOOP('',(#6562,#6563,#6564,#6565));
#1235=EDGE_LOOP('',(#6566,#6567,#6568,#6569));
#1236=EDGE_LOOP('',(#6570,#6571,#6572,#6573));
#1237=EDGE_LOOP('',(#6574,#6575,#6576,#6577));
#1238=EDGE_LOOP('',(#6578,#6579,#6580,#6581,#6582,#6583,#6584,#6585));
#1239=EDGE_LOOP('',(#6586,#6587,#6588,#6589,#6590,#6591,#6592,#6593));
#1240=EDGE_LOOP('',(#6594,#6595,#6596,#6597,#6598,#6599,#6600,#6601));
#1241=EDGE_LOOP('',(#6602,#6603,#6604,#6605,#6606,#6607,#6608,#6609));
#1242=EDGE_LOOP('',(#6610,#6611,#6612,#6613));
#1243=EDGE_LOOP('',(#6614,#6615,#6616,#6617));
#1244=EDGE_LOOP('',(#6618,#6619,#6620,#6621));
#1245=EDGE_LOOP('',(#6622,#6623,#6624,#6625));
#1246=EDGE_LOOP('',(#6626,#6627,#6628,#6629));
#1247=EDGE_LOOP('',(#6630,#6631,#6632,#6633));
#1248=EDGE_LOOP('',(#6634,#6635,#6636,#6637));
#1249=EDGE_LOOP('',(#6638,#6639,#6640,#6641));
#1250=EDGE_LOOP('',(#6642,#6643,#6644,#6645));
#1251=EDGE_LOOP('',(#6646,#6647,#6648,#6649));
#1252=EDGE_LOOP('',(#6650,#6651,#6652,#6653));
#1253=EDGE_LOOP('',(#6654,#6655,#6656,#6657));
#1254=EDGE_LOOP('',(#6658,#6659,#6660,#6661));
#1255=EDGE_LOOP('',(#6662,#6663,#6664,#6665));
#1256=EDGE_LOOP('',(#6666,#6667,#6668,#6669));
#1257=EDGE_LOOP('',(#6670,#6671,#6672,#6673));
#1258=EDGE_LOOP('',(#6674,#6675,#6676,#6677,#6678,#6679,#6680,#6681));
#1259=EDGE_LOOP('',(#6682,#6683,#6684,#6685,#6686,#6687,#6688,#6689));
#1260=EDGE_LOOP('',(#6690,#6691,#6692,#6693,#6694,#6695,#6696,#6697));
#1261=EDGE_LOOP('',(#6698,#6699,#6700,#6701,#6702,#6703,#6704,#6705));
#1262=EDGE_LOOP('',(#6706,#6707,#6708,#6709));
#1263=EDGE_LOOP('',(#6710,#6711,#6712,#6713));
#1264=EDGE_LOOP('',(#6714,#6715,#6716,#6717));
#1265=EDGE_LOOP('',(#6718,#6719,#6720,#6721));
#1266=EDGE_LOOP('',(#6722,#6723,#6724,#6725));
#1267=EDGE_LOOP('',(#6726,#6727,#6728,#6729));
#1268=EDGE_LOOP('',(#6730,#6731,#6732,#6733));
#1269=EDGE_LOOP('',(#6734,#6735,#6736,#6737));
#1270=EDGE_LOOP('',(#6738,#6739,#6740,#6741));
#1271=EDGE_LOOP('',(#6742,#6743,#6744,#6745));
#1272=EDGE_LOOP('',(#6746,#6747,#6748,#6749));
#1273=EDGE_LOOP('',(#6750,#6751,#6752,#6753));
#1274=EDGE_LOOP('',(#6754,#6755,#6756,#6757));
#1275=EDGE_LOOP('',(#6758,#6759,#6760,#6761));
#1276=EDGE_LOOP('',(#6762,#6763,#6764,#6765));
#1277=EDGE_LOOP('',(#6766,#6767,#6768,#6769));
#1278=EDGE_LOOP('',(#6770,#6771,#6772,#6773,#6774,#6775,#6776,#6777));
#1279=EDGE_LOOP('',(#6778,#6779,#6780,#6781,#6782,#6783,#6784,#6785));
#1280=EDGE_LOOP('',(#6786,#6787,#6788,#6789,#6790,#6791,#6792,#6793));
#1281=EDGE_LOOP('',(#6794,#6795,#6796,#6797,#6798,#6799,#6800,#6801));
#1282=EDGE_LOOP('',(#6802,#6803,#6804,#6805));
#1283=EDGE_LOOP('',(#6806,#6807,#6808,#6809));
#1284=EDGE_LOOP('',(#6810,#6811,#6812,#6813));
#1285=EDGE_LOOP('',(#6814,#6815,#6816,#6817));
#1286=EDGE_LOOP('',(#6818,#6819,#6820,#6821));
#1287=EDGE_LOOP('',(#6822,#6823,#6824,#6825));
#1288=EDGE_LOOP('',(#6826,#6827,#6828,#6829));
#1289=EDGE_LOOP('',(#6830,#6831,#6832,#6833));
#1290=EDGE_LOOP('',(#6834,#6835,#6836,#6837));
#1291=EDGE_LOOP('',(#6838,#6839,#6840,#6841));
#1292=EDGE_LOOP('',(#6842,#6843,#6844,#6845));
#1293=EDGE_LOOP('',(#6846,#6847,#6848,#6849));
#1294=EDGE_LOOP('',(#6850,#6851,#6852,#6853));
#1295=EDGE_LOOP('',(#6854,#6855,#6856,#6857));
#1296=EDGE_LOOP('',(#6858,#6859,#6860,#6861));
#1297=EDGE_LOOP('',(#6862,#6863,#6864,#6865));
#1298=EDGE_LOOP('',(#6866,#6867,#6868,#6869,#6870,#6871,#6872,#6873));
#1299=EDGE_LOOP('',(#6874,#6875,#6876,#6877,#6878,#6879,#6880,#6881));
#1300=EDGE_LOOP('',(#6882,#6883,#6884,#6885,#6886,#6887,#6888,#6889));
#1301=EDGE_LOOP('',(#6890,#6891,#6892,#6893,#6894,#6895,#6896,#6897));
#1302=EDGE_LOOP('',(#6898,#6899,#6900,#6901));
#1303=EDGE_LOOP('',(#6902,#6903,#6904,#6905));
#1304=EDGE_LOOP('',(#6906,#6907,#6908,#6909));
#1305=EDGE_LOOP('',(#6910,#6911,#6912,#6913));
#1306=EDGE_LOOP('',(#6914,#6915,#6916,#6917));
#1307=EDGE_LOOP('',(#6918,#6919,#6920,#6921));
#1308=EDGE_LOOP('',(#6922,#6923,#6924,#6925));
#1309=EDGE_LOOP('',(#6926,#6927,#6928,#6929));
#1310=EDGE_LOOP('',(#6930,#6931,#6932,#6933));
#1311=EDGE_LOOP('',(#6934,#6935,#6936,#6937));
#1312=EDGE_LOOP('',(#6938,#6939,#6940,#6941));
#1313=EDGE_LOOP('',(#6942,#6943,#6944,#6945));
#1314=EDGE_LOOP('',(#6946,#6947,#6948,#6949));
#1315=EDGE_LOOP('',(#6950,#6951,#6952,#6953));
#1316=EDGE_LOOP('',(#6954,#6955,#6956,#6957));
#1317=EDGE_LOOP('',(#6958,#6959,#6960,#6961));
#1318=EDGE_LOOP('',(#6962,#6963,#6964,#6965,#6966,#6967,#6968,#6969));
#1319=EDGE_LOOP('',(#6970,#6971,#6972,#6973,#6974,#6975,#6976,#6977));
#1320=EDGE_LOOP('',(#6978,#6979,#6980,#6981,#6982,#6983,#6984,#6985));
#1321=EDGE_LOOP('',(#6986,#6987,#6988,#6989,#6990,#6991,#6992,#6993));
#1322=EDGE_LOOP('',(#6994,#6995,#6996,#6997));
#1323=EDGE_LOOP('',(#6998,#6999,#7000,#7001));
#1324=EDGE_LOOP('',(#7002,#7003,#7004,#7005));
#1325=EDGE_LOOP('',(#7006,#7007,#7008,#7009));
#1326=EDGE_LOOP('',(#7010,#7011,#7012,#7013));
#1327=EDGE_LOOP('',(#7014,#7015,#7016,#7017));
#1328=EDGE_LOOP('',(#7018,#7019,#7020,#7021));
#1329=EDGE_LOOP('',(#7022,#7023,#7024,#7025));
#1330=EDGE_LOOP('',(#7026,#7027,#7028,#7029));
#1331=EDGE_LOOP('',(#7030,#7031,#7032,#7033));
#1332=EDGE_LOOP('',(#7034,#7035,#7036,#7037));
#1333=EDGE_LOOP('',(#7038,#7039,#7040,#7041));
#1334=EDGE_LOOP('',(#7042,#7043,#7044,#7045));
#1335=EDGE_LOOP('',(#7046,#7047,#7048,#7049));
#1336=EDGE_LOOP('',(#7050,#7051,#7052,#7053));
#1337=EDGE_LOOP('',(#7054,#7055,#7056,#7057));
#1338=EDGE_LOOP('',(#7058,#7059,#7060,#7061,#7062,#7063,#7064,#7065));
#1339=EDGE_LOOP('',(#7066,#7067,#7068,#7069,#7070,#7071,#7072,#7073));
#1340=EDGE_LOOP('',(#7074,#7075,#7076,#7077,#7078,#7079,#7080,#7081));
#1341=EDGE_LOOP('',(#7082,#7083,#7084,#7085,#7086,#7087,#7088,#7089));
#1342=EDGE_LOOP('',(#7090,#7091,#7092,#7093));
#1343=EDGE_LOOP('',(#7094,#7095,#7096,#7097));
#1344=EDGE_LOOP('',(#7098,#7099,#7100,#7101));
#1345=EDGE_LOOP('',(#7102,#7103,#7104,#7105));
#1346=EDGE_LOOP('',(#7106,#7107,#7108,#7109));
#1347=EDGE_LOOP('',(#7110,#7111,#7112,#7113));
#1348=EDGE_LOOP('',(#7114,#7115,#7116,#7117));
#1349=EDGE_LOOP('',(#7118,#7119,#7120,#7121));
#1350=EDGE_LOOP('',(#7122,#7123,#7124,#7125));
#1351=EDGE_LOOP('',(#7126,#7127,#7128,#7129));
#1352=EDGE_LOOP('',(#7130,#7131,#7132,#7133));
#1353=EDGE_LOOP('',(#7134,#7135,#7136,#7137));
#1354=EDGE_LOOP('',(#7138,#7139,#7140,#7141));
#1355=EDGE_LOOP('',(#7142,#7143,#7144,#7145));
#1356=EDGE_LOOP('',(#7146,#7147,#7148,#7149));
#1357=EDGE_LOOP('',(#7150,#7151,#7152,#7153));
#1358=EDGE_LOOP('',(#7154,#7155,#7156,#7157,#7158,#7159,#7160,#7161));
#1359=EDGE_LOOP('',(#7162,#7163,#7164,#7165,#7166,#7167,#7168,#7169));
#1360=EDGE_LOOP('',(#7170,#7171,#7172,#7173,#7174,#7175,#7176,#7177));
#1361=EDGE_LOOP('',(#7178,#7179,#7180,#7181,#7182,#7183,#7184,#7185));
#1362=EDGE_LOOP('',(#7186,#7187,#7188,#7189));
#1363=EDGE_LOOP('',(#7190,#7191,#7192,#7193));
#1364=EDGE_LOOP('',(#7194,#7195,#7196,#7197));
#1365=EDGE_LOOP('',(#7198,#7199,#7200,#7201));
#1366=EDGE_LOOP('',(#7202,#7203,#7204,#7205));
#1367=EDGE_LOOP('',(#7206,#7207,#7208,#7209));
#1368=EDGE_LOOP('',(#7210,#7211,#7212,#7213));
#1369=EDGE_LOOP('',(#7214,#7215,#7216,#7217));
#1370=EDGE_LOOP('',(#7218,#7219,#7220,#7221));
#1371=EDGE_LOOP('',(#7222,#7223,#7224,#7225));
#1372=EDGE_LOOP('',(#7226,#7227,#7228,#7229));
#1373=EDGE_LOOP('',(#7230,#7231,#7232,#7233));
#1374=EDGE_LOOP('',(#7234,#7235,#7236,#7237));
#1375=EDGE_LOOP('',(#7238,#7239,#7240,#7241));
#1376=EDGE_LOOP('',(#7242,#7243,#7244,#7245));
#1377=EDGE_LOOP('',(#7246,#7247,#7248,#7249));
#1378=EDGE_LOOP('',(#7250,#7251,#7252,#7253,#7254,#7255,#7256,#7257));
#1379=EDGE_LOOP('',(#7258,#7259,#7260,#7261,#7262,#7263,#7264,#7265));
#1380=EDGE_LOOP('',(#7266,#7267,#7268,#7269,#7270,#7271,#7272,#7273));
#1381=EDGE_LOOP('',(#7274,#7275,#7276,#7277,#7278,#7279,#7280,#7281));
#1382=EDGE_LOOP('',(#7282,#7283,#7284,#7285));
#1383=EDGE_LOOP('',(#7286,#7287,#7288,#7289));
#1384=EDGE_LOOP('',(#7290,#7291,#7292,#7293));
#1385=EDGE_LOOP('',(#7294,#7295,#7296,#7297));
#1386=EDGE_LOOP('',(#7298,#7299,#7300,#7301));
#1387=EDGE_LOOP('',(#7302,#7303,#7304,#7305));
#1388=EDGE_LOOP('',(#7306,#7307,#7308,#7309));
#1389=EDGE_LOOP('',(#7310,#7311,#7312,#7313));
#1390=EDGE_LOOP('',(#7314,#7315,#7316,#7317));
#1391=EDGE_LOOP('',(#7318,#7319,#7320,#7321));
#1392=EDGE_LOOP('',(#7322,#7323,#7324,#7325));
#1393=EDGE_LOOP('',(#7326,#7327,#7328,#7329));
#1394=EDGE_LOOP('',(#7330,#7331,#7332,#7333));
#1395=EDGE_LOOP('',(#7334,#7335,#7336,#7337));
#1396=EDGE_LOOP('',(#7338,#7339,#7340,#7341));
#1397=EDGE_LOOP('',(#7342,#7343,#7344,#7345));
#1398=EDGE_LOOP('',(#7346,#7347,#7348,#7349,#7350,#7351,#7352,#7353));
#1399=EDGE_LOOP('',(#7354,#7355,#7356,#7357,#7358,#7359,#7360,#7361));
#1400=EDGE_LOOP('',(#7362,#7363,#7364,#7365,#7366,#7367,#7368,#7369));
#1401=EDGE_LOOP('',(#7370,#7371,#7372,#7373,#7374,#7375,#7376,#7377));
#1402=EDGE_LOOP('',(#7378,#7379,#7380,#7381));
#1403=EDGE_LOOP('',(#7382,#7383,#7384,#7385));
#1404=EDGE_LOOP('',(#7386,#7387,#7388,#7389));
#1405=EDGE_LOOP('',(#7390,#7391,#7392,#7393));
#1406=EDGE_LOOP('',(#7394,#7395,#7396,#7397));
#1407=EDGE_LOOP('',(#7398,#7399,#7400,#7401));
#1408=EDGE_LOOP('',(#7402,#7403,#7404,#7405));
#1409=EDGE_LOOP('',(#7406,#7407,#7408,#7409));
#1410=EDGE_LOOP('',(#7410,#7411,#7412,#7413));
#1411=EDGE_LOOP('',(#7414,#7415,#7416,#7417));
#1412=EDGE_LOOP('',(#7418,#7419,#7420,#7421));
#1413=EDGE_LOOP('',(#7422,#7423,#7424,#7425));
#1414=EDGE_LOOP('',(#7426,#7427,#7428,#7429));
#1415=EDGE_LOOP('',(#7430,#7431,#7432,#7433));
#1416=EDGE_LOOP('',(#7434,#7435,#7436,#7437));
#1417=EDGE_LOOP('',(#7438,#7439,#7440,#7441));
#1418=EDGE_LOOP('',(#7442,#7443,#7444,#7445,#7446,#7447,#7448,#7449));
#1419=EDGE_LOOP('',(#7450,#7451,#7452,#7453,#7454,#7455,#7456,#7457));
#1420=EDGE_LOOP('',(#7458,#7459,#7460,#7461,#7462,#7463,#7464,#7465));
#1421=EDGE_LOOP('',(#7466,#7467,#7468,#7469,#7470,#7471,#7472,#7473));
#1422=EDGE_LOOP('',(#7474,#7475,#7476,#7477));
#1423=EDGE_LOOP('',(#7478,#7479,#7480,#7481));
#1424=EDGE_LOOP('',(#7482,#7483,#7484,#7485));
#1425=EDGE_LOOP('',(#7486,#7487,#7488,#7489));
#1426=EDGE_LOOP('',(#7490,#7491,#7492,#7493));
#1427=EDGE_LOOP('',(#7494,#7495,#7496,#7497));
#1428=EDGE_LOOP('',(#7498,#7499,#7500,#7501));
#1429=EDGE_LOOP('',(#7502,#7503,#7504,#7505));
#1430=EDGE_LOOP('',(#7506,#7507,#7508,#7509));
#1431=EDGE_LOOP('',(#7510,#7511,#7512,#7513));
#1432=EDGE_LOOP('',(#7514,#7515,#7516,#7517));
#1433=EDGE_LOOP('',(#7518,#7519,#7520,#7521));
#1434=EDGE_LOOP('',(#7522,#7523,#7524,#7525));
#1435=EDGE_LOOP('',(#7526,#7527,#7528,#7529));
#1436=EDGE_LOOP('',(#7530,#7531,#7532,#7533));
#1437=EDGE_LOOP('',(#7534,#7535,#7536,#7537));
#1438=EDGE_LOOP('',(#7538,#7539,#7540,#7541,#7542,#7543,#7544,#7545));
#1439=EDGE_LOOP('',(#7546,#7547,#7548,#7549,#7550,#7551,#7552,#7553));
#1440=EDGE_LOOP('',(#7554,#7555,#7556,#7557,#7558,#7559,#7560,#7561));
#1441=EDGE_LOOP('',(#7562,#7563,#7564,#7565,#7566,#7567,#7568,#7569));
#1442=EDGE_LOOP('',(#7570,#7571,#7572,#7573));
#1443=EDGE_LOOP('',(#7574,#7575,#7576,#7577));
#1444=EDGE_LOOP('',(#7578,#7579,#7580,#7581));
#1445=EDGE_LOOP('',(#7582,#7583,#7584,#7585));
#1446=EDGE_LOOP('',(#7586,#7587,#7588,#7589));
#1447=EDGE_LOOP('',(#7590,#7591,#7592,#7593));
#1448=EDGE_LOOP('',(#7594,#7595,#7596,#7597));
#1449=EDGE_LOOP('',(#7598,#7599,#7600,#7601));
#1450=EDGE_LOOP('',(#7602,#7603,#7604,#7605));
#1451=EDGE_LOOP('',(#7606,#7607,#7608,#7609));
#1452=EDGE_LOOP('',(#7610,#7611,#7612,#7613));
#1453=EDGE_LOOP('',(#7614,#7615,#7616,#7617));
#1454=EDGE_LOOP('',(#7618,#7619,#7620,#7621));
#1455=EDGE_LOOP('',(#7622,#7623,#7624,#7625));
#1456=EDGE_LOOP('',(#7626,#7627,#7628,#7629));
#1457=EDGE_LOOP('',(#7630,#7631,#7632,#7633));
#1458=EDGE_LOOP('',(#7634,#7635,#7636,#7637,#7638,#7639,#7640,#7641));
#1459=EDGE_LOOP('',(#7642,#7643,#7644,#7645,#7646,#7647,#7648,#7649));
#1460=EDGE_LOOP('',(#7650,#7651,#7652,#7653,#7654,#7655,#7656,#7657));
#1461=EDGE_LOOP('',(#7658,#7659,#7660,#7661,#7662,#7663,#7664,#7665));
#1462=EDGE_LOOP('',(#7666,#7667,#7668,#7669));
#1463=EDGE_LOOP('',(#7670,#7671,#7672,#7673));
#1464=EDGE_LOOP('',(#7674,#7675,#7676,#7677));
#1465=EDGE_LOOP('',(#7678,#7679,#7680,#7681));
#1466=EDGE_LOOP('',(#7682,#7683,#7684,#7685));
#1467=EDGE_LOOP('',(#7686,#7687,#7688,#7689));
#1468=EDGE_LOOP('',(#7690,#7691,#7692,#7693));
#1469=EDGE_LOOP('',(#7694,#7695,#7696,#7697));
#1470=EDGE_LOOP('',(#7698,#7699,#7700,#7701));
#1471=EDGE_LOOP('',(#7702,#7703,#7704,#7705));
#1472=EDGE_LOOP('',(#7706,#7707,#7708,#7709));
#1473=EDGE_LOOP('',(#7710,#7711,#7712,#7713));
#1474=EDGE_LOOP('',(#7714,#7715,#7716,#7717));
#1475=EDGE_LOOP('',(#7718,#7719,#7720,#7721));
#1476=EDGE_LOOP('',(#7722,#7723,#7724,#7725));
#1477=EDGE_LOOP('',(#7726,#7727,#7728,#7729));
#1478=EDGE_LOOP('',(#7730,#7731,#7732,#7733,#7734,#7735,#7736,#7737));
#1479=EDGE_LOOP('',(#7738,#7739,#7740,#7741,#7742,#7743,#7744,#7745));
#1480=EDGE_LOOP('',(#7746,#7747,#7748,#7749,#7750,#7751,#7752,#7753));
#1481=EDGE_LOOP('',(#7754,#7755,#7756,#7757,#7758,#7759,#7760,#7761));
#1482=EDGE_LOOP('',(#7762,#7763,#7764,#7765));
#1483=EDGE_LOOP('',(#7766,#7767,#7768,#7769));
#1484=EDGE_LOOP('',(#7770,#7771,#7772,#7773));
#1485=EDGE_LOOP('',(#7774,#7775,#7776,#7777));
#1486=EDGE_LOOP('',(#7778,#7779,#7780,#7781));
#1487=EDGE_LOOP('',(#7782,#7783,#7784,#7785));
#1488=EDGE_LOOP('',(#7786,#7787,#7788,#7789));
#1489=EDGE_LOOP('',(#7790,#7791,#7792,#7793));
#1490=EDGE_LOOP('',(#7794,#7795,#7796,#7797));
#1491=EDGE_LOOP('',(#7798,#7799,#7800,#7801));
#1492=EDGE_LOOP('',(#7802,#7803,#7804,#7805));
#1493=EDGE_LOOP('',(#7806,#7807,#7808,#7809));
#1494=EDGE_LOOP('',(#7810,#7811,#7812,#7813));
#1495=EDGE_LOOP('',(#7814,#7815,#7816,#7817));
#1496=EDGE_LOOP('',(#7818,#7819,#7820,#7821));
#1497=EDGE_LOOP('',(#7822,#7823,#7824,#7825));
#1498=EDGE_LOOP('',(#7826,#7827,#7828,#7829,#7830,#7831,#7832,#7833));
#1499=EDGE_LOOP('',(#7834,#7835,#7836,#7837,#7838,#7839,#7840,#7841));
#1500=EDGE_LOOP('',(#7842,#7843,#7844,#7845,#7846,#7847,#7848,#7849));
#1501=EDGE_LOOP('',(#7850,#7851,#7852,#7853,#7854,#7855,#7856,#7857));
#1502=EDGE_LOOP('',(#7858,#7859,#7860,#7861));
#1503=EDGE_LOOP('',(#7862,#7863,#7864,#7865));
#1504=EDGE_LOOP('',(#7866,#7867,#7868,#7869));
#1505=EDGE_LOOP('',(#7870,#7871,#7872,#7873));
#1506=EDGE_LOOP('',(#7874,#7875,#7876,#7877));
#1507=EDGE_LOOP('',(#7878,#7879,#7880,#7881));
#1508=EDGE_LOOP('',(#7882,#7883,#7884,#7885));
#1509=EDGE_LOOP('',(#7886,#7887,#7888,#7889));
#1510=EDGE_LOOP('',(#7890,#7891,#7892,#7893));
#1511=EDGE_LOOP('',(#7894,#7895,#7896,#7897));
#1512=EDGE_LOOP('',(#7898,#7899,#7900,#7901));
#1513=EDGE_LOOP('',(#7902,#7903,#7904,#7905));
#1514=EDGE_LOOP('',(#7906,#7907,#7908,#7909));
#1515=EDGE_LOOP('',(#7910,#7911,#7912,#7913));
#1516=EDGE_LOOP('',(#7914,#7915,#7916,#7917));
#1517=EDGE_LOOP('',(#7918,#7919,#7920,#7921));
#1518=EDGE_LOOP('',(#7922,#7923,#7924,#7925,#7926,#7927,#7928,#7929));
#1519=EDGE_LOOP('',(#7930,#7931,#7932,#7933,#7934,#7935,#7936,#7937));
#1520=EDGE_LOOP('',(#7938,#7939,#7940,#7941,#7942,#7943,#7944,#7945));
#1521=EDGE_LOOP('',(#7946,#7947,#7948,#7949,#7950,#7951,#7952,#7953));
#1522=EDGE_LOOP('',(#7954,#7955,#7956,#7957));
#1523=EDGE_LOOP('',(#7958,#7959,#7960,#7961));
#1524=EDGE_LOOP('',(#7962,#7963,#7964,#7965));
#1525=EDGE_LOOP('',(#7966,#7967,#7968,#7969));
#1526=EDGE_LOOP('',(#7970,#7971,#7972,#7973));
#1527=EDGE_LOOP('',(#7974,#7975,#7976,#7977));
#1528=EDGE_LOOP('',(#7978,#7979,#7980,#7981));
#1529=EDGE_LOOP('',(#7982,#7983,#7984,#7985));
#1530=EDGE_LOOP('',(#7986,#7987,#7988,#7989));
#1531=EDGE_LOOP('',(#7990,#7991,#7992,#7993));
#1532=EDGE_LOOP('',(#7994,#7995,#7996,#7997));
#1533=EDGE_LOOP('',(#7998,#7999,#8000,#8001));
#1534=EDGE_LOOP('',(#8002,#8003,#8004,#8005));
#1535=EDGE_LOOP('',(#8006,#8007,#8008,#8009));
#1536=EDGE_LOOP('',(#8010,#8011,#8012,#8013));
#1537=EDGE_LOOP('',(#8014,#8015,#8016,#8017));
#1538=EDGE_LOOP('',(#8018,#8019,#8020,#8021,#8022,#8023,#8024,#8025));
#1539=EDGE_LOOP('',(#8026,#8027,#8028,#8029,#8030,#8031,#8032,#8033));
#1540=EDGE_LOOP('',(#8034,#8035,#8036,#8037,#8038,#8039,#8040,#8041));
#1541=EDGE_LOOP('',(#8042,#8043,#8044,#8045,#8046,#8047,#8048,#8049));
#1542=EDGE_LOOP('',(#8050,#8051,#8052,#8053,#8054,#8055,#8056,#8057));
#1543=EDGE_LOOP('',(#8058,#8059,#8060,#8061));
#1544=EDGE_LOOP('',(#8062,#8063,#8064,#8065));
#1545=EDGE_LOOP('',(#8066,#8067,#8068,#8069));
#1546=EDGE_LOOP('',(#8070,#8071,#8072,#8073));
#1547=EDGE_LOOP('',(#8074,#8075,#8076,#8077));
#1548=EDGE_LOOP('',(#8078,#8079,#8080,#8081));
#1549=EDGE_LOOP('',(#8082,#8083,#8084,#8085));
#1550=EDGE_LOOP('',(#8086,#8087,#8088,#8089));
#1551=EDGE_LOOP('',(#8090,#8091,#8092,#8093,#8094,#8095,#8096,#8097));
#1552=EDGE_LOOP('',(#8098,#8099,#8100,#8101,#8102,#8103,#8104,#8105));
#1553=EDGE_LOOP('',(#8106,#8107,#8108,#8109));
#1554=EDGE_LOOP('',(#8110,#8111,#8112,#8113));
#1555=EDGE_LOOP('',(#8114,#8115,#8116,#8117));
#1556=EDGE_LOOP('',(#8118,#8119,#8120,#8121));
#1557=EDGE_LOOP('',(#8122,#8123,#8124,#8125));
#1558=EDGE_LOOP('',(#8126,#8127,#8128,#8129));
#1559=EDGE_LOOP('',(#8130,#8131,#8132,#8133));
#1560=EDGE_LOOP('',(#8134,#8135,#8136,#8137));
#1561=EDGE_LOOP('',(#8138,#8139,#8140,#8141,#8142,#8143,#8144,#8145));
#1562=EDGE_LOOP('',(#8146,#8147,#8148,#8149,#8150,#8151,#8152,#8153));
#1563=EDGE_LOOP('',(#8154,#8155,#8156,#8157));
#1564=EDGE_LOOP('',(#8158,#8159,#8160,#8161));
#1565=EDGE_LOOP('',(#8162,#8163,#8164,#8165));
#1566=EDGE_LOOP('',(#8166,#8167,#8168,#8169));
#1567=EDGE_LOOP('',(#8170,#8171,#8172,#8173));
#1568=EDGE_LOOP('',(#8174,#8175,#8176,#8177));
#1569=EDGE_LOOP('',(#8178,#8179,#8180,#8181));
#1570=EDGE_LOOP('',(#8182,#8183,#8184,#8185));
#1571=EDGE_LOOP('',(#8186,#8187,#8188,#8189,#8190,#8191,#8192,#8193));
#1572=EDGE_LOOP('',(#8194,#8195,#8196,#8197,#8198,#8199,#8200,#8201));
#1573=EDGE_LOOP('',(#8202,#8203,#8204,#8205));
#1574=EDGE_LOOP('',(#8206,#8207,#8208,#8209));
#1575=EDGE_LOOP('',(#8210,#8211,#8212,#8213));
#1576=EDGE_LOOP('',(#8214,#8215,#8216,#8217));
#1577=EDGE_LOOP('',(#8218,#8219,#8220,#8221));
#1578=EDGE_LOOP('',(#8222,#8223,#8224,#8225));
#1579=EDGE_LOOP('',(#8226,#8227,#8228,#8229));
#1580=EDGE_LOOP('',(#8230,#8231,#8232,#8233));
#1581=EDGE_LOOP('',(#8234,#8235,#8236,#8237,#8238,#8239,#8240,#8241));
#1582=EDGE_LOOP('',(#8242,#8243,#8244,#8245,#8246,#8247,#8248,#8249));
#1583=EDGE_LOOP('',(#8250,#8251,#8252,#8253));
#1584=EDGE_LOOP('',(#8254,#8255,#8256,#8257));
#1585=EDGE_LOOP('',(#8258,#8259,#8260,#8261));
#1586=EDGE_LOOP('',(#8262,#8263,#8264,#8265));
#1587=EDGE_LOOP('',(#8266,#8267,#8268,#8269));
#1588=EDGE_LOOP('',(#8270,#8271,#8272,#8273));
#1589=EDGE_LOOP('',(#8274,#8275,#8276,#8277));
#1590=EDGE_LOOP('',(#8278,#8279,#8280,#8281));
#1591=EDGE_LOOP('',(#8282,#8283,#8284,#8285,#8286,#8287,#8288,#8289));
#1592=EDGE_LOOP('',(#8290,#8291,#8292,#8293,#8294,#8295,#8296,#8297));
#1593=EDGE_LOOP('',(#8298,#8299,#8300,#8301));
#1594=EDGE_LOOP('',(#8302,#8303,#8304,#8305));
#1595=EDGE_LOOP('',(#8306,#8307,#8308,#8309));
#1596=EDGE_LOOP('',(#8310,#8311,#8312,#8313));
#1597=EDGE_LOOP('',(#8314,#8315,#8316,#8317));
#1598=EDGE_LOOP('',(#8318,#8319,#8320,#8321));
#1599=EDGE_LOOP('',(#8322,#8323,#8324,#8325));
#1600=EDGE_LOOP('',(#8326,#8327,#8328,#8329));
#1601=EDGE_LOOP('',(#8330,#8331,#8332,#8333,#8334,#8335,#8336,#8337));
#1602=EDGE_LOOP('',(#8338,#8339,#8340,#8341,#8342,#8343,#8344,#8345));
#1603=EDGE_LOOP('',(#8346,#8347,#8348,#8349));
#1604=EDGE_LOOP('',(#8350,#8351,#8352,#8353));
#1605=EDGE_LOOP('',(#8354,#8355,#8356,#8357));
#1606=EDGE_LOOP('',(#8358,#8359,#8360,#8361));
#1607=EDGE_LOOP('',(#8362,#8363,#8364,#8365));
#1608=EDGE_LOOP('',(#8366,#8367,#8368,#8369));
#1609=EDGE_LOOP('',(#8370,#8371,#8372,#8373));
#1610=EDGE_LOOP('',(#8374,#8375,#8376,#8377));
#1611=EDGE_LOOP('',(#8378,#8379,#8380,#8381,#8382,#8383,#8384,#8385));
#1612=EDGE_LOOP('',(#8386,#8387,#8388,#8389,#8390,#8391,#8392,#8393));
#1613=EDGE_LOOP('',(#8394,#8395,#8396,#8397));
#1614=EDGE_LOOP('',(#8398,#8399,#8400,#8401));
#1615=EDGE_LOOP('',(#8402,#8403,#8404,#8405));
#1616=EDGE_LOOP('',(#8406,#8407,#8408,#8409));
#1617=EDGE_LOOP('',(#8410,#8411,#8412,#8413));
#1618=EDGE_LOOP('',(#8414,#8415,#8416,#8417));
#1619=EDGE_LOOP('',(#8418,#8419,#8420,#8421));
#1620=EDGE_LOOP('',(#8422,#8423,#8424,#8425));
#1621=EDGE_LOOP('',(#8426,#8427,#8428,#8429,#8430,#8431,#8432,#8433));
#1622=EDGE_LOOP('',(#8434,#8435,#8436,#8437,#8438,#8439,#8440,#8441));
#1623=EDGE_LOOP('',(#8442,#8443,#8444,#8445));
#1624=EDGE_LOOP('',(#8446,#8447,#8448,#8449));
#1625=EDGE_LOOP('',(#8450,#8451,#8452,#8453));
#1626=EDGE_LOOP('',(#8454,#8455,#8456,#8457));
#1627=EDGE_LOOP('',(#8458,#8459,#8460,#8461));
#1628=EDGE_LOOP('',(#8462,#8463,#8464,#8465));
#1629=EDGE_LOOP('',(#8466,#8467,#8468,#8469));
#1630=EDGE_LOOP('',(#8470,#8471,#8472,#8473));
#1631=EDGE_LOOP('',(#8474,#8475,#8476,#8477,#8478,#8479,#8480,#8481));
#1632=EDGE_LOOP('',(#8482,#8483,#8484,#8485,#8486,#8487,#8488,#8489));
#1633=EDGE_LOOP('',(#8490,#8491,#8492,#8493));
#1634=EDGE_LOOP('',(#8494,#8495,#8496,#8497));
#1635=EDGE_LOOP('',(#8498,#8499,#8500,#8501));
#1636=EDGE_LOOP('',(#8502,#8503,#8504,#8505));
#1637=EDGE_LOOP('',(#8506,#8507,#8508,#8509));
#1638=EDGE_LOOP('',(#8510,#8511,#8512,#8513));
#1639=EDGE_LOOP('',(#8514,#8515,#8516,#8517));
#1640=EDGE_LOOP('',(#8518,#8519,#8520,#8521));
#1641=EDGE_LOOP('',(#8522,#8523,#8524,#8525,#8526,#8527,#8528,#8529));
#1642=EDGE_LOOP('',(#8530,#8531,#8532,#8533,#8534,#8535,#8536,#8537));
#1643=EDGE_LOOP('',(#8538,#8539,#8540,#8541));
#1644=EDGE_LOOP('',(#8542,#8543,#8544,#8545));
#1645=EDGE_LOOP('',(#8546,#8547,#8548,#8549));
#1646=EDGE_LOOP('',(#8550,#8551,#8552,#8553));
#1647=EDGE_LOOP('',(#8554,#8555,#8556,#8557));
#1648=EDGE_LOOP('',(#8558,#8559,#8560,#8561));
#1649=EDGE_LOOP('',(#8562,#8563,#8564,#8565));
#1650=EDGE_LOOP('',(#8566,#8567,#8568,#8569));
#1651=EDGE_LOOP('',(#8570,#8571,#8572,#8573,#8574,#8575,#8576,#8577));
#1652=EDGE_LOOP('',(#8578,#8579,#8580,#8581,#8582,#8583,#8584,#8585));
#1653=EDGE_LOOP('',(#8586,#8587,#8588,#8589));
#1654=EDGE_LOOP('',(#8590,#8591,#8592,#8593));
#1655=EDGE_LOOP('',(#8594,#8595,#8596,#8597));
#1656=EDGE_LOOP('',(#8598,#8599,#8600,#8601));
#1657=EDGE_LOOP('',(#8602,#8603,#8604,#8605));
#1658=EDGE_LOOP('',(#8606,#8607,#8608,#8609));
#1659=EDGE_LOOP('',(#8610,#8611,#8612,#8613));
#1660=EDGE_LOOP('',(#8614,#8615,#8616,#8617));
#1661=EDGE_LOOP('',(#8618,#8619,#8620,#8621,#8622,#8623,#8624,#8625));
#1662=EDGE_LOOP('',(#8626,#8627,#8628,#8629,#8630,#8631,#8632,#8633));
#1663=EDGE_LOOP('',(#8634,#8635,#8636,#8637));
#1664=EDGE_LOOP('',(#8638,#8639,#8640,#8641));
#1665=EDGE_LOOP('',(#8642,#8643,#8644,#8645));
#1666=EDGE_LOOP('',(#8646,#8647,#8648,#8649));
#1667=EDGE_LOOP('',(#8650,#8651,#8652,#8653));
#1668=EDGE_LOOP('',(#8654,#8655,#8656,#8657));
#1669=EDGE_LOOP('',(#8658,#8659,#8660,#8661));
#1670=EDGE_LOOP('',(#8662,#8663,#8664,#8665));
#1671=EDGE_LOOP('',(#8666,#8667,#8668,#8669,#8670,#8671,#8672,#8673));
#1672=EDGE_LOOP('',(#8674,#8675,#8676,#8677,#8678,#8679,#8680,#8681));
#1673=EDGE_LOOP('',(#8682,#8683,#8684,#8685));
#1674=EDGE_LOOP('',(#8686,#8687,#8688,#8689));
#1675=EDGE_LOOP('',(#8690,#8691,#8692,#8693));
#1676=EDGE_LOOP('',(#8694,#8695,#8696,#8697));
#1677=EDGE_LOOP('',(#8698,#8699,#8700,#8701));
#1678=EDGE_LOOP('',(#8702,#8703,#8704,#8705));
#1679=EDGE_LOOP('',(#8706,#8707,#8708,#8709));
#1680=EDGE_LOOP('',(#8710,#8711,#8712,#8713));
#1681=EDGE_LOOP('',(#8714,#8715,#8716,#8717,#8718,#8719,#8720,#8721));
#1682=EDGE_LOOP('',(#8722,#8723,#8724,#8725,#8726,#8727,#8728,#8729));
#1683=EDGE_LOOP('',(#8730,#8731,#8732,#8733));
#1684=EDGE_LOOP('',(#8734,#8735,#8736,#8737));
#1685=EDGE_LOOP('',(#8738,#8739,#8740,#8741));
#1686=EDGE_LOOP('',(#8742,#8743,#8744,#8745));
#1687=EDGE_LOOP('',(#8746,#8747,#8748,#8749));
#1688=EDGE_LOOP('',(#8750,#8751,#8752,#8753));
#1689=EDGE_LOOP('',(#8754,#8755,#8756,#8757));
#1690=EDGE_LOOP('',(#8758,#8759,#8760,#8761));
#1691=EDGE_LOOP('',(#8762,#8763,#8764,#8765,#8766,#8767,#8768,#8769));
#1692=EDGE_LOOP('',(#8770,#8771,#8772,#8773,#8774,#8775,#8776,#8777));
#1693=EDGE_LOOP('',(#8778,#8779,#8780,#8781));
#1694=EDGE_LOOP('',(#8782,#8783,#8784,#8785));
#1695=EDGE_LOOP('',(#8786,#8787,#8788,#8789));
#1696=EDGE_LOOP('',(#8790,#8791,#8792,#8793));
#1697=EDGE_LOOP('',(#8794,#8795,#8796,#8797));
#1698=EDGE_LOOP('',(#8798,#8799,#8800,#8801));
#1699=EDGE_LOOP('',(#8802,#8803,#8804,#8805));
#1700=EDGE_LOOP('',(#8806,#8807,#8808,#8809));
#1701=EDGE_LOOP('',(#8810,#8811,#8812,#8813,#8814,#8815,#8816,#8817));
#1702=EDGE_LOOP('',(#8818,#8819,#8820,#8821));
#1703=EDGE_LOOP('',(#8822,#8823,#8824,#8825));
#1704=EDGE_LOOP('',(#8826,#8827,#8828,#8829));
#1705=EDGE_LOOP('',(#8830,#8831,#8832));
#1706=EDGE_LOOP('',(#8833,#8834,#8835));
#1707=EDGE_LOOP('',(#8836,#8837,#8838));
#1708=EDGE_LOOP('',(#8839,#8840,#8841));
#1709=EDGE_LOOP('',(#8842,#8843,#8844,#8845));
#1710=EDGE_LOOP('',(#8846,#8847,#8848,#8849));
#1711=EDGE_LOOP('',(#8850,#8851,#8852,#8853));
#1712=EDGE_LOOP('',(#8854,#8855,#8856,#8857));
#1713=EDGE_LOOP('',(#8858,#8859,#8860,#8861));
#1714=EDGE_LOOP('',(#8862,#8863,#8864,#8865));
#1715=EDGE_LOOP('',(#8866,#8867,#8868));
#1716=EDGE_LOOP('',(#8869,#8870,#8871));
#1717=EDGE_LOOP('',(#8872,#8873,#8874));
#1718=EDGE_LOOP('',(#8875,#8876,#8877));
#1719=EDGE_LOOP('',(#8878,#8879,#8880,#8881));
#1720=EDGE_LOOP('',(#8882,#8883,#8884,#8885));
#1721=EDGE_LOOP('',(#8886,#8887,#8888,#8889));
#1722=EDGE_LOOP('',(#8890,#8891,#8892,#8893,#8894,#8895,#8896,#8897,#8898,
#8899));
#1723=EDGE_LOOP('',(#8900,#8901,#8902,#8903,#8904,#8905));
#1724=EDGE_LOOP('',(#8906,#8907));
#1725=EDGE_LOOP('',(#8908,#8909,#8910,#8911,#8912,#8913));
#1726=EDGE_LOOP('',(#8914,#8915,#8916,#8917,#8918));
#1727=EDGE_LOOP('',(#8919,#8920,#8921,#8922));
#1728=EDGE_LOOP('',(#8923,#8924,#8925));
#1729=EDGE_LOOP('',(#8926,#8927,#8928,#8929));
#1730=EDGE_LOOP('',(#8930,#8931,#8932,#8933,#8934,#8935,#8936));
#1731=EDGE_LOOP('',(#8937,#8938,#8939,#8940,#8941,#8942,#8943,#8944));
#1732=EDGE_LOOP('',(#8945,#8946,#8947,#8948,#8949,#8950));
#1733=EDGE_LOOP('',(#8951,#8952));
#1734=EDGE_LOOP('',(#8953));
#1735=EDGE_LOOP('',(#8954,#8955,#8956,#8957));
#1736=EDGE_LOOP('',(#8958,#8959,#8960,#8961));
#1737=EDGE_LOOP('',(#8962,#8963,#8964,#8965));
#1738=EDGE_LOOP('',(#8966,#8967,#8968,#8969));
#1739=EDGE_LOOP('',(#8970,#8971,#8972,#8973));
#1740=EDGE_LOOP('',(#8974,#8975,#8976,#8977));
#1741=LINE('',#12459,#2966);
#1742=LINE('',#12465,#2967);
#1743=LINE('',#12471,#2968);
#1744=LINE('',#12477,#2969);
#1745=LINE('',#12483,#2970);
#1746=LINE('',#12489,#2971);
#1747=LINE('',#12495,#2972);
#1748=LINE('',#12501,#2973);
#1749=LINE('',#12507,#2974);
#1750=LINE('',#12513,#2975);
#1751=LINE('',#12519,#2976);
#1752=LINE('',#12525,#2977);
#1753=LINE('',#12531,#2978);
#1754=LINE('',#12537,#2979);
#1755=LINE('',#12543,#2980);
#1756=LINE('',#12549,#2981);
#1757=LINE('',#12554,#2982);
#1758=LINE('',#12556,#2983);
#1759=LINE('',#12558,#2984);
#1760=LINE('',#12559,#2985);
#1761=LINE('',#12562,#2986);
#1762=LINE('',#12564,#2987);
#1763=LINE('',#12565,#2988);
#1764=LINE('',#12568,#2989);
#1765=LINE('',#12570,#2990);
#1766=LINE('',#12571,#2991);
#1767=LINE('',#12573,#2992);
#1768=LINE('',#12574,#2993);
#1769=LINE('',#12580,#2994);
#1770=LINE('',#12582,#2995);
#1771=LINE('',#12584,#2996);
#1772=LINE('',#12585,#2997);
#1773=LINE('',#12588,#2998);
#1774=LINE('',#12590,#2999);
#1775=LINE('',#12591,#3000);
#1776=LINE('',#12594,#3001);
#1777=LINE('',#12596,#3002);
#1778=LINE('',#12597,#3003);
#1779=LINE('',#12600,#3004);
#1780=LINE('',#12602,#3005);
#1781=LINE('',#12603,#3006);
#1782=LINE('',#12606,#3007);
#1783=LINE('',#12608,#3008);
#1784=LINE('',#12609,#3009);
#1785=LINE('',#12612,#3010);
#1786=LINE('',#12614,#3011);
#1787=LINE('',#12615,#3012);
#1788=LINE('',#12618,#3013);
#1789=LINE('',#12620,#3014);
#1790=LINE('',#12621,#3015);
#1791=LINE('',#12623,#3016);
#1792=LINE('',#12624,#3017);
#1793=LINE('',#12628,#3018);
#1794=LINE('',#12630,#3019);
#1795=LINE('',#12632,#3020);
#1796=LINE('',#12633,#3021);
#1797=LINE('',#12636,#3022);
#1798=LINE('',#12638,#3023);
#1799=LINE('',#12639,#3024);
#1800=LINE('',#12642,#3025);
#1801=LINE('',#12644,#3026);
#1802=LINE('',#12645,#3027);
#1803=LINE('',#12648,#3028);
#1804=LINE('',#12650,#3029);
#1805=LINE('',#12651,#3030);
#1806=LINE('',#12654,#3031);
#1807=LINE('',#12656,#3032);
#1808=LINE('',#12657,#3033);
#1809=LINE('',#12660,#3034);
#1810=LINE('',#12662,#3035);
#1811=LINE('',#12663,#3036);
#1812=LINE('',#12666,#3037);
#1813=LINE('',#12668,#3038);
#1814=LINE('',#12669,#3039);
#1815=LINE('',#12671,#3040);
#1816=LINE('',#12672,#3041);
#1817=LINE('',#12678,#3042);
#1818=LINE('',#12680,#3043);
#1819=LINE('',#12682,#3044);
#1820=LINE('',#12683,#3045);
#1821=LINE('',#12686,#3046);
#1822=LINE('',#12688,#3047);
#1823=LINE('',#12689,#3048);
#1824=LINE('',#12692,#3049);
#1825=LINE('',#12694,#3050);
#1826=LINE('',#12695,#3051);
#1827=LINE('',#12698,#3052);
#1828=LINE('',#12700,#3053);
#1829=LINE('',#12701,#3054);
#1830=LINE('',#12704,#3055);
#1831=LINE('',#12706,#3056);
#1832=LINE('',#12707,#3057);
#1833=LINE('',#12710,#3058);
#1834=LINE('',#12712,#3059);
#1835=LINE('',#12713,#3060);
#1836=LINE('',#12716,#3061);
#1837=LINE('',#12718,#3062);
#1838=LINE('',#12719,#3063);
#1839=LINE('',#12721,#3064);
#1840=LINE('',#12722,#3065);
#1841=LINE('',#12726,#3066);
#1842=LINE('',#12728,#3067);
#1843=LINE('',#12730,#3068);
#1844=LINE('',#12731,#3069);
#1845=LINE('',#12734,#3070);
#1846=LINE('',#12736,#3071);
#1847=LINE('',#12737,#3072);
#1848=LINE('',#12740,#3073);
#1849=LINE('',#12742,#3074);
#1850=LINE('',#12743,#3075);
#1851=LINE('',#12746,#3076);
#1852=LINE('',#12748,#3077);
#1853=LINE('',#12749,#3078);
#1854=LINE('',#12752,#3079);
#1855=LINE('',#12754,#3080);
#1856=LINE('',#12755,#3081);
#1857=LINE('',#12758,#3082);
#1858=LINE('',#12760,#3083);
#1859=LINE('',#12761,#3084);
#1860=LINE('',#12764,#3085);
#1861=LINE('',#12766,#3086);
#1862=LINE('',#12767,#3087);
#1863=LINE('',#12769,#3088);
#1864=LINE('',#12770,#3089);
#1865=LINE('',#12776,#3090);
#1866=LINE('',#12778,#3091);
#1867=LINE('',#12780,#3092);
#1868=LINE('',#12781,#3093);
#1869=LINE('',#12784,#3094);
#1870=LINE('',#12786,#3095);
#1871=LINE('',#12787,#3096);
#1872=LINE('',#12790,#3097);
#1873=LINE('',#12792,#3098);
#1874=LINE('',#12793,#3099);
#1875=LINE('',#12796,#3100);
#1876=LINE('',#12798,#3101);
#1877=LINE('',#12799,#3102);
#1878=LINE('',#12802,#3103);
#1879=LINE('',#12804,#3104);
#1880=LINE('',#12805,#3105);
#1881=LINE('',#12808,#3106);
#1882=LINE('',#12810,#3107);
#1883=LINE('',#12811,#3108);
#1884=LINE('',#12814,#3109);
#1885=LINE('',#12816,#3110);
#1886=LINE('',#12817,#3111);
#1887=LINE('',#12819,#3112);
#1888=LINE('',#12820,#3113);
#1889=LINE('',#12824,#3114);
#1890=LINE('',#12826,#3115);
#1891=LINE('',#12828,#3116);
#1892=LINE('',#12829,#3117);
#1893=LINE('',#12832,#3118);
#1894=LINE('',#12834,#3119);
#1895=LINE('',#12835,#3120);
#1896=LINE('',#12838,#3121);
#1897=LINE('',#12840,#3122);
#1898=LINE('',#12841,#3123);
#1899=LINE('',#12844,#3124);
#1900=LINE('',#12846,#3125);
#1901=LINE('',#12847,#3126);
#1902=LINE('',#12850,#3127);
#1903=LINE('',#12852,#3128);
#1904=LINE('',#12853,#3129);
#1905=LINE('',#12856,#3130);
#1906=LINE('',#12858,#3131);
#1907=LINE('',#12859,#3132);
#1908=LINE('',#12862,#3133);
#1909=LINE('',#12864,#3134);
#1910=LINE('',#12865,#3135);
#1911=LINE('',#12867,#3136);
#1912=LINE('',#12868,#3137);
#1913=LINE('',#12874,#3138);
#1914=LINE('',#12876,#3139);
#1915=LINE('',#12878,#3140);
#1916=LINE('',#12879,#3141);
#1917=LINE('',#12882,#3142);
#1918=LINE('',#12884,#3143);
#1919=LINE('',#12885,#3144);
#1920=LINE('',#12888,#3145);
#1921=LINE('',#12890,#3146);
#1922=LINE('',#12891,#3147);
#1923=LINE('',#12894,#3148);
#1924=LINE('',#12896,#3149);
#1925=LINE('',#12897,#3150);
#1926=LINE('',#12900,#3151);
#1927=LINE('',#12902,#3152);
#1928=LINE('',#12903,#3153);
#1929=LINE('',#12906,#3154);
#1930=LINE('',#12908,#3155);
#1931=LINE('',#12909,#3156);
#1932=LINE('',#12912,#3157);
#1933=LINE('',#12914,#3158);
#1934=LINE('',#12915,#3159);
#1935=LINE('',#12917,#3160);
#1936=LINE('',#12918,#3161);
#1937=LINE('',#12922,#3162);
#1938=LINE('',#12924,#3163);
#1939=LINE('',#12926,#3164);
#1940=LINE('',#12927,#3165);
#1941=LINE('',#12930,#3166);
#1942=LINE('',#12932,#3167);
#1943=LINE('',#12933,#3168);
#1944=LINE('',#12936,#3169);
#1945=LINE('',#12938,#3170);
#1946=LINE('',#12939,#3171);
#1947=LINE('',#12942,#3172);
#1948=LINE('',#12944,#3173);
#1949=LINE('',#12945,#3174);
#1950=LINE('',#12948,#3175);
#1951=LINE('',#12950,#3176);
#1952=LINE('',#12951,#3177);
#1953=LINE('',#12954,#3178);
#1954=LINE('',#12956,#3179);
#1955=LINE('',#12957,#3180);
#1956=LINE('',#12960,#3181);
#1957=LINE('',#12962,#3182);
#1958=LINE('',#12963,#3183);
#1959=LINE('',#12965,#3184);
#1960=LINE('',#12966,#3185);
#1961=LINE('',#12972,#3186);
#1962=LINE('',#12974,#3187);
#1963=LINE('',#12976,#3188);
#1964=LINE('',#12977,#3189);
#1965=LINE('',#12980,#3190);
#1966=LINE('',#12982,#3191);
#1967=LINE('',#12983,#3192);
#1968=LINE('',#12986,#3193);
#1969=LINE('',#12988,#3194);
#1970=LINE('',#12989,#3195);
#1971=LINE('',#12992,#3196);
#1972=LINE('',#12994,#3197);
#1973=LINE('',#12995,#3198);
#1974=LINE('',#12998,#3199);
#1975=LINE('',#13000,#3200);
#1976=LINE('',#13001,#3201);
#1977=LINE('',#13004,#3202);
#1978=LINE('',#13006,#3203);
#1979=LINE('',#13007,#3204);
#1980=LINE('',#13010,#3205);
#1981=LINE('',#13012,#3206);
#1982=LINE('',#13013,#3207);
#1983=LINE('',#13015,#3208);
#1984=LINE('',#13016,#3209);
#1985=LINE('',#13020,#3210);
#1986=LINE('',#13022,#3211);
#1987=LINE('',#13024,#3212);
#1988=LINE('',#13025,#3213);
#1989=LINE('',#13028,#3214);
#1990=LINE('',#13030,#3215);
#1991=LINE('',#13031,#3216);
#1992=LINE('',#13034,#3217);
#1993=LINE('',#13036,#3218);
#1994=LINE('',#13037,#3219);
#1995=LINE('',#13040,#3220);
#1996=LINE('',#13042,#3221);
#1997=LINE('',#13043,#3222);
#1998=LINE('',#13046,#3223);
#1999=LINE('',#13048,#3224);
#2000=LINE('',#13049,#3225);
#2001=LINE('',#13052,#3226);
#2002=LINE('',#13054,#3227);
#2003=LINE('',#13055,#3228);
#2004=LINE('',#13058,#3229);
#2005=LINE('',#13060,#3230);
#2006=LINE('',#13061,#3231);
#2007=LINE('',#13063,#3232);
#2008=LINE('',#13064,#3233);
#2009=LINE('',#13070,#3234);
#2010=LINE('',#13072,#3235);
#2011=LINE('',#13074,#3236);
#2012=LINE('',#13075,#3237);
#2013=LINE('',#13078,#3238);
#2014=LINE('',#13080,#3239);
#2015=LINE('',#13081,#3240);
#2016=LINE('',#13084,#3241);
#2017=LINE('',#13086,#3242);
#2018=LINE('',#13087,#3243);
#2019=LINE('',#13090,#3244);
#2020=LINE('',#13092,#3245);
#2021=LINE('',#13093,#3246);
#2022=LINE('',#13096,#3247);
#2023=LINE('',#13098,#3248);
#2024=LINE('',#13099,#3249);
#2025=LINE('',#13102,#3250);
#2026=LINE('',#13104,#3251);
#2027=LINE('',#13105,#3252);
#2028=LINE('',#13108,#3253);
#2029=LINE('',#13110,#3254);
#2030=LINE('',#13111,#3255);
#2031=LINE('',#13113,#3256);
#2032=LINE('',#13114,#3257);
#2033=LINE('',#13118,#3258);
#2034=LINE('',#13120,#3259);
#2035=LINE('',#13122,#3260);
#2036=LINE('',#13123,#3261);
#2037=LINE('',#13126,#3262);
#2038=LINE('',#13128,#3263);
#2039=LINE('',#13129,#3264);
#2040=LINE('',#13132,#3265);
#2041=LINE('',#13134,#3266);
#2042=LINE('',#13135,#3267);
#2043=LINE('',#13138,#3268);
#2044=LINE('',#13140,#3269);
#2045=LINE('',#13141,#3270);
#2046=LINE('',#13144,#3271);
#2047=LINE('',#13146,#3272);
#2048=LINE('',#13147,#3273);
#2049=LINE('',#13150,#3274);
#2050=LINE('',#13152,#3275);
#2051=LINE('',#13153,#3276);
#2052=LINE('',#13156,#3277);
#2053=LINE('',#13158,#3278);
#2054=LINE('',#13159,#3279);
#2055=LINE('',#13161,#3280);
#2056=LINE('',#13162,#3281);
#2057=LINE('',#13168,#3282);
#2058=LINE('',#13170,#3283);
#2059=LINE('',#13172,#3284);
#2060=LINE('',#13173,#3285);
#2061=LINE('',#13176,#3286);
#2062=LINE('',#13178,#3287);
#2063=LINE('',#13179,#3288);
#2064=LINE('',#13182,#3289);
#2065=LINE('',#13184,#3290);
#2066=LINE('',#13185,#3291);
#2067=LINE('',#13188,#3292);
#2068=LINE('',#13190,#3293);
#2069=LINE('',#13191,#3294);
#2070=LINE('',#13194,#3295);
#2071=LINE('',#13196,#3296);
#2072=LINE('',#13197,#3297);
#2073=LINE('',#13200,#3298);
#2074=LINE('',#13202,#3299);
#2075=LINE('',#13203,#3300);
#2076=LINE('',#13206,#3301);
#2077=LINE('',#13208,#3302);
#2078=LINE('',#13209,#3303);
#2079=LINE('',#13211,#3304);
#2080=LINE('',#13212,#3305);
#2081=LINE('',#13216,#3306);
#2082=LINE('',#13218,#3307);
#2083=LINE('',#13220,#3308);
#2084=LINE('',#13221,#3309);
#2085=LINE('',#13224,#3310);
#2086=LINE('',#13226,#3311);
#2087=LINE('',#13227,#3312);
#2088=LINE('',#13230,#3313);
#2089=LINE('',#13232,#3314);
#2090=LINE('',#13233,#3315);
#2091=LINE('',#13236,#3316);
#2092=LINE('',#13238,#3317);
#2093=LINE('',#13239,#3318);
#2094=LINE('',#13242,#3319);
#2095=LINE('',#13244,#3320);
#2096=LINE('',#13245,#3321);
#2097=LINE('',#13248,#3322);
#2098=LINE('',#13250,#3323);
#2099=LINE('',#13251,#3324);
#2100=LINE('',#13254,#3325);
#2101=LINE('',#13256,#3326);
#2102=LINE('',#13257,#3327);
#2103=LINE('',#13259,#3328);
#2104=LINE('',#13260,#3329);
#2105=LINE('',#13266,#3330);
#2106=LINE('',#13268,#3331);
#2107=LINE('',#13270,#3332);
#2108=LINE('',#13271,#3333);
#2109=LINE('',#13274,#3334);
#2110=LINE('',#13276,#3335);
#2111=LINE('',#13277,#3336);
#2112=LINE('',#13280,#3337);
#2113=LINE('',#13282,#3338);
#2114=LINE('',#13283,#3339);
#2115=LINE('',#13286,#3340);
#2116=LINE('',#13288,#3341);
#2117=LINE('',#13289,#3342);
#2118=LINE('',#13292,#3343);
#2119=LINE('',#13294,#3344);
#2120=LINE('',#13295,#3345);
#2121=LINE('',#13298,#3346);
#2122=LINE('',#13300,#3347);
#2123=LINE('',#13301,#3348);
#2124=LINE('',#13304,#3349);
#2125=LINE('',#13306,#3350);
#2126=LINE('',#13307,#3351);
#2127=LINE('',#13309,#3352);
#2128=LINE('',#13310,#3353);
#2129=LINE('',#13314,#3354);
#2130=LINE('',#13316,#3355);
#2131=LINE('',#13318,#3356);
#2132=LINE('',#13319,#3357);
#2133=LINE('',#13322,#3358);
#2134=LINE('',#13324,#3359);
#2135=LINE('',#13325,#3360);
#2136=LINE('',#13328,#3361);
#2137=LINE('',#13330,#3362);
#2138=LINE('',#13331,#3363);
#2139=LINE('',#13334,#3364);
#2140=LINE('',#13336,#3365);
#2141=LINE('',#13337,#3366);
#2142=LINE('',#13340,#3367);
#2143=LINE('',#13342,#3368);
#2144=LINE('',#13343,#3369);
#2145=LINE('',#13346,#3370);
#2146=LINE('',#13348,#3371);
#2147=LINE('',#13349,#3372);
#2148=LINE('',#13352,#3373);
#2149=LINE('',#13354,#3374);
#2150=LINE('',#13355,#3375);
#2151=LINE('',#13357,#3376);
#2152=LINE('',#13358,#3377);
#2153=LINE('',#13364,#3378);
#2154=LINE('',#13366,#3379);
#2155=LINE('',#13368,#3380);
#2156=LINE('',#13369,#3381);
#2157=LINE('',#13372,#3382);
#2158=LINE('',#13374,#3383);
#2159=LINE('',#13375,#3384);
#2160=LINE('',#13378,#3385);
#2161=LINE('',#13380,#3386);
#2162=LINE('',#13381,#3387);
#2163=LINE('',#13384,#3388);
#2164=LINE('',#13386,#3389);
#2165=LINE('',#13387,#3390);
#2166=LINE('',#13390,#3391);
#2167=LINE('',#13392,#3392);
#2168=LINE('',#13393,#3393);
#2169=LINE('',#13396,#3394);
#2170=LINE('',#13398,#3395);
#2171=LINE('',#13399,#3396);
#2172=LINE('',#13402,#3397);
#2173=LINE('',#13404,#3398);
#2174=LINE('',#13405,#3399);
#2175=LINE('',#13407,#3400);
#2176=LINE('',#13408,#3401);
#2177=LINE('',#13412,#3402);
#2178=LINE('',#13414,#3403);
#2179=LINE('',#13416,#3404);
#2180=LINE('',#13417,#3405);
#2181=LINE('',#13420,#3406);
#2182=LINE('',#13422,#3407);
#2183=LINE('',#13423,#3408);
#2184=LINE('',#13426,#3409);
#2185=LINE('',#13428,#3410);
#2186=LINE('',#13429,#3411);
#2187=LINE('',#13432,#3412);
#2188=LINE('',#13434,#3413);
#2189=LINE('',#13435,#3414);
#2190=LINE('',#13438,#3415);
#2191=LINE('',#13440,#3416);
#2192=LINE('',#13441,#3417);
#2193=LINE('',#13444,#3418);
#2194=LINE('',#13446,#3419);
#2195=LINE('',#13447,#3420);
#2196=LINE('',#13450,#3421);
#2197=LINE('',#13452,#3422);
#2198=LINE('',#13453,#3423);
#2199=LINE('',#13455,#3424);
#2200=LINE('',#13456,#3425);
#2201=LINE('',#13462,#3426);
#2202=LINE('',#13464,#3427);
#2203=LINE('',#13466,#3428);
#2204=LINE('',#13467,#3429);
#2205=LINE('',#13470,#3430);
#2206=LINE('',#13472,#3431);
#2207=LINE('',#13473,#3432);
#2208=LINE('',#13476,#3433);
#2209=LINE('',#13478,#3434);
#2210=LINE('',#13479,#3435);
#2211=LINE('',#13482,#3436);
#2212=LINE('',#13484,#3437);
#2213=LINE('',#13485,#3438);
#2214=LINE('',#13488,#3439);
#2215=LINE('',#13490,#3440);
#2216=LINE('',#13491,#3441);
#2217=LINE('',#13494,#3442);
#2218=LINE('',#13496,#3443);
#2219=LINE('',#13497,#3444);
#2220=LINE('',#13500,#3445);
#2221=LINE('',#13502,#3446);
#2222=LINE('',#13503,#3447);
#2223=LINE('',#13505,#3448);
#2224=LINE('',#13506,#3449);
#2225=LINE('',#13510,#3450);
#2226=LINE('',#13512,#3451);
#2227=LINE('',#13514,#3452);
#2228=LINE('',#13515,#3453);
#2229=LINE('',#13518,#3454);
#2230=LINE('',#13520,#3455);
#2231=LINE('',#13521,#3456);
#2232=LINE('',#13524,#3457);
#2233=LINE('',#13526,#3458);
#2234=LINE('',#13527,#3459);
#2235=LINE('',#13530,#3460);
#2236=LINE('',#13532,#3461);
#2237=LINE('',#13533,#3462);
#2238=LINE('',#13536,#3463);
#2239=LINE('',#13538,#3464);
#2240=LINE('',#13539,#3465);
#2241=LINE('',#13542,#3466);
#2242=LINE('',#13544,#3467);
#2243=LINE('',#13545,#3468);
#2244=LINE('',#13548,#3469);
#2245=LINE('',#13550,#3470);
#2246=LINE('',#13551,#3471);
#2247=LINE('',#13553,#3472);
#2248=LINE('',#13554,#3473);
#2249=LINE('',#13560,#3474);
#2250=LINE('',#13562,#3475);
#2251=LINE('',#13564,#3476);
#2252=LINE('',#13565,#3477);
#2253=LINE('',#13568,#3478);
#2254=LINE('',#13570,#3479);
#2255=LINE('',#13571,#3480);
#2256=LINE('',#13574,#3481);
#2257=LINE('',#13576,#3482);
#2258=LINE('',#13577,#3483);
#2259=LINE('',#13580,#3484);
#2260=LINE('',#13582,#3485);
#2261=LINE('',#13583,#3486);
#2262=LINE('',#13586,#3487);
#2263=LINE('',#13588,#3488);
#2264=LINE('',#13589,#3489);
#2265=LINE('',#13592,#3490);
#2266=LINE('',#13594,#3491);
#2267=LINE('',#13595,#3492);
#2268=LINE('',#13598,#3493);
#2269=LINE('',#13600,#3494);
#2270=LINE('',#13601,#3495);
#2271=LINE('',#13603,#3496);
#2272=LINE('',#13604,#3497);
#2273=LINE('',#13608,#3498);
#2274=LINE('',#13610,#3499);
#2275=LINE('',#13612,#3500);
#2276=LINE('',#13613,#3501);
#2277=LINE('',#13616,#3502);
#2278=LINE('',#13618,#3503);
#2279=LINE('',#13619,#3504);
#2280=LINE('',#13622,#3505);
#2281=LINE('',#13624,#3506);
#2282=LINE('',#13625,#3507);
#2283=LINE('',#13628,#3508);
#2284=LINE('',#13630,#3509);
#2285=LINE('',#13631,#3510);
#2286=LINE('',#13634,#3511);
#2287=LINE('',#13636,#3512);
#2288=LINE('',#13637,#3513);
#2289=LINE('',#13640,#3514);
#2290=LINE('',#13642,#3515);
#2291=LINE('',#13643,#3516);
#2292=LINE('',#13646,#3517);
#2293=LINE('',#13648,#3518);
#2294=LINE('',#13649,#3519);
#2295=LINE('',#13651,#3520);
#2296=LINE('',#13652,#3521);
#2297=LINE('',#13658,#3522);
#2298=LINE('',#13660,#3523);
#2299=LINE('',#13662,#3524);
#2300=LINE('',#13663,#3525);
#2301=LINE('',#13666,#3526);
#2302=LINE('',#13668,#3527);
#2303=LINE('',#13669,#3528);
#2304=LINE('',#13672,#3529);
#2305=LINE('',#13674,#3530);
#2306=LINE('',#13675,#3531);
#2307=LINE('',#13678,#3532);
#2308=LINE('',#13680,#3533);
#2309=LINE('',#13681,#3534);
#2310=LINE('',#13684,#3535);
#2311=LINE('',#13686,#3536);
#2312=LINE('',#13687,#3537);
#2313=LINE('',#13690,#3538);
#2314=LINE('',#13692,#3539);
#2315=LINE('',#13693,#3540);
#2316=LINE('',#13696,#3541);
#2317=LINE('',#13698,#3542);
#2318=LINE('',#13699,#3543);
#2319=LINE('',#13701,#3544);
#2320=LINE('',#13702,#3545);
#2321=LINE('',#13706,#3546);
#2322=LINE('',#13708,#3547);
#2323=LINE('',#13710,#3548);
#2324=LINE('',#13711,#3549);
#2325=LINE('',#13714,#3550);
#2326=LINE('',#13716,#3551);
#2327=LINE('',#13717,#3552);
#2328=LINE('',#13720,#3553);
#2329=LINE('',#13722,#3554);
#2330=LINE('',#13723,#3555);
#2331=LINE('',#13726,#3556);
#2332=LINE('',#13728,#3557);
#2333=LINE('',#13729,#3558);
#2334=LINE('',#13732,#3559);
#2335=LINE('',#13734,#3560);
#2336=LINE('',#13735,#3561);
#2337=LINE('',#13738,#3562);
#2338=LINE('',#13740,#3563);
#2339=LINE('',#13741,#3564);
#2340=LINE('',#13744,#3565);
#2341=LINE('',#13746,#3566);
#2342=LINE('',#13747,#3567);
#2343=LINE('',#13749,#3568);
#2344=LINE('',#13750,#3569);
#2345=LINE('',#13756,#3570);
#2346=LINE('',#13758,#3571);
#2347=LINE('',#13760,#3572);
#2348=LINE('',#13761,#3573);
#2349=LINE('',#13764,#3574);
#2350=LINE('',#13766,#3575);
#2351=LINE('',#13767,#3576);
#2352=LINE('',#13770,#3577);
#2353=LINE('',#13772,#3578);
#2354=LINE('',#13773,#3579);
#2355=LINE('',#13776,#3580);
#2356=LINE('',#13778,#3581);
#2357=LINE('',#13779,#3582);
#2358=LINE('',#13782,#3583);
#2359=LINE('',#13784,#3584);
#2360=LINE('',#13785,#3585);
#2361=LINE('',#13788,#3586);
#2362=LINE('',#13790,#3587);
#2363=LINE('',#13791,#3588);
#2364=LINE('',#13794,#3589);
#2365=LINE('',#13796,#3590);
#2366=LINE('',#13797,#3591);
#2367=LINE('',#13799,#3592);
#2368=LINE('',#13800,#3593);
#2369=LINE('',#13804,#3594);
#2370=LINE('',#13806,#3595);
#2371=LINE('',#13808,#3596);
#2372=LINE('',#13809,#3597);
#2373=LINE('',#13812,#3598);
#2374=LINE('',#13814,#3599);
#2375=LINE('',#13815,#3600);
#2376=LINE('',#13818,#3601);
#2377=LINE('',#13820,#3602);
#2378=LINE('',#13821,#3603);
#2379=LINE('',#13824,#3604);
#2380=LINE('',#13826,#3605);
#2381=LINE('',#13827,#3606);
#2382=LINE('',#13830,#3607);
#2383=LINE('',#13832,#3608);
#2384=LINE('',#13833,#3609);
#2385=LINE('',#13836,#3610);
#2386=LINE('',#13838,#3611);
#2387=LINE('',#13839,#3612);
#2388=LINE('',#13842,#3613);
#2389=LINE('',#13844,#3614);
#2390=LINE('',#13845,#3615);
#2391=LINE('',#13847,#3616);
#2392=LINE('',#13848,#3617);
#2393=LINE('',#13854,#3618);
#2394=LINE('',#13856,#3619);
#2395=LINE('',#13858,#3620);
#2396=LINE('',#13859,#3621);
#2397=LINE('',#13862,#3622);
#2398=LINE('',#13864,#3623);
#2399=LINE('',#13865,#3624);
#2400=LINE('',#13868,#3625);
#2401=LINE('',#13870,#3626);
#2402=LINE('',#13871,#3627);
#2403=LINE('',#13874,#3628);
#2404=LINE('',#13876,#3629);
#2405=LINE('',#13877,#3630);
#2406=LINE('',#13880,#3631);
#2407=LINE('',#13882,#3632);
#2408=LINE('',#13883,#3633);
#2409=LINE('',#13886,#3634);
#2410=LINE('',#13888,#3635);
#2411=LINE('',#13889,#3636);
#2412=LINE('',#13892,#3637);
#2413=LINE('',#13894,#3638);
#2414=LINE('',#13895,#3639);
#2415=LINE('',#13897,#3640);
#2416=LINE('',#13898,#3641);
#2417=LINE('',#13902,#3642);
#2418=LINE('',#13904,#3643);
#2419=LINE('',#13906,#3644);
#2420=LINE('',#13907,#3645);
#2421=LINE('',#13910,#3646);
#2422=LINE('',#13912,#3647);
#2423=LINE('',#13913,#3648);
#2424=LINE('',#13916,#3649);
#2425=LINE('',#13918,#3650);
#2426=LINE('',#13919,#3651);
#2427=LINE('',#13922,#3652);
#2428=LINE('',#13924,#3653);
#2429=LINE('',#13925,#3654);
#2430=LINE('',#13928,#3655);
#2431=LINE('',#13930,#3656);
#2432=LINE('',#13931,#3657);
#2433=LINE('',#13934,#3658);
#2434=LINE('',#13936,#3659);
#2435=LINE('',#13937,#3660);
#2436=LINE('',#13940,#3661);
#2437=LINE('',#13942,#3662);
#2438=LINE('',#13943,#3663);
#2439=LINE('',#13945,#3664);
#2440=LINE('',#13946,#3665);
#2441=LINE('',#13952,#3666);
#2442=LINE('',#13954,#3667);
#2443=LINE('',#13956,#3668);
#2444=LINE('',#13957,#3669);
#2445=LINE('',#13960,#3670);
#2446=LINE('',#13962,#3671);
#2447=LINE('',#13963,#3672);
#2448=LINE('',#13966,#3673);
#2449=LINE('',#13968,#3674);
#2450=LINE('',#13969,#3675);
#2451=LINE('',#13972,#3676);
#2452=LINE('',#13974,#3677);
#2453=LINE('',#13975,#3678);
#2454=LINE('',#13978,#3679);
#2455=LINE('',#13980,#3680);
#2456=LINE('',#13981,#3681);
#2457=LINE('',#13984,#3682);
#2458=LINE('',#13986,#3683);
#2459=LINE('',#13987,#3684);
#2460=LINE('',#13990,#3685);
#2461=LINE('',#13992,#3686);
#2462=LINE('',#13993,#3687);
#2463=LINE('',#13995,#3688);
#2464=LINE('',#13996,#3689);
#2465=LINE('',#14000,#3690);
#2466=LINE('',#14002,#3691);
#2467=LINE('',#14004,#3692);
#2468=LINE('',#14005,#3693);
#2469=LINE('',#14008,#3694);
#2470=LINE('',#14010,#3695);
#2471=LINE('',#14011,#3696);
#2472=LINE('',#14014,#3697);
#2473=LINE('',#14016,#3698);
#2474=LINE('',#14017,#3699);
#2475=LINE('',#14020,#3700);
#2476=LINE('',#14022,#3701);
#2477=LINE('',#14023,#3702);
#2478=LINE('',#14026,#3703);
#2479=LINE('',#14028,#3704);
#2480=LINE('',#14029,#3705);
#2481=LINE('',#14032,#3706);
#2482=LINE('',#14034,#3707);
#2483=LINE('',#14035,#3708);
#2484=LINE('',#14038,#3709);
#2485=LINE('',#14040,#3710);
#2486=LINE('',#14041,#3711);
#2487=LINE('',#14043,#3712);
#2488=LINE('',#14044,#3713);
#2489=LINE('',#14050,#3714);
#2490=LINE('',#14052,#3715);
#2491=LINE('',#14054,#3716);
#2492=LINE('',#14055,#3717);
#2493=LINE('',#14058,#3718);
#2494=LINE('',#14060,#3719);
#2495=LINE('',#14061,#3720);
#2496=LINE('',#14064,#3721);
#2497=LINE('',#14066,#3722);
#2498=LINE('',#14067,#3723);
#2499=LINE('',#14070,#3724);
#2500=LINE('',#14072,#3725);
#2501=LINE('',#14073,#3726);
#2502=LINE('',#14076,#3727);
#2503=LINE('',#14078,#3728);
#2504=LINE('',#14079,#3729);
#2505=LINE('',#14082,#3730);
#2506=LINE('',#14084,#3731);
#2507=LINE('',#14085,#3732);
#2508=LINE('',#14088,#3733);
#2509=LINE('',#14090,#3734);
#2510=LINE('',#14091,#3735);
#2511=LINE('',#14093,#3736);
#2512=LINE('',#14094,#3737);
#2513=LINE('',#14098,#3738);
#2514=LINE('',#14100,#3739);
#2515=LINE('',#14102,#3740);
#2516=LINE('',#14103,#3741);
#2517=LINE('',#14106,#3742);
#2518=LINE('',#14108,#3743);
#2519=LINE('',#14109,#3744);
#2520=LINE('',#14112,#3745);
#2521=LINE('',#14114,#3746);
#2522=LINE('',#14115,#3747);
#2523=LINE('',#14118,#3748);
#2524=LINE('',#14120,#3749);
#2525=LINE('',#14121,#3750);
#2526=LINE('',#14124,#3751);
#2527=LINE('',#14126,#3752);
#2528=LINE('',#14127,#3753);
#2529=LINE('',#14130,#3754);
#2530=LINE('',#14132,#3755);
#2531=LINE('',#14133,#3756);
#2532=LINE('',#14136,#3757);
#2533=LINE('',#14138,#3758);
#2534=LINE('',#14139,#3759);
#2535=LINE('',#14141,#3760);
#2536=LINE('',#14142,#3761);
#2537=LINE('',#14148,#3762);
#2538=LINE('',#14150,#3763);
#2539=LINE('',#14152,#3764);
#2540=LINE('',#14154,#3765);
#2541=LINE('',#14156,#3766);
#2542=LINE('',#14158,#3767);
#2543=LINE('',#14160,#3768);
#2544=LINE('',#14161,#3769);
#2545=LINE('',#14164,#3770);
#2546=LINE('',#14166,#3771);
#2547=LINE('',#14167,#3772);
#2548=LINE('',#14170,#3773);
#2549=LINE('',#14171,#3774);
#2550=LINE('',#14174,#3775);
#2551=LINE('',#14175,#3776);
#2552=LINE('',#14178,#3777);
#2553=LINE('',#14179,#3778);
#2554=LINE('',#14182,#3779);
#2555=LINE('',#14183,#3780);
#2556=LINE('',#14186,#3781);
#2557=LINE('',#14187,#3782);
#2558=LINE('',#14190,#3783);
#2559=LINE('',#14191,#3784);
#2560=LINE('',#14193,#3785);
#2561=LINE('',#14198,#3786);
#2562=LINE('',#14200,#3787);
#2563=LINE('',#14202,#3788);
#2564=LINE('',#14204,#3789);
#2565=LINE('',#14206,#3790);
#2566=LINE('',#14208,#3791);
#2567=LINE('',#14210,#3792);
#2568=LINE('',#14211,#3793);
#2569=LINE('',#14214,#3794);
#2570=LINE('',#14216,#3795);
#2571=LINE('',#14217,#3796);
#2572=LINE('',#14220,#3797);
#2573=LINE('',#14221,#3798);
#2574=LINE('',#14224,#3799);
#2575=LINE('',#14225,#3800);
#2576=LINE('',#14228,#3801);
#2577=LINE('',#14229,#3802);
#2578=LINE('',#14232,#3803);
#2579=LINE('',#14233,#3804);
#2580=LINE('',#14236,#3805);
#2581=LINE('',#14237,#3806);
#2582=LINE('',#14240,#3807);
#2583=LINE('',#14241,#3808);
#2584=LINE('',#14243,#3809);
#2585=LINE('',#14248,#3810);
#2586=LINE('',#14250,#3811);
#2587=LINE('',#14252,#3812);
#2588=LINE('',#14254,#3813);
#2589=LINE('',#14256,#3814);
#2590=LINE('',#14258,#3815);
#2591=LINE('',#14260,#3816);
#2592=LINE('',#14261,#3817);
#2593=LINE('',#14264,#3818);
#2594=LINE('',#14266,#3819);
#2595=LINE('',#14267,#3820);
#2596=LINE('',#14270,#3821);
#2597=LINE('',#14271,#3822);
#2598=LINE('',#14274,#3823);
#2599=LINE('',#14275,#3824);
#2600=LINE('',#14278,#3825);
#2601=LINE('',#14279,#3826);
#2602=LINE('',#14282,#3827);
#2603=LINE('',#14283,#3828);
#2604=LINE('',#14286,#3829);
#2605=LINE('',#14287,#3830);
#2606=LINE('',#14290,#3831);
#2607=LINE('',#14291,#3832);
#2608=LINE('',#14293,#3833);
#2609=LINE('',#14298,#3834);
#2610=LINE('',#14300,#3835);
#2611=LINE('',#14302,#3836);
#2612=LINE('',#14304,#3837);
#2613=LINE('',#14306,#3838);
#2614=LINE('',#14308,#3839);
#2615=LINE('',#14310,#3840);
#2616=LINE('',#14311,#3841);
#2617=LINE('',#14314,#3842);
#2618=LINE('',#14316,#3843);
#2619=LINE('',#14317,#3844);
#2620=LINE('',#14320,#3845);
#2621=LINE('',#14321,#3846);
#2622=LINE('',#14324,#3847);
#2623=LINE('',#14325,#3848);
#2624=LINE('',#14328,#3849);
#2625=LINE('',#14329,#3850);
#2626=LINE('',#14332,#3851);
#2627=LINE('',#14333,#3852);
#2628=LINE('',#14336,#3853);
#2629=LINE('',#14337,#3854);
#2630=LINE('',#14340,#3855);
#2631=LINE('',#14341,#3856);
#2632=LINE('',#14343,#3857);
#2633=LINE('',#14348,#3858);
#2634=LINE('',#14350,#3859);
#2635=LINE('',#14352,#3860);
#2636=LINE('',#14354,#3861);
#2637=LINE('',#14356,#3862);
#2638=LINE('',#14358,#3863);
#2639=LINE('',#14360,#3864);
#2640=LINE('',#14361,#3865);
#2641=LINE('',#14364,#3866);
#2642=LINE('',#14366,#3867);
#2643=LINE('',#14367,#3868);
#2644=LINE('',#14370,#3869);
#2645=LINE('',#14371,#3870);
#2646=LINE('',#14374,#3871);
#2647=LINE('',#14375,#3872);
#2648=LINE('',#14378,#3873);
#2649=LINE('',#14379,#3874);
#2650=LINE('',#14382,#3875);
#2651=LINE('',#14383,#3876);
#2652=LINE('',#14386,#3877);
#2653=LINE('',#14387,#3878);
#2654=LINE('',#14390,#3879);
#2655=LINE('',#14391,#3880);
#2656=LINE('',#14393,#3881);
#2657=LINE('',#14398,#3882);
#2658=LINE('',#14400,#3883);
#2659=LINE('',#14402,#3884);
#2660=LINE('',#14404,#3885);
#2661=LINE('',#14406,#3886);
#2662=LINE('',#14408,#3887);
#2663=LINE('',#14410,#3888);
#2664=LINE('',#14411,#3889);
#2665=LINE('',#14414,#3890);
#2666=LINE('',#14416,#3891);
#2667=LINE('',#14417,#3892);
#2668=LINE('',#14420,#3893);
#2669=LINE('',#14421,#3894);
#2670=LINE('',#14424,#3895);
#2671=LINE('',#14425,#3896);
#2672=LINE('',#14428,#3897);
#2673=LINE('',#14429,#3898);
#2674=LINE('',#14432,#3899);
#2675=LINE('',#14433,#3900);
#2676=LINE('',#14436,#3901);
#2677=LINE('',#14437,#3902);
#2678=LINE('',#14440,#3903);
#2679=LINE('',#14441,#3904);
#2680=LINE('',#14443,#3905);
#2681=LINE('',#14448,#3906);
#2682=LINE('',#14450,#3907);
#2683=LINE('',#14452,#3908);
#2684=LINE('',#14454,#3909);
#2685=LINE('',#14456,#3910);
#2686=LINE('',#14458,#3911);
#2687=LINE('',#14460,#3912);
#2688=LINE('',#14461,#3913);
#2689=LINE('',#14464,#3914);
#2690=LINE('',#14466,#3915);
#2691=LINE('',#14467,#3916);
#2692=LINE('',#14470,#3917);
#2693=LINE('',#14471,#3918);
#2694=LINE('',#14474,#3919);
#2695=LINE('',#14475,#3920);
#2696=LINE('',#14478,#3921);
#2697=LINE('',#14479,#3922);
#2698=LINE('',#14482,#3923);
#2699=LINE('',#14483,#3924);
#2700=LINE('',#14486,#3925);
#2701=LINE('',#14487,#3926);
#2702=LINE('',#14490,#3927);
#2703=LINE('',#14491,#3928);
#2704=LINE('',#14493,#3929);
#2705=LINE('',#14498,#3930);
#2706=LINE('',#14500,#3931);
#2707=LINE('',#14502,#3932);
#2708=LINE('',#14504,#3933);
#2709=LINE('',#14506,#3934);
#2710=LINE('',#14508,#3935);
#2711=LINE('',#14510,#3936);
#2712=LINE('',#14511,#3937);
#2713=LINE('',#14514,#3938);
#2714=LINE('',#14516,#3939);
#2715=LINE('',#14517,#3940);
#2716=LINE('',#14520,#3941);
#2717=LINE('',#14521,#3942);
#2718=LINE('',#14524,#3943);
#2719=LINE('',#14525,#3944);
#2720=LINE('',#14528,#3945);
#2721=LINE('',#14529,#3946);
#2722=LINE('',#14532,#3947);
#2723=LINE('',#14533,#3948);
#2724=LINE('',#14536,#3949);
#2725=LINE('',#14537,#3950);
#2726=LINE('',#14540,#3951);
#2727=LINE('',#14541,#3952);
#2728=LINE('',#14543,#3953);
#2729=LINE('',#14548,#3954);
#2730=LINE('',#14550,#3955);
#2731=LINE('',#14552,#3956);
#2732=LINE('',#14554,#3957);
#2733=LINE('',#14556,#3958);
#2734=LINE('',#14558,#3959);
#2735=LINE('',#14560,#3960);
#2736=LINE('',#14561,#3961);
#2737=LINE('',#14564,#3962);
#2738=LINE('',#14566,#3963);
#2739=LINE('',#14567,#3964);
#2740=LINE('',#14570,#3965);
#2741=LINE('',#14571,#3966);
#2742=LINE('',#14574,#3967);
#2743=LINE('',#14575,#3968);
#2744=LINE('',#14578,#3969);
#2745=LINE('',#14579,#3970);
#2746=LINE('',#14582,#3971);
#2747=LINE('',#14583,#3972);
#2748=LINE('',#14586,#3973);
#2749=LINE('',#14587,#3974);
#2750=LINE('',#14590,#3975);
#2751=LINE('',#14591,#3976);
#2752=LINE('',#14593,#3977);
#2753=LINE('',#14598,#3978);
#2754=LINE('',#14600,#3979);
#2755=LINE('',#14602,#3980);
#2756=LINE('',#14604,#3981);
#2757=LINE('',#14606,#3982);
#2758=LINE('',#14608,#3983);
#2759=LINE('',#14610,#3984);
#2760=LINE('',#14611,#3985);
#2761=LINE('',#14614,#3986);
#2762=LINE('',#14616,#3987);
#2763=LINE('',#14617,#3988);
#2764=LINE('',#14620,#3989);
#2765=LINE('',#14621,#3990);
#2766=LINE('',#14624,#3991);
#2767=LINE('',#14625,#3992);
#2768=LINE('',#14628,#3993);
#2769=LINE('',#14629,#3994);
#2770=LINE('',#14632,#3995);
#2771=LINE('',#14633,#3996);
#2772=LINE('',#14636,#3997);
#2773=LINE('',#14637,#3998);
#2774=LINE('',#14640,#3999);
#2775=LINE('',#14641,#4000);
#2776=LINE('',#14643,#4001);
#2777=LINE('',#14648,#4002);
#2778=LINE('',#14650,#4003);
#2779=LINE('',#14652,#4004);
#2780=LINE('',#14654,#4005);
#2781=LINE('',#14656,#4006);
#2782=LINE('',#14658,#4007);
#2783=LINE('',#14660,#4008);
#2784=LINE('',#14661,#4009);
#2785=LINE('',#14664,#4010);
#2786=LINE('',#14666,#4011);
#2787=LINE('',#14667,#4012);
#2788=LINE('',#14670,#4013);
#2789=LINE('',#14671,#4014);
#2790=LINE('',#14674,#4015);
#2791=LINE('',#14675,#4016);
#2792=LINE('',#14678,#4017);
#2793=LINE('',#14679,#4018);
#2794=LINE('',#14682,#4019);
#2795=LINE('',#14683,#4020);
#2796=LINE('',#14686,#4021);
#2797=LINE('',#14687,#4022);
#2798=LINE('',#14690,#4023);
#2799=LINE('',#14691,#4024);
#2800=LINE('',#14693,#4025);
#2801=LINE('',#14698,#4026);
#2802=LINE('',#14700,#4027);
#2803=LINE('',#14702,#4028);
#2804=LINE('',#14704,#4029);
#2805=LINE('',#14706,#4030);
#2806=LINE('',#14708,#4031);
#2807=LINE('',#14710,#4032);
#2808=LINE('',#14711,#4033);
#2809=LINE('',#14714,#4034);
#2810=LINE('',#14716,#4035);
#2811=LINE('',#14717,#4036);
#2812=LINE('',#14720,#4037);
#2813=LINE('',#14721,#4038);
#2814=LINE('',#14724,#4039);
#2815=LINE('',#14725,#4040);
#2816=LINE('',#14728,#4041);
#2817=LINE('',#14729,#4042);
#2818=LINE('',#14732,#4043);
#2819=LINE('',#14733,#4044);
#2820=LINE('',#14736,#4045);
#2821=LINE('',#14737,#4046);
#2822=LINE('',#14740,#4047);
#2823=LINE('',#14741,#4048);
#2824=LINE('',#14743,#4049);
#2825=LINE('',#14748,#4050);
#2826=LINE('',#14750,#4051);
#2827=LINE('',#14752,#4052);
#2828=LINE('',#14754,#4053);
#2829=LINE('',#14756,#4054);
#2830=LINE('',#14758,#4055);
#2831=LINE('',#14760,#4056);
#2832=LINE('',#14761,#4057);
#2833=LINE('',#14764,#4058);
#2834=LINE('',#14766,#4059);
#2835=LINE('',#14767,#4060);
#2836=LINE('',#14770,#4061);
#2837=LINE('',#14771,#4062);
#2838=LINE('',#14774,#4063);
#2839=LINE('',#14775,#4064);
#2840=LINE('',#14778,#4065);
#2841=LINE('',#14779,#4066);
#2842=LINE('',#14782,#4067);
#2843=LINE('',#14783,#4068);
#2844=LINE('',#14786,#4069);
#2845=LINE('',#14787,#4070);
#2846=LINE('',#14790,#4071);
#2847=LINE('',#14791,#4072);
#2848=LINE('',#14793,#4073);
#2849=LINE('',#14798,#4074);
#2850=LINE('',#14800,#4075);
#2851=LINE('',#14802,#4076);
#2852=LINE('',#14804,#4077);
#2853=LINE('',#14806,#4078);
#2854=LINE('',#14808,#4079);
#2855=LINE('',#14810,#4080);
#2856=LINE('',#14811,#4081);
#2857=LINE('',#14814,#4082);
#2858=LINE('',#14816,#4083);
#2859=LINE('',#14817,#4084);
#2860=LINE('',#14820,#4085);
#2861=LINE('',#14821,#4086);
#2862=LINE('',#14824,#4087);
#2863=LINE('',#14825,#4088);
#2864=LINE('',#14828,#4089);
#2865=LINE('',#14829,#4090);
#2866=LINE('',#14832,#4091);
#2867=LINE('',#14833,#4092);
#2868=LINE('',#14836,#4093);
#2869=LINE('',#14837,#4094);
#2870=LINE('',#14840,#4095);
#2871=LINE('',#14841,#4096);
#2872=LINE('',#14843,#4097);
#2873=LINE('',#14848,#4098);
#2874=LINE('',#14850,#4099);
#2875=LINE('',#14852,#4100);
#2876=LINE('',#14854,#4101);
#2877=LINE('',#14856,#4102);
#2878=LINE('',#14858,#4103);
#2879=LINE('',#14860,#4104);
#2880=LINE('',#14861,#4105);
#2881=LINE('',#14864,#4106);
#2882=LINE('',#14866,#4107);
#2883=LINE('',#14867,#4108);
#2884=LINE('',#14870,#4109);
#2885=LINE('',#14871,#4110);
#2886=LINE('',#14874,#4111);
#2887=LINE('',#14875,#4112);
#2888=LINE('',#14878,#4113);
#2889=LINE('',#14879,#4114);
#2890=LINE('',#14882,#4115);
#2891=LINE('',#14883,#4116);
#2892=LINE('',#14886,#4117);
#2893=LINE('',#14887,#4118);
#2894=LINE('',#14890,#4119);
#2895=LINE('',#14891,#4120);
#2896=LINE('',#14893,#4121);
#2897=LINE('',#14898,#4122);
#2898=LINE('',#14900,#4123);
#2899=LINE('',#14902,#4124);
#2900=LINE('',#14904,#4125);
#2901=LINE('',#14906,#4126);
#2902=LINE('',#14908,#4127);
#2903=LINE('',#14910,#4128);
#2904=LINE('',#14911,#4129);
#2905=LINE('',#14914,#4130);
#2906=LINE('',#14916,#4131);
#2907=LINE('',#14917,#4132);
#2908=LINE('',#14920,#4133);
#2909=LINE('',#14921,#4134);
#2910=LINE('',#14924,#4135);
#2911=LINE('',#14925,#4136);
#2912=LINE('',#14928,#4137);
#2913=LINE('',#14929,#4138);
#2914=LINE('',#14932,#4139);
#2915=LINE('',#14933,#4140);
#2916=LINE('',#14936,#4141);
#2917=LINE('',#14937,#4142);
#2918=LINE('',#14940,#4143);
#2919=LINE('',#14941,#4144);
#2920=LINE('',#14943,#4145);
#2921=LINE('',#14948,#4146);
#2922=LINE('',#14950,#4147);
#2923=LINE('',#14952,#4148);
#2924=LINE('',#14953,#4149);
#2925=LINE('',#14959,#4150);
#2926=LINE('',#14961,#4151);
#2927=LINE('',#14962,#4152);
#2928=LINE('',#14968,#4153);
#2929=LINE('',#14971,#4154);
#2930=LINE('',#14975,#4155);
#2931=LINE('',#14977,#4156);
#2932=LINE('',#14980,#4157);
#2933=LINE('',#14981,#4158);
#2934=LINE('',#14983,#4159);
#2935=LINE('',#14988,#4160);
#2936=LINE('',#14990,#4161);
#2937=LINE('',#14992,#4162);
#2938=LINE('',#14993,#4163);
#2939=LINE('',#14999,#4164);
#2940=LINE('',#15001,#4165);
#2941=LINE('',#15002,#4166);
#2942=LINE('',#15008,#4167);
#2943=LINE('',#15010,#4168);
#2944=LINE('',#15015,#4169);
#2945=LINE('',#15018,#4170);
#2946=LINE('',#15020,#4171);
#2947=LINE('',#15021,#4172);
#2948=LINE('',#15023,#4173);
#2949=LINE('',#15137,#4174);
#2950=LINE('',#15144,#4175);
#2951=LINE('',#15170,#4176);
#2952=LINE('',#15260,#4177);
#2953=LINE('',#15262,#4178);
#2954=LINE('',#15270,#4179);
#2955=LINE('',#15272,#4180);
#2956=LINE('',#15274,#4181);
#2957=LINE('',#15275,#4182);
#2958=LINE('',#15278,#4183);
#2959=LINE('',#15280,#4184);
#2960=LINE('',#15281,#4185);
#2961=LINE('',#15284,#4186);
#2962=LINE('',#15286,#4187);
#2963=LINE('',#15287,#4188);
#2964=LINE('',#15289,#4189);
#2965=LINE('',#15290,#4190);
#2966=VECTOR('',#10123,0.5);
#2967=VECTOR('',#10130,0.5);
#2968=VECTOR('',#10137,0.5);
#2969=VECTOR('',#10144,0.5);
#2970=VECTOR('',#10151,0.5);
#2971=VECTOR('',#10158,0.5);
#2972=VECTOR('',#10165,0.5);
#2973=VECTOR('',#10172,0.5);
#2974=VECTOR('',#10179,0.5);
#2975=VECTOR('',#10186,0.5);
#2976=VECTOR('',#10193,0.5);
#2977=VECTOR('',#10200,0.5);
#2978=VECTOR('',#10207,0.5);
#2979=VECTOR('',#10214,0.5);
#2980=VECTOR('',#10221,0.5);
#2981=VECTOR('',#10228,0.5);
#2982=VECTOR('',#10233,10.);
#2983=VECTOR('',#10234,10.);
#2984=VECTOR('',#10235,10.);
#2985=VECTOR('',#10236,10.);
#2986=VECTOR('',#10239,10.);
#2987=VECTOR('',#10240,10.);
#2988=VECTOR('',#10241,10.);
#2989=VECTOR('',#10244,10.);
#2990=VECTOR('',#10245,10.);
#2991=VECTOR('',#10246,10.);
#2992=VECTOR('',#10249,10.);
#2993=VECTOR('',#10250,10.);
#2994=VECTOR('',#10257,10.);
#2995=VECTOR('',#10258,10.);
#2996=VECTOR('',#10259,10.);
#2997=VECTOR('',#10260,10.);
#2998=VECTOR('',#10263,10.);
#2999=VECTOR('',#10264,10.);
#3000=VECTOR('',#10265,10.);
#3001=VECTOR('',#10268,10.);
#3002=VECTOR('',#10269,10.);
#3003=VECTOR('',#10270,10.);
#3004=VECTOR('',#10273,10.);
#3005=VECTOR('',#10274,10.);
#3006=VECTOR('',#10275,10.);
#3007=VECTOR('',#10278,10.);
#3008=VECTOR('',#10279,10.);
#3009=VECTOR('',#10280,10.);
#3010=VECTOR('',#10283,10.);
#3011=VECTOR('',#10284,10.);
#3012=VECTOR('',#10285,10.);
#3013=VECTOR('',#10288,10.);
#3014=VECTOR('',#10289,10.);
#3015=VECTOR('',#10290,10.);
#3016=VECTOR('',#10293,10.);
#3017=VECTOR('',#10294,10.);
#3018=VECTOR('',#10297,10.);
#3019=VECTOR('',#10298,10.);
#3020=VECTOR('',#10299,10.);
#3021=VECTOR('',#10300,10.);
#3022=VECTOR('',#10303,10.);
#3023=VECTOR('',#10304,10.);
#3024=VECTOR('',#10305,10.);
#3025=VECTOR('',#10308,10.);
#3026=VECTOR('',#10309,10.);
#3027=VECTOR('',#10310,10.);
#3028=VECTOR('',#10313,10.);
#3029=VECTOR('',#10314,10.);
#3030=VECTOR('',#10315,10.);
#3031=VECTOR('',#10318,10.);
#3032=VECTOR('',#10319,10.);
#3033=VECTOR('',#10320,10.);
#3034=VECTOR('',#10323,10.);
#3035=VECTOR('',#10324,10.);
#3036=VECTOR('',#10325,10.);
#3037=VECTOR('',#10328,10.);
#3038=VECTOR('',#10329,10.);
#3039=VECTOR('',#10330,10.);
#3040=VECTOR('',#10333,10.);
#3041=VECTOR('',#10334,10.);
#3042=VECTOR('',#10341,10.);
#3043=VECTOR('',#10342,10.);
#3044=VECTOR('',#10343,10.);
#3045=VECTOR('',#10344,10.);
#3046=VECTOR('',#10347,10.);
#3047=VECTOR('',#10348,10.);
#3048=VECTOR('',#10349,10.);
#3049=VECTOR('',#10352,10.);
#3050=VECTOR('',#10353,10.);
#3051=VECTOR('',#10354,10.);
#3052=VECTOR('',#10357,10.);
#3053=VECTOR('',#10358,10.);
#3054=VECTOR('',#10359,10.);
#3055=VECTOR('',#10362,10.);
#3056=VECTOR('',#10363,10.);
#3057=VECTOR('',#10364,10.);
#3058=VECTOR('',#10367,10.);
#3059=VECTOR('',#10368,10.);
#3060=VECTOR('',#10369,10.);
#3061=VECTOR('',#10372,10.);
#3062=VECTOR('',#10373,10.);
#3063=VECTOR('',#10374,10.);
#3064=VECTOR('',#10377,10.);
#3065=VECTOR('',#10378,10.);
#3066=VECTOR('',#10381,10.);
#3067=VECTOR('',#10382,10.);
#3068=VECTOR('',#10383,10.);
#3069=VECTOR('',#10384,10.);
#3070=VECTOR('',#10387,10.);
#3071=VECTOR('',#10388,10.);
#3072=VECTOR('',#10389,10.);
#3073=VECTOR('',#10392,10.);
#3074=VECTOR('',#10393,10.);
#3075=VECTOR('',#10394,10.);
#3076=VECTOR('',#10397,10.);
#3077=VECTOR('',#10398,10.);
#3078=VECTOR('',#10399,10.);
#3079=VECTOR('',#10402,10.);
#3080=VECTOR('',#10403,10.);
#3081=VECTOR('',#10404,10.);
#3082=VECTOR('',#10407,10.);
#3083=VECTOR('',#10408,10.);
#3084=VECTOR('',#10409,10.);
#3085=VECTOR('',#10412,10.);
#3086=VECTOR('',#10413,10.);
#3087=VECTOR('',#10414,10.);
#3088=VECTOR('',#10417,10.);
#3089=VECTOR('',#10418,10.);
#3090=VECTOR('',#10425,10.);
#3091=VECTOR('',#10426,10.);
#3092=VECTOR('',#10427,10.);
#3093=VECTOR('',#10428,10.);
#3094=VECTOR('',#10431,10.);
#3095=VECTOR('',#10432,10.);
#3096=VECTOR('',#10433,10.);
#3097=VECTOR('',#10436,10.);
#3098=VECTOR('',#10437,10.);
#3099=VECTOR('',#10438,10.);
#3100=VECTOR('',#10441,10.);
#3101=VECTOR('',#10442,10.);
#3102=VECTOR('',#10443,10.);
#3103=VECTOR('',#10446,10.);
#3104=VECTOR('',#10447,10.);
#3105=VECTOR('',#10448,10.);
#3106=VECTOR('',#10451,10.);
#3107=VECTOR('',#10452,10.);
#3108=VECTOR('',#10453,10.);
#3109=VECTOR('',#10456,10.);
#3110=VECTOR('',#10457,10.);
#3111=VECTOR('',#10458,10.);
#3112=VECTOR('',#10461,10.);
#3113=VECTOR('',#10462,10.);
#3114=VECTOR('',#10465,10.);
#3115=VECTOR('',#10466,10.);
#3116=VECTOR('',#10467,10.);
#3117=VECTOR('',#10468,10.);
#3118=VECTOR('',#10471,10.);
#3119=VECTOR('',#10472,10.);
#3120=VECTOR('',#10473,10.);
#3121=VECTOR('',#10476,10.);
#3122=VECTOR('',#10477,10.);
#3123=VECTOR('',#10478,10.);
#3124=VECTOR('',#10481,10.);
#3125=VECTOR('',#10482,10.);
#3126=VECTOR('',#10483,10.);
#3127=VECTOR('',#10486,10.);
#3128=VECTOR('',#10487,10.);
#3129=VECTOR('',#10488,10.);
#3130=VECTOR('',#10491,10.);
#3131=VECTOR('',#10492,10.);
#3132=VECTOR('',#10493,10.);
#3133=VECTOR('',#10496,10.);
#3134=VECTOR('',#10497,10.);
#3135=VECTOR('',#10498,10.);
#3136=VECTOR('',#10501,10.);
#3137=VECTOR('',#10502,10.);
#3138=VECTOR('',#10509,10.);
#3139=VECTOR('',#10510,10.);
#3140=VECTOR('',#10511,10.);
#3141=VECTOR('',#10512,10.);
#3142=VECTOR('',#10515,10.);
#3143=VECTOR('',#10516,10.);
#3144=VECTOR('',#10517,10.);
#3145=VECTOR('',#10520,10.);
#3146=VECTOR('',#10521,10.);
#3147=VECTOR('',#10522,10.);
#3148=VECTOR('',#10525,10.);
#3149=VECTOR('',#10526,10.);
#3150=VECTOR('',#10527,10.);
#3151=VECTOR('',#10530,10.);
#3152=VECTOR('',#10531,10.);
#3153=VECTOR('',#10532,10.);
#3154=VECTOR('',#10535,10.);
#3155=VECTOR('',#10536,10.);
#3156=VECTOR('',#10537,10.);
#3157=VECTOR('',#10540,10.);
#3158=VECTOR('',#10541,10.);
#3159=VECTOR('',#10542,10.);
#3160=VECTOR('',#10545,10.);
#3161=VECTOR('',#10546,10.);
#3162=VECTOR('',#10549,10.);
#3163=VECTOR('',#10550,10.);
#3164=VECTOR('',#10551,10.);
#3165=VECTOR('',#10552,10.);
#3166=VECTOR('',#10555,10.);
#3167=VECTOR('',#10556,10.);
#3168=VECTOR('',#10557,10.);
#3169=VECTOR('',#10560,10.);
#3170=VECTOR('',#10561,10.);
#3171=VECTOR('',#10562,10.);
#3172=VECTOR('',#10565,10.);
#3173=VECTOR('',#10566,10.);
#3174=VECTOR('',#10567,10.);
#3175=VECTOR('',#10570,10.);
#3176=VECTOR('',#10571,10.);
#3177=VECTOR('',#10572,10.);
#3178=VECTOR('',#10575,10.);
#3179=VECTOR('',#10576,10.);
#3180=VECTOR('',#10577,10.);
#3181=VECTOR('',#10580,10.);
#3182=VECTOR('',#10581,10.);
#3183=VECTOR('',#10582,10.);
#3184=VECTOR('',#10585,10.);
#3185=VECTOR('',#10586,10.);
#3186=VECTOR('',#10593,10.);
#3187=VECTOR('',#10594,10.);
#3188=VECTOR('',#10595,10.);
#3189=VECTOR('',#10596,10.);
#3190=VECTOR('',#10599,10.);
#3191=VECTOR('',#10600,10.);
#3192=VECTOR('',#10601,10.);
#3193=VECTOR('',#10604,10.);
#3194=VECTOR('',#10605,10.);
#3195=VECTOR('',#10606,10.);
#3196=VECTOR('',#10609,10.);
#3197=VECTOR('',#10610,10.);
#3198=VECTOR('',#10611,10.);
#3199=VECTOR('',#10614,10.);
#3200=VECTOR('',#10615,10.);
#3201=VECTOR('',#10616,10.);
#3202=VECTOR('',#10619,10.);
#3203=VECTOR('',#10620,10.);
#3204=VECTOR('',#10621,10.);
#3205=VECTOR('',#10624,10.);
#3206=VECTOR('',#10625,10.);
#3207=VECTOR('',#10626,10.);
#3208=VECTOR('',#10629,10.);
#3209=VECTOR('',#10630,10.);
#3210=VECTOR('',#10633,10.);
#3211=VECTOR('',#10634,10.);
#3212=VECTOR('',#10635,10.);
#3213=VECTOR('',#10636,10.);
#3214=VECTOR('',#10639,10.);
#3215=VECTOR('',#10640,10.);
#3216=VECTOR('',#10641,10.);
#3217=VECTOR('',#10644,10.);
#3218=VECTOR('',#10645,10.);
#3219=VECTOR('',#10646,10.);
#3220=VECTOR('',#10649,10.);
#3221=VECTOR('',#10650,10.);
#3222=VECTOR('',#10651,10.);
#3223=VECTOR('',#10654,10.);
#3224=VECTOR('',#10655,10.);
#3225=VECTOR('',#10656,10.);
#3226=VECTOR('',#10659,10.);
#3227=VECTOR('',#10660,10.);
#3228=VECTOR('',#10661,10.);
#3229=VECTOR('',#10664,10.);
#3230=VECTOR('',#10665,10.);
#3231=VECTOR('',#10666,10.);
#3232=VECTOR('',#10669,10.);
#3233=VECTOR('',#10670,10.);
#3234=VECTOR('',#10677,10.);
#3235=VECTOR('',#10678,10.);
#3236=VECTOR('',#10679,10.);
#3237=VECTOR('',#10680,10.);
#3238=VECTOR('',#10683,10.);
#3239=VECTOR('',#10684,10.);
#3240=VECTOR('',#10685,10.);
#3241=VECTOR('',#10688,10.);
#3242=VECTOR('',#10689,10.);
#3243=VECTOR('',#10690,10.);
#3244=VECTOR('',#10693,10.);
#3245=VECTOR('',#10694,10.);
#3246=VECTOR('',#10695,10.);
#3247=VECTOR('',#10698,10.);
#3248=VECTOR('',#10699,10.);
#3249=VECTOR('',#10700,10.);
#3250=VECTOR('',#10703,10.);
#3251=VECTOR('',#10704,10.);
#3252=VECTOR('',#10705,10.);
#3253=VECTOR('',#10708,10.);
#3254=VECTOR('',#10709,10.);
#3255=VECTOR('',#10710,10.);
#3256=VECTOR('',#10713,10.);
#3257=VECTOR('',#10714,10.);
#3258=VECTOR('',#10717,10.);
#3259=VECTOR('',#10718,10.);
#3260=VECTOR('',#10719,10.);
#3261=VECTOR('',#10720,10.);
#3262=VECTOR('',#10723,10.);
#3263=VECTOR('',#10724,10.);
#3264=VECTOR('',#10725,10.);
#3265=VECTOR('',#10728,10.);
#3266=VECTOR('',#10729,10.);
#3267=VECTOR('',#10730,10.);
#3268=VECTOR('',#10733,10.);
#3269=VECTOR('',#10734,10.);
#3270=VECTOR('',#10735,10.);
#3271=VECTOR('',#10738,10.);
#3272=VECTOR('',#10739,10.);
#3273=VECTOR('',#10740,10.);
#3274=VECTOR('',#10743,10.);
#3275=VECTOR('',#10744,10.);
#3276=VECTOR('',#10745,10.);
#3277=VECTOR('',#10748,10.);
#3278=VECTOR('',#10749,10.);
#3279=VECTOR('',#10750,10.);
#3280=VECTOR('',#10753,10.);
#3281=VECTOR('',#10754,10.);
#3282=VECTOR('',#10761,10.);
#3283=VECTOR('',#10762,10.);
#3284=VECTOR('',#10763,10.);
#3285=VECTOR('',#10764,10.);
#3286=VECTOR('',#10767,10.);
#3287=VECTOR('',#10768,10.);
#3288=VECTOR('',#10769,10.);
#3289=VECTOR('',#10772,10.);
#3290=VECTOR('',#10773,10.);
#3291=VECTOR('',#10774,10.);
#3292=VECTOR('',#10777,10.);
#3293=VECTOR('',#10778,10.);
#3294=VECTOR('',#10779,10.);
#3295=VECTOR('',#10782,10.);
#3296=VECTOR('',#10783,10.);
#3297=VECTOR('',#10784,10.);
#3298=VECTOR('',#10787,10.);
#3299=VECTOR('',#10788,10.);
#3300=VECTOR('',#10789,10.);
#3301=VECTOR('',#10792,10.);
#3302=VECTOR('',#10793,10.);
#3303=VECTOR('',#10794,10.);
#3304=VECTOR('',#10797,10.);
#3305=VECTOR('',#10798,10.);
#3306=VECTOR('',#10801,10.);
#3307=VECTOR('',#10802,10.);
#3308=VECTOR('',#10803,10.);
#3309=VECTOR('',#10804,10.);
#3310=VECTOR('',#10807,10.);
#3311=VECTOR('',#10808,10.);
#3312=VECTOR('',#10809,10.);
#3313=VECTOR('',#10812,10.);
#3314=VECTOR('',#10813,10.);
#3315=VECTOR('',#10814,10.);
#3316=VECTOR('',#10817,10.);
#3317=VECTOR('',#10818,10.);
#3318=VECTOR('',#10819,10.);
#3319=VECTOR('',#10822,10.);
#3320=VECTOR('',#10823,10.);
#3321=VECTOR('',#10824,10.);
#3322=VECTOR('',#10827,10.);
#3323=VECTOR('',#10828,10.);
#3324=VECTOR('',#10829,10.);
#3325=VECTOR('',#10832,10.);
#3326=VECTOR('',#10833,10.);
#3327=VECTOR('',#10834,10.);
#3328=VECTOR('',#10837,10.);
#3329=VECTOR('',#10838,10.);
#3330=VECTOR('',#10845,10.);
#3331=VECTOR('',#10846,10.);
#3332=VECTOR('',#10847,10.);
#3333=VECTOR('',#10848,10.);
#3334=VECTOR('',#10851,10.);
#3335=VECTOR('',#10852,10.);
#3336=VECTOR('',#10853,10.);
#3337=VECTOR('',#10856,10.);
#3338=VECTOR('',#10857,10.);
#3339=VECTOR('',#10858,10.);
#3340=VECTOR('',#10861,10.);
#3341=VECTOR('',#10862,10.);
#3342=VECTOR('',#10863,10.);
#3343=VECTOR('',#10866,10.);
#3344=VECTOR('',#10867,10.);
#3345=VECTOR('',#10868,10.);
#3346=VECTOR('',#10871,10.);
#3347=VECTOR('',#10872,10.);
#3348=VECTOR('',#10873,10.);
#3349=VECTOR('',#10876,10.);
#3350=VECTOR('',#10877,10.);
#3351=VECTOR('',#10878,10.);
#3352=VECTOR('',#10881,10.);
#3353=VECTOR('',#10882,10.);
#3354=VECTOR('',#10885,10.);
#3355=VECTOR('',#10886,10.);
#3356=VECTOR('',#10887,10.);
#3357=VECTOR('',#10888,10.);
#3358=VECTOR('',#10891,10.);
#3359=VECTOR('',#10892,10.);
#3360=VECTOR('',#10893,10.);
#3361=VECTOR('',#10896,10.);
#3362=VECTOR('',#10897,10.);
#3363=VECTOR('',#10898,10.);
#3364=VECTOR('',#10901,10.);
#3365=VECTOR('',#10902,10.);
#3366=VECTOR('',#10903,10.);
#3367=VECTOR('',#10906,10.);
#3368=VECTOR('',#10907,10.);
#3369=VECTOR('',#10908,10.);
#3370=VECTOR('',#10911,10.);
#3371=VECTOR('',#10912,10.);
#3372=VECTOR('',#10913,10.);
#3373=VECTOR('',#10916,10.);
#3374=VECTOR('',#10917,10.);
#3375=VECTOR('',#10918,10.);
#3376=VECTOR('',#10921,10.);
#3377=VECTOR('',#10922,10.);
#3378=VECTOR('',#10929,10.);
#3379=VECTOR('',#10930,10.);
#3380=VECTOR('',#10931,10.);
#3381=VECTOR('',#10932,10.);
#3382=VECTOR('',#10935,10.);
#3383=VECTOR('',#10936,10.);
#3384=VECTOR('',#10937,10.);
#3385=VECTOR('',#10940,10.);
#3386=VECTOR('',#10941,10.);
#3387=VECTOR('',#10942,10.);
#3388=VECTOR('',#10945,10.);
#3389=VECTOR('',#10946,10.);
#3390=VECTOR('',#10947,10.);
#3391=VECTOR('',#10950,10.);
#3392=VECTOR('',#10951,10.);
#3393=VECTOR('',#10952,10.);
#3394=VECTOR('',#10955,10.);
#3395=VECTOR('',#10956,10.);
#3396=VECTOR('',#10957,10.);
#3397=VECTOR('',#10960,10.);
#3398=VECTOR('',#10961,10.);
#3399=VECTOR('',#10962,10.);
#3400=VECTOR('',#10965,10.);
#3401=VECTOR('',#10966,10.);
#3402=VECTOR('',#10969,10.);
#3403=VECTOR('',#10970,10.);
#3404=VECTOR('',#10971,10.);
#3405=VECTOR('',#10972,10.);
#3406=VECTOR('',#10975,10.);
#3407=VECTOR('',#10976,10.);
#3408=VECTOR('',#10977,10.);
#3409=VECTOR('',#10980,10.);
#3410=VECTOR('',#10981,10.);
#3411=VECTOR('',#10982,10.);
#3412=VECTOR('',#10985,10.);
#3413=VECTOR('',#10986,10.);
#3414=VECTOR('',#10987,10.);
#3415=VECTOR('',#10990,10.);
#3416=VECTOR('',#10991,10.);
#3417=VECTOR('',#10992,10.);
#3418=VECTOR('',#10995,10.);
#3419=VECTOR('',#10996,10.);
#3420=VECTOR('',#10997,10.);
#3421=VECTOR('',#11000,10.);
#3422=VECTOR('',#11001,10.);
#3423=VECTOR('',#11002,10.);
#3424=VECTOR('',#11005,10.);
#3425=VECTOR('',#11006,10.);
#3426=VECTOR('',#11013,10.);
#3427=VECTOR('',#11014,10.);
#3428=VECTOR('',#11015,10.);
#3429=VECTOR('',#11016,10.);
#3430=VECTOR('',#11019,10.);
#3431=VECTOR('',#11020,10.);
#3432=VECTOR('',#11021,10.);
#3433=VECTOR('',#11024,10.);
#3434=VECTOR('',#11025,10.);
#3435=VECTOR('',#11026,10.);
#3436=VECTOR('',#11029,10.);
#3437=VECTOR('',#11030,10.);
#3438=VECTOR('',#11031,10.);
#3439=VECTOR('',#11034,10.);
#3440=VECTOR('',#11035,10.);
#3441=VECTOR('',#11036,10.);
#3442=VECTOR('',#11039,10.);
#3443=VECTOR('',#11040,10.);
#3444=VECTOR('',#11041,10.);
#3445=VECTOR('',#11044,10.);
#3446=VECTOR('',#11045,10.);
#3447=VECTOR('',#11046,10.);
#3448=VECTOR('',#11049,10.);
#3449=VECTOR('',#11050,10.);
#3450=VECTOR('',#11053,10.);
#3451=VECTOR('',#11054,10.);
#3452=VECTOR('',#11055,10.);
#3453=VECTOR('',#11056,10.);
#3454=VECTOR('',#11059,10.);
#3455=VECTOR('',#11060,10.);
#3456=VECTOR('',#11061,10.);
#3457=VECTOR('',#11064,10.);
#3458=VECTOR('',#11065,10.);
#3459=VECTOR('',#11066,10.);
#3460=VECTOR('',#11069,10.);
#3461=VECTOR('',#11070,10.);
#3462=VECTOR('',#11071,10.);
#3463=VECTOR('',#11074,10.);
#3464=VECTOR('',#11075,10.);
#3465=VECTOR('',#11076,10.);
#3466=VECTOR('',#11079,10.);
#3467=VECTOR('',#11080,10.);
#3468=VECTOR('',#11081,10.);
#3469=VECTOR('',#11084,10.);
#3470=VECTOR('',#11085,10.);
#3471=VECTOR('',#11086,10.);
#3472=VECTOR('',#11089,10.);
#3473=VECTOR('',#11090,10.);
#3474=VECTOR('',#11097,10.);
#3475=VECTOR('',#11098,10.);
#3476=VECTOR('',#11099,10.);
#3477=VECTOR('',#11100,10.);
#3478=VECTOR('',#11103,10.);
#3479=VECTOR('',#11104,10.);
#3480=VECTOR('',#11105,10.);
#3481=VECTOR('',#11108,10.);
#3482=VECTOR('',#11109,10.);
#3483=VECTOR('',#11110,10.);
#3484=VECTOR('',#11113,10.);
#3485=VECTOR('',#11114,10.);
#3486=VECTOR('',#11115,10.);
#3487=VECTOR('',#11118,10.);
#3488=VECTOR('',#11119,10.);
#3489=VECTOR('',#11120,10.);
#3490=VECTOR('',#11123,10.);
#3491=VECTOR('',#11124,10.);
#3492=VECTOR('',#11125,10.);
#3493=VECTOR('',#11128,10.);
#3494=VECTOR('',#11129,10.);
#3495=VECTOR('',#11130,10.);
#3496=VECTOR('',#11133,10.);
#3497=VECTOR('',#11134,10.);
#3498=VECTOR('',#11137,10.);
#3499=VECTOR('',#11138,10.);
#3500=VECTOR('',#11139,10.);
#3501=VECTOR('',#11140,10.);
#3502=VECTOR('',#11143,10.);
#3503=VECTOR('',#11144,10.);
#3504=VECTOR('',#11145,10.);
#3505=VECTOR('',#11148,10.);
#3506=VECTOR('',#11149,10.);
#3507=VECTOR('',#11150,10.);
#3508=VECTOR('',#11153,10.);
#3509=VECTOR('',#11154,10.);
#3510=VECTOR('',#11155,10.);
#3511=VECTOR('',#11158,10.);
#3512=VECTOR('',#11159,10.);
#3513=VECTOR('',#11160,10.);
#3514=VECTOR('',#11163,10.);
#3515=VECTOR('',#11164,10.);
#3516=VECTOR('',#11165,10.);
#3517=VECTOR('',#11168,10.);
#3518=VECTOR('',#11169,10.);
#3519=VECTOR('',#11170,10.);
#3520=VECTOR('',#11173,10.);
#3521=VECTOR('',#11174,10.);
#3522=VECTOR('',#11181,10.);
#3523=VECTOR('',#11182,10.);
#3524=VECTOR('',#11183,10.);
#3525=VECTOR('',#11184,10.);
#3526=VECTOR('',#11187,10.);
#3527=VECTOR('',#11188,10.);
#3528=VECTOR('',#11189,10.);
#3529=VECTOR('',#11192,10.);
#3530=VECTOR('',#11193,10.);
#3531=VECTOR('',#11194,10.);
#3532=VECTOR('',#11197,10.);
#3533=VECTOR('',#11198,10.);
#3534=VECTOR('',#11199,10.);
#3535=VECTOR('',#11202,10.);
#3536=VECTOR('',#11203,10.);
#3537=VECTOR('',#11204,10.);
#3538=VECTOR('',#11207,10.);
#3539=VECTOR('',#11208,10.);
#3540=VECTOR('',#11209,10.);
#3541=VECTOR('',#11212,10.);
#3542=VECTOR('',#11213,10.);
#3543=VECTOR('',#11214,10.);
#3544=VECTOR('',#11217,10.);
#3545=VECTOR('',#11218,10.);
#3546=VECTOR('',#11221,10.);
#3547=VECTOR('',#11222,10.);
#3548=VECTOR('',#11223,10.);
#3549=VECTOR('',#11224,10.);
#3550=VECTOR('',#11227,10.);
#3551=VECTOR('',#11228,10.);
#3552=VECTOR('',#11229,10.);
#3553=VECTOR('',#11232,10.);
#3554=VECTOR('',#11233,10.);
#3555=VECTOR('',#11234,10.);
#3556=VECTOR('',#11237,10.);
#3557=VECTOR('',#11238,10.);
#3558=VECTOR('',#11239,10.);
#3559=VECTOR('',#11242,10.);
#3560=VECTOR('',#11243,10.);
#3561=VECTOR('',#11244,10.);
#3562=VECTOR('',#11247,10.);
#3563=VECTOR('',#11248,10.);
#3564=VECTOR('',#11249,10.);
#3565=VECTOR('',#11252,10.);
#3566=VECTOR('',#11253,10.);
#3567=VECTOR('',#11254,10.);
#3568=VECTOR('',#11257,10.);
#3569=VECTOR('',#11258,10.);
#3570=VECTOR('',#11265,10.);
#3571=VECTOR('',#11266,10.);
#3572=VECTOR('',#11267,10.);
#3573=VECTOR('',#11268,10.);
#3574=VECTOR('',#11271,10.);
#3575=VECTOR('',#11272,10.);
#3576=VECTOR('',#11273,10.);
#3577=VECTOR('',#11276,10.);
#3578=VECTOR('',#11277,10.);
#3579=VECTOR('',#11278,10.);
#3580=VECTOR('',#11281,10.);
#3581=VECTOR('',#11282,10.);
#3582=VECTOR('',#11283,10.);
#3583=VECTOR('',#11286,10.);
#3584=VECTOR('',#11287,10.);
#3585=VECTOR('',#11288,10.);
#3586=VECTOR('',#11291,10.);
#3587=VECTOR('',#11292,10.);
#3588=VECTOR('',#11293,10.);
#3589=VECTOR('',#11296,10.);
#3590=VECTOR('',#11297,10.);
#3591=VECTOR('',#11298,10.);
#3592=VECTOR('',#11301,10.);
#3593=VECTOR('',#11302,10.);
#3594=VECTOR('',#11305,10.);
#3595=VECTOR('',#11306,10.);
#3596=VECTOR('',#11307,10.);
#3597=VECTOR('',#11308,10.);
#3598=VECTOR('',#11311,10.);
#3599=VECTOR('',#11312,10.);
#3600=VECTOR('',#11313,10.);
#3601=VECTOR('',#11316,10.);
#3602=VECTOR('',#11317,10.);
#3603=VECTOR('',#11318,10.);
#3604=VECTOR('',#11321,10.);
#3605=VECTOR('',#11322,10.);
#3606=VECTOR('',#11323,10.);
#3607=VECTOR('',#11326,10.);
#3608=VECTOR('',#11327,10.);
#3609=VECTOR('',#11328,10.);
#3610=VECTOR('',#11331,10.);
#3611=VECTOR('',#11332,10.);
#3612=VECTOR('',#11333,10.);
#3613=VECTOR('',#11336,10.);
#3614=VECTOR('',#11337,10.);
#3615=VECTOR('',#11338,10.);
#3616=VECTOR('',#11341,10.);
#3617=VECTOR('',#11342,10.);
#3618=VECTOR('',#11349,10.);
#3619=VECTOR('',#11350,10.);
#3620=VECTOR('',#11351,10.);
#3621=VECTOR('',#11352,10.);
#3622=VECTOR('',#11355,10.);
#3623=VECTOR('',#11356,10.);
#3624=VECTOR('',#11357,10.);
#3625=VECTOR('',#11360,10.);
#3626=VECTOR('',#11361,10.);
#3627=VECTOR('',#11362,10.);
#3628=VECTOR('',#11365,10.);
#3629=VECTOR('',#11366,10.);
#3630=VECTOR('',#11367,10.);
#3631=VECTOR('',#11370,10.);
#3632=VECTOR('',#11371,10.);
#3633=VECTOR('',#11372,10.);
#3634=VECTOR('',#11375,10.);
#3635=VECTOR('',#11376,10.);
#3636=VECTOR('',#11377,10.);
#3637=VECTOR('',#11380,10.);
#3638=VECTOR('',#11381,10.);
#3639=VECTOR('',#11382,10.);
#3640=VECTOR('',#11385,10.);
#3641=VECTOR('',#11386,10.);
#3642=VECTOR('',#11389,10.);
#3643=VECTOR('',#11390,10.);
#3644=VECTOR('',#11391,10.);
#3645=VECTOR('',#11392,10.);
#3646=VECTOR('',#11395,10.);
#3647=VECTOR('',#11396,10.);
#3648=VECTOR('',#11397,10.);
#3649=VECTOR('',#11400,10.);
#3650=VECTOR('',#11401,10.);
#3651=VECTOR('',#11402,10.);
#3652=VECTOR('',#11405,10.);
#3653=VECTOR('',#11406,10.);
#3654=VECTOR('',#11407,10.);
#3655=VECTOR('',#11410,10.);
#3656=VECTOR('',#11411,10.);
#3657=VECTOR('',#11412,10.);
#3658=VECTOR('',#11415,10.);
#3659=VECTOR('',#11416,10.);
#3660=VECTOR('',#11417,10.);
#3661=VECTOR('',#11420,10.);
#3662=VECTOR('',#11421,10.);
#3663=VECTOR('',#11422,10.);
#3664=VECTOR('',#11425,10.);
#3665=VECTOR('',#11426,10.);
#3666=VECTOR('',#11433,10.);
#3667=VECTOR('',#11434,10.);
#3668=VECTOR('',#11435,10.);
#3669=VECTOR('',#11436,10.);
#3670=VECTOR('',#11439,10.);
#3671=VECTOR('',#11440,10.);
#3672=VECTOR('',#11441,10.);
#3673=VECTOR('',#11444,10.);
#3674=VECTOR('',#11445,10.);
#3675=VECTOR('',#11446,10.);
#3676=VECTOR('',#11449,10.);
#3677=VECTOR('',#11450,10.);
#3678=VECTOR('',#11451,10.);
#3679=VECTOR('',#11454,10.);
#3680=VECTOR('',#11455,10.);
#3681=VECTOR('',#11456,10.);
#3682=VECTOR('',#11459,10.);
#3683=VECTOR('',#11460,10.);
#3684=VECTOR('',#11461,10.);
#3685=VECTOR('',#11464,10.);
#3686=VECTOR('',#11465,10.);
#3687=VECTOR('',#11466,10.);
#3688=VECTOR('',#11469,10.);
#3689=VECTOR('',#11470,10.);
#3690=VECTOR('',#11473,10.);
#3691=VECTOR('',#11474,10.);
#3692=VECTOR('',#11475,10.);
#3693=VECTOR('',#11476,10.);
#3694=VECTOR('',#11479,10.);
#3695=VECTOR('',#11480,10.);
#3696=VECTOR('',#11481,10.);
#3697=VECTOR('',#11484,10.);
#3698=VECTOR('',#11485,10.);
#3699=VECTOR('',#11486,10.);
#3700=VECTOR('',#11489,10.);
#3701=VECTOR('',#11490,10.);
#3702=VECTOR('',#11491,10.);
#3703=VECTOR('',#11494,10.);
#3704=VECTOR('',#11495,10.);
#3705=VECTOR('',#11496,10.);
#3706=VECTOR('',#11499,10.);
#3707=VECTOR('',#11500,10.);
#3708=VECTOR('',#11501,10.);
#3709=VECTOR('',#11504,10.);
#3710=VECTOR('',#11505,10.);
#3711=VECTOR('',#11506,10.);
#3712=VECTOR('',#11509,10.);
#3713=VECTOR('',#11510,10.);
#3714=VECTOR('',#11517,10.);
#3715=VECTOR('',#11518,10.);
#3716=VECTOR('',#11519,10.);
#3717=VECTOR('',#11520,10.);
#3718=VECTOR('',#11523,10.);
#3719=VECTOR('',#11524,10.);
#3720=VECTOR('',#11525,10.);
#3721=VECTOR('',#11528,10.);
#3722=VECTOR('',#11529,10.);
#3723=VECTOR('',#11530,10.);
#3724=VECTOR('',#11533,10.);
#3725=VECTOR('',#11534,10.);
#3726=VECTOR('',#11535,10.);
#3727=VECTOR('',#11538,10.);
#3728=VECTOR('',#11539,10.);
#3729=VECTOR('',#11540,10.);
#3730=VECTOR('',#11543,10.);
#3731=VECTOR('',#11544,10.);
#3732=VECTOR('',#11545,10.);
#3733=VECTOR('',#11548,10.);
#3734=VECTOR('',#11549,10.);
#3735=VECTOR('',#11550,10.);
#3736=VECTOR('',#11553,10.);
#3737=VECTOR('',#11554,10.);
#3738=VECTOR('',#11557,10.);
#3739=VECTOR('',#11558,10.);
#3740=VECTOR('',#11559,10.);
#3741=VECTOR('',#11560,10.);
#3742=VECTOR('',#11563,10.);
#3743=VECTOR('',#11564,10.);
#3744=VECTOR('',#11565,10.);
#3745=VECTOR('',#11568,10.);
#3746=VECTOR('',#11569,10.);
#3747=VECTOR('',#11570,10.);
#3748=VECTOR('',#11573,10.);
#3749=VECTOR('',#11574,10.);
#3750=VECTOR('',#11575,10.);
#3751=VECTOR('',#11578,10.);
#3752=VECTOR('',#11579,10.);
#3753=VECTOR('',#11580,10.);
#3754=VECTOR('',#11583,10.);
#3755=VECTOR('',#11584,10.);
#3756=VECTOR('',#11585,10.);
#3757=VECTOR('',#11588,10.);
#3758=VECTOR('',#11589,10.);
#3759=VECTOR('',#11590,10.);
#3760=VECTOR('',#11593,10.);
#3761=VECTOR('',#11594,10.);
#3762=VECTOR('',#11601,10.);
#3763=VECTOR('',#11602,10.);
#3764=VECTOR('',#11603,10.);
#3765=VECTOR('',#11604,10.);
#3766=VECTOR('',#11605,10.);
#3767=VECTOR('',#11606,10.);
#3768=VECTOR('',#11607,10.);
#3769=VECTOR('',#11608,10.);
#3770=VECTOR('',#11611,10.);
#3771=VECTOR('',#11612,10.);
#3772=VECTOR('',#11613,10.);
#3773=VECTOR('',#11616,10.);
#3774=VECTOR('',#11617,10.);
#3775=VECTOR('',#11620,10.);
#3776=VECTOR('',#11621,10.);
#3777=VECTOR('',#11624,10.);
#3778=VECTOR('',#11625,10.);
#3779=VECTOR('',#11628,10.);
#3780=VECTOR('',#11629,10.);
#3781=VECTOR('',#11632,10.);
#3782=VECTOR('',#11633,10.);
#3783=VECTOR('',#11636,10.);
#3784=VECTOR('',#11637,10.);
#3785=VECTOR('',#11640,10.);
#3786=VECTOR('',#11645,10.);
#3787=VECTOR('',#11646,10.);
#3788=VECTOR('',#11647,10.);
#3789=VECTOR('',#11648,10.);
#3790=VECTOR('',#11649,10.);
#3791=VECTOR('',#11650,10.);
#3792=VECTOR('',#11651,10.);
#3793=VECTOR('',#11652,10.);
#3794=VECTOR('',#11655,10.);
#3795=VECTOR('',#11656,10.);
#3796=VECTOR('',#11657,10.);
#3797=VECTOR('',#11660,10.);
#3798=VECTOR('',#11661,10.);
#3799=VECTOR('',#11664,10.);
#3800=VECTOR('',#11665,10.);
#3801=VECTOR('',#11668,10.);
#3802=VECTOR('',#11669,10.);
#3803=VECTOR('',#11672,10.);
#3804=VECTOR('',#11673,10.);
#3805=VECTOR('',#11676,10.);
#3806=VECTOR('',#11677,10.);
#3807=VECTOR('',#11680,10.);
#3808=VECTOR('',#11681,10.);
#3809=VECTOR('',#11684,10.);
#3810=VECTOR('',#11689,10.);
#3811=VECTOR('',#11690,10.);
#3812=VECTOR('',#11691,10.);
#3813=VECTOR('',#11692,10.);
#3814=VECTOR('',#11693,10.);
#3815=VECTOR('',#11694,10.);
#3816=VECTOR('',#11695,10.);
#3817=VECTOR('',#11696,10.);
#3818=VECTOR('',#11699,10.);
#3819=VECTOR('',#11700,10.);
#3820=VECTOR('',#11701,10.);
#3821=VECTOR('',#11704,10.);
#3822=VECTOR('',#11705,10.);
#3823=VECTOR('',#11708,10.);
#3824=VECTOR('',#11709,10.);
#3825=VECTOR('',#11712,10.);
#3826=VECTOR('',#11713,10.);
#3827=VECTOR('',#11716,10.);
#3828=VECTOR('',#11717,10.);
#3829=VECTOR('',#11720,10.);
#3830=VECTOR('',#11721,10.);
#3831=VECTOR('',#11724,10.);
#3832=VECTOR('',#11725,10.);
#3833=VECTOR('',#11728,10.);
#3834=VECTOR('',#11733,10.);
#3835=VECTOR('',#11734,10.);
#3836=VECTOR('',#11735,10.);
#3837=VECTOR('',#11736,10.);
#3838=VECTOR('',#11737,10.);
#3839=VECTOR('',#11738,10.);
#3840=VECTOR('',#11739,10.);
#3841=VECTOR('',#11740,10.);
#3842=VECTOR('',#11743,10.);
#3843=VECTOR('',#11744,10.);
#3844=VECTOR('',#11745,10.);
#3845=VECTOR('',#11748,10.);
#3846=VECTOR('',#11749,10.);
#3847=VECTOR('',#11752,10.);
#3848=VECTOR('',#11753,10.);
#3849=VECTOR('',#11756,10.);
#3850=VECTOR('',#11757,10.);
#3851=VECTOR('',#11760,10.);
#3852=VECTOR('',#11761,10.);
#3853=VECTOR('',#11764,10.);
#3854=VECTOR('',#11765,10.);
#3855=VECTOR('',#11768,10.);
#3856=VECTOR('',#11769,10.);
#3857=VECTOR('',#11772,10.);
#3858=VECTOR('',#11777,10.);
#3859=VECTOR('',#11778,10.);
#3860=VECTOR('',#11779,10.);
#3861=VECTOR('',#11780,10.);
#3862=VECTOR('',#11781,10.);
#3863=VECTOR('',#11782,10.);
#3864=VECTOR('',#11783,10.);
#3865=VECTOR('',#11784,10.);
#3866=VECTOR('',#11787,10.);
#3867=VECTOR('',#11788,10.);
#3868=VECTOR('',#11789,10.);
#3869=VECTOR('',#11792,10.);
#3870=VECTOR('',#11793,10.);
#3871=VECTOR('',#11796,10.);
#3872=VECTOR('',#11797,10.);
#3873=VECTOR('',#11800,10.);
#3874=VECTOR('',#11801,10.);
#3875=VECTOR('',#11804,10.);
#3876=VECTOR('',#11805,10.);
#3877=VECTOR('',#11808,10.);
#3878=VECTOR('',#11809,10.);
#3879=VECTOR('',#11812,10.);
#3880=VECTOR('',#11813,10.);
#3881=VECTOR('',#11816,10.);
#3882=VECTOR('',#11821,10.);
#3883=VECTOR('',#11822,10.);
#3884=VECTOR('',#11823,10.);
#3885=VECTOR('',#11824,10.);
#3886=VECTOR('',#11825,10.);
#3887=VECTOR('',#11826,10.);
#3888=VECTOR('',#11827,10.);
#3889=VECTOR('',#11828,10.);
#3890=VECTOR('',#11831,10.);
#3891=VECTOR('',#11832,10.);
#3892=VECTOR('',#11833,10.);
#3893=VECTOR('',#11836,10.);
#3894=VECTOR('',#11837,10.);
#3895=VECTOR('',#11840,10.);
#3896=VECTOR('',#11841,10.);
#3897=VECTOR('',#11844,10.);
#3898=VECTOR('',#11845,10.);
#3899=VECTOR('',#11848,10.);
#3900=VECTOR('',#11849,10.);
#3901=VECTOR('',#11852,10.);
#3902=VECTOR('',#11853,10.);
#3903=VECTOR('',#11856,10.);
#3904=VECTOR('',#11857,10.);
#3905=VECTOR('',#11860,10.);
#3906=VECTOR('',#11865,10.);
#3907=VECTOR('',#11866,10.);
#3908=VECTOR('',#11867,10.);
#3909=VECTOR('',#11868,10.);
#3910=VECTOR('',#11869,10.);
#3911=VECTOR('',#11870,10.);
#3912=VECTOR('',#11871,10.);
#3913=VECTOR('',#11872,10.);
#3914=VECTOR('',#11875,10.);
#3915=VECTOR('',#11876,10.);
#3916=VECTOR('',#11877,10.);
#3917=VECTOR('',#11880,10.);
#3918=VECTOR('',#11881,10.);
#3919=VECTOR('',#11884,10.);
#3920=VECTOR('',#11885,10.);
#3921=VECTOR('',#11888,10.);
#3922=VECTOR('',#11889,10.);
#3923=VECTOR('',#11892,10.);
#3924=VECTOR('',#11893,10.);
#3925=VECTOR('',#11896,10.);
#3926=VECTOR('',#11897,10.);
#3927=VECTOR('',#11900,10.);
#3928=VECTOR('',#11901,10.);
#3929=VECTOR('',#11904,10.);
#3930=VECTOR('',#11909,10.);
#3931=VECTOR('',#11910,10.);
#3932=VECTOR('',#11911,10.);
#3933=VECTOR('',#11912,10.);
#3934=VECTOR('',#11913,10.);
#3935=VECTOR('',#11914,10.);
#3936=VECTOR('',#11915,10.);
#3937=VECTOR('',#11916,10.);
#3938=VECTOR('',#11919,10.);
#3939=VECTOR('',#11920,10.);
#3940=VECTOR('',#11921,10.);
#3941=VECTOR('',#11924,10.);
#3942=VECTOR('',#11925,10.);
#3943=VECTOR('',#11928,10.);
#3944=VECTOR('',#11929,10.);
#3945=VECTOR('',#11932,10.);
#3946=VECTOR('',#11933,10.);
#3947=VECTOR('',#11936,10.);
#3948=VECTOR('',#11937,10.);
#3949=VECTOR('',#11940,10.);
#3950=VECTOR('',#11941,10.);
#3951=VECTOR('',#11944,10.);
#3952=VECTOR('',#11945,10.);
#3953=VECTOR('',#11948,10.);
#3954=VECTOR('',#11953,10.);
#3955=VECTOR('',#11954,10.);
#3956=VECTOR('',#11955,10.);
#3957=VECTOR('',#11956,10.);
#3958=VECTOR('',#11957,10.);
#3959=VECTOR('',#11958,10.);
#3960=VECTOR('',#11959,10.);
#3961=VECTOR('',#11960,10.);
#3962=VECTOR('',#11963,10.);
#3963=VECTOR('',#11964,10.);
#3964=VECTOR('',#11965,10.);
#3965=VECTOR('',#11968,10.);
#3966=VECTOR('',#11969,10.);
#3967=VECTOR('',#11972,10.);
#3968=VECTOR('',#11973,10.);
#3969=VECTOR('',#11976,10.);
#3970=VECTOR('',#11977,10.);
#3971=VECTOR('',#11980,10.);
#3972=VECTOR('',#11981,10.);
#3973=VECTOR('',#11984,10.);
#3974=VECTOR('',#11985,10.);
#3975=VECTOR('',#11988,10.);
#3976=VECTOR('',#11989,10.);
#3977=VECTOR('',#11992,10.);
#3978=VECTOR('',#11997,10.);
#3979=VECTOR('',#11998,10.);
#3980=VECTOR('',#11999,10.);
#3981=VECTOR('',#12000,10.);
#3982=VECTOR('',#12001,10.);
#3983=VECTOR('',#12002,10.);
#3984=VECTOR('',#12003,10.);
#3985=VECTOR('',#12004,10.);
#3986=VECTOR('',#12007,10.);
#3987=VECTOR('',#12008,10.);
#3988=VECTOR('',#12009,10.);
#3989=VECTOR('',#12012,10.);
#3990=VECTOR('',#12013,10.);
#3991=VECTOR('',#12016,10.);
#3992=VECTOR('',#12017,10.);
#3993=VECTOR('',#12020,10.);
#3994=VECTOR('',#12021,10.);
#3995=VECTOR('',#12024,10.);
#3996=VECTOR('',#12025,10.);
#3997=VECTOR('',#12028,10.);
#3998=VECTOR('',#12029,10.);
#3999=VECTOR('',#12032,10.);
#4000=VECTOR('',#12033,10.);
#4001=VECTOR('',#12036,10.);
#4002=VECTOR('',#12041,10.);
#4003=VECTOR('',#12042,10.);
#4004=VECTOR('',#12043,10.);
#4005=VECTOR('',#12044,10.);
#4006=VECTOR('',#12045,10.);
#4007=VECTOR('',#12046,10.);
#4008=VECTOR('',#12047,10.);
#4009=VECTOR('',#12048,10.);
#4010=VECTOR('',#12051,10.);
#4011=VECTOR('',#12052,10.);
#4012=VECTOR('',#12053,10.);
#4013=VECTOR('',#12056,10.);
#4014=VECTOR('',#12057,10.);
#4015=VECTOR('',#12060,10.);
#4016=VECTOR('',#12061,10.);
#4017=VECTOR('',#12064,10.);
#4018=VECTOR('',#12065,10.);
#4019=VECTOR('',#12068,10.);
#4020=VECTOR('',#12069,10.);
#4021=VECTOR('',#12072,10.);
#4022=VECTOR('',#12073,10.);
#4023=VECTOR('',#12076,10.);
#4024=VECTOR('',#12077,10.);
#4025=VECTOR('',#12080,10.);
#4026=VECTOR('',#12085,10.);
#4027=VECTOR('',#12086,10.);
#4028=VECTOR('',#12087,10.);
#4029=VECTOR('',#12088,10.);
#4030=VECTOR('',#12089,10.);
#4031=VECTOR('',#12090,10.);
#4032=VECTOR('',#12091,10.);
#4033=VECTOR('',#12092,10.);
#4034=VECTOR('',#12095,10.);
#4035=VECTOR('',#12096,10.);
#4036=VECTOR('',#12097,10.);
#4037=VECTOR('',#12100,10.);
#4038=VECTOR('',#12101,10.);
#4039=VECTOR('',#12104,10.);
#4040=VECTOR('',#12105,10.);
#4041=VECTOR('',#12108,10.);
#4042=VECTOR('',#12109,10.);
#4043=VECTOR('',#12112,10.);
#4044=VECTOR('',#12113,10.);
#4045=VECTOR('',#12116,10.);
#4046=VECTOR('',#12117,10.);
#4047=VECTOR('',#12120,10.);
#4048=VECTOR('',#12121,10.);
#4049=VECTOR('',#12124,10.);
#4050=VECTOR('',#12129,10.);
#4051=VECTOR('',#12130,10.);
#4052=VECTOR('',#12131,10.);
#4053=VECTOR('',#12132,10.);
#4054=VECTOR('',#12133,10.);
#4055=VECTOR('',#12134,10.);
#4056=VECTOR('',#12135,10.);
#4057=VECTOR('',#12136,10.);
#4058=VECTOR('',#12139,10.);
#4059=VECTOR('',#12140,10.);
#4060=VECTOR('',#12141,10.);
#4061=VECTOR('',#12144,10.);
#4062=VECTOR('',#12145,10.);
#4063=VECTOR('',#12148,10.);
#4064=VECTOR('',#12149,10.);
#4065=VECTOR('',#12152,10.);
#4066=VECTOR('',#12153,10.);
#4067=VECTOR('',#12156,10.);
#4068=VECTOR('',#12157,10.);
#4069=VECTOR('',#12160,10.);
#4070=VECTOR('',#12161,10.);
#4071=VECTOR('',#12164,10.);
#4072=VECTOR('',#12165,10.);
#4073=VECTOR('',#12168,10.);
#4074=VECTOR('',#12173,10.);
#4075=VECTOR('',#12174,10.);
#4076=VECTOR('',#12175,10.);
#4077=VECTOR('',#12176,10.);
#4078=VECTOR('',#12177,10.);
#4079=VECTOR('',#12178,10.);
#4080=VECTOR('',#12179,10.);
#4081=VECTOR('',#12180,10.);
#4082=VECTOR('',#12183,10.);
#4083=VECTOR('',#12184,10.);
#4084=VECTOR('',#12185,10.);
#4085=VECTOR('',#12188,10.);
#4086=VECTOR('',#12189,10.);
#4087=VECTOR('',#12192,10.);
#4088=VECTOR('',#12193,10.);
#4089=VECTOR('',#12196,10.);
#4090=VECTOR('',#12197,10.);
#4091=VECTOR('',#12200,10.);
#4092=VECTOR('',#12201,10.);
#4093=VECTOR('',#12204,10.);
#4094=VECTOR('',#12205,10.);
#4095=VECTOR('',#12208,10.);
#4096=VECTOR('',#12209,10.);
#4097=VECTOR('',#12212,10.);
#4098=VECTOR('',#12217,10.);
#4099=VECTOR('',#12218,10.);
#4100=VECTOR('',#12219,10.);
#4101=VECTOR('',#12220,10.);
#4102=VECTOR('',#12221,10.);
#4103=VECTOR('',#12222,10.);
#4104=VECTOR('',#12223,10.);
#4105=VECTOR('',#12224,10.);
#4106=VECTOR('',#12227,10.);
#4107=VECTOR('',#12228,10.);
#4108=VECTOR('',#12229,10.);
#4109=VECTOR('',#12232,10.);
#4110=VECTOR('',#12233,10.);
#4111=VECTOR('',#12236,10.);
#4112=VECTOR('',#12237,10.);
#4113=VECTOR('',#12240,10.);
#4114=VECTOR('',#12241,10.);
#4115=VECTOR('',#12244,10.);
#4116=VECTOR('',#12245,10.);
#4117=VECTOR('',#12248,10.);
#4118=VECTOR('',#12249,10.);
#4119=VECTOR('',#12252,10.);
#4120=VECTOR('',#12253,10.);
#4121=VECTOR('',#12256,10.);
#4122=VECTOR('',#12261,10.);
#4123=VECTOR('',#12262,10.);
#4124=VECTOR('',#12263,10.);
#4125=VECTOR('',#12264,10.);
#4126=VECTOR('',#12265,10.);
#4127=VECTOR('',#12266,10.);
#4128=VECTOR('',#12267,10.);
#4129=VECTOR('',#12268,10.);
#4130=VECTOR('',#12271,10.);
#4131=VECTOR('',#12272,10.);
#4132=VECTOR('',#12273,10.);
#4133=VECTOR('',#12276,10.);
#4134=VECTOR('',#12277,10.);
#4135=VECTOR('',#12280,10.);
#4136=VECTOR('',#12281,10.);
#4137=VECTOR('',#12284,10.);
#4138=VECTOR('',#12285,10.);
#4139=VECTOR('',#12288,10.);
#4140=VECTOR('',#12289,10.);
#4141=VECTOR('',#12292,10.);
#4142=VECTOR('',#12293,10.);
#4143=VECTOR('',#12296,10.);
#4144=VECTOR('',#12297,10.);
#4145=VECTOR('',#12300,10.);
#4146=VECTOR('',#12305,10.);
#4147=VECTOR('',#12306,10.);
#4148=VECTOR('',#12307,10.);
#4149=VECTOR('',#12308,10.);
#4150=VECTOR('',#12315,10.);
#4151=VECTOR('',#12318,10.);
#4152=VECTOR('',#12319,10.);
#4153=VECTOR('',#12326,10.);
#4154=VECTOR('',#12329,10.);
#4155=VECTOR('',#12332,10.);
#4156=VECTOR('',#12333,10.);
#4157=VECTOR('',#12338,10.);
#4158=VECTOR('',#12339,10.);
#4159=VECTOR('',#12342,10.);
#4160=VECTOR('',#12347,10.);
#4161=VECTOR('',#12348,10.);
#4162=VECTOR('',#12349,10.);
#4163=VECTOR('',#12350,10.);
#4164=VECTOR('',#12357,10.);
#4165=VECTOR('',#12360,10.);
#4166=VECTOR('',#12361,10.);
#4167=VECTOR('',#12368,10.);
#4168=VECTOR('',#12369,10.);
#4169=VECTOR('',#12374,10.);
#4170=VECTOR('',#12377,10.);
#4171=VECTOR('',#12380,10.);
#4172=VECTOR('',#12381,10.);
#4173=VECTOR('',#12384,10.);
#4174=VECTOR('',#12401,10.);
#4175=VECTOR('',#12404,10.);
#4176=VECTOR('',#12411,10.);
#4177=VECTOR('',#12420,10.);
#4178=VECTOR('',#12421,2.5);
#4179=VECTOR('',#12432,10.);
#4180=VECTOR('',#12433,10.);
#4181=VECTOR('',#12434,10.);
#4182=VECTOR('',#12435,10.);
#4183=VECTOR('',#12438,10.);
#4184=VECTOR('',#12439,10.);
#4185=VECTOR('',#12440,10.);
#4186=VECTOR('',#12443,10.);
#4187=VECTOR('',#12444,10.);
#4188=VECTOR('',#12445,10.);
#4189=VECTOR('',#12448,10.);
#4190=VECTOR('',#12449,10.);
#4191=CIRCLE('',#9563,0.5);
#4192=CIRCLE('',#9564,0.5);
#4193=CIRCLE('',#9566,0.5);
#4194=CIRCLE('',#9567,0.5);
#4195=CIRCLE('',#9569,0.5);
#4196=CIRCLE('',#9570,0.5);
#4197=CIRCLE('',#9572,0.5);
#4198=CIRCLE('',#9573,0.5);
#4199=CIRCLE('',#9575,0.5);
#4200=CIRCLE('',#9576,0.5);
#4201=CIRCLE('',#9578,0.5);
#4202=CIRCLE('',#9579,0.5);
#4203=CIRCLE('',#9581,0.5);
#4204=CIRCLE('',#9582,0.5);
#4205=CIRCLE('',#9584,0.5);
#4206=CIRCLE('',#9585,0.5);
#4207=CIRCLE('',#9587,0.5);
#4208=CIRCLE('',#9588,0.5);
#4209=CIRCLE('',#9590,0.5);
#4210=CIRCLE('',#9591,0.5);
#4211=CIRCLE('',#9593,0.5);
#4212=CIRCLE('',#9594,0.5);
#4213=CIRCLE('',#9596,0.5);
#4214=CIRCLE('',#9597,0.5);
#4215=CIRCLE('',#9599,0.5);
#4216=CIRCLE('',#9600,0.5);
#4217=CIRCLE('',#9602,0.5);
#4218=CIRCLE('',#9603,0.5);
#4219=CIRCLE('',#9605,0.5);
#4220=CIRCLE('',#9606,0.5);
#4221=CIRCLE('',#9608,0.5);
#4222=CIRCLE('',#9609,0.5);
#4223=CIRCLE('',#10066,2.5);
#4224=CIRCLE('',#10067,2.5);
#4225=CIRCLE('',#10072,2.5);
#4226=CIRCLE('',#10074,2.5);
#4227=CIRCLE('',#10080,2.5);
#4228=CIRCLE('',#10081,2.5);
#4229=CIRCLE('',#10086,2.5);
#4230=CIRCLE('',#10088,2.5);
#4231=CIRCLE('',#10093,2.1);
#4232=CIRCLE('',#10094,2.5);
#4233=CIRCLE('',#10095,2.5);
#4234=CIRCLE('',#10096,0.400000000000001);
#4235=CIRCLE('',#10097,0.4);
#4236=CIRCLE('',#10100,0.399999999999999);
#4237=CIRCLE('',#10101,0.400000000000001);
#4238=CIRCLE('',#10104,2.5);
#4239=CIRCLE('',#10105,2.1);
#4240=CIRCLE('',#10107,2.5);
#4241=VERTEX_POINT('',#12456);
#4242=VERTEX_POINT('',#12458);
#4243=VERTEX_POINT('',#12462);
#4244=VERTEX_POINT('',#12464);
#4245=VERTEX_POINT('',#12468);
#4246=VERTEX_POINT('',#12470);
#4247=VERTEX_POINT('',#12474);
#4248=VERTEX_POINT('',#12476);
#4249=VERTEX_POINT('',#12480);
#4250=VERTEX_POINT('',#12482);
#4251=VERTEX_POINT('',#12486);
#4252=VERTEX_POINT('',#12488);
#4253=VERTEX_POINT('',#12492);
#4254=VERTEX_POINT('',#12494);
#4255=VERTEX_POINT('',#12498);
#4256=VERTEX_POINT('',#12500);
#4257=VERTEX_POINT('',#12504);
#4258=VERTEX_POINT('',#12506);
#4259=VERTEX_POINT('',#12510);
#4260=VERTEX_POINT('',#12512);
#4261=VERTEX_POINT('',#12516);
#4262=VERTEX_POINT('',#12518);
#4263=VERTEX_POINT('',#12522);
#4264=VERTEX_POINT('',#12524);
#4265=VERTEX_POINT('',#12528);
#4266=VERTEX_POINT('',#12530);
#4267=VERTEX_POINT('',#12534);
#4268=VERTEX_POINT('',#12536);
#4269=VERTEX_POINT('',#12540);
#4270=VERTEX_POINT('',#12542);
#4271=VERTEX_POINT('',#12546);
#4272=VERTEX_POINT('',#12548);
#4273=VERTEX_POINT('',#12552);
#4274=VERTEX_POINT('',#12553);
#4275=VERTEX_POINT('',#12555);
#4276=VERTEX_POINT('',#12557);
#4277=VERTEX_POINT('',#12561);
#4278=VERTEX_POINT('',#12563);
#4279=VERTEX_POINT('',#12567);
#4280=VERTEX_POINT('',#12569);
#4281=VERTEX_POINT('',#12578);
#4282=VERTEX_POINT('',#12579);
#4283=VERTEX_POINT('',#12581);
#4284=VERTEX_POINT('',#12583);
#4285=VERTEX_POINT('',#12587);
#4286=VERTEX_POINT('',#12589);
#4287=VERTEX_POINT('',#12593);
#4288=VERTEX_POINT('',#12595);
#4289=VERTEX_POINT('',#12599);
#4290=VERTEX_POINT('',#12601);
#4291=VERTEX_POINT('',#12605);
#4292=VERTEX_POINT('',#12607);
#4293=VERTEX_POINT('',#12611);
#4294=VERTEX_POINT('',#12613);
#4295=VERTEX_POINT('',#12617);
#4296=VERTEX_POINT('',#12619);
#4297=VERTEX_POINT('',#12626);
#4298=VERTEX_POINT('',#12627);
#4299=VERTEX_POINT('',#12629);
#4300=VERTEX_POINT('',#12631);
#4301=VERTEX_POINT('',#12635);
#4302=VERTEX_POINT('',#12637);
#4303=VERTEX_POINT('',#12641);
#4304=VERTEX_POINT('',#12643);
#4305=VERTEX_POINT('',#12647);
#4306=VERTEX_POINT('',#12649);
#4307=VERTEX_POINT('',#12653);
#4308=VERTEX_POINT('',#12655);
#4309=VERTEX_POINT('',#12659);
#4310=VERTEX_POINT('',#12661);
#4311=VERTEX_POINT('',#12665);
#4312=VERTEX_POINT('',#12667);
#4313=VERTEX_POINT('',#12676);
#4314=VERTEX_POINT('',#12677);
#4315=VERTEX_POINT('',#12679);
#4316=VERTEX_POINT('',#12681);
#4317=VERTEX_POINT('',#12685);
#4318=VERTEX_POINT('',#12687);
#4319=VERTEX_POINT('',#12691);
#4320=VERTEX_POINT('',#12693);
#4321=VERTEX_POINT('',#12697);
#4322=VERTEX_POINT('',#12699);
#4323=VERTEX_POINT('',#12703);
#4324=VERTEX_POINT('',#12705);
#4325=VERTEX_POINT('',#12709);
#4326=VERTEX_POINT('',#12711);
#4327=VERTEX_POINT('',#12715);
#4328=VERTEX_POINT('',#12717);
#4329=VERTEX_POINT('',#12724);
#4330=VERTEX_POINT('',#12725);
#4331=VERTEX_POINT('',#12727);
#4332=VERTEX_POINT('',#12729);
#4333=VERTEX_POINT('',#12733);
#4334=VERTEX_POINT('',#12735);
#4335=VERTEX_POINT('',#12739);
#4336=VERTEX_POINT('',#12741);
#4337=VERTEX_POINT('',#12745);
#4338=VERTEX_POINT('',#12747);
#4339=VERTEX_POINT('',#12751);
#4340=VERTEX_POINT('',#12753);
#4341=VERTEX_POINT('',#12757);
#4342=VERTEX_POINT('',#12759);
#4343=VERTEX_POINT('',#12763);
#4344=VERTEX_POINT('',#12765);
#4345=VERTEX_POINT('',#12774);
#4346=VERTEX_POINT('',#12775);
#4347=VERTEX_POINT('',#12777);
#4348=VERTEX_POINT('',#12779);
#4349=VERTEX_POINT('',#12783);
#4350=VERTEX_POINT('',#12785);
#4351=VERTEX_POINT('',#12789);
#4352=VERTEX_POINT('',#12791);
#4353=VERTEX_POINT('',#12795);
#4354=VERTEX_POINT('',#12797);
#4355=VERTEX_POINT('',#12801);
#4356=VERTEX_POINT('',#12803);
#4357=VERTEX_POINT('',#12807);
#4358=VERTEX_POINT('',#12809);
#4359=VERTEX_POINT('',#12813);
#4360=VERTEX_POINT('',#12815);
#4361=VERTEX_POINT('',#12822);
#4362=VERTEX_POINT('',#12823);
#4363=VERTEX_POINT('',#12825);
#4364=VERTEX_POINT('',#12827);
#4365=VERTEX_POINT('',#12831);
#4366=VERTEX_POINT('',#12833);
#4367=VERTEX_POINT('',#12837);
#4368=VERTEX_POINT('',#12839);
#4369=VERTEX_POINT('',#12843);
#4370=VERTEX_POINT('',#12845);
#4371=VERTEX_POINT('',#12849);
#4372=VERTEX_POINT('',#12851);
#4373=VERTEX_POINT('',#12855);
#4374=VERTEX_POINT('',#12857);
#4375=VERTEX_POINT('',#12861);
#4376=VERTEX_POINT('',#12863);
#4377=VERTEX_POINT('',#12872);
#4378=VERTEX_POINT('',#12873);
#4379=VERTEX_POINT('',#12875);
#4380=VERTEX_POINT('',#12877);
#4381=VERTEX_POINT('',#12881);
#4382=VERTEX_POINT('',#12883);
#4383=VERTEX_POINT('',#12887);
#4384=VERTEX_POINT('',#12889);
#4385=VERTEX_POINT('',#12893);
#4386=VERTEX_POINT('',#12895);
#4387=VERTEX_POINT('',#12899);
#4388=VERTEX_POINT('',#12901);
#4389=VERTEX_POINT('',#12905);
#4390=VERTEX_POINT('',#12907);
#4391=VERTEX_POINT('',#12911);
#4392=VERTEX_POINT('',#12913);
#4393=VERTEX_POINT('',#12920);
#4394=VERTEX_POINT('',#12921);
#4395=VERTEX_POINT('',#12923);
#4396=VERTEX_POINT('',#12925);
#4397=VERTEX_POINT('',#12929);
#4398=VERTEX_POINT('',#12931);
#4399=VERTEX_POINT('',#12935);
#4400=VERTEX_POINT('',#12937);
#4401=VERTEX_POINT('',#12941);
#4402=VERTEX_POINT('',#12943);
#4403=VERTEX_POINT('',#12947);
#4404=VERTEX_POINT('',#12949);
#4405=VERTEX_POINT('',#12953);
#4406=VERTEX_POINT('',#12955);
#4407=VERTEX_POINT('',#12959);
#4408=VERTEX_POINT('',#12961);
#4409=VERTEX_POINT('',#12970);
#4410=VERTEX_POINT('',#12971);
#4411=VERTEX_POINT('',#12973);
#4412=VERTEX_POINT('',#12975);
#4413=VERTEX_POINT('',#12979);
#4414=VERTEX_POINT('',#12981);
#4415=VERTEX_POINT('',#12985);
#4416=VERTEX_POINT('',#12987);
#4417=VERTEX_POINT('',#12991);
#4418=VERTEX_POINT('',#12993);
#4419=VERTEX_POINT('',#12997);
#4420=VERTEX_POINT('',#12999);
#4421=VERTEX_POINT('',#13003);
#4422=VERTEX_POINT('',#13005);
#4423=VERTEX_POINT('',#13009);
#4424=VERTEX_POINT('',#13011);
#4425=VERTEX_POINT('',#13018);
#4426=VERTEX_POINT('',#13019);
#4427=VERTEX_POINT('',#13021);
#4428=VERTEX_POINT('',#13023);
#4429=VERTEX_POINT('',#13027);
#4430=VERTEX_POINT('',#13029);
#4431=VERTEX_POINT('',#13033);
#4432=VERTEX_POINT('',#13035);
#4433=VERTEX_POINT('',#13039);
#4434=VERTEX_POINT('',#13041);
#4435=VERTEX_POINT('',#13045);
#4436=VERTEX_POINT('',#13047);
#4437=VERTEX_POINT('',#13051);
#4438=VERTEX_POINT('',#13053);
#4439=VERTEX_POINT('',#13057);
#4440=VERTEX_POINT('',#13059);
#4441=VERTEX_POINT('',#13068);
#4442=VERTEX_POINT('',#13069);
#4443=VERTEX_POINT('',#13071);
#4444=VERTEX_POINT('',#13073);
#4445=VERTEX_POINT('',#13077);
#4446=VERTEX_POINT('',#13079);
#4447=VERTEX_POINT('',#13083);
#4448=VERTEX_POINT('',#13085);
#4449=VERTEX_POINT('',#13089);
#4450=VERTEX_POINT('',#13091);
#4451=VERTEX_POINT('',#13095);
#4452=VERTEX_POINT('',#13097);
#4453=VERTEX_POINT('',#13101);
#4454=VERTEX_POINT('',#13103);
#4455=VERTEX_POINT('',#13107);
#4456=VERTEX_POINT('',#13109);
#4457=VERTEX_POINT('',#13116);
#4458=VERTEX_POINT('',#13117);
#4459=VERTEX_POINT('',#13119);
#4460=VERTEX_POINT('',#13121);
#4461=VERTEX_POINT('',#13125);
#4462=VERTEX_POINT('',#13127);
#4463=VERTEX_POINT('',#13131);
#4464=VERTEX_POINT('',#13133);
#4465=VERTEX_POINT('',#13137);
#4466=VERTEX_POINT('',#13139);
#4467=VERTEX_POINT('',#13143);
#4468=VERTEX_POINT('',#13145);
#4469=VERTEX_POINT('',#13149);
#4470=VERTEX_POINT('',#13151);
#4471=VERTEX_POINT('',#13155);
#4472=VERTEX_POINT('',#13157);
#4473=VERTEX_POINT('',#13166);
#4474=VERTEX_POINT('',#13167);
#4475=VERTEX_POINT('',#13169);
#4476=VERTEX_POINT('',#13171);
#4477=VERTEX_POINT('',#13175);
#4478=VERTEX_POINT('',#13177);
#4479=VERTEX_POINT('',#13181);
#4480=VERTEX_POINT('',#13183);
#4481=VERTEX_POINT('',#13187);
#4482=VERTEX_POINT('',#13189);
#4483=VERTEX_POINT('',#13193);
#4484=VERTEX_POINT('',#13195);
#4485=VERTEX_POINT('',#13199);
#4486=VERTEX_POINT('',#13201);
#4487=VERTEX_POINT('',#13205);
#4488=VERTEX_POINT('',#13207);
#4489=VERTEX_POINT('',#13214);
#4490=VERTEX_POINT('',#13215);
#4491=VERTEX_POINT('',#13217);
#4492=VERTEX_POINT('',#13219);
#4493=VERTEX_POINT('',#13223);
#4494=VERTEX_POINT('',#13225);
#4495=VERTEX_POINT('',#13229);
#4496=VERTEX_POINT('',#13231);
#4497=VERTEX_POINT('',#13235);
#4498=VERTEX_POINT('',#13237);
#4499=VERTEX_POINT('',#13241);
#4500=VERTEX_POINT('',#13243);
#4501=VERTEX_POINT('',#13247);
#4502=VERTEX_POINT('',#13249);
#4503=VERTEX_POINT('',#13253);
#4504=VERTEX_POINT('',#13255);
#4505=VERTEX_POINT('',#13264);
#4506=VERTEX_POINT('',#13265);
#4507=VERTEX_POINT('',#13267);
#4508=VERTEX_POINT('',#13269);
#4509=VERTEX_POINT('',#13273);
#4510=VERTEX_POINT('',#13275);
#4511=VERTEX_POINT('',#13279);
#4512=VERTEX_POINT('',#13281);
#4513=VERTEX_POINT('',#13285);
#4514=VERTEX_POINT('',#13287);
#4515=VERTEX_POINT('',#13291);
#4516=VERTEX_POINT('',#13293);
#4517=VERTEX_POINT('',#13297);
#4518=VERTEX_POINT('',#13299);
#4519=VERTEX_POINT('',#13303);
#4520=VERTEX_POINT('',#13305);
#4521=VERTEX_POINT('',#13312);
#4522=VERTEX_POINT('',#13313);
#4523=VERTEX_POINT('',#13315);
#4524=VERTEX_POINT('',#13317);
#4525=VERTEX_POINT('',#13321);
#4526=VERTEX_POINT('',#13323);
#4527=VERTEX_POINT('',#13327);
#4528=VERTEX_POINT('',#13329);
#4529=VERTEX_POINT('',#13333);
#4530=VERTEX_POINT('',#13335);
#4531=VERTEX_POINT('',#13339);
#4532=VERTEX_POINT('',#13341);
#4533=VERTEX_POINT('',#13345);
#4534=VERTEX_POINT('',#13347);
#4535=VERTEX_POINT('',#13351);
#4536=VERTEX_POINT('',#13353);
#4537=VERTEX_POINT('',#13362);
#4538=VERTEX_POINT('',#13363);
#4539=VERTEX_POINT('',#13365);
#4540=VERTEX_POINT('',#13367);
#4541=VERTEX_POINT('',#13371);
#4542=VERTEX_POINT('',#13373);
#4543=VERTEX_POINT('',#13377);
#4544=VERTEX_POINT('',#13379);
#4545=VERTEX_POINT('',#13383);
#4546=VERTEX_POINT('',#13385);
#4547=VERTEX_POINT('',#13389);
#4548=VERTEX_POINT('',#13391);
#4549=VERTEX_POINT('',#13395);
#4550=VERTEX_POINT('',#13397);
#4551=VERTEX_POINT('',#13401);
#4552=VERTEX_POINT('',#13403);
#4553=VERTEX_POINT('',#13410);
#4554=VERTEX_POINT('',#13411);
#4555=VERTEX_POINT('',#13413);
#4556=VERTEX_POINT('',#13415);
#4557=VERTEX_POINT('',#13419);
#4558=VERTEX_POINT('',#13421);
#4559=VERTEX_POINT('',#13425);
#4560=VERTEX_POINT('',#13427);
#4561=VERTEX_POINT('',#13431);
#4562=VERTEX_POINT('',#13433);
#4563=VERTEX_POINT('',#13437);
#4564=VERTEX_POINT('',#13439);
#4565=VERTEX_POINT('',#13443);
#4566=VERTEX_POINT('',#13445);
#4567=VERTEX_POINT('',#13449);
#4568=VERTEX_POINT('',#13451);
#4569=VERTEX_POINT('',#13460);
#4570=VERTEX_POINT('',#13461);
#4571=VERTEX_POINT('',#13463);
#4572=VERTEX_POINT('',#13465);
#4573=VERTEX_POINT('',#13469);
#4574=VERTEX_POINT('',#13471);
#4575=VERTEX_POINT('',#13475);
#4576=VERTEX_POINT('',#13477);
#4577=VERTEX_POINT('',#13481);
#4578=VERTEX_POINT('',#13483);
#4579=VERTEX_POINT('',#13487);
#4580=VERTEX_POINT('',#13489);
#4581=VERTEX_POINT('',#13493);
#4582=VERTEX_POINT('',#13495);
#4583=VERTEX_POINT('',#13499);
#4584=VERTEX_POINT('',#13501);
#4585=VERTEX_POINT('',#13508);
#4586=VERTEX_POINT('',#13509);
#4587=VERTEX_POINT('',#13511);
#4588=VERTEX_POINT('',#13513);
#4589=VERTEX_POINT('',#13517);
#4590=VERTEX_POINT('',#13519);
#4591=VERTEX_POINT('',#13523);
#4592=VERTEX_POINT('',#13525);
#4593=VERTEX_POINT('',#13529);
#4594=VERTEX_POINT('',#13531);
#4595=VERTEX_POINT('',#13535);
#4596=VERTEX_POINT('',#13537);
#4597=VERTEX_POINT('',#13541);
#4598=VERTEX_POINT('',#13543);
#4599=VERTEX_POINT('',#13547);
#4600=VERTEX_POINT('',#13549);
#4601=VERTEX_POINT('',#13558);
#4602=VERTEX_POINT('',#13559);
#4603=VERTEX_POINT('',#13561);
#4604=VERTEX_POINT('',#13563);
#4605=VERTEX_POINT('',#13567);
#4606=VERTEX_POINT('',#13569);
#4607=VERTEX_POINT('',#13573);
#4608=VERTEX_POINT('',#13575);
#4609=VERTEX_POINT('',#13579);
#4610=VERTEX_POINT('',#13581);
#4611=VERTEX_POINT('',#13585);
#4612=VERTEX_POINT('',#13587);
#4613=VERTEX_POINT('',#13591);
#4614=VERTEX_POINT('',#13593);
#4615=VERTEX_POINT('',#13597);
#4616=VERTEX_POINT('',#13599);
#4617=VERTEX_POINT('',#13606);
#4618=VERTEX_POINT('',#13607);
#4619=VERTEX_POINT('',#13609);
#4620=VERTEX_POINT('',#13611);
#4621=VERTEX_POINT('',#13615);
#4622=VERTEX_POINT('',#13617);
#4623=VERTEX_POINT('',#13621);
#4624=VERTEX_POINT('',#13623);
#4625=VERTEX_POINT('',#13627);
#4626=VERTEX_POINT('',#13629);
#4627=VERTEX_POINT('',#13633);
#4628=VERTEX_POINT('',#13635);
#4629=VERTEX_POINT('',#13639);
#4630=VERTEX_POINT('',#13641);
#4631=VERTEX_POINT('',#13645);
#4632=VERTEX_POINT('',#13647);
#4633=VERTEX_POINT('',#13656);
#4634=VERTEX_POINT('',#13657);
#4635=VERTEX_POINT('',#13659);
#4636=VERTEX_POINT('',#13661);
#4637=VERTEX_POINT('',#13665);
#4638=VERTEX_POINT('',#13667);
#4639=VERTEX_POINT('',#13671);
#4640=VERTEX_POINT('',#13673);
#4641=VERTEX_POINT('',#13677);
#4642=VERTEX_POINT('',#13679);
#4643=VERTEX_POINT('',#13683);
#4644=VERTEX_POINT('',#13685);
#4645=VERTEX_POINT('',#13689);
#4646=VERTEX_POINT('',#13691);
#4647=VERTEX_POINT('',#13695);
#4648=VERTEX_POINT('',#13697);
#4649=VERTEX_POINT('',#13704);
#4650=VERTEX_POINT('',#13705);
#4651=VERTEX_POINT('',#13707);
#4652=VERTEX_POINT('',#13709);
#4653=VERTEX_POINT('',#13713);
#4654=VERTEX_POINT('',#13715);
#4655=VERTEX_POINT('',#13719);
#4656=VERTEX_POINT('',#13721);
#4657=VERTEX_POINT('',#13725);
#4658=VERTEX_POINT('',#13727);
#4659=VERTEX_POINT('',#13731);
#4660=VERTEX_POINT('',#13733);
#4661=VERTEX_POINT('',#13737);
#4662=VERTEX_POINT('',#13739);
#4663=VERTEX_POINT('',#13743);
#4664=VERTEX_POINT('',#13745);
#4665=VERTEX_POINT('',#13754);
#4666=VERTEX_POINT('',#13755);
#4667=VERTEX_POINT('',#13757);
#4668=VERTEX_POINT('',#13759);
#4669=VERTEX_POINT('',#13763);
#4670=VERTEX_POINT('',#13765);
#4671=VERTEX_POINT('',#13769);
#4672=VERTEX_POINT('',#13771);
#4673=VERTEX_POINT('',#13775);
#4674=VERTEX_POINT('',#13777);
#4675=VERTEX_POINT('',#13781);
#4676=VERTEX_POINT('',#13783);
#4677=VERTEX_POINT('',#13787);
#4678=VERTEX_POINT('',#13789);
#4679=VERTEX_POINT('',#13793);
#4680=VERTEX_POINT('',#13795);
#4681=VERTEX_POINT('',#13802);
#4682=VERTEX_POINT('',#13803);
#4683=VERTEX_POINT('',#13805);
#4684=VERTEX_POINT('',#13807);
#4685=VERTEX_POINT('',#13811);
#4686=VERTEX_POINT('',#13813);
#4687=VERTEX_POINT('',#13817);
#4688=VERTEX_POINT('',#13819);
#4689=VERTEX_POINT('',#13823);
#4690=VERTEX_POINT('',#13825);
#4691=VERTEX_POINT('',#13829);
#4692=VERTEX_POINT('',#13831);
#4693=VERTEX_POINT('',#13835);
#4694=VERTEX_POINT('',#13837);
#4695=VERTEX_POINT('',#13841);
#4696=VERTEX_POINT('',#13843);
#4697=VERTEX_POINT('',#13852);
#4698=VERTEX_POINT('',#13853);
#4699=VERTEX_POINT('',#13855);
#4700=VERTEX_POINT('',#13857);
#4701=VERTEX_POINT('',#13861);
#4702=VERTEX_POINT('',#13863);
#4703=VERTEX_POINT('',#13867);
#4704=VERTEX_POINT('',#13869);
#4705=VERTEX_POINT('',#13873);
#4706=VERTEX_POINT('',#13875);
#4707=VERTEX_POINT('',#13879);
#4708=VERTEX_POINT('',#13881);
#4709=VERTEX_POINT('',#13885);
#4710=VERTEX_POINT('',#13887);
#4711=VERTEX_POINT('',#13891);
#4712=VERTEX_POINT('',#13893);
#4713=VERTEX_POINT('',#13900);
#4714=VERTEX_POINT('',#13901);
#4715=VERTEX_POINT('',#13903);
#4716=VERTEX_POINT('',#13905);
#4717=VERTEX_POINT('',#13909);
#4718=VERTEX_POINT('',#13911);
#4719=VERTEX_POINT('',#13915);
#4720=VERTEX_POINT('',#13917);
#4721=VERTEX_POINT('',#13921);
#4722=VERTEX_POINT('',#13923);
#4723=VERTEX_POINT('',#13927);
#4724=VERTEX_POINT('',#13929);
#4725=VERTEX_POINT('',#13933);
#4726=VERTEX_POINT('',#13935);
#4727=VERTEX_POINT('',#13939);
#4728=VERTEX_POINT('',#13941);
#4729=VERTEX_POINT('',#13950);
#4730=VERTEX_POINT('',#13951);
#4731=VERTEX_POINT('',#13953);
#4732=VERTEX_POINT('',#13955);
#4733=VERTEX_POINT('',#13959);
#4734=VERTEX_POINT('',#13961);
#4735=VERTEX_POINT('',#13965);
#4736=VERTEX_POINT('',#13967);
#4737=VERTEX_POINT('',#13971);
#4738=VERTEX_POINT('',#13973);
#4739=VERTEX_POINT('',#13977);
#4740=VERTEX_POINT('',#13979);
#4741=VERTEX_POINT('',#13983);
#4742=VERTEX_POINT('',#13985);
#4743=VERTEX_POINT('',#13989);
#4744=VERTEX_POINT('',#13991);
#4745=VERTEX_POINT('',#13998);
#4746=VERTEX_POINT('',#13999);
#4747=VERTEX_POINT('',#14001);
#4748=VERTEX_POINT('',#14003);
#4749=VERTEX_POINT('',#14007);
#4750=VERTEX_POINT('',#14009);
#4751=VERTEX_POINT('',#14013);
#4752=VERTEX_POINT('',#14015);
#4753=VERTEX_POINT('',#14019);
#4754=VERTEX_POINT('',#14021);
#4755=VERTEX_POINT('',#14025);
#4756=VERTEX_POINT('',#14027);
#4757=VERTEX_POINT('',#14031);
#4758=VERTEX_POINT('',#14033);
#4759=VERTEX_POINT('',#14037);
#4760=VERTEX_POINT('',#14039);
#4761=VERTEX_POINT('',#14048);
#4762=VERTEX_POINT('',#14049);
#4763=VERTEX_POINT('',#14051);
#4764=VERTEX_POINT('',#14053);
#4765=VERTEX_POINT('',#14057);
#4766=VERTEX_POINT('',#14059);
#4767=VERTEX_POINT('',#14063);
#4768=VERTEX_POINT('',#14065);
#4769=VERTEX_POINT('',#14069);
#4770=VERTEX_POINT('',#14071);
#4771=VERTEX_POINT('',#14075);
#4772=VERTEX_POINT('',#14077);
#4773=VERTEX_POINT('',#14081);
#4774=VERTEX_POINT('',#14083);
#4775=VERTEX_POINT('',#14087);
#4776=VERTEX_POINT('',#14089);
#4777=VERTEX_POINT('',#14096);
#4778=VERTEX_POINT('',#14097);
#4779=VERTEX_POINT('',#14099);
#4780=VERTEX_POINT('',#14101);
#4781=VERTEX_POINT('',#14105);
#4782=VERTEX_POINT('',#14107);
#4783=VERTEX_POINT('',#14111);
#4784=VERTEX_POINT('',#14113);
#4785=VERTEX_POINT('',#14117);
#4786=VERTEX_POINT('',#14119);
#4787=VERTEX_POINT('',#14123);
#4788=VERTEX_POINT('',#14125);
#4789=VERTEX_POINT('',#14129);
#4790=VERTEX_POINT('',#14131);
#4791=VERTEX_POINT('',#14135);
#4792=VERTEX_POINT('',#14137);
#4793=VERTEX_POINT('',#14146);
#4794=VERTEX_POINT('',#14147);
#4795=VERTEX_POINT('',#14149);
#4796=VERTEX_POINT('',#14151);
#4797=VERTEX_POINT('',#14153);
#4798=VERTEX_POINT('',#14155);
#4799=VERTEX_POINT('',#14157);
#4800=VERTEX_POINT('',#14159);
#4801=VERTEX_POINT('',#14163);
#4802=VERTEX_POINT('',#14165);
#4803=VERTEX_POINT('',#14169);
#4804=VERTEX_POINT('',#14173);
#4805=VERTEX_POINT('',#14177);
#4806=VERTEX_POINT('',#14181);
#4807=VERTEX_POINT('',#14185);
#4808=VERTEX_POINT('',#14189);
#4809=VERTEX_POINT('',#14196);
#4810=VERTEX_POINT('',#14197);
#4811=VERTEX_POINT('',#14199);
#4812=VERTEX_POINT('',#14201);
#4813=VERTEX_POINT('',#14203);
#4814=VERTEX_POINT('',#14205);
#4815=VERTEX_POINT('',#14207);
#4816=VERTEX_POINT('',#14209);
#4817=VERTEX_POINT('',#14213);
#4818=VERTEX_POINT('',#14215);
#4819=VERTEX_POINT('',#14219);
#4820=VERTEX_POINT('',#14223);
#4821=VERTEX_POINT('',#14227);
#4822=VERTEX_POINT('',#14231);
#4823=VERTEX_POINT('',#14235);
#4824=VERTEX_POINT('',#14239);
#4825=VERTEX_POINT('',#14246);
#4826=VERTEX_POINT('',#14247);
#4827=VERTEX_POINT('',#14249);
#4828=VERTEX_POINT('',#14251);
#4829=VERTEX_POINT('',#14253);
#4830=VERTEX_POINT('',#14255);
#4831=VERTEX_POINT('',#14257);
#4832=VERTEX_POINT('',#14259);
#4833=VERTEX_POINT('',#14263);
#4834=VERTEX_POINT('',#14265);
#4835=VERTEX_POINT('',#14269);
#4836=VERTEX_POINT('',#14273);
#4837=VERTEX_POINT('',#14277);
#4838=VERTEX_POINT('',#14281);
#4839=VERTEX_POINT('',#14285);
#4840=VERTEX_POINT('',#14289);
#4841=VERTEX_POINT('',#14296);
#4842=VERTEX_POINT('',#14297);
#4843=VERTEX_POINT('',#14299);
#4844=VERTEX_POINT('',#14301);
#4845=VERTEX_POINT('',#14303);
#4846=VERTEX_POINT('',#14305);
#4847=VERTEX_POINT('',#14307);
#4848=VERTEX_POINT('',#14309);
#4849=VERTEX_POINT('',#14313);
#4850=VERTEX_POINT('',#14315);
#4851=VERTEX_POINT('',#14319);
#4852=VERTEX_POINT('',#14323);
#4853=VERTEX_POINT('',#14327);
#4854=VERTEX_POINT('',#14331);
#4855=VERTEX_POINT('',#14335);
#4856=VERTEX_POINT('',#14339);
#4857=VERTEX_POINT('',#14346);
#4858=VERTEX_POINT('',#14347);
#4859=VERTEX_POINT('',#14349);
#4860=VERTEX_POINT('',#14351);
#4861=VERTEX_POINT('',#14353);
#4862=VERTEX_POINT('',#14355);
#4863=VERTEX_POINT('',#14357);
#4864=VERTEX_POINT('',#14359);
#4865=VERTEX_POINT('',#14363);
#4866=VERTEX_POINT('',#14365);
#4867=VERTEX_POINT('',#14369);
#4868=VERTEX_POINT('',#14373);
#4869=VERTEX_POINT('',#14377);
#4870=VERTEX_POINT('',#14381);
#4871=VERTEX_POINT('',#14385);
#4872=VERTEX_POINT('',#14389);
#4873=VERTEX_POINT('',#14396);
#4874=VERTEX_POINT('',#14397);
#4875=VERTEX_POINT('',#14399);
#4876=VERTEX_POINT('',#14401);
#4877=VERTEX_POINT('',#14403);
#4878=VERTEX_POINT('',#14405);
#4879=VERTEX_POINT('',#14407);
#4880=VERTEX_POINT('',#14409);
#4881=VERTEX_POINT('',#14413);
#4882=VERTEX_POINT('',#14415);
#4883=VERTEX_POINT('',#14419);
#4884=VERTEX_POINT('',#14423);
#4885=VERTEX_POINT('',#14427);
#4886=VERTEX_POINT('',#14431);
#4887=VERTEX_POINT('',#14435);
#4888=VERTEX_POINT('',#14439);
#4889=VERTEX_POINT('',#14446);
#4890=VERTEX_POINT('',#14447);
#4891=VERTEX_POINT('',#14449);
#4892=VERTEX_POINT('',#14451);
#4893=VERTEX_POINT('',#14453);
#4894=VERTEX_POINT('',#14455);
#4895=VERTEX_POINT('',#14457);
#4896=VERTEX_POINT('',#14459);
#4897=VERTEX_POINT('',#14463);
#4898=VERTEX_POINT('',#14465);
#4899=VERTEX_POINT('',#14469);
#4900=VERTEX_POINT('',#14473);
#4901=VERTEX_POINT('',#14477);
#4902=VERTEX_POINT('',#14481);
#4903=VERTEX_POINT('',#14485);
#4904=VERTEX_POINT('',#14489);
#4905=VERTEX_POINT('',#14496);
#4906=VERTEX_POINT('',#14497);
#4907=VERTEX_POINT('',#14499);
#4908=VERTEX_POINT('',#14501);
#4909=VERTEX_POINT('',#14503);
#4910=VERTEX_POINT('',#14505);
#4911=VERTEX_POINT('',#14507);
#4912=VERTEX_POINT('',#14509);
#4913=VERTEX_POINT('',#14513);
#4914=VERTEX_POINT('',#14515);
#4915=VERTEX_POINT('',#14519);
#4916=VERTEX_POINT('',#14523);
#4917=VERTEX_POINT('',#14527);
#4918=VERTEX_POINT('',#14531);
#4919=VERTEX_POINT('',#14535);
#4920=VERTEX_POINT('',#14539);
#4921=VERTEX_POINT('',#14546);
#4922=VERTEX_POINT('',#14547);
#4923=VERTEX_POINT('',#14549);
#4924=VERTEX_POINT('',#14551);
#4925=VERTEX_POINT('',#14553);
#4926=VERTEX_POINT('',#14555);
#4927=VERTEX_POINT('',#14557);
#4928=VERTEX_POINT('',#14559);
#4929=VERTEX_POINT('',#14563);
#4930=VERTEX_POINT('',#14565);
#4931=VERTEX_POINT('',#14569);
#4932=VERTEX_POINT('',#14573);
#4933=VERTEX_POINT('',#14577);
#4934=VERTEX_POINT('',#14581);
#4935=VERTEX_POINT('',#14585);
#4936=VERTEX_POINT('',#14589);
#4937=VERTEX_POINT('',#14596);
#4938=VERTEX_POINT('',#14597);
#4939=VERTEX_POINT('',#14599);
#4940=VERTEX_POINT('',#14601);
#4941=VERTEX_POINT('',#14603);
#4942=VERTEX_POINT('',#14605);
#4943=VERTEX_POINT('',#14607);
#4944=VERTEX_POINT('',#14609);
#4945=VERTEX_POINT('',#14613);
#4946=VERTEX_POINT('',#14615);
#4947=VERTEX_POINT('',#14619);
#4948=VERTEX_POINT('',#14623);
#4949=VERTEX_POINT('',#14627);
#4950=VERTEX_POINT('',#14631);
#4951=VERTEX_POINT('',#14635);
#4952=VERTEX_POINT('',#14639);
#4953=VERTEX_POINT('',#14646);
#4954=VERTEX_POINT('',#14647);
#4955=VERTEX_POINT('',#14649);
#4956=VERTEX_POINT('',#14651);
#4957=VERTEX_POINT('',#14653);
#4958=VERTEX_POINT('',#14655);
#4959=VERTEX_POINT('',#14657);
#4960=VERTEX_POINT('',#14659);
#4961=VERTEX_POINT('',#14663);
#4962=VERTEX_POINT('',#14665);
#4963=VERTEX_POINT('',#14669);
#4964=VERTEX_POINT('',#14673);
#4965=VERTEX_POINT('',#14677);
#4966=VERTEX_POINT('',#14681);
#4967=VERTEX_POINT('',#14685);
#4968=VERTEX_POINT('',#14689);
#4969=VERTEX_POINT('',#14696);
#4970=VERTEX_POINT('',#14697);
#4971=VERTEX_POINT('',#14699);
#4972=VERTEX_POINT('',#14701);
#4973=VERTEX_POINT('',#14703);
#4974=VERTEX_POINT('',#14705);
#4975=VERTEX_POINT('',#14707);
#4976=VERTEX_POINT('',#14709);
#4977=VERTEX_POINT('',#14713);
#4978=VERTEX_POINT('',#14715);
#4979=VERTEX_POINT('',#14719);
#4980=VERTEX_POINT('',#14723);
#4981=VERTEX_POINT('',#14727);
#4982=VERTEX_POINT('',#14731);
#4983=VERTEX_POINT('',#14735);
#4984=VERTEX_POINT('',#14739);
#4985=VERTEX_POINT('',#14746);
#4986=VERTEX_POINT('',#14747);
#4987=VERTEX_POINT('',#14749);
#4988=VERTEX_POINT('',#14751);
#4989=VERTEX_POINT('',#14753);
#4990=VERTEX_POINT('',#14755);
#4991=VERTEX_POINT('',#14757);
#4992=VERTEX_POINT('',#14759);
#4993=VERTEX_POINT('',#14763);
#4994=VERTEX_POINT('',#14765);
#4995=VERTEX_POINT('',#14769);
#4996=VERTEX_POINT('',#14773);
#4997=VERTEX_POINT('',#14777);
#4998=VERTEX_POINT('',#14781);
#4999=VERTEX_POINT('',#14785);
#5000=VERTEX_POINT('',#14789);
#5001=VERTEX_POINT('',#14796);
#5002=VERTEX_POINT('',#14797);
#5003=VERTEX_POINT('',#14799);
#5004=VERTEX_POINT('',#14801);
#5005=VERTEX_POINT('',#14803);
#5006=VERTEX_POINT('',#14805);
#5007=VERTEX_POINT('',#14807);
#5008=VERTEX_POINT('',#14809);
#5009=VERTEX_POINT('',#14813);
#5010=VERTEX_POINT('',#14815);
#5011=VERTEX_POINT('',#14819);
#5012=VERTEX_POINT('',#14823);
#5013=VERTEX_POINT('',#14827);
#5014=VERTEX_POINT('',#14831);
#5015=VERTEX_POINT('',#14835);
#5016=VERTEX_POINT('',#14839);
#5017=VERTEX_POINT('',#14846);
#5018=VERTEX_POINT('',#14847);
#5019=VERTEX_POINT('',#14849);
#5020=VERTEX_POINT('',#14851);
#5021=VERTEX_POINT('',#14853);
#5022=VERTEX_POINT('',#14855);
#5023=VERTEX_POINT('',#14857);
#5024=VERTEX_POINT('',#14859);
#5025=VERTEX_POINT('',#14863);
#5026=VERTEX_POINT('',#14865);
#5027=VERTEX_POINT('',#14869);
#5028=VERTEX_POINT('',#14873);
#5029=VERTEX_POINT('',#14877);
#5030=VERTEX_POINT('',#14881);
#5031=VERTEX_POINT('',#14885);
#5032=VERTEX_POINT('',#14889);
#5033=VERTEX_POINT('',#14896);
#5034=VERTEX_POINT('',#14897);
#5035=VERTEX_POINT('',#14899);
#5036=VERTEX_POINT('',#14901);
#5037=VERTEX_POINT('',#14903);
#5038=VERTEX_POINT('',#14905);
#5039=VERTEX_POINT('',#14907);
#5040=VERTEX_POINT('',#14909);
#5041=VERTEX_POINT('',#14913);
#5042=VERTEX_POINT('',#14915);
#5043=VERTEX_POINT('',#14919);
#5044=VERTEX_POINT('',#14923);
#5045=VERTEX_POINT('',#14927);
#5046=VERTEX_POINT('',#14931);
#5047=VERTEX_POINT('',#14935);
#5048=VERTEX_POINT('',#14939);
#5049=VERTEX_POINT('',#14946);
#5050=VERTEX_POINT('',#14947);
#5051=VERTEX_POINT('',#14949);
#5052=VERTEX_POINT('',#14951);
#5053=VERTEX_POINT('',#14955);
#5054=VERTEX_POINT('',#14957);
#5055=VERTEX_POINT('',#14966);
#5056=VERTEX_POINT('',#14967);
#5057=VERTEX_POINT('',#14969);
#5058=VERTEX_POINT('',#14973);
#5059=VERTEX_POINT('',#14974);
#5060=VERTEX_POINT('',#14976);
#5061=VERTEX_POINT('',#14986);
#5062=VERTEX_POINT('',#14987);
#5063=VERTEX_POINT('',#14989);
#5064=VERTEX_POINT('',#14991);
#5065=VERTEX_POINT('',#14995);
#5066=VERTEX_POINT('',#14997);
#5067=VERTEX_POINT('',#15006);
#5068=VERTEX_POINT('',#15007);
#5069=VERTEX_POINT('',#15009);
#5070=VERTEX_POINT('',#15013);
#5071=VERTEX_POINT('',#15014);
#5072=VERTEX_POINT('',#15016);
#5073=VERTEX_POINT('',#15026);
#5074=VERTEX_POINT('',#15027);
#5075=VERTEX_POINT('',#15034);
#5076=VERTEX_POINT('',#15036);
#5077=VERTEX_POINT('',#15043);
#5078=VERTEX_POINT('',#15069);
#5079=VERTEX_POINT('',#15074);
#5080=VERTEX_POINT('',#15081);
#5081=VERTEX_POINT('',#15083);
#5082=VERTEX_POINT('',#15085);
#5083=VERTEX_POINT('',#15118);
#5084=VERTEX_POINT('',#15123);
#5085=VERTEX_POINT('',#15125);
#5086=VERTEX_POINT('',#15130);
#5087=VERTEX_POINT('',#15139);
#5088=VERTEX_POINT('',#15161);
#5089=VERTEX_POINT('',#15163);
#5090=VERTEX_POINT('',#15222);
#5091=VERTEX_POINT('',#15241);
#5092=VERTEX_POINT('',#15243);
#5093=VERTEX_POINT('',#15261);
#5094=VERTEX_POINT('',#15268);
#5095=VERTEX_POINT('',#15269);
#5096=VERTEX_POINT('',#15271);
#5097=VERTEX_POINT('',#15273);
#5098=VERTEX_POINT('',#15277);
#5099=VERTEX_POINT('',#15279);
#5100=VERTEX_POINT('',#15283);
#5101=VERTEX_POINT('',#15285);
#5102=EDGE_CURVE('',#4241,#4241,#4191,.T.);
#5103=EDGE_CURVE('',#4241,#4242,#1741,.T.);
#5104=EDGE_CURVE('',#4242,#4242,#4192,.T.);
#5105=EDGE_CURVE('',#4243,#4243,#4193,.T.);
#5106=EDGE_CURVE('',#4243,#4244,#1742,.T.);
#5107=EDGE_CURVE('',#4244,#4244,#4194,.T.);
#5108=EDGE_CURVE('',#4245,#4245,#4195,.T.);
#5109=EDGE_CURVE('',#4245,#4246,#1743,.T.);
#5110=EDGE_CURVE('',#4246,#4246,#4196,.T.);
#5111=EDGE_CURVE('',#4247,#4247,#4197,.T.);
#5112=EDGE_CURVE('',#4247,#4248,#1744,.T.);
#5113=EDGE_CURVE('',#4248,#4248,#4198,.T.);
#5114=EDGE_CURVE('',#4249,#4249,#4199,.T.);
#5115=EDGE_CURVE('',#4249,#4250,#1745,.T.);
#5116=EDGE_CURVE('',#4250,#4250,#4200,.T.);
#5117=EDGE_CURVE('',#4251,#4251,#4201,.T.);
#5118=EDGE_CURVE('',#4251,#4252,#1746,.T.);
#5119=EDGE_CURVE('',#4252,#4252,#4202,.T.);
#5120=EDGE_CURVE('',#4253,#4253,#4203,.T.);
#5121=EDGE_CURVE('',#4253,#4254,#1747,.T.);
#5122=EDGE_CURVE('',#4254,#4254,#4204,.T.);
#5123=EDGE_CURVE('',#4255,#4255,#4205,.T.);
#5124=EDGE_CURVE('',#4255,#4256,#1748,.T.);
#5125=EDGE_CURVE('',#4256,#4256,#4206,.T.);
#5126=EDGE_CURVE('',#4257,#4257,#4207,.T.);
#5127=EDGE_CURVE('',#4257,#4258,#1749,.T.);
#5128=EDGE_CURVE('',#4258,#4258,#4208,.T.);
#5129=EDGE_CURVE('',#4259,#4259,#4209,.T.);
#5130=EDGE_CURVE('',#4259,#4260,#1750,.T.);
#5131=EDGE_CURVE('',#4260,#4260,#4210,.T.);
#5132=EDGE_CURVE('',#4261,#4261,#4211,.T.);
#5133=EDGE_CURVE('',#4261,#4262,#1751,.T.);
#5134=EDGE_CURVE('',#4262,#4262,#4212,.T.);
#5135=EDGE_CURVE('',#4263,#4263,#4213,.T.);
#5136=EDGE_CURVE('',#4263,#4264,#1752,.T.);
#5137=EDGE_CURVE('',#4264,#4264,#4214,.T.);
#5138=EDGE_CURVE('',#4265,#4265,#4215,.T.);
#5139=EDGE_CURVE('',#4265,#4266,#1753,.T.);
#5140=EDGE_CURVE('',#4266,#4266,#4216,.T.);
#5141=EDGE_CURVE('',#4267,#4267,#4217,.T.);
#5142=EDGE_CURVE('',#4267,#4268,#1754,.T.);
#5143=EDGE_CURVE('',#4268,#4268,#4218,.T.);
#5144=EDGE_CURVE('',#4269,#4269,#4219,.T.);
#5145=EDGE_CURVE('',#4269,#4270,#1755,.T.);
#5146=EDGE_CURVE('',#4270,#4270,#4220,.T.);
#5147=EDGE_CURVE('',#4271,#4271,#4221,.T.);
#5148=EDGE_CURVE('',#4271,#4272,#1756,.T.);
#5149=EDGE_CURVE('',#4272,#4272,#4222,.T.);
#5150=EDGE_CURVE('',#4273,#4274,#1757,.T.);
#5151=EDGE_CURVE('',#4274,#4275,#1758,.T.);
#5152=EDGE_CURVE('',#4276,#4275,#1759,.T.);
#5153=EDGE_CURVE('',#4273,#4276,#1760,.T.);
#5154=EDGE_CURVE('',#4277,#4273,#1761,.T.);
#5155=EDGE_CURVE('',#4278,#4276,#1762,.T.);
#5156=EDGE_CURVE('',#4277,#4278,#1763,.T.);
#5157=EDGE_CURVE('',#4279,#4277,#1764,.T.);
#5158=EDGE_CURVE('',#4280,#4278,#1765,.T.);
#5159=EDGE_CURVE('',#4279,#4280,#1766,.T.);
#5160=EDGE_CURVE('',#4274,#4279,#1767,.T.);
#5161=EDGE_CURVE('',#4275,#4280,#1768,.T.);
#5162=EDGE_CURVE('',#4281,#4282,#1769,.T.);
#5163=EDGE_CURVE('',#4282,#4283,#1770,.T.);
#5164=EDGE_CURVE('',#4284,#4283,#1771,.T.);
#5165=EDGE_CURVE('',#4281,#4284,#1772,.T.);
#5166=EDGE_CURVE('',#4285,#4281,#1773,.T.);
#5167=EDGE_CURVE('',#4286,#4284,#1774,.T.);
#5168=EDGE_CURVE('',#4285,#4286,#1775,.T.);
#5169=EDGE_CURVE('',#4287,#4285,#1776,.T.);
#5170=EDGE_CURVE('',#4288,#4286,#1777,.T.);
#5171=EDGE_CURVE('',#4287,#4288,#1778,.T.);
#5172=EDGE_CURVE('',#4289,#4287,#1779,.T.);
#5173=EDGE_CURVE('',#4290,#4288,#1780,.T.);
#5174=EDGE_CURVE('',#4289,#4290,#1781,.T.);
#5175=EDGE_CURVE('',#4291,#4289,#1782,.T.);
#5176=EDGE_CURVE('',#4292,#4290,#1783,.T.);
#5177=EDGE_CURVE('',#4291,#4292,#1784,.T.);
#5178=EDGE_CURVE('',#4293,#4291,#1785,.T.);
#5179=EDGE_CURVE('',#4294,#4292,#1786,.T.);
#5180=EDGE_CURVE('',#4293,#4294,#1787,.T.);
#5181=EDGE_CURVE('',#4295,#4293,#1788,.T.);
#5182=EDGE_CURVE('',#4296,#4294,#1789,.T.);
#5183=EDGE_CURVE('',#4295,#4296,#1790,.T.);
#5184=EDGE_CURVE('',#4282,#4295,#1791,.T.);
#5185=EDGE_CURVE('',#4283,#4296,#1792,.T.);
#5186=EDGE_CURVE('',#4297,#4298,#1793,.T.);
#5187=EDGE_CURVE('',#4297,#4299,#1794,.T.);
#5188=EDGE_CURVE('',#4300,#4299,#1795,.T.);
#5189=EDGE_CURVE('',#4298,#4300,#1796,.T.);
#5190=EDGE_CURVE('',#4301,#4298,#1797,.T.);
#5191=EDGE_CURVE('',#4302,#4300,#1798,.T.);
#5192=EDGE_CURVE('',#4301,#4302,#1799,.T.);
#5193=EDGE_CURVE('',#4303,#4301,#1800,.T.);
#5194=EDGE_CURVE('',#4304,#4302,#1801,.T.);
#5195=EDGE_CURVE('',#4303,#4304,#1802,.T.);
#5196=EDGE_CURVE('',#4305,#4303,#1803,.T.);
#5197=EDGE_CURVE('',#4306,#4304,#1804,.T.);
#5198=EDGE_CURVE('',#4305,#4306,#1805,.T.);
#5199=EDGE_CURVE('',#4307,#4305,#1806,.T.);
#5200=EDGE_CURVE('',#4308,#4306,#1807,.T.);
#5201=EDGE_CURVE('',#4307,#4308,#1808,.T.);
#5202=EDGE_CURVE('',#4309,#4307,#1809,.T.);
#5203=EDGE_CURVE('',#4310,#4308,#1810,.T.);
#5204=EDGE_CURVE('',#4309,#4310,#1811,.T.);
#5205=EDGE_CURVE('',#4311,#4309,#1812,.T.);
#5206=EDGE_CURVE('',#4312,#4310,#1813,.T.);
#5207=EDGE_CURVE('',#4311,#4312,#1814,.T.);
#5208=EDGE_CURVE('',#4297,#4311,#1815,.T.);
#5209=EDGE_CURVE('',#4299,#4312,#1816,.T.);
#5210=EDGE_CURVE('',#4313,#4314,#1817,.T.);
#5211=EDGE_CURVE('',#4314,#4315,#1818,.T.);
#5212=EDGE_CURVE('',#4316,#4315,#1819,.T.);
#5213=EDGE_CURVE('',#4313,#4316,#1820,.T.);
#5214=EDGE_CURVE('',#4317,#4313,#1821,.T.);
#5215=EDGE_CURVE('',#4318,#4316,#1822,.T.);
#5216=EDGE_CURVE('',#4317,#4318,#1823,.T.);
#5217=EDGE_CURVE('',#4319,#4317,#1824,.T.);
#5218=EDGE_CURVE('',#4320,#4318,#1825,.T.);
#5219=EDGE_CURVE('',#4319,#4320,#1826,.T.);
#5220=EDGE_CURVE('',#4321,#4319,#1827,.T.);
#5221=EDGE_CURVE('',#4322,#4320,#1828,.T.);
#5222=EDGE_CURVE('',#4321,#4322,#1829,.T.);
#5223=EDGE_CURVE('',#4323,#4321,#1830,.T.);
#5224=EDGE_CURVE('',#4324,#4322,#1831,.T.);
#5225=EDGE_CURVE('',#4323,#4324,#1832,.T.);
#5226=EDGE_CURVE('',#4325,#4323,#1833,.T.);
#5227=EDGE_CURVE('',#4326,#4324,#1834,.T.);
#5228=EDGE_CURVE('',#4325,#4326,#1835,.T.);
#5229=EDGE_CURVE('',#4327,#4325,#1836,.T.);
#5230=EDGE_CURVE('',#4328,#4326,#1837,.T.);
#5231=EDGE_CURVE('',#4327,#4328,#1838,.T.);
#5232=EDGE_CURVE('',#4314,#4327,#1839,.T.);
#5233=EDGE_CURVE('',#4315,#4328,#1840,.T.);
#5234=EDGE_CURVE('',#4329,#4330,#1841,.T.);
#5235=EDGE_CURVE('',#4329,#4331,#1842,.T.);
#5236=EDGE_CURVE('',#4332,#4331,#1843,.T.);
#5237=EDGE_CURVE('',#4330,#4332,#1844,.T.);
#5238=EDGE_CURVE('',#4333,#4330,#1845,.T.);
#5239=EDGE_CURVE('',#4334,#4332,#1846,.T.);
#5240=EDGE_CURVE('',#4333,#4334,#1847,.T.);
#5241=EDGE_CURVE('',#4335,#4333,#1848,.T.);
#5242=EDGE_CURVE('',#4336,#4334,#1849,.T.);
#5243=EDGE_CURVE('',#4335,#4336,#1850,.T.);
#5244=EDGE_CURVE('',#4337,#4335,#1851,.T.);
#5245=EDGE_CURVE('',#4338,#4336,#1852,.T.);
#5246=EDGE_CURVE('',#4337,#4338,#1853,.T.);
#5247=EDGE_CURVE('',#4339,#4337,#1854,.T.);
#5248=EDGE_CURVE('',#4340,#4338,#1855,.T.);
#5249=EDGE_CURVE('',#4339,#4340,#1856,.T.);
#5250=EDGE_CURVE('',#4341,#4339,#1857,.T.);
#5251=EDGE_CURVE('',#4342,#4340,#1858,.T.);
#5252=EDGE_CURVE('',#4341,#4342,#1859,.T.);
#5253=EDGE_CURVE('',#4343,#4341,#1860,.T.);
#5254=EDGE_CURVE('',#4344,#4342,#1861,.T.);
#5255=EDGE_CURVE('',#4343,#4344,#1862,.T.);
#5256=EDGE_CURVE('',#4329,#4343,#1863,.T.);
#5257=EDGE_CURVE('',#4331,#4344,#1864,.T.);
#5258=EDGE_CURVE('',#4345,#4346,#1865,.T.);
#5259=EDGE_CURVE('',#4346,#4347,#1866,.T.);
#5260=EDGE_CURVE('',#4348,#4347,#1867,.T.);
#5261=EDGE_CURVE('',#4345,#4348,#1868,.T.);
#5262=EDGE_CURVE('',#4349,#4345,#1869,.T.);
#5263=EDGE_CURVE('',#4350,#4348,#1870,.T.);
#5264=EDGE_CURVE('',#4349,#4350,#1871,.T.);
#5265=EDGE_CURVE('',#4351,#4349,#1872,.T.);
#5266=EDGE_CURVE('',#4352,#4350,#1873,.T.);
#5267=EDGE_CURVE('',#4351,#4352,#1874,.T.);
#5268=EDGE_CURVE('',#4353,#4351,#1875,.T.);
#5269=EDGE_CURVE('',#4354,#4352,#1876,.T.);
#5270=EDGE_CURVE('',#4353,#4354,#1877,.T.);
#5271=EDGE_CURVE('',#4355,#4353,#1878,.T.);
#5272=EDGE_CURVE('',#4356,#4354,#1879,.T.);
#5273=EDGE_CURVE('',#4355,#4356,#1880,.T.);
#5274=EDGE_CURVE('',#4357,#4355,#1881,.T.);
#5275=EDGE_CURVE('',#4358,#4356,#1882,.T.);
#5276=EDGE_CURVE('',#4357,#4358,#1883,.T.);
#5277=EDGE_CURVE('',#4359,#4357,#1884,.T.);
#5278=EDGE_CURVE('',#4360,#4358,#1885,.T.);
#5279=EDGE_CURVE('',#4359,#4360,#1886,.T.);
#5280=EDGE_CURVE('',#4346,#4359,#1887,.T.);
#5281=EDGE_CURVE('',#4347,#4360,#1888,.T.);
#5282=EDGE_CURVE('',#4361,#4362,#1889,.T.);
#5283=EDGE_CURVE('',#4361,#4363,#1890,.T.);
#5284=EDGE_CURVE('',#4364,#4363,#1891,.T.);
#5285=EDGE_CURVE('',#4362,#4364,#1892,.T.);
#5286=EDGE_CURVE('',#4362,#4365,#1893,.T.);
#5287=EDGE_CURVE('',#4366,#4364,#1894,.T.);
#5288=EDGE_CURVE('',#4365,#4366,#1895,.T.);
#5289=EDGE_CURVE('',#4365,#4367,#1896,.T.);
#5290=EDGE_CURVE('',#4368,#4366,#1897,.T.);
#5291=EDGE_CURVE('',#4367,#4368,#1898,.T.);
#5292=EDGE_CURVE('',#4367,#4369,#1899,.T.);
#5293=EDGE_CURVE('',#4370,#4368,#1900,.T.);
#5294=EDGE_CURVE('',#4369,#4370,#1901,.T.);
#5295=EDGE_CURVE('',#4369,#4371,#1902,.T.);
#5296=EDGE_CURVE('',#4372,#4370,#1903,.T.);
#5297=EDGE_CURVE('',#4371,#4372,#1904,.T.);
#5298=EDGE_CURVE('',#4371,#4373,#1905,.T.);
#5299=EDGE_CURVE('',#4374,#4372,#1906,.T.);
#5300=EDGE_CURVE('',#4373,#4374,#1907,.T.);
#5301=EDGE_CURVE('',#4373,#4375,#1908,.T.);
#5302=EDGE_CURVE('',#4376,#4374,#1909,.T.);
#5303=EDGE_CURVE('',#4375,#4376,#1910,.T.);
#5304=EDGE_CURVE('',#4361,#4375,#1911,.T.);
#5305=EDGE_CURVE('',#4363,#4376,#1912,.T.);
#5306=EDGE_CURVE('',#4377,#4378,#1913,.T.);
#5307=EDGE_CURVE('',#4378,#4379,#1914,.T.);
#5308=EDGE_CURVE('',#4380,#4379,#1915,.T.);
#5309=EDGE_CURVE('',#4377,#4380,#1916,.T.);
#5310=EDGE_CURVE('',#4381,#4377,#1917,.T.);
#5311=EDGE_CURVE('',#4382,#4380,#1918,.T.);
#5312=EDGE_CURVE('',#4381,#4382,#1919,.T.);
#5313=EDGE_CURVE('',#4383,#4381,#1920,.T.);
#5314=EDGE_CURVE('',#4384,#4382,#1921,.T.);
#5315=EDGE_CURVE('',#4383,#4384,#1922,.T.);
#5316=EDGE_CURVE('',#4385,#4383,#1923,.T.);
#5317=EDGE_CURVE('',#4386,#4384,#1924,.T.);
#5318=EDGE_CURVE('',#4385,#4386,#1925,.T.);
#5319=EDGE_CURVE('',#4387,#4385,#1926,.T.);
#5320=EDGE_CURVE('',#4388,#4386,#1927,.T.);
#5321=EDGE_CURVE('',#4387,#4388,#1928,.T.);
#5322=EDGE_CURVE('',#4389,#4387,#1929,.T.);
#5323=EDGE_CURVE('',#4390,#4388,#1930,.T.);
#5324=EDGE_CURVE('',#4389,#4390,#1931,.T.);
#5325=EDGE_CURVE('',#4391,#4389,#1932,.T.);
#5326=EDGE_CURVE('',#4392,#4390,#1933,.T.);
#5327=EDGE_CURVE('',#4391,#4392,#1934,.T.);
#5328=EDGE_CURVE('',#4378,#4391,#1935,.T.);
#5329=EDGE_CURVE('',#4379,#4392,#1936,.T.);
#5330=EDGE_CURVE('',#4393,#4394,#1937,.T.);
#5331=EDGE_CURVE('',#4393,#4395,#1938,.T.);
#5332=EDGE_CURVE('',#4396,#4395,#1939,.T.);
#5333=EDGE_CURVE('',#4394,#4396,#1940,.T.);
#5334=EDGE_CURVE('',#4394,#4397,#1941,.T.);
#5335=EDGE_CURVE('',#4398,#4396,#1942,.T.);
#5336=EDGE_CURVE('',#4397,#4398,#1943,.T.);
#5337=EDGE_CURVE('',#4397,#4399,#1944,.T.);
#5338=EDGE_CURVE('',#4400,#4398,#1945,.T.);
#5339=EDGE_CURVE('',#4399,#4400,#1946,.T.);
#5340=EDGE_CURVE('',#4399,#4401,#1947,.T.);
#5341=EDGE_CURVE('',#4402,#4400,#1948,.T.);
#5342=EDGE_CURVE('',#4401,#4402,#1949,.T.);
#5343=EDGE_CURVE('',#4401,#4403,#1950,.T.);
#5344=EDGE_CURVE('',#4404,#4402,#1951,.T.);
#5345=EDGE_CURVE('',#4403,#4404,#1952,.T.);
#5346=EDGE_CURVE('',#4403,#4405,#1953,.T.);
#5347=EDGE_CURVE('',#4406,#4404,#1954,.T.);
#5348=EDGE_CURVE('',#4405,#4406,#1955,.T.);
#5349=EDGE_CURVE('',#4405,#4407,#1956,.T.);
#5350=EDGE_CURVE('',#4408,#4406,#1957,.T.);
#5351=EDGE_CURVE('',#4407,#4408,#1958,.T.);
#5352=EDGE_CURVE('',#4393,#4407,#1959,.T.);
#5353=EDGE_CURVE('',#4395,#4408,#1960,.T.);
#5354=EDGE_CURVE('',#4409,#4410,#1961,.T.);
#5355=EDGE_CURVE('',#4410,#4411,#1962,.T.);
#5356=EDGE_CURVE('',#4412,#4411,#1963,.T.);
#5357=EDGE_CURVE('',#4409,#4412,#1964,.T.);
#5358=EDGE_CURVE('',#4413,#4409,#1965,.T.);
#5359=EDGE_CURVE('',#4414,#4412,#1966,.T.);
#5360=EDGE_CURVE('',#4413,#4414,#1967,.T.);
#5361=EDGE_CURVE('',#4415,#4413,#1968,.T.);
#5362=EDGE_CURVE('',#4416,#4414,#1969,.T.);
#5363=EDGE_CURVE('',#4415,#4416,#1970,.T.);
#5364=EDGE_CURVE('',#4417,#4415,#1971,.T.);
#5365=EDGE_CURVE('',#4418,#4416,#1972,.T.);
#5366=EDGE_CURVE('',#4417,#4418,#1973,.T.);
#5367=EDGE_CURVE('',#4419,#4417,#1974,.T.);
#5368=EDGE_CURVE('',#4420,#4418,#1975,.T.);
#5369=EDGE_CURVE('',#4419,#4420,#1976,.T.);
#5370=EDGE_CURVE('',#4421,#4419,#1977,.T.);
#5371=EDGE_CURVE('',#4422,#4420,#1978,.T.);
#5372=EDGE_CURVE('',#4421,#4422,#1979,.T.);
#5373=EDGE_CURVE('',#4423,#4421,#1980,.T.);
#5374=EDGE_CURVE('',#4424,#4422,#1981,.T.);
#5375=EDGE_CURVE('',#4423,#4424,#1982,.T.);
#5376=EDGE_CURVE('',#4410,#4423,#1983,.T.);
#5377=EDGE_CURVE('',#4411,#4424,#1984,.T.);
#5378=EDGE_CURVE('',#4425,#4426,#1985,.T.);
#5379=EDGE_CURVE('',#4425,#4427,#1986,.T.);
#5380=EDGE_CURVE('',#4428,#4427,#1987,.T.);
#5381=EDGE_CURVE('',#4426,#4428,#1988,.T.);
#5382=EDGE_CURVE('',#4426,#4429,#1989,.T.);
#5383=EDGE_CURVE('',#4430,#4428,#1990,.T.);
#5384=EDGE_CURVE('',#4429,#4430,#1991,.T.);
#5385=EDGE_CURVE('',#4429,#4431,#1992,.T.);
#5386=EDGE_CURVE('',#4432,#4430,#1993,.T.);
#5387=EDGE_CURVE('',#4431,#4432,#1994,.T.);
#5388=EDGE_CURVE('',#4431,#4433,#1995,.T.);
#5389=EDGE_CURVE('',#4434,#4432,#1996,.T.);
#5390=EDGE_CURVE('',#4433,#4434,#1997,.T.);
#5391=EDGE_CURVE('',#4433,#4435,#1998,.T.);
#5392=EDGE_CURVE('',#4436,#4434,#1999,.T.);
#5393=EDGE_CURVE('',#4435,#4436,#2000,.T.);
#5394=EDGE_CURVE('',#4435,#4437,#2001,.T.);
#5395=EDGE_CURVE('',#4438,#4436,#2002,.T.);
#5396=EDGE_CURVE('',#4437,#4438,#2003,.T.);
#5397=EDGE_CURVE('',#4437,#4439,#2004,.T.);
#5398=EDGE_CURVE('',#4440,#4438,#2005,.T.);
#5399=EDGE_CURVE('',#4439,#4440,#2006,.T.);
#5400=EDGE_CURVE('',#4425,#4439,#2007,.T.);
#5401=EDGE_CURVE('',#4427,#4440,#2008,.T.);
#5402=EDGE_CURVE('',#4441,#4442,#2009,.T.);
#5403=EDGE_CURVE('',#4442,#4443,#2010,.T.);
#5404=EDGE_CURVE('',#4444,#4443,#2011,.T.);
#5405=EDGE_CURVE('',#4441,#4444,#2012,.T.);
#5406=EDGE_CURVE('',#4445,#4441,#2013,.T.);
#5407=EDGE_CURVE('',#4446,#4444,#2014,.T.);
#5408=EDGE_CURVE('',#4445,#4446,#2015,.T.);
#5409=EDGE_CURVE('',#4447,#4445,#2016,.T.);
#5410=EDGE_CURVE('',#4448,#4446,#2017,.T.);
#5411=EDGE_CURVE('',#4447,#4448,#2018,.T.);
#5412=EDGE_CURVE('',#4449,#4447,#2019,.T.);
#5413=EDGE_CURVE('',#4450,#4448,#2020,.T.);
#5414=EDGE_CURVE('',#4449,#4450,#2021,.T.);
#5415=EDGE_CURVE('',#4451,#4449,#2022,.T.);
#5416=EDGE_CURVE('',#4452,#4450,#2023,.T.);
#5417=EDGE_CURVE('',#4451,#4452,#2024,.T.);
#5418=EDGE_CURVE('',#4453,#4451,#2025,.T.);
#5419=EDGE_CURVE('',#4454,#4452,#2026,.T.);
#5420=EDGE_CURVE('',#4453,#4454,#2027,.T.);
#5421=EDGE_CURVE('',#4455,#4453,#2028,.T.);
#5422=EDGE_CURVE('',#4456,#4454,#2029,.T.);
#5423=EDGE_CURVE('',#4455,#4456,#2030,.T.);
#5424=EDGE_CURVE('',#4442,#4455,#2031,.T.);
#5425=EDGE_CURVE('',#4443,#4456,#2032,.T.);
#5426=EDGE_CURVE('',#4457,#4458,#2033,.T.);
#5427=EDGE_CURVE('',#4457,#4459,#2034,.T.);
#5428=EDGE_CURVE('',#4460,#4459,#2035,.T.);
#5429=EDGE_CURVE('',#4458,#4460,#2036,.T.);
#5430=EDGE_CURVE('',#4458,#4461,#2037,.T.);
#5431=EDGE_CURVE('',#4462,#4460,#2038,.T.);
#5432=EDGE_CURVE('',#4461,#4462,#2039,.T.);
#5433=EDGE_CURVE('',#4461,#4463,#2040,.T.);
#5434=EDGE_CURVE('',#4464,#4462,#2041,.T.);
#5435=EDGE_CURVE('',#4463,#4464,#2042,.T.);
#5436=EDGE_CURVE('',#4463,#4465,#2043,.T.);
#5437=EDGE_CURVE('',#4466,#4464,#2044,.T.);
#5438=EDGE_CURVE('',#4465,#4466,#2045,.T.);
#5439=EDGE_CURVE('',#4465,#4467,#2046,.T.);
#5440=EDGE_CURVE('',#4468,#4466,#2047,.T.);
#5441=EDGE_CURVE('',#4467,#4468,#2048,.T.);
#5442=EDGE_CURVE('',#4467,#4469,#2049,.T.);
#5443=EDGE_CURVE('',#4470,#4468,#2050,.T.);
#5444=EDGE_CURVE('',#4469,#4470,#2051,.T.);
#5445=EDGE_CURVE('',#4469,#4471,#2052,.T.);
#5446=EDGE_CURVE('',#4472,#4470,#2053,.T.);
#5447=EDGE_CURVE('',#4471,#4472,#2054,.T.);
#5448=EDGE_CURVE('',#4457,#4471,#2055,.T.);
#5449=EDGE_CURVE('',#4459,#4472,#2056,.T.);
#5450=EDGE_CURVE('',#4473,#4474,#2057,.T.);
#5451=EDGE_CURVE('',#4474,#4475,#2058,.T.);
#5452=EDGE_CURVE('',#4476,#4475,#2059,.T.);
#5453=EDGE_CURVE('',#4473,#4476,#2060,.T.);
#5454=EDGE_CURVE('',#4477,#4473,#2061,.T.);
#5455=EDGE_CURVE('',#4478,#4476,#2062,.T.);
#5456=EDGE_CURVE('',#4477,#4478,#2063,.T.);
#5457=EDGE_CURVE('',#4479,#4477,#2064,.T.);
#5458=EDGE_CURVE('',#4480,#4478,#2065,.T.);
#5459=EDGE_CURVE('',#4479,#4480,#2066,.T.);
#5460=EDGE_CURVE('',#4481,#4479,#2067,.T.);
#5461=EDGE_CURVE('',#4482,#4480,#2068,.T.);
#5462=EDGE_CURVE('',#4481,#4482,#2069,.T.);
#5463=EDGE_CURVE('',#4483,#4481,#2070,.T.);
#5464=EDGE_CURVE('',#4484,#4482,#2071,.T.);
#5465=EDGE_CURVE('',#4483,#4484,#2072,.T.);
#5466=EDGE_CURVE('',#4485,#4483,#2073,.T.);
#5467=EDGE_CURVE('',#4486,#4484,#2074,.T.);
#5468=EDGE_CURVE('',#4485,#4486,#2075,.T.);
#5469=EDGE_CURVE('',#4487,#4485,#2076,.T.);
#5470=EDGE_CURVE('',#4488,#4486,#2077,.T.);
#5471=EDGE_CURVE('',#4487,#4488,#2078,.T.);
#5472=EDGE_CURVE('',#4474,#4487,#2079,.T.);
#5473=EDGE_CURVE('',#4475,#4488,#2080,.T.);
#5474=EDGE_CURVE('',#4489,#4490,#2081,.T.);
#5475=EDGE_CURVE('',#4490,#4491,#2082,.T.);
#5476=EDGE_CURVE('',#4492,#4491,#2083,.T.);
#5477=EDGE_CURVE('',#4489,#4492,#2084,.T.);
#5478=EDGE_CURVE('',#4489,#4493,#2085,.T.);
#5479=EDGE_CURVE('',#4494,#4492,#2086,.T.);
#5480=EDGE_CURVE('',#4493,#4494,#2087,.T.);
#5481=EDGE_CURVE('',#4495,#4493,#2088,.T.);
#5482=EDGE_CURVE('',#4496,#4494,#2089,.T.);
#5483=EDGE_CURVE('',#4495,#4496,#2090,.T.);
#5484=EDGE_CURVE('',#4497,#4495,#2091,.T.);
#5485=EDGE_CURVE('',#4498,#4496,#2092,.T.);
#5486=EDGE_CURVE('',#4497,#4498,#2093,.T.);
#5487=EDGE_CURVE('',#4499,#4497,#2094,.T.);
#5488=EDGE_CURVE('',#4500,#4498,#2095,.T.);
#5489=EDGE_CURVE('',#4499,#4500,#2096,.T.);
#5490=EDGE_CURVE('',#4501,#4499,#2097,.T.);
#5491=EDGE_CURVE('',#4502,#4500,#2098,.T.);
#5492=EDGE_CURVE('',#4501,#4502,#2099,.T.);
#5493=EDGE_CURVE('',#4503,#4501,#2100,.T.);
#5494=EDGE_CURVE('',#4504,#4502,#2101,.T.);
#5495=EDGE_CURVE('',#4503,#4504,#2102,.T.);
#5496=EDGE_CURVE('',#4490,#4503,#2103,.T.);
#5497=EDGE_CURVE('',#4491,#4504,#2104,.T.);
#5498=EDGE_CURVE('',#4505,#4506,#2105,.T.);
#5499=EDGE_CURVE('',#4506,#4507,#2106,.T.);
#5500=EDGE_CURVE('',#4508,#4507,#2107,.T.);
#5501=EDGE_CURVE('',#4505,#4508,#2108,.T.);
#5502=EDGE_CURVE('',#4509,#4505,#2109,.T.);
#5503=EDGE_CURVE('',#4510,#4508,#2110,.T.);
#5504=EDGE_CURVE('',#4509,#4510,#2111,.T.);
#5505=EDGE_CURVE('',#4511,#4509,#2112,.T.);
#5506=EDGE_CURVE('',#4512,#4510,#2113,.T.);
#5507=EDGE_CURVE('',#4511,#4512,#2114,.T.);
#5508=EDGE_CURVE('',#4513,#4511,#2115,.T.);
#5509=EDGE_CURVE('',#4514,#4512,#2116,.T.);
#5510=EDGE_CURVE('',#4513,#4514,#2117,.T.);
#5511=EDGE_CURVE('',#4515,#4513,#2118,.T.);
#5512=EDGE_CURVE('',#4516,#4514,#2119,.T.);
#5513=EDGE_CURVE('',#4515,#4516,#2120,.T.);
#5514=EDGE_CURVE('',#4517,#4515,#2121,.T.);
#5515=EDGE_CURVE('',#4518,#4516,#2122,.T.);
#5516=EDGE_CURVE('',#4517,#4518,#2123,.T.);
#5517=EDGE_CURVE('',#4519,#4517,#2124,.T.);
#5518=EDGE_CURVE('',#4520,#4518,#2125,.T.);
#5519=EDGE_CURVE('',#4519,#4520,#2126,.T.);
#5520=EDGE_CURVE('',#4506,#4519,#2127,.T.);
#5521=EDGE_CURVE('',#4507,#4520,#2128,.T.);
#5522=EDGE_CURVE('',#4521,#4522,#2129,.T.);
#5523=EDGE_CURVE('',#4521,#4523,#2130,.T.);
#5524=EDGE_CURVE('',#4524,#4523,#2131,.T.);
#5525=EDGE_CURVE('',#4522,#4524,#2132,.T.);
#5526=EDGE_CURVE('',#4525,#4522,#2133,.T.);
#5527=EDGE_CURVE('',#4526,#4524,#2134,.T.);
#5528=EDGE_CURVE('',#4525,#4526,#2135,.T.);
#5529=EDGE_CURVE('',#4527,#4525,#2136,.T.);
#5530=EDGE_CURVE('',#4528,#4526,#2137,.T.);
#5531=EDGE_CURVE('',#4527,#4528,#2138,.T.);
#5532=EDGE_CURVE('',#4529,#4527,#2139,.T.);
#5533=EDGE_CURVE('',#4530,#4528,#2140,.T.);
#5534=EDGE_CURVE('',#4529,#4530,#2141,.T.);
#5535=EDGE_CURVE('',#4531,#4529,#2142,.T.);
#5536=EDGE_CURVE('',#4532,#4530,#2143,.T.);
#5537=EDGE_CURVE('',#4531,#4532,#2144,.T.);
#5538=EDGE_CURVE('',#4533,#4531,#2145,.T.);
#5539=EDGE_CURVE('',#4534,#4532,#2146,.T.);
#5540=EDGE_CURVE('',#4533,#4534,#2147,.T.);
#5541=EDGE_CURVE('',#4535,#4533,#2148,.T.);
#5542=EDGE_CURVE('',#4536,#4534,#2149,.T.);
#5543=EDGE_CURVE('',#4535,#4536,#2150,.T.);
#5544=EDGE_CURVE('',#4521,#4535,#2151,.T.);
#5545=EDGE_CURVE('',#4523,#4536,#2152,.T.);
#5546=EDGE_CURVE('',#4537,#4538,#2153,.T.);
#5547=EDGE_CURVE('',#4538,#4539,#2154,.T.);
#5548=EDGE_CURVE('',#4540,#4539,#2155,.T.);
#5549=EDGE_CURVE('',#4537,#4540,#2156,.T.);
#5550=EDGE_CURVE('',#4541,#4537,#2157,.T.);
#5551=EDGE_CURVE('',#4542,#4540,#2158,.T.);
#5552=EDGE_CURVE('',#4541,#4542,#2159,.T.);
#5553=EDGE_CURVE('',#4543,#4541,#2160,.T.);
#5554=EDGE_CURVE('',#4544,#4542,#2161,.T.);
#5555=EDGE_CURVE('',#4543,#4544,#2162,.T.);
#5556=EDGE_CURVE('',#4545,#4543,#2163,.T.);
#5557=EDGE_CURVE('',#4546,#4544,#2164,.T.);
#5558=EDGE_CURVE('',#4545,#4546,#2165,.T.);
#5559=EDGE_CURVE('',#4547,#4545,#2166,.T.);
#5560=EDGE_CURVE('',#4548,#4546,#2167,.T.);
#5561=EDGE_CURVE('',#4547,#4548,#2168,.T.);
#5562=EDGE_CURVE('',#4549,#4547,#2169,.T.);
#5563=EDGE_CURVE('',#4550,#4548,#2170,.T.);
#5564=EDGE_CURVE('',#4549,#4550,#2171,.T.);
#5565=EDGE_CURVE('',#4551,#4549,#2172,.T.);
#5566=EDGE_CURVE('',#4552,#4550,#2173,.T.);
#5567=EDGE_CURVE('',#4551,#4552,#2174,.T.);
#5568=EDGE_CURVE('',#4538,#4551,#2175,.T.);
#5569=EDGE_CURVE('',#4539,#4552,#2176,.T.);
#5570=EDGE_CURVE('',#4553,#4554,#2177,.T.);
#5571=EDGE_CURVE('',#4553,#4555,#2178,.T.);
#5572=EDGE_CURVE('',#4556,#4555,#2179,.T.);
#5573=EDGE_CURVE('',#4554,#4556,#2180,.T.);
#5574=EDGE_CURVE('',#4557,#4554,#2181,.T.);
#5575=EDGE_CURVE('',#4558,#4556,#2182,.T.);
#5576=EDGE_CURVE('',#4557,#4558,#2183,.T.);
#5577=EDGE_CURVE('',#4559,#4557,#2184,.T.);
#5578=EDGE_CURVE('',#4560,#4558,#2185,.T.);
#5579=EDGE_CURVE('',#4559,#4560,#2186,.T.);
#5580=EDGE_CURVE('',#4561,#4559,#2187,.T.);
#5581=EDGE_CURVE('',#4562,#4560,#2188,.T.);
#5582=EDGE_CURVE('',#4561,#4562,#2189,.T.);
#5583=EDGE_CURVE('',#4563,#4561,#2190,.T.);
#5584=EDGE_CURVE('',#4564,#4562,#2191,.T.);
#5585=EDGE_CURVE('',#4563,#4564,#2192,.T.);
#5586=EDGE_CURVE('',#4565,#4563,#2193,.T.);
#5587=EDGE_CURVE('',#4566,#4564,#2194,.T.);
#5588=EDGE_CURVE('',#4565,#4566,#2195,.T.);
#5589=EDGE_CURVE('',#4567,#4565,#2196,.T.);
#5590=EDGE_CURVE('',#4568,#4566,#2197,.T.);
#5591=EDGE_CURVE('',#4567,#4568,#2198,.T.);
#5592=EDGE_CURVE('',#4553,#4567,#2199,.T.);
#5593=EDGE_CURVE('',#4555,#4568,#2200,.T.);
#5594=EDGE_CURVE('',#4569,#4570,#2201,.T.);
#5595=EDGE_CURVE('',#4570,#4571,#2202,.T.);
#5596=EDGE_CURVE('',#4572,#4571,#2203,.T.);
#5597=EDGE_CURVE('',#4569,#4572,#2204,.T.);
#5598=EDGE_CURVE('',#4573,#4569,#2205,.T.);
#5599=EDGE_CURVE('',#4574,#4572,#2206,.T.);
#5600=EDGE_CURVE('',#4573,#4574,#2207,.T.);
#5601=EDGE_CURVE('',#4575,#4573,#2208,.T.);
#5602=EDGE_CURVE('',#4576,#4574,#2209,.T.);
#5603=EDGE_CURVE('',#4575,#4576,#2210,.T.);
#5604=EDGE_CURVE('',#4577,#4575,#2211,.T.);
#5605=EDGE_CURVE('',#4578,#4576,#2212,.T.);
#5606=EDGE_CURVE('',#4577,#4578,#2213,.T.);
#5607=EDGE_CURVE('',#4579,#4577,#2214,.T.);
#5608=EDGE_CURVE('',#4580,#4578,#2215,.T.);
#5609=EDGE_CURVE('',#4579,#4580,#2216,.T.);
#5610=EDGE_CURVE('',#4581,#4579,#2217,.T.);
#5611=EDGE_CURVE('',#4582,#4580,#2218,.T.);
#5612=EDGE_CURVE('',#4581,#4582,#2219,.T.);
#5613=EDGE_CURVE('',#4583,#4581,#2220,.T.);
#5614=EDGE_CURVE('',#4584,#4582,#2221,.T.);
#5615=EDGE_CURVE('',#4583,#4584,#2222,.T.);
#5616=EDGE_CURVE('',#4570,#4583,#2223,.T.);
#5617=EDGE_CURVE('',#4571,#4584,#2224,.T.);
#5618=EDGE_CURVE('',#4585,#4586,#2225,.T.);
#5619=EDGE_CURVE('',#4585,#4587,#2226,.T.);
#5620=EDGE_CURVE('',#4588,#4587,#2227,.T.);
#5621=EDGE_CURVE('',#4586,#4588,#2228,.T.);
#5622=EDGE_CURVE('',#4589,#4586,#2229,.T.);
#5623=EDGE_CURVE('',#4590,#4588,#2230,.T.);
#5624=EDGE_CURVE('',#4589,#4590,#2231,.T.);
#5625=EDGE_CURVE('',#4591,#4589,#2232,.T.);
#5626=EDGE_CURVE('',#4592,#4590,#2233,.T.);
#5627=EDGE_CURVE('',#4591,#4592,#2234,.T.);
#5628=EDGE_CURVE('',#4593,#4591,#2235,.T.);
#5629=EDGE_CURVE('',#4594,#4592,#2236,.T.);
#5630=EDGE_CURVE('',#4593,#4594,#2237,.T.);
#5631=EDGE_CURVE('',#4595,#4593,#2238,.T.);
#5632=EDGE_CURVE('',#4596,#4594,#2239,.T.);
#5633=EDGE_CURVE('',#4595,#4596,#2240,.T.);
#5634=EDGE_CURVE('',#4597,#4595,#2241,.T.);
#5635=EDGE_CURVE('',#4598,#4596,#2242,.T.);
#5636=EDGE_CURVE('',#4597,#4598,#2243,.T.);
#5637=EDGE_CURVE('',#4599,#4597,#2244,.T.);
#5638=EDGE_CURVE('',#4600,#4598,#2245,.T.);
#5639=EDGE_CURVE('',#4599,#4600,#2246,.T.);
#5640=EDGE_CURVE('',#4585,#4599,#2247,.T.);
#5641=EDGE_CURVE('',#4587,#4600,#2248,.T.);
#5642=EDGE_CURVE('',#4601,#4602,#2249,.T.);
#5643=EDGE_CURVE('',#4602,#4603,#2250,.T.);
#5644=EDGE_CURVE('',#4604,#4603,#2251,.T.);
#5645=EDGE_CURVE('',#4601,#4604,#2252,.T.);
#5646=EDGE_CURVE('',#4605,#4601,#2253,.T.);
#5647=EDGE_CURVE('',#4606,#4604,#2254,.T.);
#5648=EDGE_CURVE('',#4605,#4606,#2255,.T.);
#5649=EDGE_CURVE('',#4607,#4605,#2256,.T.);
#5650=EDGE_CURVE('',#4608,#4606,#2257,.T.);
#5651=EDGE_CURVE('',#4607,#4608,#2258,.T.);
#5652=EDGE_CURVE('',#4609,#4607,#2259,.T.);
#5653=EDGE_CURVE('',#4610,#4608,#2260,.T.);
#5654=EDGE_CURVE('',#4609,#4610,#2261,.T.);
#5655=EDGE_CURVE('',#4611,#4609,#2262,.T.);
#5656=EDGE_CURVE('',#4612,#4610,#2263,.T.);
#5657=EDGE_CURVE('',#4611,#4612,#2264,.T.);
#5658=EDGE_CURVE('',#4613,#4611,#2265,.T.);
#5659=EDGE_CURVE('',#4614,#4612,#2266,.T.);
#5660=EDGE_CURVE('',#4613,#4614,#2267,.T.);
#5661=EDGE_CURVE('',#4615,#4613,#2268,.T.);
#5662=EDGE_CURVE('',#4616,#4614,#2269,.T.);
#5663=EDGE_CURVE('',#4615,#4616,#2270,.T.);
#5664=EDGE_CURVE('',#4602,#4615,#2271,.T.);
#5665=EDGE_CURVE('',#4603,#4616,#2272,.T.);
#5666=EDGE_CURVE('',#4617,#4618,#2273,.T.);
#5667=EDGE_CURVE('',#4617,#4619,#2274,.T.);
#5668=EDGE_CURVE('',#4620,#4619,#2275,.T.);
#5669=EDGE_CURVE('',#4618,#4620,#2276,.T.);
#5670=EDGE_CURVE('',#4618,#4621,#2277,.T.);
#5671=EDGE_CURVE('',#4622,#4620,#2278,.T.);
#5672=EDGE_CURVE('',#4621,#4622,#2279,.T.);
#5673=EDGE_CURVE('',#4621,#4623,#2280,.T.);
#5674=EDGE_CURVE('',#4624,#4622,#2281,.T.);
#5675=EDGE_CURVE('',#4623,#4624,#2282,.T.);
#5676=EDGE_CURVE('',#4623,#4625,#2283,.T.);
#5677=EDGE_CURVE('',#4626,#4624,#2284,.T.);
#5678=EDGE_CURVE('',#4625,#4626,#2285,.T.);
#5679=EDGE_CURVE('',#4625,#4627,#2286,.T.);
#5680=EDGE_CURVE('',#4628,#4626,#2287,.T.);
#5681=EDGE_CURVE('',#4627,#4628,#2288,.T.);
#5682=EDGE_CURVE('',#4627,#4629,#2289,.T.);
#5683=EDGE_CURVE('',#4630,#4628,#2290,.T.);
#5684=EDGE_CURVE('',#4629,#4630,#2291,.T.);
#5685=EDGE_CURVE('',#4629,#4631,#2292,.T.);
#5686=EDGE_CURVE('',#4632,#4630,#2293,.T.);
#5687=EDGE_CURVE('',#4631,#4632,#2294,.T.);
#5688=EDGE_CURVE('',#4617,#4631,#2295,.T.);
#5689=EDGE_CURVE('',#4619,#4632,#2296,.T.);
#5690=EDGE_CURVE('',#4633,#4634,#2297,.T.);
#5691=EDGE_CURVE('',#4634,#4635,#2298,.T.);
#5692=EDGE_CURVE('',#4636,#4635,#2299,.T.);
#5693=EDGE_CURVE('',#4633,#4636,#2300,.T.);
#5694=EDGE_CURVE('',#4637,#4633,#2301,.T.);
#5695=EDGE_CURVE('',#4638,#4636,#2302,.T.);
#5696=EDGE_CURVE('',#4637,#4638,#2303,.T.);
#5697=EDGE_CURVE('',#4639,#4637,#2304,.T.);
#5698=EDGE_CURVE('',#4640,#4638,#2305,.T.);
#5699=EDGE_CURVE('',#4639,#4640,#2306,.T.);
#5700=EDGE_CURVE('',#4641,#4639,#2307,.T.);
#5701=EDGE_CURVE('',#4642,#4640,#2308,.T.);
#5702=EDGE_CURVE('',#4641,#4642,#2309,.T.);
#5703=EDGE_CURVE('',#4643,#4641,#2310,.T.);
#5704=EDGE_CURVE('',#4644,#4642,#2311,.T.);
#5705=EDGE_CURVE('',#4643,#4644,#2312,.T.);
#5706=EDGE_CURVE('',#4645,#4643,#2313,.T.);
#5707=EDGE_CURVE('',#4646,#4644,#2314,.T.);
#5708=EDGE_CURVE('',#4645,#4646,#2315,.T.);
#5709=EDGE_CURVE('',#4647,#4645,#2316,.T.);
#5710=EDGE_CURVE('',#4648,#4646,#2317,.T.);
#5711=EDGE_CURVE('',#4647,#4648,#2318,.T.);
#5712=EDGE_CURVE('',#4634,#4647,#2319,.T.);
#5713=EDGE_CURVE('',#4635,#4648,#2320,.T.);
#5714=EDGE_CURVE('',#4649,#4650,#2321,.T.);
#5715=EDGE_CURVE('',#4649,#4651,#2322,.T.);
#5716=EDGE_CURVE('',#4652,#4651,#2323,.T.);
#5717=EDGE_CURVE('',#4650,#4652,#2324,.T.);
#5718=EDGE_CURVE('',#4650,#4653,#2325,.T.);
#5719=EDGE_CURVE('',#4654,#4652,#2326,.T.);
#5720=EDGE_CURVE('',#4653,#4654,#2327,.T.);
#5721=EDGE_CURVE('',#4653,#4655,#2328,.T.);
#5722=EDGE_CURVE('',#4656,#4654,#2329,.T.);
#5723=EDGE_CURVE('',#4655,#4656,#2330,.T.);
#5724=EDGE_CURVE('',#4655,#4657,#2331,.T.);
#5725=EDGE_CURVE('',#4658,#4656,#2332,.T.);
#5726=EDGE_CURVE('',#4657,#4658,#2333,.T.);
#5727=EDGE_CURVE('',#4657,#4659,#2334,.T.);
#5728=EDGE_CURVE('',#4660,#4658,#2335,.T.);
#5729=EDGE_CURVE('',#4659,#4660,#2336,.T.);
#5730=EDGE_CURVE('',#4659,#4661,#2337,.T.);
#5731=EDGE_CURVE('',#4662,#4660,#2338,.T.);
#5732=EDGE_CURVE('',#4661,#4662,#2339,.T.);
#5733=EDGE_CURVE('',#4661,#4663,#2340,.T.);
#5734=EDGE_CURVE('',#4664,#4662,#2341,.T.);
#5735=EDGE_CURVE('',#4663,#4664,#2342,.T.);
#5736=EDGE_CURVE('',#4649,#4663,#2343,.T.);
#5737=EDGE_CURVE('',#4651,#4664,#2344,.T.);
#5738=EDGE_CURVE('',#4665,#4666,#2345,.T.);
#5739=EDGE_CURVE('',#4666,#4667,#2346,.T.);
#5740=EDGE_CURVE('',#4668,#4667,#2347,.T.);
#5741=EDGE_CURVE('',#4665,#4668,#2348,.T.);
#5742=EDGE_CURVE('',#4669,#4665,#2349,.T.);
#5743=EDGE_CURVE('',#4670,#4668,#2350,.T.);
#5744=EDGE_CURVE('',#4669,#4670,#2351,.T.);
#5745=EDGE_CURVE('',#4671,#4669,#2352,.T.);
#5746=EDGE_CURVE('',#4672,#4670,#2353,.T.);
#5747=EDGE_CURVE('',#4671,#4672,#2354,.T.);
#5748=EDGE_CURVE('',#4673,#4671,#2355,.T.);
#5749=EDGE_CURVE('',#4674,#4672,#2356,.T.);
#5750=EDGE_CURVE('',#4673,#4674,#2357,.T.);
#5751=EDGE_CURVE('',#4675,#4673,#2358,.T.);
#5752=EDGE_CURVE('',#4676,#4674,#2359,.T.);
#5753=EDGE_CURVE('',#4675,#4676,#2360,.T.);
#5754=EDGE_CURVE('',#4677,#4675,#2361,.T.);
#5755=EDGE_CURVE('',#4678,#4676,#2362,.T.);
#5756=EDGE_CURVE('',#4677,#4678,#2363,.T.);
#5757=EDGE_CURVE('',#4679,#4677,#2364,.T.);
#5758=EDGE_CURVE('',#4680,#4678,#2365,.T.);
#5759=EDGE_CURVE('',#4679,#4680,#2366,.T.);
#5760=EDGE_CURVE('',#4666,#4679,#2367,.T.);
#5761=EDGE_CURVE('',#4667,#4680,#2368,.T.);
#5762=EDGE_CURVE('',#4681,#4682,#2369,.T.);
#5763=EDGE_CURVE('',#4681,#4683,#2370,.T.);
#5764=EDGE_CURVE('',#4684,#4683,#2371,.T.);
#5765=EDGE_CURVE('',#4682,#4684,#2372,.T.);
#5766=EDGE_CURVE('',#4682,#4685,#2373,.T.);
#5767=EDGE_CURVE('',#4686,#4684,#2374,.T.);
#5768=EDGE_CURVE('',#4685,#4686,#2375,.T.);
#5769=EDGE_CURVE('',#4685,#4687,#2376,.T.);
#5770=EDGE_CURVE('',#4688,#4686,#2377,.T.);
#5771=EDGE_CURVE('',#4687,#4688,#2378,.T.);
#5772=EDGE_CURVE('',#4687,#4689,#2379,.T.);
#5773=EDGE_CURVE('',#4690,#4688,#2380,.T.);
#5774=EDGE_CURVE('',#4689,#4690,#2381,.T.);
#5775=EDGE_CURVE('',#4689,#4691,#2382,.T.);
#5776=EDGE_CURVE('',#4692,#4690,#2383,.T.);
#5777=EDGE_CURVE('',#4691,#4692,#2384,.T.);
#5778=EDGE_CURVE('',#4691,#4693,#2385,.T.);
#5779=EDGE_CURVE('',#4694,#4692,#2386,.T.);
#5780=EDGE_CURVE('',#4693,#4694,#2387,.T.);
#5781=EDGE_CURVE('',#4693,#4695,#2388,.T.);
#5782=EDGE_CURVE('',#4696,#4694,#2389,.T.);
#5783=EDGE_CURVE('',#4695,#4696,#2390,.T.);
#5784=EDGE_CURVE('',#4681,#4695,#2391,.T.);
#5785=EDGE_CURVE('',#4683,#4696,#2392,.T.);
#5786=EDGE_CURVE('',#4697,#4698,#2393,.T.);
#5787=EDGE_CURVE('',#4698,#4699,#2394,.T.);
#5788=EDGE_CURVE('',#4700,#4699,#2395,.T.);
#5789=EDGE_CURVE('',#4697,#4700,#2396,.T.);
#5790=EDGE_CURVE('',#4701,#4697,#2397,.T.);
#5791=EDGE_CURVE('',#4702,#4700,#2398,.T.);
#5792=EDGE_CURVE('',#4701,#4702,#2399,.T.);
#5793=EDGE_CURVE('',#4703,#4701,#2400,.T.);
#5794=EDGE_CURVE('',#4704,#4702,#2401,.T.);
#5795=EDGE_CURVE('',#4703,#4704,#2402,.T.);
#5796=EDGE_CURVE('',#4705,#4703,#2403,.T.);
#5797=EDGE_CURVE('',#4706,#4704,#2404,.T.);
#5798=EDGE_CURVE('',#4705,#4706,#2405,.T.);
#5799=EDGE_CURVE('',#4707,#4705,#2406,.T.);
#5800=EDGE_CURVE('',#4708,#4706,#2407,.T.);
#5801=EDGE_CURVE('',#4707,#4708,#2408,.T.);
#5802=EDGE_CURVE('',#4709,#4707,#2409,.T.);
#5803=EDGE_CURVE('',#4710,#4708,#2410,.T.);
#5804=EDGE_CURVE('',#4709,#4710,#2411,.T.);
#5805=EDGE_CURVE('',#4711,#4709,#2412,.T.);
#5806=EDGE_CURVE('',#4712,#4710,#2413,.T.);
#5807=EDGE_CURVE('',#4711,#4712,#2414,.T.);
#5808=EDGE_CURVE('',#4698,#4711,#2415,.T.);
#5809=EDGE_CURVE('',#4699,#4712,#2416,.T.);
#5810=EDGE_CURVE('',#4713,#4714,#2417,.T.);
#5811=EDGE_CURVE('',#4713,#4715,#2418,.T.);
#5812=EDGE_CURVE('',#4716,#4715,#2419,.T.);
#5813=EDGE_CURVE('',#4714,#4716,#2420,.T.);
#5814=EDGE_CURVE('',#4714,#4717,#2421,.T.);
#5815=EDGE_CURVE('',#4718,#4716,#2422,.T.);
#5816=EDGE_CURVE('',#4717,#4718,#2423,.T.);
#5817=EDGE_CURVE('',#4717,#4719,#2424,.T.);
#5818=EDGE_CURVE('',#4720,#4718,#2425,.T.);
#5819=EDGE_CURVE('',#4719,#4720,#2426,.T.);
#5820=EDGE_CURVE('',#4719,#4721,#2427,.T.);
#5821=EDGE_CURVE('',#4722,#4720,#2428,.T.);
#5822=EDGE_CURVE('',#4721,#4722,#2429,.T.);
#5823=EDGE_CURVE('',#4721,#4723,#2430,.T.);
#5824=EDGE_CURVE('',#4724,#4722,#2431,.T.);
#5825=EDGE_CURVE('',#4723,#4724,#2432,.T.);
#5826=EDGE_CURVE('',#4723,#4725,#2433,.T.);
#5827=EDGE_CURVE('',#4726,#4724,#2434,.T.);
#5828=EDGE_CURVE('',#4725,#4726,#2435,.T.);
#5829=EDGE_CURVE('',#4725,#4727,#2436,.T.);
#5830=EDGE_CURVE('',#4728,#4726,#2437,.T.);
#5831=EDGE_CURVE('',#4727,#4728,#2438,.T.);
#5832=EDGE_CURVE('',#4713,#4727,#2439,.T.);
#5833=EDGE_CURVE('',#4715,#4728,#2440,.T.);
#5834=EDGE_CURVE('',#4729,#4730,#2441,.T.);
#5835=EDGE_CURVE('',#4730,#4731,#2442,.T.);
#5836=EDGE_CURVE('',#4732,#4731,#2443,.T.);
#5837=EDGE_CURVE('',#4729,#4732,#2444,.T.);
#5838=EDGE_CURVE('',#4733,#4729,#2445,.T.);
#5839=EDGE_CURVE('',#4734,#4732,#2446,.T.);
#5840=EDGE_CURVE('',#4733,#4734,#2447,.T.);
#5841=EDGE_CURVE('',#4735,#4733,#2448,.T.);
#5842=EDGE_CURVE('',#4736,#4734,#2449,.T.);
#5843=EDGE_CURVE('',#4735,#4736,#2450,.T.);
#5844=EDGE_CURVE('',#4737,#4735,#2451,.T.);
#5845=EDGE_CURVE('',#4738,#4736,#2452,.T.);
#5846=EDGE_CURVE('',#4737,#4738,#2453,.T.);
#5847=EDGE_CURVE('',#4739,#4737,#2454,.T.);
#5848=EDGE_CURVE('',#4740,#4738,#2455,.T.);
#5849=EDGE_CURVE('',#4739,#4740,#2456,.T.);
#5850=EDGE_CURVE('',#4741,#4739,#2457,.T.);
#5851=EDGE_CURVE('',#4742,#4740,#2458,.T.);
#5852=EDGE_CURVE('',#4741,#4742,#2459,.T.);
#5853=EDGE_CURVE('',#4743,#4741,#2460,.T.);
#5854=EDGE_CURVE('',#4744,#4742,#2461,.T.);
#5855=EDGE_CURVE('',#4743,#4744,#2462,.T.);
#5856=EDGE_CURVE('',#4730,#4743,#2463,.T.);
#5857=EDGE_CURVE('',#4731,#4744,#2464,.T.);
#5858=EDGE_CURVE('',#4745,#4746,#2465,.T.);
#5859=EDGE_CURVE('',#4745,#4747,#2466,.T.);
#5860=EDGE_CURVE('',#4748,#4747,#2467,.T.);
#5861=EDGE_CURVE('',#4746,#4748,#2468,.T.);
#5862=EDGE_CURVE('',#4749,#4746,#2469,.T.);
#5863=EDGE_CURVE('',#4750,#4748,#2470,.T.);
#5864=EDGE_CURVE('',#4749,#4750,#2471,.T.);
#5865=EDGE_CURVE('',#4751,#4749,#2472,.T.);
#5866=EDGE_CURVE('',#4752,#4750,#2473,.T.);
#5867=EDGE_CURVE('',#4751,#4752,#2474,.T.);
#5868=EDGE_CURVE('',#4753,#4751,#2475,.T.);
#5869=EDGE_CURVE('',#4754,#4752,#2476,.T.);
#5870=EDGE_CURVE('',#4753,#4754,#2477,.T.);
#5871=EDGE_CURVE('',#4755,#4753,#2478,.T.);
#5872=EDGE_CURVE('',#4756,#4754,#2479,.T.);
#5873=EDGE_CURVE('',#4755,#4756,#2480,.T.);
#5874=EDGE_CURVE('',#4757,#4755,#2481,.T.);
#5875=EDGE_CURVE('',#4758,#4756,#2482,.T.);
#5876=EDGE_CURVE('',#4757,#4758,#2483,.T.);
#5877=EDGE_CURVE('',#4759,#4757,#2484,.T.);
#5878=EDGE_CURVE('',#4760,#4758,#2485,.T.);
#5879=EDGE_CURVE('',#4759,#4760,#2486,.T.);
#5880=EDGE_CURVE('',#4745,#4759,#2487,.T.);
#5881=EDGE_CURVE('',#4747,#4760,#2488,.T.);
#5882=EDGE_CURVE('',#4761,#4762,#2489,.T.);
#5883=EDGE_CURVE('',#4762,#4763,#2490,.T.);
#5884=EDGE_CURVE('',#4764,#4763,#2491,.T.);
#5885=EDGE_CURVE('',#4761,#4764,#2492,.T.);
#5886=EDGE_CURVE('',#4765,#4761,#2493,.T.);
#5887=EDGE_CURVE('',#4766,#4764,#2494,.T.);
#5888=EDGE_CURVE('',#4765,#4766,#2495,.T.);
#5889=EDGE_CURVE('',#4767,#4765,#2496,.T.);
#5890=EDGE_CURVE('',#4768,#4766,#2497,.T.);
#5891=EDGE_CURVE('',#4767,#4768,#2498,.T.);
#5892=EDGE_CURVE('',#4769,#4767,#2499,.T.);
#5893=EDGE_CURVE('',#4770,#4768,#2500,.T.);
#5894=EDGE_CURVE('',#4769,#4770,#2501,.T.);
#5895=EDGE_CURVE('',#4771,#4769,#2502,.T.);
#5896=EDGE_CURVE('',#4772,#4770,#2503,.T.);
#5897=EDGE_CURVE('',#4771,#4772,#2504,.T.);
#5898=EDGE_CURVE('',#4773,#4771,#2505,.T.);
#5899=EDGE_CURVE('',#4774,#4772,#2506,.T.);
#5900=EDGE_CURVE('',#4773,#4774,#2507,.T.);
#5901=EDGE_CURVE('',#4775,#4773,#2508,.T.);
#5902=EDGE_CURVE('',#4776,#4774,#2509,.T.);
#5903=EDGE_CURVE('',#4775,#4776,#2510,.T.);
#5904=EDGE_CURVE('',#4762,#4775,#2511,.T.);
#5905=EDGE_CURVE('',#4763,#4776,#2512,.T.);
#5906=EDGE_CURVE('',#4777,#4778,#2513,.T.);
#5907=EDGE_CURVE('',#4777,#4779,#2514,.T.);
#5908=EDGE_CURVE('',#4780,#4779,#2515,.T.);
#5909=EDGE_CURVE('',#4778,#4780,#2516,.T.);
#5910=EDGE_CURVE('',#4781,#4778,#2517,.T.);
#5911=EDGE_CURVE('',#4782,#4780,#2518,.T.);
#5912=EDGE_CURVE('',#4781,#4782,#2519,.T.);
#5913=EDGE_CURVE('',#4783,#4781,#2520,.T.);
#5914=EDGE_CURVE('',#4784,#4782,#2521,.T.);
#5915=EDGE_CURVE('',#4783,#4784,#2522,.T.);
#5916=EDGE_CURVE('',#4785,#4783,#2523,.T.);
#5917=EDGE_CURVE('',#4786,#4784,#2524,.T.);
#5918=EDGE_CURVE('',#4785,#4786,#2525,.T.);
#5919=EDGE_CURVE('',#4787,#4785,#2526,.T.);
#5920=EDGE_CURVE('',#4788,#4786,#2527,.T.);
#5921=EDGE_CURVE('',#4787,#4788,#2528,.T.);
#5922=EDGE_CURVE('',#4789,#4787,#2529,.T.);
#5923=EDGE_CURVE('',#4790,#4788,#2530,.T.);
#5924=EDGE_CURVE('',#4789,#4790,#2531,.T.);
#5925=EDGE_CURVE('',#4791,#4789,#2532,.T.);
#5926=EDGE_CURVE('',#4792,#4790,#2533,.T.);
#5927=EDGE_CURVE('',#4791,#4792,#2534,.T.);
#5928=EDGE_CURVE('',#4777,#4791,#2535,.T.);
#5929=EDGE_CURVE('',#4779,#4792,#2536,.T.);
#5930=EDGE_CURVE('',#4793,#4794,#2537,.T.);
#5931=EDGE_CURVE('',#4794,#4795,#2538,.T.);
#5932=EDGE_CURVE('',#4795,#4796,#2539,.T.);
#5933=EDGE_CURVE('',#4796,#4797,#2540,.T.);
#5934=EDGE_CURVE('',#4797,#4798,#2541,.T.);
#5935=EDGE_CURVE('',#4798,#4799,#2542,.T.);
#5936=EDGE_CURVE('',#4799,#4800,#2543,.T.);
#5937=EDGE_CURVE('',#4800,#4793,#2544,.T.);
#5938=EDGE_CURVE('',#4801,#4794,#2545,.T.);
#5939=EDGE_CURVE('',#4802,#4801,#2546,.T.);
#5940=EDGE_CURVE('',#4795,#4802,#2547,.T.);
#5941=EDGE_CURVE('',#4803,#4802,#2548,.T.);
#5942=EDGE_CURVE('',#4796,#4803,#2549,.T.);
#5943=EDGE_CURVE('',#4804,#4803,#2550,.T.);
#5944=EDGE_CURVE('',#4797,#4804,#2551,.T.);
#5945=EDGE_CURVE('',#4805,#4804,#2552,.T.);
#5946=EDGE_CURVE('',#4798,#4805,#2553,.T.);
#5947=EDGE_CURVE('',#4806,#4805,#2554,.T.);
#5948=EDGE_CURVE('',#4799,#4806,#2555,.T.);
#5949=EDGE_CURVE('',#4807,#4806,#2556,.T.);
#5950=EDGE_CURVE('',#4800,#4807,#2557,.T.);
#5951=EDGE_CURVE('',#4808,#4807,#2558,.T.);
#5952=EDGE_CURVE('',#4793,#4808,#2559,.T.);
#5953=EDGE_CURVE('',#4801,#4808,#2560,.T.);
#5954=EDGE_CURVE('',#4809,#4810,#2561,.T.);
#5955=EDGE_CURVE('',#4810,#4811,#2562,.T.);
#5956=EDGE_CURVE('',#4811,#4812,#2563,.T.);
#5957=EDGE_CURVE('',#4812,#4813,#2564,.T.);
#5958=EDGE_CURVE('',#4813,#4814,#2565,.T.);
#5959=EDGE_CURVE('',#4814,#4815,#2566,.T.);
#5960=EDGE_CURVE('',#4815,#4816,#2567,.T.);
#5961=EDGE_CURVE('',#4816,#4809,#2568,.T.);
#5962=EDGE_CURVE('',#4817,#4810,#2569,.T.);
#5963=EDGE_CURVE('',#4818,#4817,#2570,.T.);
#5964=EDGE_CURVE('',#4811,#4818,#2571,.T.);
#5965=EDGE_CURVE('',#4819,#4818,#2572,.T.);
#5966=EDGE_CURVE('',#4812,#4819,#2573,.T.);
#5967=EDGE_CURVE('',#4820,#4819,#2574,.T.);
#5968=EDGE_CURVE('',#4813,#4820,#2575,.T.);
#5969=EDGE_CURVE('',#4821,#4820,#2576,.T.);
#5970=EDGE_CURVE('',#4814,#4821,#2577,.T.);
#5971=EDGE_CURVE('',#4822,#4821,#2578,.T.);
#5972=EDGE_CURVE('',#4815,#4822,#2579,.T.);
#5973=EDGE_CURVE('',#4823,#4822,#2580,.T.);
#5974=EDGE_CURVE('',#4816,#4823,#2581,.T.);
#5975=EDGE_CURVE('',#4824,#4823,#2582,.T.);
#5976=EDGE_CURVE('',#4809,#4824,#2583,.T.);
#5977=EDGE_CURVE('',#4817,#4824,#2584,.T.);
#5978=EDGE_CURVE('',#4825,#4826,#2585,.T.);
#5979=EDGE_CURVE('',#4826,#4827,#2586,.T.);
#5980=EDGE_CURVE('',#4827,#4828,#2587,.T.);
#5981=EDGE_CURVE('',#4828,#4829,#2588,.T.);
#5982=EDGE_CURVE('',#4829,#4830,#2589,.T.);
#5983=EDGE_CURVE('',#4830,#4831,#2590,.T.);
#5984=EDGE_CURVE('',#4831,#4832,#2591,.T.);
#5985=EDGE_CURVE('',#4832,#4825,#2592,.T.);
#5986=EDGE_CURVE('',#4833,#4826,#2593,.T.);
#5987=EDGE_CURVE('',#4834,#4833,#2594,.T.);
#5988=EDGE_CURVE('',#4827,#4834,#2595,.T.);
#5989=EDGE_CURVE('',#4835,#4834,#2596,.T.);
#5990=EDGE_CURVE('',#4828,#4835,#2597,.T.);
#5991=EDGE_CURVE('',#4836,#4835,#2598,.T.);
#5992=EDGE_CURVE('',#4829,#4836,#2599,.T.);
#5993=EDGE_CURVE('',#4837,#4836,#2600,.T.);
#5994=EDGE_CURVE('',#4830,#4837,#2601,.T.);
#5995=EDGE_CURVE('',#4838,#4837,#2602,.T.);
#5996=EDGE_CURVE('',#4831,#4838,#2603,.T.);
#5997=EDGE_CURVE('',#4839,#4838,#2604,.T.);
#5998=EDGE_CURVE('',#4832,#4839,#2605,.T.);
#5999=EDGE_CURVE('',#4840,#4839,#2606,.T.);
#6000=EDGE_CURVE('',#4825,#4840,#2607,.T.);
#6001=EDGE_CURVE('',#4833,#4840,#2608,.T.);
#6002=EDGE_CURVE('',#4841,#4842,#2609,.T.);
#6003=EDGE_CURVE('',#4842,#4843,#2610,.T.);
#6004=EDGE_CURVE('',#4843,#4844,#2611,.T.);
#6005=EDGE_CURVE('',#4844,#4845,#2612,.T.);
#6006=EDGE_CURVE('',#4845,#4846,#2613,.T.);
#6007=EDGE_CURVE('',#4846,#4847,#2614,.T.);
#6008=EDGE_CURVE('',#4847,#4848,#2615,.T.);
#6009=EDGE_CURVE('',#4848,#4841,#2616,.T.);
#6010=EDGE_CURVE('',#4849,#4842,#2617,.T.);
#6011=EDGE_CURVE('',#4850,#4849,#2618,.T.);
#6012=EDGE_CURVE('',#4843,#4850,#2619,.T.);
#6013=EDGE_CURVE('',#4851,#4850,#2620,.T.);
#6014=EDGE_CURVE('',#4844,#4851,#2621,.T.);
#6015=EDGE_CURVE('',#4852,#4851,#2622,.T.);
#6016=EDGE_CURVE('',#4845,#4852,#2623,.T.);
#6017=EDGE_CURVE('',#4853,#4852,#2624,.T.);
#6018=EDGE_CURVE('',#4846,#4853,#2625,.T.);
#6019=EDGE_CURVE('',#4854,#4853,#2626,.T.);
#6020=EDGE_CURVE('',#4847,#4854,#2627,.T.);
#6021=EDGE_CURVE('',#4855,#4854,#2628,.T.);
#6022=EDGE_CURVE('',#4848,#4855,#2629,.T.);
#6023=EDGE_CURVE('',#4856,#4855,#2630,.T.);
#6024=EDGE_CURVE('',#4841,#4856,#2631,.T.);
#6025=EDGE_CURVE('',#4849,#4856,#2632,.T.);
#6026=EDGE_CURVE('',#4857,#4858,#2633,.T.);
#6027=EDGE_CURVE('',#4858,#4859,#2634,.T.);
#6028=EDGE_CURVE('',#4859,#4860,#2635,.T.);
#6029=EDGE_CURVE('',#4860,#4861,#2636,.T.);
#6030=EDGE_CURVE('',#4861,#4862,#2637,.T.);
#6031=EDGE_CURVE('',#4862,#4863,#2638,.T.);
#6032=EDGE_CURVE('',#4863,#4864,#2639,.T.);
#6033=EDGE_CURVE('',#4864,#4857,#2640,.T.);
#6034=EDGE_CURVE('',#4865,#4858,#2641,.T.);
#6035=EDGE_CURVE('',#4866,#4865,#2642,.T.);
#6036=EDGE_CURVE('',#4859,#4866,#2643,.T.);
#6037=EDGE_CURVE('',#4867,#4866,#2644,.T.);
#6038=EDGE_CURVE('',#4860,#4867,#2645,.T.);
#6039=EDGE_CURVE('',#4868,#4867,#2646,.T.);
#6040=EDGE_CURVE('',#4861,#4868,#2647,.T.);
#6041=EDGE_CURVE('',#4869,#4868,#2648,.T.);
#6042=EDGE_CURVE('',#4862,#4869,#2649,.T.);
#6043=EDGE_CURVE('',#4870,#4869,#2650,.T.);
#6044=EDGE_CURVE('',#4863,#4870,#2651,.T.);
#6045=EDGE_CURVE('',#4871,#4870,#2652,.T.);
#6046=EDGE_CURVE('',#4864,#4871,#2653,.T.);
#6047=EDGE_CURVE('',#4872,#4871,#2654,.T.);
#6048=EDGE_CURVE('',#4857,#4872,#2655,.T.);
#6049=EDGE_CURVE('',#4865,#4872,#2656,.T.);
#6050=EDGE_CURVE('',#4873,#4874,#2657,.T.);
#6051=EDGE_CURVE('',#4874,#4875,#2658,.T.);
#6052=EDGE_CURVE('',#4875,#4876,#2659,.T.);
#6053=EDGE_CURVE('',#4876,#4877,#2660,.T.);
#6054=EDGE_CURVE('',#4877,#4878,#2661,.T.);
#6055=EDGE_CURVE('',#4878,#4879,#2662,.T.);
#6056=EDGE_CURVE('',#4879,#4880,#2663,.T.);
#6057=EDGE_CURVE('',#4880,#4873,#2664,.T.);
#6058=EDGE_CURVE('',#4881,#4874,#2665,.T.);
#6059=EDGE_CURVE('',#4882,#4881,#2666,.T.);
#6060=EDGE_CURVE('',#4875,#4882,#2667,.T.);
#6061=EDGE_CURVE('',#4883,#4882,#2668,.T.);
#6062=EDGE_CURVE('',#4876,#4883,#2669,.T.);
#6063=EDGE_CURVE('',#4884,#4883,#2670,.T.);
#6064=EDGE_CURVE('',#4877,#4884,#2671,.T.);
#6065=EDGE_CURVE('',#4885,#4884,#2672,.T.);
#6066=EDGE_CURVE('',#4878,#4885,#2673,.T.);
#6067=EDGE_CURVE('',#4886,#4885,#2674,.T.);
#6068=EDGE_CURVE('',#4879,#4886,#2675,.T.);
#6069=EDGE_CURVE('',#4887,#4886,#2676,.T.);
#6070=EDGE_CURVE('',#4880,#4887,#2677,.T.);
#6071=EDGE_CURVE('',#4888,#4887,#2678,.T.);
#6072=EDGE_CURVE('',#4873,#4888,#2679,.T.);
#6073=EDGE_CURVE('',#4881,#4888,#2680,.T.);
#6074=EDGE_CURVE('',#4889,#4890,#2681,.T.);
#6075=EDGE_CURVE('',#4890,#4891,#2682,.T.);
#6076=EDGE_CURVE('',#4891,#4892,#2683,.T.);
#6077=EDGE_CURVE('',#4892,#4893,#2684,.T.);
#6078=EDGE_CURVE('',#4893,#4894,#2685,.T.);
#6079=EDGE_CURVE('',#4894,#4895,#2686,.T.);
#6080=EDGE_CURVE('',#4895,#4896,#2687,.T.);
#6081=EDGE_CURVE('',#4896,#4889,#2688,.T.);
#6082=EDGE_CURVE('',#4897,#4890,#2689,.T.);
#6083=EDGE_CURVE('',#4898,#4897,#2690,.T.);
#6084=EDGE_CURVE('',#4891,#4898,#2691,.T.);
#6085=EDGE_CURVE('',#4899,#4898,#2692,.T.);
#6086=EDGE_CURVE('',#4892,#4899,#2693,.T.);
#6087=EDGE_CURVE('',#4900,#4899,#2694,.T.);
#6088=EDGE_CURVE('',#4893,#4900,#2695,.T.);
#6089=EDGE_CURVE('',#4901,#4900,#2696,.T.);
#6090=EDGE_CURVE('',#4894,#4901,#2697,.T.);
#6091=EDGE_CURVE('',#4902,#4901,#2698,.T.);
#6092=EDGE_CURVE('',#4895,#4902,#2699,.T.);
#6093=EDGE_CURVE('',#4903,#4902,#2700,.T.);
#6094=EDGE_CURVE('',#4896,#4903,#2701,.T.);
#6095=EDGE_CURVE('',#4904,#4903,#2702,.T.);
#6096=EDGE_CURVE('',#4889,#4904,#2703,.T.);
#6097=EDGE_CURVE('',#4897,#4904,#2704,.T.);
#6098=EDGE_CURVE('',#4905,#4906,#2705,.T.);
#6099=EDGE_CURVE('',#4906,#4907,#2706,.T.);
#6100=EDGE_CURVE('',#4907,#4908,#2707,.T.);
#6101=EDGE_CURVE('',#4908,#4909,#2708,.T.);
#6102=EDGE_CURVE('',#4909,#4910,#2709,.T.);
#6103=EDGE_CURVE('',#4910,#4911,#2710,.T.);
#6104=EDGE_CURVE('',#4911,#4912,#2711,.T.);
#6105=EDGE_CURVE('',#4912,#4905,#2712,.T.);
#6106=EDGE_CURVE('',#4913,#4906,#2713,.T.);
#6107=EDGE_CURVE('',#4914,#4913,#2714,.T.);
#6108=EDGE_CURVE('',#4907,#4914,#2715,.T.);
#6109=EDGE_CURVE('',#4915,#4914,#2716,.T.);
#6110=EDGE_CURVE('',#4908,#4915,#2717,.T.);
#6111=EDGE_CURVE('',#4916,#4915,#2718,.T.);
#6112=EDGE_CURVE('',#4909,#4916,#2719,.T.);
#6113=EDGE_CURVE('',#4917,#4916,#2720,.T.);
#6114=EDGE_CURVE('',#4910,#4917,#2721,.T.);
#6115=EDGE_CURVE('',#4918,#4917,#2722,.T.);
#6116=EDGE_CURVE('',#4911,#4918,#2723,.T.);
#6117=EDGE_CURVE('',#4919,#4918,#2724,.T.);
#6118=EDGE_CURVE('',#4912,#4919,#2725,.T.);
#6119=EDGE_CURVE('',#4920,#4919,#2726,.T.);
#6120=EDGE_CURVE('',#4905,#4920,#2727,.T.);
#6121=EDGE_CURVE('',#4913,#4920,#2728,.T.);
#6122=EDGE_CURVE('',#4921,#4922,#2729,.T.);
#6123=EDGE_CURVE('',#4922,#4923,#2730,.T.);
#6124=EDGE_CURVE('',#4923,#4924,#2731,.T.);
#6125=EDGE_CURVE('',#4924,#4925,#2732,.T.);
#6126=EDGE_CURVE('',#4925,#4926,#2733,.T.);
#6127=EDGE_CURVE('',#4926,#4927,#2734,.T.);
#6128=EDGE_CURVE('',#4927,#4928,#2735,.T.);
#6129=EDGE_CURVE('',#4928,#4921,#2736,.T.);
#6130=EDGE_CURVE('',#4929,#4922,#2737,.T.);
#6131=EDGE_CURVE('',#4930,#4929,#2738,.T.);
#6132=EDGE_CURVE('',#4923,#4930,#2739,.T.);
#6133=EDGE_CURVE('',#4931,#4930,#2740,.T.);
#6134=EDGE_CURVE('',#4924,#4931,#2741,.T.);
#6135=EDGE_CURVE('',#4932,#4931,#2742,.T.);
#6136=EDGE_CURVE('',#4925,#4932,#2743,.T.);
#6137=EDGE_CURVE('',#4933,#4932,#2744,.T.);
#6138=EDGE_CURVE('',#4926,#4933,#2745,.T.);
#6139=EDGE_CURVE('',#4934,#4933,#2746,.T.);
#6140=EDGE_CURVE('',#4927,#4934,#2747,.T.);
#6141=EDGE_CURVE('',#4935,#4934,#2748,.T.);
#6142=EDGE_CURVE('',#4928,#4935,#2749,.T.);
#6143=EDGE_CURVE('',#4936,#4935,#2750,.T.);
#6144=EDGE_CURVE('',#4921,#4936,#2751,.T.);
#6145=EDGE_CURVE('',#4929,#4936,#2752,.T.);
#6146=EDGE_CURVE('',#4937,#4938,#2753,.T.);
#6147=EDGE_CURVE('',#4938,#4939,#2754,.T.);
#6148=EDGE_CURVE('',#4939,#4940,#2755,.T.);
#6149=EDGE_CURVE('',#4940,#4941,#2756,.T.);
#6150=EDGE_CURVE('',#4941,#4942,#2757,.T.);
#6151=EDGE_CURVE('',#4942,#4943,#2758,.T.);
#6152=EDGE_CURVE('',#4943,#4944,#2759,.T.);
#6153=EDGE_CURVE('',#4944,#4937,#2760,.T.);
#6154=EDGE_CURVE('',#4945,#4938,#2761,.T.);
#6155=EDGE_CURVE('',#4946,#4945,#2762,.T.);
#6156=EDGE_CURVE('',#4939,#4946,#2763,.T.);
#6157=EDGE_CURVE('',#4947,#4946,#2764,.T.);
#6158=EDGE_CURVE('',#4940,#4947,#2765,.T.);
#6159=EDGE_CURVE('',#4948,#4947,#2766,.T.);
#6160=EDGE_CURVE('',#4941,#4948,#2767,.T.);
#6161=EDGE_CURVE('',#4949,#4948,#2768,.T.);
#6162=EDGE_CURVE('',#4942,#4949,#2769,.T.);
#6163=EDGE_CURVE('',#4950,#4949,#2770,.T.);
#6164=EDGE_CURVE('',#4943,#4950,#2771,.T.);
#6165=EDGE_CURVE('',#4951,#4950,#2772,.T.);
#6166=EDGE_CURVE('',#4944,#4951,#2773,.T.);
#6167=EDGE_CURVE('',#4952,#4951,#2774,.T.);
#6168=EDGE_CURVE('',#4937,#4952,#2775,.T.);
#6169=EDGE_CURVE('',#4945,#4952,#2776,.T.);
#6170=EDGE_CURVE('',#4953,#4954,#2777,.T.);
#6171=EDGE_CURVE('',#4954,#4955,#2778,.T.);
#6172=EDGE_CURVE('',#4955,#4956,#2779,.T.);
#6173=EDGE_CURVE('',#4956,#4957,#2780,.T.);
#6174=EDGE_CURVE('',#4957,#4958,#2781,.T.);
#6175=EDGE_CURVE('',#4958,#4959,#2782,.T.);
#6176=EDGE_CURVE('',#4959,#4960,#2783,.T.);
#6177=EDGE_CURVE('',#4960,#4953,#2784,.T.);
#6178=EDGE_CURVE('',#4961,#4954,#2785,.T.);
#6179=EDGE_CURVE('',#4962,#4961,#2786,.T.);
#6180=EDGE_CURVE('',#4955,#4962,#2787,.T.);
#6181=EDGE_CURVE('',#4963,#4962,#2788,.T.);
#6182=EDGE_CURVE('',#4956,#4963,#2789,.T.);
#6183=EDGE_CURVE('',#4964,#4963,#2790,.T.);
#6184=EDGE_CURVE('',#4957,#4964,#2791,.T.);
#6185=EDGE_CURVE('',#4965,#4964,#2792,.T.);
#6186=EDGE_CURVE('',#4958,#4965,#2793,.T.);
#6187=EDGE_CURVE('',#4966,#4965,#2794,.T.);
#6188=EDGE_CURVE('',#4959,#4966,#2795,.T.);
#6189=EDGE_CURVE('',#4967,#4966,#2796,.T.);
#6190=EDGE_CURVE('',#4960,#4967,#2797,.T.);
#6191=EDGE_CURVE('',#4968,#4967,#2798,.T.);
#6192=EDGE_CURVE('',#4953,#4968,#2799,.T.);
#6193=EDGE_CURVE('',#4961,#4968,#2800,.T.);
#6194=EDGE_CURVE('',#4969,#4970,#2801,.T.);
#6195=EDGE_CURVE('',#4970,#4971,#2802,.T.);
#6196=EDGE_CURVE('',#4971,#4972,#2803,.T.);
#6197=EDGE_CURVE('',#4972,#4973,#2804,.T.);
#6198=EDGE_CURVE('',#4973,#4974,#2805,.T.);
#6199=EDGE_CURVE('',#4974,#4975,#2806,.T.);
#6200=EDGE_CURVE('',#4975,#4976,#2807,.T.);
#6201=EDGE_CURVE('',#4976,#4969,#2808,.T.);
#6202=EDGE_CURVE('',#4977,#4970,#2809,.T.);
#6203=EDGE_CURVE('',#4978,#4977,#2810,.T.);
#6204=EDGE_CURVE('',#4971,#4978,#2811,.T.);
#6205=EDGE_CURVE('',#4979,#4978,#2812,.T.);
#6206=EDGE_CURVE('',#4972,#4979,#2813,.T.);
#6207=EDGE_CURVE('',#4980,#4979,#2814,.T.);
#6208=EDGE_CURVE('',#4973,#4980,#2815,.T.);
#6209=EDGE_CURVE('',#4981,#4980,#2816,.T.);
#6210=EDGE_CURVE('',#4974,#4981,#2817,.T.);
#6211=EDGE_CURVE('',#4982,#4981,#2818,.T.);
#6212=EDGE_CURVE('',#4975,#4982,#2819,.T.);
#6213=EDGE_CURVE('',#4983,#4982,#2820,.T.);
#6214=EDGE_CURVE('',#4976,#4983,#2821,.T.);
#6215=EDGE_CURVE('',#4984,#4983,#2822,.T.);
#6216=EDGE_CURVE('',#4969,#4984,#2823,.T.);
#6217=EDGE_CURVE('',#4977,#4984,#2824,.T.);
#6218=EDGE_CURVE('',#4985,#4986,#2825,.T.);
#6219=EDGE_CURVE('',#4986,#4987,#2826,.T.);
#6220=EDGE_CURVE('',#4987,#4988,#2827,.T.);
#6221=EDGE_CURVE('',#4988,#4989,#2828,.T.);
#6222=EDGE_CURVE('',#4989,#4990,#2829,.T.);
#6223=EDGE_CURVE('',#4990,#4991,#2830,.T.);
#6224=EDGE_CURVE('',#4991,#4992,#2831,.T.);
#6225=EDGE_CURVE('',#4992,#4985,#2832,.T.);
#6226=EDGE_CURVE('',#4993,#4986,#2833,.T.);
#6227=EDGE_CURVE('',#4994,#4993,#2834,.T.);
#6228=EDGE_CURVE('',#4987,#4994,#2835,.T.);
#6229=EDGE_CURVE('',#4995,#4994,#2836,.T.);
#6230=EDGE_CURVE('',#4988,#4995,#2837,.T.);
#6231=EDGE_CURVE('',#4996,#4995,#2838,.T.);
#6232=EDGE_CURVE('',#4989,#4996,#2839,.T.);
#6233=EDGE_CURVE('',#4997,#4996,#2840,.T.);
#6234=EDGE_CURVE('',#4990,#4997,#2841,.T.);
#6235=EDGE_CURVE('',#4998,#4997,#2842,.T.);
#6236=EDGE_CURVE('',#4991,#4998,#2843,.T.);
#6237=EDGE_CURVE('',#4999,#4998,#2844,.T.);
#6238=EDGE_CURVE('',#4992,#4999,#2845,.T.);
#6239=EDGE_CURVE('',#5000,#4999,#2846,.T.);
#6240=EDGE_CURVE('',#4985,#5000,#2847,.T.);
#6241=EDGE_CURVE('',#4993,#5000,#2848,.T.);
#6242=EDGE_CURVE('',#5001,#5002,#2849,.T.);
#6243=EDGE_CURVE('',#5002,#5003,#2850,.T.);
#6244=EDGE_CURVE('',#5003,#5004,#2851,.T.);
#6245=EDGE_CURVE('',#5004,#5005,#2852,.T.);
#6246=EDGE_CURVE('',#5005,#5006,#2853,.T.);
#6247=EDGE_CURVE('',#5006,#5007,#2854,.T.);
#6248=EDGE_CURVE('',#5007,#5008,#2855,.T.);
#6249=EDGE_CURVE('',#5008,#5001,#2856,.T.);
#6250=EDGE_CURVE('',#5009,#5002,#2857,.T.);
#6251=EDGE_CURVE('',#5010,#5009,#2858,.T.);
#6252=EDGE_CURVE('',#5003,#5010,#2859,.T.);
#6253=EDGE_CURVE('',#5011,#5010,#2860,.T.);
#6254=EDGE_CURVE('',#5004,#5011,#2861,.T.);
#6255=EDGE_CURVE('',#5012,#5011,#2862,.T.);
#6256=EDGE_CURVE('',#5005,#5012,#2863,.T.);
#6257=EDGE_CURVE('',#5013,#5012,#2864,.T.);
#6258=EDGE_CURVE('',#5006,#5013,#2865,.T.);
#6259=EDGE_CURVE('',#5014,#5013,#2866,.T.);
#6260=EDGE_CURVE('',#5007,#5014,#2867,.T.);
#6261=EDGE_CURVE('',#5015,#5014,#2868,.T.);
#6262=EDGE_CURVE('',#5008,#5015,#2869,.T.);
#6263=EDGE_CURVE('',#5016,#5015,#2870,.T.);
#6264=EDGE_CURVE('',#5001,#5016,#2871,.T.);
#6265=EDGE_CURVE('',#5009,#5016,#2872,.T.);
#6266=EDGE_CURVE('',#5017,#5018,#2873,.T.);
#6267=EDGE_CURVE('',#5018,#5019,#2874,.T.);
#6268=EDGE_CURVE('',#5019,#5020,#2875,.T.);
#6269=EDGE_CURVE('',#5020,#5021,#2876,.T.);
#6270=EDGE_CURVE('',#5021,#5022,#2877,.T.);
#6271=EDGE_CURVE('',#5022,#5023,#2878,.T.);
#6272=EDGE_CURVE('',#5023,#5024,#2879,.T.);
#6273=EDGE_CURVE('',#5024,#5017,#2880,.T.);
#6274=EDGE_CURVE('',#5025,#5018,#2881,.T.);
#6275=EDGE_CURVE('',#5026,#5025,#2882,.T.);
#6276=EDGE_CURVE('',#5019,#5026,#2883,.T.);
#6277=EDGE_CURVE('',#5027,#5026,#2884,.T.);
#6278=EDGE_CURVE('',#5020,#5027,#2885,.T.);
#6279=EDGE_CURVE('',#5028,#5027,#2886,.T.);
#6280=EDGE_CURVE('',#5021,#5028,#2887,.T.);
#6281=EDGE_CURVE('',#5029,#5028,#2888,.T.);
#6282=EDGE_CURVE('',#5022,#5029,#2889,.T.);
#6283=EDGE_CURVE('',#5030,#5029,#2890,.T.);
#6284=EDGE_CURVE('',#5023,#5030,#2891,.T.);
#6285=EDGE_CURVE('',#5031,#5030,#2892,.T.);
#6286=EDGE_CURVE('',#5024,#5031,#2893,.T.);
#6287=EDGE_CURVE('',#5032,#5031,#2894,.T.);
#6288=EDGE_CURVE('',#5017,#5032,#2895,.T.);
#6289=EDGE_CURVE('',#5025,#5032,#2896,.T.);
#6290=EDGE_CURVE('',#5033,#5034,#2897,.T.);
#6291=EDGE_CURVE('',#5034,#5035,#2898,.T.);
#6292=EDGE_CURVE('',#5035,#5036,#2899,.T.);
#6293=EDGE_CURVE('',#5036,#5037,#2900,.T.);
#6294=EDGE_CURVE('',#5037,#5038,#2901,.T.);
#6295=EDGE_CURVE('',#5038,#5039,#2902,.T.);
#6296=EDGE_CURVE('',#5039,#5040,#2903,.T.);
#6297=EDGE_CURVE('',#5040,#5033,#2904,.T.);
#6298=EDGE_CURVE('',#5041,#5034,#2905,.T.);
#6299=EDGE_CURVE('',#5042,#5041,#2906,.T.);
#6300=EDGE_CURVE('',#5035,#5042,#2907,.T.);
#6301=EDGE_CURVE('',#5043,#5042,#2908,.T.);
#6302=EDGE_CURVE('',#5036,#5043,#2909,.T.);
#6303=EDGE_CURVE('',#5044,#5043,#2910,.T.);
#6304=EDGE_CURVE('',#5037,#5044,#2911,.T.);
#6305=EDGE_CURVE('',#5045,#5044,#2912,.T.);
#6306=EDGE_CURVE('',#5038,#5045,#2913,.T.);
#6307=EDGE_CURVE('',#5046,#5045,#2914,.T.);
#6308=EDGE_CURVE('',#5039,#5046,#2915,.T.);
#6309=EDGE_CURVE('',#5047,#5046,#2916,.T.);
#6310=EDGE_CURVE('',#5040,#5047,#2917,.T.);
#6311=EDGE_CURVE('',#5048,#5047,#2918,.T.);
#6312=EDGE_CURVE('',#5033,#5048,#2919,.T.);
#6313=EDGE_CURVE('',#5041,#5048,#2920,.T.);
#6314=EDGE_CURVE('',#5049,#5050,#2921,.T.);
#6315=EDGE_CURVE('',#5049,#5051,#2922,.T.);
#6316=EDGE_CURVE('',#5052,#5051,#2923,.T.);
#6317=EDGE_CURVE('',#5050,#5052,#2924,.T.);
#6318=EDGE_CURVE('',#5050,#5053,#4223,.T.);
#6319=EDGE_CURVE('',#5054,#5052,#4224,.T.);
#6320=EDGE_CURVE('',#5053,#5054,#2925,.T.);
#6321=EDGE_CURVE('',#5053,#5049,#2926,.T.);
#6322=EDGE_CURVE('',#5051,#5054,#2927,.T.);
#6323=EDGE_CURVE('',#5055,#5056,#2928,.T.);
#6324=EDGE_CURVE('',#5056,#5057,#4225,.T.);
#6325=EDGE_CURVE('',#5057,#5055,#2929,.T.);
#6326=EDGE_CURVE('',#5058,#5059,#2930,.T.);
#6327=EDGE_CURVE('',#5059,#5060,#2931,.T.);
#6328=EDGE_CURVE('',#5060,#5058,#4226,.T.);
#6329=EDGE_CURVE('',#5055,#5059,#2932,.T.);
#6330=EDGE_CURVE('',#5056,#5058,#2933,.T.);
#6331=EDGE_CURVE('',#5057,#5060,#2934,.T.);
#6332=EDGE_CURVE('',#5061,#5062,#2935,.T.);
#6333=EDGE_CURVE('',#5061,#5063,#2936,.T.);
#6334=EDGE_CURVE('',#5064,#5063,#2937,.T.);
#6335=EDGE_CURVE('',#5062,#5064,#2938,.T.);
#6336=EDGE_CURVE('',#5062,#5065,#4227,.T.);
#6337=EDGE_CURVE('',#5066,#5064,#4228,.T.);
#6338=EDGE_CURVE('',#5065,#5066,#2939,.T.);
#6339=EDGE_CURVE('',#5065,#5061,#2940,.T.);
#6340=EDGE_CURVE('',#5063,#5066,#2941,.T.);
#6341=EDGE_CURVE('',#5067,#5068,#2942,.T.);
#6342=EDGE_CURVE('',#5068,#5069,#2943,.T.);
#6343=EDGE_CURVE('',#5069,#5067,#4229,.T.);
#6344=EDGE_CURVE('',#5070,#5071,#2944,.T.);
#6345=EDGE_CURVE('',#5071,#5072,#4230,.T.);
#6346=EDGE_CURVE('',#5072,#5070,#2945,.T.);
#6347=EDGE_CURVE('',#5067,#5071,#2946,.T.);
#6348=EDGE_CURVE('',#5068,#5070,#2947,.T.);
#6349=EDGE_CURVE('',#5069,#5072,#2948,.T.);
#6350=EDGE_CURVE('',#5073,#5074,#17,.T.);
#6351=EDGE_CURVE('',#5074,#5075,#4231,.T.);
#6352=EDGE_CURVE('',#5075,#5076,#18,.T.);
#6353=EDGE_CURVE('',#5076,#5077,#19,.T.);
#6354=EDGE_CURVE('',#5077,#5078,#20,.T.);
#6355=EDGE_CURVE('',#5078,#5079,#21,.T.);
#6356=EDGE_CURVE('',#5079,#5080,#4232,.T.);
#6357=EDGE_CURVE('',#5080,#5081,#4233,.T.);
#6358=EDGE_CURVE('',#5081,#5082,#22,.T.);
#6359=EDGE_CURVE('',#5082,#5073,#23,.T.);
#6360=EDGE_CURVE('',#5076,#5083,#24,.T.);
#6361=EDGE_CURVE('',#5083,#5084,#4234,.T.);
#6362=EDGE_CURVE('',#5084,#5085,#25,.T.);
#6363=EDGE_CURVE('',#5085,#5086,#26,.T.);
#6364=EDGE_CURVE('',#5086,#5077,#4235,.T.);
#6365=EDGE_CURVE('',#5075,#5074,#2949,.T.);
#6366=EDGE_CURVE('',#5087,#5073,#27,.T.);
#6367=EDGE_CURVE('',#5083,#5087,#2950,.T.);
#6368=EDGE_CURVE('',#5082,#5088,#4236,.T.);
#6369=EDGE_CURVE('',#5088,#5089,#28,.T.);
#6370=EDGE_CURVE('',#5087,#5089,#4237,.T.);
#6371=EDGE_CURVE('',#5089,#5084,#2951,.T.);
#6372=EDGE_CURVE('',#5086,#5078,#29,.T.);
#6373=EDGE_CURVE('',#5090,#5081,#30,.F.);
#6374=EDGE_CURVE('',#5090,#5088,#31,.T.);
#6375=EDGE_CURVE('',#5090,#5091,#4238,.T.);
#6376=EDGE_CURVE('',#5091,#5092,#32,.F.);
#6377=EDGE_CURVE('',#5092,#5085,#33,.T.);
#6378=EDGE_CURVE('',#5084,#5089,#4239,.F.);
#6379=EDGE_CURVE('',#5091,#5079,#2952,.T.);
#6380=EDGE_CURVE('',#5080,#5093,#2953,.T.);
#6381=EDGE_CURVE('',#5093,#5093,#4240,.T.);
#6382=EDGE_CURVE('',#5094,#5095,#2954,.T.);
#6383=EDGE_CURVE('',#5094,#5096,#2955,.T.);
#6384=EDGE_CURVE('',#5097,#5096,#2956,.T.);
#6385=EDGE_CURVE('',#5095,#5097,#2957,.T.);
#6386=EDGE_CURVE('',#5095,#5098,#2958,.T.);
#6387=EDGE_CURVE('',#5099,#5097,#2959,.T.);
#6388=EDGE_CURVE('',#5098,#5099,#2960,.T.);
#6389=EDGE_CURVE('',#5098,#5100,#2961,.T.);
#6390=EDGE_CURVE('',#5101,#5099,#2962,.T.);
#6391=EDGE_CURVE('',#5100,#5101,#2963,.T.);
#6392=EDGE_CURVE('',#5100,#5094,#2964,.T.);
#6393=EDGE_CURVE('',#5096,#5101,#2965,.T.);
#6394=ORIENTED_EDGE('',*,*,#5102,.F.);
#6395=ORIENTED_EDGE('',*,*,#5103,.T.);
#6396=ORIENTED_EDGE('',*,*,#5104,.F.);
#6397=ORIENTED_EDGE('',*,*,#5103,.F.);
#6398=ORIENTED_EDGE('',*,*,#5105,.F.);
#6399=ORIENTED_EDGE('',*,*,#5106,.T.);
#6400=ORIENTED_EDGE('',*,*,#5107,.F.);
#6401=ORIENTED_EDGE('',*,*,#5106,.F.);
#6402=ORIENTED_EDGE('',*,*,#5108,.F.);
#6403=ORIENTED_EDGE('',*,*,#5109,.T.);
#6404=ORIENTED_EDGE('',*,*,#5110,.F.);
#6405=ORIENTED_EDGE('',*,*,#5109,.F.);
#6406=ORIENTED_EDGE('',*,*,#5111,.F.);
#6407=ORIENTED_EDGE('',*,*,#5112,.T.);
#6408=ORIENTED_EDGE('',*,*,#5113,.F.);
#6409=ORIENTED_EDGE('',*,*,#5112,.F.);
#6410=ORIENTED_EDGE('',*,*,#5114,.F.);
#6411=ORIENTED_EDGE('',*,*,#5115,.T.);
#6412=ORIENTED_EDGE('',*,*,#5116,.F.);
#6413=ORIENTED_EDGE('',*,*,#5115,.F.);
#6414=ORIENTED_EDGE('',*,*,#5117,.F.);
#6415=ORIENTED_EDGE('',*,*,#5118,.T.);
#6416=ORIENTED_EDGE('',*,*,#5119,.F.);
#6417=ORIENTED_EDGE('',*,*,#5118,.F.);
#6418=ORIENTED_EDGE('',*,*,#5120,.F.);
#6419=ORIENTED_EDGE('',*,*,#5121,.T.);
#6420=ORIENTED_EDGE('',*,*,#5122,.F.);
#6421=ORIENTED_EDGE('',*,*,#5121,.F.);
#6422=ORIENTED_EDGE('',*,*,#5123,.F.);
#6423=ORIENTED_EDGE('',*,*,#5124,.T.);
#6424=ORIENTED_EDGE('',*,*,#5125,.F.);
#6425=ORIENTED_EDGE('',*,*,#5124,.F.);
#6426=ORIENTED_EDGE('',*,*,#5126,.F.);
#6427=ORIENTED_EDGE('',*,*,#5127,.T.);
#6428=ORIENTED_EDGE('',*,*,#5128,.F.);
#6429=ORIENTED_EDGE('',*,*,#5127,.F.);
#6430=ORIENTED_EDGE('',*,*,#5129,.F.);
#6431=ORIENTED_EDGE('',*,*,#5130,.T.);
#6432=ORIENTED_EDGE('',*,*,#5131,.F.);
#6433=ORIENTED_EDGE('',*,*,#5130,.F.);
#6434=ORIENTED_EDGE('',*,*,#5132,.F.);
#6435=ORIENTED_EDGE('',*,*,#5133,.T.);
#6436=ORIENTED_EDGE('',*,*,#5134,.F.);
#6437=ORIENTED_EDGE('',*,*,#5133,.F.);
#6438=ORIENTED_EDGE('',*,*,#5135,.F.);
#6439=ORIENTED_EDGE('',*,*,#5136,.T.);
#6440=ORIENTED_EDGE('',*,*,#5137,.F.);
#6441=ORIENTED_EDGE('',*,*,#5136,.F.);
#6442=ORIENTED_EDGE('',*,*,#5138,.F.);
#6443=ORIENTED_EDGE('',*,*,#5139,.T.);
#6444=ORIENTED_EDGE('',*,*,#5140,.F.);
#6445=ORIENTED_EDGE('',*,*,#5139,.F.);
#6446=ORIENTED_EDGE('',*,*,#5141,.F.);
#6447=ORIENTED_EDGE('',*,*,#5142,.T.);
#6448=ORIENTED_EDGE('',*,*,#5143,.F.);
#6449=ORIENTED_EDGE('',*,*,#5142,.F.);
#6450=ORIENTED_EDGE('',*,*,#5144,.F.);
#6451=ORIENTED_EDGE('',*,*,#5145,.T.);
#6452=ORIENTED_EDGE('',*,*,#5146,.F.);
#6453=ORIENTED_EDGE('',*,*,#5145,.F.);
#6454=ORIENTED_EDGE('',*,*,#5147,.F.);
#6455=ORIENTED_EDGE('',*,*,#5148,.T.);
#6456=ORIENTED_EDGE('',*,*,#5149,.F.);
#6457=ORIENTED_EDGE('',*,*,#5148,.F.);
#6458=ORIENTED_EDGE('',*,*,#5150,.T.);
#6459=ORIENTED_EDGE('',*,*,#5151,.T.);
#6460=ORIENTED_EDGE('',*,*,#5152,.F.);
#6461=ORIENTED_EDGE('',*,*,#5153,.F.);
#6462=ORIENTED_EDGE('',*,*,#5154,.T.);
#6463=ORIENTED_EDGE('',*,*,#5153,.T.);
#6464=ORIENTED_EDGE('',*,*,#5155,.F.);
#6465=ORIENTED_EDGE('',*,*,#5156,.F.);
#6466=ORIENTED_EDGE('',*,*,#5157,.T.);
#6467=ORIENTED_EDGE('',*,*,#5156,.T.);
#6468=ORIENTED_EDGE('',*,*,#5158,.F.);
#6469=ORIENTED_EDGE('',*,*,#5159,.F.);
#6470=ORIENTED_EDGE('',*,*,#5160,.T.);
#6471=ORIENTED_EDGE('',*,*,#5159,.T.);
#6472=ORIENTED_EDGE('',*,*,#5161,.F.);
#6473=ORIENTED_EDGE('',*,*,#5151,.F.);
#6474=ORIENTED_EDGE('',*,*,#5161,.T.);
#6475=ORIENTED_EDGE('',*,*,#5158,.T.);
#6476=ORIENTED_EDGE('',*,*,#5155,.T.);
#6477=ORIENTED_EDGE('',*,*,#5152,.T.);
#6478=ORIENTED_EDGE('',*,*,#5104,.T.);
#6479=ORIENTED_EDGE('',*,*,#5107,.T.);
#6480=ORIENTED_EDGE('',*,*,#5110,.T.);
#6481=ORIENTED_EDGE('',*,*,#5113,.T.);
#6482=ORIENTED_EDGE('',*,*,#5116,.T.);
#6483=ORIENTED_EDGE('',*,*,#5119,.T.);
#6484=ORIENTED_EDGE('',*,*,#5122,.T.);
#6485=ORIENTED_EDGE('',*,*,#5125,.T.);
#6486=ORIENTED_EDGE('',*,*,#5128,.T.);
#6487=ORIENTED_EDGE('',*,*,#5131,.T.);
#6488=ORIENTED_EDGE('',*,*,#5134,.T.);
#6489=ORIENTED_EDGE('',*,*,#5137,.T.);
#6490=ORIENTED_EDGE('',*,*,#5140,.T.);
#6491=ORIENTED_EDGE('',*,*,#5143,.T.);
#6492=ORIENTED_EDGE('',*,*,#5146,.T.);
#6493=ORIENTED_EDGE('',*,*,#5149,.T.);
#6494=ORIENTED_EDGE('',*,*,#5160,.F.);
#6495=ORIENTED_EDGE('',*,*,#5150,.F.);
#6496=ORIENTED_EDGE('',*,*,#5154,.F.);
#6497=ORIENTED_EDGE('',*,*,#5157,.F.);
#6498=ORIENTED_EDGE('',*,*,#5102,.T.);
#6499=ORIENTED_EDGE('',*,*,#5105,.T.);
#6500=ORIENTED_EDGE('',*,*,#5108,.T.);
#6501=ORIENTED_EDGE('',*,*,#5111,.T.);
#6502=ORIENTED_EDGE('',*,*,#5114,.T.);
#6503=ORIENTED_EDGE('',*,*,#5117,.T.);
#6504=ORIENTED_EDGE('',*,*,#5120,.T.);
#6505=ORIENTED_EDGE('',*,*,#5123,.T.);
#6506=ORIENTED_EDGE('',*,*,#5126,.T.);
#6507=ORIENTED_EDGE('',*,*,#5129,.T.);
#6508=ORIENTED_EDGE('',*,*,#5132,.T.);
#6509=ORIENTED_EDGE('',*,*,#5135,.T.);
#6510=ORIENTED_EDGE('',*,*,#5138,.T.);
#6511=ORIENTED_EDGE('',*,*,#5141,.T.);
#6512=ORIENTED_EDGE('',*,*,#5144,.T.);
#6513=ORIENTED_EDGE('',*,*,#5147,.T.);
#6514=ORIENTED_EDGE('',*,*,#5162,.T.);
#6515=ORIENTED_EDGE('',*,*,#5163,.T.);
#6516=ORIENTED_EDGE('',*,*,#5164,.F.);
#6517=ORIENTED_EDGE('',*,*,#5165,.F.);
#6518=ORIENTED_EDGE('',*,*,#5166,.T.);
#6519=ORIENTED_EDGE('',*,*,#5165,.T.);
#6520=ORIENTED_EDGE('',*,*,#5167,.F.);
#6521=ORIENTED_EDGE('',*,*,#5168,.F.);
#6522=ORIENTED_EDGE('',*,*,#5169,.T.);
#6523=ORIENTED_EDGE('',*,*,#5168,.T.);
#6524=ORIENTED_EDGE('',*,*,#5170,.F.);
#6525=ORIENTED_EDGE('',*,*,#5171,.F.);
#6526=ORIENTED_EDGE('',*,*,#5172,.T.);
#6527=ORIENTED_EDGE('',*,*,#5171,.T.);
#6528=ORIENTED_EDGE('',*,*,#5173,.F.);
#6529=ORIENTED_EDGE('',*,*,#5174,.F.);
#6530=ORIENTED_EDGE('',*,*,#5175,.T.);
#6531=ORIENTED_EDGE('',*,*,#5174,.T.);
#6532=ORIENTED_EDGE('',*,*,#5176,.F.);
#6533=ORIENTED_EDGE('',*,*,#5177,.F.);
#6534=ORIENTED_EDGE('',*,*,#5178,.T.);
#6535=ORIENTED_EDGE('',*,*,#5177,.T.);
#6536=ORIENTED_EDGE('',*,*,#5179,.F.);
#6537=ORIENTED_EDGE('',*,*,#5180,.F.);
#6538=ORIENTED_EDGE('',*,*,#5181,.T.);
#6539=ORIENTED_EDGE('',*,*,#5180,.T.);
#6540=ORIENTED_EDGE('',*,*,#5182,.F.);
#6541=ORIENTED_EDGE('',*,*,#5183,.F.);
#6542=ORIENTED_EDGE('',*,*,#5184,.T.);
#6543=ORIENTED_EDGE('',*,*,#5183,.T.);
#6544=ORIENTED_EDGE('',*,*,#5185,.F.);
#6545=ORIENTED_EDGE('',*,*,#5163,.F.);
#6546=ORIENTED_EDGE('',*,*,#5186,.F.);
#6547=ORIENTED_EDGE('',*,*,#5187,.T.);
#6548=ORIENTED_EDGE('',*,*,#5188,.F.);
#6549=ORIENTED_EDGE('',*,*,#5189,.F.);
#6550=ORIENTED_EDGE('',*,*,#5190,.T.);
#6551=ORIENTED_EDGE('',*,*,#5189,.T.);
#6552=ORIENTED_EDGE('',*,*,#5191,.F.);
#6553=ORIENTED_EDGE('',*,*,#5192,.F.);
#6554=ORIENTED_EDGE('',*,*,#5193,.T.);
#6555=ORIENTED_EDGE('',*,*,#5192,.T.);
#6556=ORIENTED_EDGE('',*,*,#5194,.F.);
#6557=ORIENTED_EDGE('',*,*,#5195,.F.);
#6558=ORIENTED_EDGE('',*,*,#5196,.T.);
#6559=ORIENTED_EDGE('',*,*,#5195,.T.);
#6560=ORIENTED_EDGE('',*,*,#5197,.F.);
#6561=ORIENTED_EDGE('',*,*,#5198,.F.);
#6562=ORIENTED_EDGE('',*,*,#5199,.T.);
#6563=ORIENTED_EDGE('',*,*,#5198,.T.);
#6564=ORIENTED_EDGE('',*,*,#5200,.F.);
#6565=ORIENTED_EDGE('',*,*,#5201,.F.);
#6566=ORIENTED_EDGE('',*,*,#5202,.T.);
#6567=ORIENTED_EDGE('',*,*,#5201,.T.);
#6568=ORIENTED_EDGE('',*,*,#5203,.F.);
#6569=ORIENTED_EDGE('',*,*,#5204,.F.);
#6570=ORIENTED_EDGE('',*,*,#5205,.T.);
#6571=ORIENTED_EDGE('',*,*,#5204,.T.);
#6572=ORIENTED_EDGE('',*,*,#5206,.F.);
#6573=ORIENTED_EDGE('',*,*,#5207,.F.);
#6574=ORIENTED_EDGE('',*,*,#5208,.T.);
#6575=ORIENTED_EDGE('',*,*,#5207,.T.);
#6576=ORIENTED_EDGE('',*,*,#5209,.F.);
#6577=ORIENTED_EDGE('',*,*,#5187,.F.);
#6578=ORIENTED_EDGE('',*,*,#5209,.T.);
#6579=ORIENTED_EDGE('',*,*,#5206,.T.);
#6580=ORIENTED_EDGE('',*,*,#5203,.T.);
#6581=ORIENTED_EDGE('',*,*,#5200,.T.);
#6582=ORIENTED_EDGE('',*,*,#5197,.T.);
#6583=ORIENTED_EDGE('',*,*,#5194,.T.);
#6584=ORIENTED_EDGE('',*,*,#5191,.T.);
#6585=ORIENTED_EDGE('',*,*,#5188,.T.);
#6586=ORIENTED_EDGE('',*,*,#5185,.T.);
#6587=ORIENTED_EDGE('',*,*,#5182,.T.);
#6588=ORIENTED_EDGE('',*,*,#5179,.T.);
#6589=ORIENTED_EDGE('',*,*,#5176,.T.);
#6590=ORIENTED_EDGE('',*,*,#5173,.T.);
#6591=ORIENTED_EDGE('',*,*,#5170,.T.);
#6592=ORIENTED_EDGE('',*,*,#5167,.T.);
#6593=ORIENTED_EDGE('',*,*,#5164,.T.);
#6594=ORIENTED_EDGE('',*,*,#5208,.F.);
#6595=ORIENTED_EDGE('',*,*,#5186,.T.);
#6596=ORIENTED_EDGE('',*,*,#5190,.F.);
#6597=ORIENTED_EDGE('',*,*,#5193,.F.);
#6598=ORIENTED_EDGE('',*,*,#5196,.F.);
#6599=ORIENTED_EDGE('',*,*,#5199,.F.);
#6600=ORIENTED_EDGE('',*,*,#5202,.F.);
#6601=ORIENTED_EDGE('',*,*,#5205,.F.);
#6602=ORIENTED_EDGE('',*,*,#5184,.F.);
#6603=ORIENTED_EDGE('',*,*,#5162,.F.);
#6604=ORIENTED_EDGE('',*,*,#5166,.F.);
#6605=ORIENTED_EDGE('',*,*,#5169,.F.);
#6606=ORIENTED_EDGE('',*,*,#5172,.F.);
#6607=ORIENTED_EDGE('',*,*,#5175,.F.);
#6608=ORIENTED_EDGE('',*,*,#5178,.F.);
#6609=ORIENTED_EDGE('',*,*,#5181,.F.);
#6610=ORIENTED_EDGE('',*,*,#5210,.T.);
#6611=ORIENTED_EDGE('',*,*,#5211,.T.);
#6612=ORIENTED_EDGE('',*,*,#5212,.F.);
#6613=ORIENTED_EDGE('',*,*,#5213,.F.);
#6614=ORIENTED_EDGE('',*,*,#5214,.T.);
#6615=ORIENTED_EDGE('',*,*,#5213,.T.);
#6616=ORIENTED_EDGE('',*,*,#5215,.F.);
#6617=ORIENTED_EDGE('',*,*,#5216,.F.);
#6618=ORIENTED_EDGE('',*,*,#5217,.T.);
#6619=ORIENTED_EDGE('',*,*,#5216,.T.);
#6620=ORIENTED_EDGE('',*,*,#5218,.F.);
#6621=ORIENTED_EDGE('',*,*,#5219,.F.);
#6622=ORIENTED_EDGE('',*,*,#5220,.T.);
#6623=ORIENTED_EDGE('',*,*,#5219,.T.);
#6624=ORIENTED_EDGE('',*,*,#5221,.F.);
#6625=ORIENTED_EDGE('',*,*,#5222,.F.);
#6626=ORIENTED_EDGE('',*,*,#5223,.T.);
#6627=ORIENTED_EDGE('',*,*,#5222,.T.);
#6628=ORIENTED_EDGE('',*,*,#5224,.F.);
#6629=ORIENTED_EDGE('',*,*,#5225,.F.);
#6630=ORIENTED_EDGE('',*,*,#5226,.T.);
#6631=ORIENTED_EDGE('',*,*,#5225,.T.);
#6632=ORIENTED_EDGE('',*,*,#5227,.F.);
#6633=ORIENTED_EDGE('',*,*,#5228,.F.);
#6634=ORIENTED_EDGE('',*,*,#5229,.T.);
#6635=ORIENTED_EDGE('',*,*,#5228,.T.);
#6636=ORIENTED_EDGE('',*,*,#5230,.F.);
#6637=ORIENTED_EDGE('',*,*,#5231,.F.);
#6638=ORIENTED_EDGE('',*,*,#5232,.T.);
#6639=ORIENTED_EDGE('',*,*,#5231,.T.);
#6640=ORIENTED_EDGE('',*,*,#5233,.F.);
#6641=ORIENTED_EDGE('',*,*,#5211,.F.);
#6642=ORIENTED_EDGE('',*,*,#5234,.F.);
#6643=ORIENTED_EDGE('',*,*,#5235,.T.);
#6644=ORIENTED_EDGE('',*,*,#5236,.F.);
#6645=ORIENTED_EDGE('',*,*,#5237,.F.);
#6646=ORIENTED_EDGE('',*,*,#5238,.T.);
#6647=ORIENTED_EDGE('',*,*,#5237,.T.);
#6648=ORIENTED_EDGE('',*,*,#5239,.F.);
#6649=ORIENTED_EDGE('',*,*,#5240,.F.);
#6650=ORIENTED_EDGE('',*,*,#5241,.T.);
#6651=ORIENTED_EDGE('',*,*,#5240,.T.);
#6652=ORIENTED_EDGE('',*,*,#5242,.F.);
#6653=ORIENTED_EDGE('',*,*,#5243,.F.);
#6654=ORIENTED_EDGE('',*,*,#5244,.T.);
#6655=ORIENTED_EDGE('',*,*,#5243,.T.);
#6656=ORIENTED_EDGE('',*,*,#5245,.F.);
#6657=ORIENTED_EDGE('',*,*,#5246,.F.);
#6658=ORIENTED_EDGE('',*,*,#5247,.T.);
#6659=ORIENTED_EDGE('',*,*,#5246,.T.);
#6660=ORIENTED_EDGE('',*,*,#5248,.F.);
#6661=ORIENTED_EDGE('',*,*,#5249,.F.);
#6662=ORIENTED_EDGE('',*,*,#5250,.T.);
#6663=ORIENTED_EDGE('',*,*,#5249,.T.);
#6664=ORIENTED_EDGE('',*,*,#5251,.F.);
#6665=ORIENTED_EDGE('',*,*,#5252,.F.);
#6666=ORIENTED_EDGE('',*,*,#5253,.T.);
#6667=ORIENTED_EDGE('',*,*,#5252,.T.);
#6668=ORIENTED_EDGE('',*,*,#5254,.F.);
#6669=ORIENTED_EDGE('',*,*,#5255,.F.);
#6670=ORIENTED_EDGE('',*,*,#5256,.T.);
#6671=ORIENTED_EDGE('',*,*,#5255,.T.);
#6672=ORIENTED_EDGE('',*,*,#5257,.F.);
#6673=ORIENTED_EDGE('',*,*,#5235,.F.);
#6674=ORIENTED_EDGE('',*,*,#5257,.T.);
#6675=ORIENTED_EDGE('',*,*,#5254,.T.);
#6676=ORIENTED_EDGE('',*,*,#5251,.T.);
#6677=ORIENTED_EDGE('',*,*,#5248,.T.);
#6678=ORIENTED_EDGE('',*,*,#5245,.T.);
#6679=ORIENTED_EDGE('',*,*,#5242,.T.);
#6680=ORIENTED_EDGE('',*,*,#5239,.T.);
#6681=ORIENTED_EDGE('',*,*,#5236,.T.);
#6682=ORIENTED_EDGE('',*,*,#5233,.T.);
#6683=ORIENTED_EDGE('',*,*,#5230,.T.);
#6684=ORIENTED_EDGE('',*,*,#5227,.T.);
#6685=ORIENTED_EDGE('',*,*,#5224,.T.);
#6686=ORIENTED_EDGE('',*,*,#5221,.T.);
#6687=ORIENTED_EDGE('',*,*,#5218,.T.);
#6688=ORIENTED_EDGE('',*,*,#5215,.T.);
#6689=ORIENTED_EDGE('',*,*,#5212,.T.);
#6690=ORIENTED_EDGE('',*,*,#5256,.F.);
#6691=ORIENTED_EDGE('',*,*,#5234,.T.);
#6692=ORIENTED_EDGE('',*,*,#5238,.F.);
#6693=ORIENTED_EDGE('',*,*,#5241,.F.);
#6694=ORIENTED_EDGE('',*,*,#5244,.F.);
#6695=ORIENTED_EDGE('',*,*,#5247,.F.);
#6696=ORIENTED_EDGE('',*,*,#5250,.F.);
#6697=ORIENTED_EDGE('',*,*,#5253,.F.);
#6698=ORIENTED_EDGE('',*,*,#5232,.F.);
#6699=ORIENTED_EDGE('',*,*,#5210,.F.);
#6700=ORIENTED_EDGE('',*,*,#5214,.F.);
#6701=ORIENTED_EDGE('',*,*,#5217,.F.);
#6702=ORIENTED_EDGE('',*,*,#5220,.F.);
#6703=ORIENTED_EDGE('',*,*,#5223,.F.);
#6704=ORIENTED_EDGE('',*,*,#5226,.F.);
#6705=ORIENTED_EDGE('',*,*,#5229,.F.);
#6706=ORIENTED_EDGE('',*,*,#5258,.T.);
#6707=ORIENTED_EDGE('',*,*,#5259,.T.);
#6708=ORIENTED_EDGE('',*,*,#5260,.F.);
#6709=ORIENTED_EDGE('',*,*,#5261,.F.);
#6710=ORIENTED_EDGE('',*,*,#5262,.T.);
#6711=ORIENTED_EDGE('',*,*,#5261,.T.);
#6712=ORIENTED_EDGE('',*,*,#5263,.F.);
#6713=ORIENTED_EDGE('',*,*,#5264,.F.);
#6714=ORIENTED_EDGE('',*,*,#5265,.T.);
#6715=ORIENTED_EDGE('',*,*,#5264,.T.);
#6716=ORIENTED_EDGE('',*,*,#5266,.F.);
#6717=ORIENTED_EDGE('',*,*,#5267,.F.);
#6718=ORIENTED_EDGE('',*,*,#5268,.T.);
#6719=ORIENTED_EDGE('',*,*,#5267,.T.);
#6720=ORIENTED_EDGE('',*,*,#5269,.F.);
#6721=ORIENTED_EDGE('',*,*,#5270,.F.);
#6722=ORIENTED_EDGE('',*,*,#5271,.T.);
#6723=ORIENTED_EDGE('',*,*,#5270,.T.);
#6724=ORIENTED_EDGE('',*,*,#5272,.F.);
#6725=ORIENTED_EDGE('',*,*,#5273,.F.);
#6726=ORIENTED_EDGE('',*,*,#5274,.T.);
#6727=ORIENTED_EDGE('',*,*,#5273,.T.);
#6728=ORIENTED_EDGE('',*,*,#5275,.F.);
#6729=ORIENTED_EDGE('',*,*,#5276,.F.);
#6730=ORIENTED_EDGE('',*,*,#5277,.T.);
#6731=ORIENTED_EDGE('',*,*,#5276,.T.);
#6732=ORIENTED_EDGE('',*,*,#5278,.F.);
#6733=ORIENTED_EDGE('',*,*,#5279,.F.);
#6734=ORIENTED_EDGE('',*,*,#5280,.T.);
#6735=ORIENTED_EDGE('',*,*,#5279,.T.);
#6736=ORIENTED_EDGE('',*,*,#5281,.F.);
#6737=ORIENTED_EDGE('',*,*,#5259,.F.);
#6738=ORIENTED_EDGE('',*,*,#5282,.F.);
#6739=ORIENTED_EDGE('',*,*,#5283,.T.);
#6740=ORIENTED_EDGE('',*,*,#5284,.F.);
#6741=ORIENTED_EDGE('',*,*,#5285,.F.);
#6742=ORIENTED_EDGE('',*,*,#5286,.F.);
#6743=ORIENTED_EDGE('',*,*,#5285,.T.);
#6744=ORIENTED_EDGE('',*,*,#5287,.F.);
#6745=ORIENTED_EDGE('',*,*,#5288,.F.);
#6746=ORIENTED_EDGE('',*,*,#5289,.F.);
#6747=ORIENTED_EDGE('',*,*,#5288,.T.);
#6748=ORIENTED_EDGE('',*,*,#5290,.F.);
#6749=ORIENTED_EDGE('',*,*,#5291,.F.);
#6750=ORIENTED_EDGE('',*,*,#5292,.F.);
#6751=ORIENTED_EDGE('',*,*,#5291,.T.);
#6752=ORIENTED_EDGE('',*,*,#5293,.F.);
#6753=ORIENTED_EDGE('',*,*,#5294,.F.);
#6754=ORIENTED_EDGE('',*,*,#5295,.F.);
#6755=ORIENTED_EDGE('',*,*,#5294,.T.);
#6756=ORIENTED_EDGE('',*,*,#5296,.F.);
#6757=ORIENTED_EDGE('',*,*,#5297,.F.);
#6758=ORIENTED_EDGE('',*,*,#5298,.F.);
#6759=ORIENTED_EDGE('',*,*,#5297,.T.);
#6760=ORIENTED_EDGE('',*,*,#5299,.F.);
#6761=ORIENTED_EDGE('',*,*,#5300,.F.);
#6762=ORIENTED_EDGE('',*,*,#5301,.F.);
#6763=ORIENTED_EDGE('',*,*,#5300,.T.);
#6764=ORIENTED_EDGE('',*,*,#5302,.F.);
#6765=ORIENTED_EDGE('',*,*,#5303,.F.);
#6766=ORIENTED_EDGE('',*,*,#5304,.T.);
#6767=ORIENTED_EDGE('',*,*,#5303,.T.);
#6768=ORIENTED_EDGE('',*,*,#5305,.F.);
#6769=ORIENTED_EDGE('',*,*,#5283,.F.);
#6770=ORIENTED_EDGE('',*,*,#5305,.T.);
#6771=ORIENTED_EDGE('',*,*,#5302,.T.);
#6772=ORIENTED_EDGE('',*,*,#5299,.T.);
#6773=ORIENTED_EDGE('',*,*,#5296,.T.);
#6774=ORIENTED_EDGE('',*,*,#5293,.T.);
#6775=ORIENTED_EDGE('',*,*,#5290,.T.);
#6776=ORIENTED_EDGE('',*,*,#5287,.T.);
#6777=ORIENTED_EDGE('',*,*,#5284,.T.);
#6778=ORIENTED_EDGE('',*,*,#5281,.T.);
#6779=ORIENTED_EDGE('',*,*,#5278,.T.);
#6780=ORIENTED_EDGE('',*,*,#5275,.T.);
#6781=ORIENTED_EDGE('',*,*,#5272,.T.);
#6782=ORIENTED_EDGE('',*,*,#5269,.T.);
#6783=ORIENTED_EDGE('',*,*,#5266,.T.);
#6784=ORIENTED_EDGE('',*,*,#5263,.T.);
#6785=ORIENTED_EDGE('',*,*,#5260,.T.);
#6786=ORIENTED_EDGE('',*,*,#5304,.F.);
#6787=ORIENTED_EDGE('',*,*,#5282,.T.);
#6788=ORIENTED_EDGE('',*,*,#5286,.T.);
#6789=ORIENTED_EDGE('',*,*,#5289,.T.);
#6790=ORIENTED_EDGE('',*,*,#5292,.T.);
#6791=ORIENTED_EDGE('',*,*,#5295,.T.);
#6792=ORIENTED_EDGE('',*,*,#5298,.T.);
#6793=ORIENTED_EDGE('',*,*,#5301,.T.);
#6794=ORIENTED_EDGE('',*,*,#5280,.F.);
#6795=ORIENTED_EDGE('',*,*,#5258,.F.);
#6796=ORIENTED_EDGE('',*,*,#5262,.F.);
#6797=ORIENTED_EDGE('',*,*,#5265,.F.);
#6798=ORIENTED_EDGE('',*,*,#5268,.F.);
#6799=ORIENTED_EDGE('',*,*,#5271,.F.);
#6800=ORIENTED_EDGE('',*,*,#5274,.F.);
#6801=ORIENTED_EDGE('',*,*,#5277,.F.);
#6802=ORIENTED_EDGE('',*,*,#5306,.T.);
#6803=ORIENTED_EDGE('',*,*,#5307,.T.);
#6804=ORIENTED_EDGE('',*,*,#5308,.F.);
#6805=ORIENTED_EDGE('',*,*,#5309,.F.);
#6806=ORIENTED_EDGE('',*,*,#5310,.T.);
#6807=ORIENTED_EDGE('',*,*,#5309,.T.);
#6808=ORIENTED_EDGE('',*,*,#5311,.F.);
#6809=ORIENTED_EDGE('',*,*,#5312,.F.);
#6810=ORIENTED_EDGE('',*,*,#5313,.T.);
#6811=ORIENTED_EDGE('',*,*,#5312,.T.);
#6812=ORIENTED_EDGE('',*,*,#5314,.F.);
#6813=ORIENTED_EDGE('',*,*,#5315,.F.);
#6814=ORIENTED_EDGE('',*,*,#5316,.T.);
#6815=ORIENTED_EDGE('',*,*,#5315,.T.);
#6816=ORIENTED_EDGE('',*,*,#5317,.F.);
#6817=ORIENTED_EDGE('',*,*,#5318,.F.);
#6818=ORIENTED_EDGE('',*,*,#5319,.T.);
#6819=ORIENTED_EDGE('',*,*,#5318,.T.);
#6820=ORIENTED_EDGE('',*,*,#5320,.F.);
#6821=ORIENTED_EDGE('',*,*,#5321,.F.);
#6822=ORIENTED_EDGE('',*,*,#5322,.T.);
#6823=ORIENTED_EDGE('',*,*,#5321,.T.);
#6824=ORIENTED_EDGE('',*,*,#5323,.F.);
#6825=ORIENTED_EDGE('',*,*,#5324,.F.);
#6826=ORIENTED_EDGE('',*,*,#5325,.T.);
#6827=ORIENTED_EDGE('',*,*,#5324,.T.);
#6828=ORIENTED_EDGE('',*,*,#5326,.F.);
#6829=ORIENTED_EDGE('',*,*,#5327,.F.);
#6830=ORIENTED_EDGE('',*,*,#5328,.T.);
#6831=ORIENTED_EDGE('',*,*,#5327,.T.);
#6832=ORIENTED_EDGE('',*,*,#5329,.F.);
#6833=ORIENTED_EDGE('',*,*,#5307,.F.);
#6834=ORIENTED_EDGE('',*,*,#5330,.F.);
#6835=ORIENTED_EDGE('',*,*,#5331,.T.);
#6836=ORIENTED_EDGE('',*,*,#5332,.F.);
#6837=ORIENTED_EDGE('',*,*,#5333,.F.);
#6838=ORIENTED_EDGE('',*,*,#5334,.F.);
#6839=ORIENTED_EDGE('',*,*,#5333,.T.);
#6840=ORIENTED_EDGE('',*,*,#5335,.F.);
#6841=ORIENTED_EDGE('',*,*,#5336,.F.);
#6842=ORIENTED_EDGE('',*,*,#5337,.F.);
#6843=ORIENTED_EDGE('',*,*,#5336,.T.);
#6844=ORIENTED_EDGE('',*,*,#5338,.F.);
#6845=ORIENTED_EDGE('',*,*,#5339,.F.);
#6846=ORIENTED_EDGE('',*,*,#5340,.F.);
#6847=ORIENTED_EDGE('',*,*,#5339,.T.);
#6848=ORIENTED_EDGE('',*,*,#5341,.F.);
#6849=ORIENTED_EDGE('',*,*,#5342,.F.);
#6850=ORIENTED_EDGE('',*,*,#5343,.F.);
#6851=ORIENTED_EDGE('',*,*,#5342,.T.);
#6852=ORIENTED_EDGE('',*,*,#5344,.F.);
#6853=ORIENTED_EDGE('',*,*,#5345,.F.);
#6854=ORIENTED_EDGE('',*,*,#5346,.F.);
#6855=ORIENTED_EDGE('',*,*,#5345,.T.);
#6856=ORIENTED_EDGE('',*,*,#5347,.F.);
#6857=ORIENTED_EDGE('',*,*,#5348,.F.);
#6858=ORIENTED_EDGE('',*,*,#5349,.F.);
#6859=ORIENTED_EDGE('',*,*,#5348,.T.);
#6860=ORIENTED_EDGE('',*,*,#5350,.F.);
#6861=ORIENTED_EDGE('',*,*,#5351,.F.);
#6862=ORIENTED_EDGE('',*,*,#5352,.T.);
#6863=ORIENTED_EDGE('',*,*,#5351,.T.);
#6864=ORIENTED_EDGE('',*,*,#5353,.F.);
#6865=ORIENTED_EDGE('',*,*,#5331,.F.);
#6866=ORIENTED_EDGE('',*,*,#5353,.T.);
#6867=ORIENTED_EDGE('',*,*,#5350,.T.);
#6868=ORIENTED_EDGE('',*,*,#5347,.T.);
#6869=ORIENTED_EDGE('',*,*,#5344,.T.);
#6870=ORIENTED_EDGE('',*,*,#5341,.T.);
#6871=ORIENTED_EDGE('',*,*,#5338,.T.);
#6872=ORIENTED_EDGE('',*,*,#5335,.T.);
#6873=ORIENTED_EDGE('',*,*,#5332,.T.);
#6874=ORIENTED_EDGE('',*,*,#5329,.T.);
#6875=ORIENTED_EDGE('',*,*,#5326,.T.);
#6876=ORIENTED_EDGE('',*,*,#5323,.T.);
#6877=ORIENTED_EDGE('',*,*,#5320,.T.);
#6878=ORIENTED_EDGE('',*,*,#5317,.T.);
#6879=ORIENTED_EDGE('',*,*,#5314,.T.);
#6880=ORIENTED_EDGE('',*,*,#5311,.T.);
#6881=ORIENTED_EDGE('',*,*,#5308,.T.);
#6882=ORIENTED_EDGE('',*,*,#5352,.F.);
#6883=ORIENTED_EDGE('',*,*,#5330,.T.);
#6884=ORIENTED_EDGE('',*,*,#5334,.T.);
#6885=ORIENTED_EDGE('',*,*,#5337,.T.);
#6886=ORIENTED_EDGE('',*,*,#5340,.T.);
#6887=ORIENTED_EDGE('',*,*,#5343,.T.);
#6888=ORIENTED_EDGE('',*,*,#5346,.T.);
#6889=ORIENTED_EDGE('',*,*,#5349,.T.);
#6890=ORIENTED_EDGE('',*,*,#5328,.F.);
#6891=ORIENTED_EDGE('',*,*,#5306,.F.);
#6892=ORIENTED_EDGE('',*,*,#5310,.F.);
#6893=ORIENTED_EDGE('',*,*,#5313,.F.);
#6894=ORIENTED_EDGE('',*,*,#5316,.F.);
#6895=ORIENTED_EDGE('',*,*,#5319,.F.);
#6896=ORIENTED_EDGE('',*,*,#5322,.F.);
#6897=ORIENTED_EDGE('',*,*,#5325,.F.);
#6898=ORIENTED_EDGE('',*,*,#5354,.T.);
#6899=ORIENTED_EDGE('',*,*,#5355,.T.);
#6900=ORIENTED_EDGE('',*,*,#5356,.F.);
#6901=ORIENTED_EDGE('',*,*,#5357,.F.);
#6902=ORIENTED_EDGE('',*,*,#5358,.T.);
#6903=ORIENTED_EDGE('',*,*,#5357,.T.);
#6904=ORIENTED_EDGE('',*,*,#5359,.F.);
#6905=ORIENTED_EDGE('',*,*,#5360,.F.);
#6906=ORIENTED_EDGE('',*,*,#5361,.T.);
#6907=ORIENTED_EDGE('',*,*,#5360,.T.);
#6908=ORIENTED_EDGE('',*,*,#5362,.F.);
#6909=ORIENTED_EDGE('',*,*,#5363,.F.);
#6910=ORIENTED_EDGE('',*,*,#5364,.T.);
#6911=ORIENTED_EDGE('',*,*,#5363,.T.);
#6912=ORIENTED_EDGE('',*,*,#5365,.F.);
#6913=ORIENTED_EDGE('',*,*,#5366,.F.);
#6914=ORIENTED_EDGE('',*,*,#5367,.T.);
#6915=ORIENTED_EDGE('',*,*,#5366,.T.);
#6916=ORIENTED_EDGE('',*,*,#5368,.F.);
#6917=ORIENTED_EDGE('',*,*,#5369,.F.);
#6918=ORIENTED_EDGE('',*,*,#5370,.T.);
#6919=ORIENTED_EDGE('',*,*,#5369,.T.);
#6920=ORIENTED_EDGE('',*,*,#5371,.F.);
#6921=ORIENTED_EDGE('',*,*,#5372,.F.);
#6922=ORIENTED_EDGE('',*,*,#5373,.T.);
#6923=ORIENTED_EDGE('',*,*,#5372,.T.);
#6924=ORIENTED_EDGE('',*,*,#5374,.F.);
#6925=ORIENTED_EDGE('',*,*,#5375,.F.);
#6926=ORIENTED_EDGE('',*,*,#5376,.T.);
#6927=ORIENTED_EDGE('',*,*,#5375,.T.);
#6928=ORIENTED_EDGE('',*,*,#5377,.F.);
#6929=ORIENTED_EDGE('',*,*,#5355,.F.);
#6930=ORIENTED_EDGE('',*,*,#5378,.F.);
#6931=ORIENTED_EDGE('',*,*,#5379,.T.);
#6932=ORIENTED_EDGE('',*,*,#5380,.F.);
#6933=ORIENTED_EDGE('',*,*,#5381,.F.);
#6934=ORIENTED_EDGE('',*,*,#5382,.F.);
#6935=ORIENTED_EDGE('',*,*,#5381,.T.);
#6936=ORIENTED_EDGE('',*,*,#5383,.F.);
#6937=ORIENTED_EDGE('',*,*,#5384,.F.);
#6938=ORIENTED_EDGE('',*,*,#5385,.F.);
#6939=ORIENTED_EDGE('',*,*,#5384,.T.);
#6940=ORIENTED_EDGE('',*,*,#5386,.F.);
#6941=ORIENTED_EDGE('',*,*,#5387,.F.);
#6942=ORIENTED_EDGE('',*,*,#5388,.F.);
#6943=ORIENTED_EDGE('',*,*,#5387,.T.);
#6944=ORIENTED_EDGE('',*,*,#5389,.F.);
#6945=ORIENTED_EDGE('',*,*,#5390,.F.);
#6946=ORIENTED_EDGE('',*,*,#5391,.F.);
#6947=ORIENTED_EDGE('',*,*,#5390,.T.);
#6948=ORIENTED_EDGE('',*,*,#5392,.F.);
#6949=ORIENTED_EDGE('',*,*,#5393,.F.);
#6950=ORIENTED_EDGE('',*,*,#5394,.F.);
#6951=ORIENTED_EDGE('',*,*,#5393,.T.);
#6952=ORIENTED_EDGE('',*,*,#5395,.F.);
#6953=ORIENTED_EDGE('',*,*,#5396,.F.);
#6954=ORIENTED_EDGE('',*,*,#5397,.F.);
#6955=ORIENTED_EDGE('',*,*,#5396,.T.);
#6956=ORIENTED_EDGE('',*,*,#5398,.F.);
#6957=ORIENTED_EDGE('',*,*,#5399,.F.);
#6958=ORIENTED_EDGE('',*,*,#5400,.T.);
#6959=ORIENTED_EDGE('',*,*,#5399,.T.);
#6960=ORIENTED_EDGE('',*,*,#5401,.F.);
#6961=ORIENTED_EDGE('',*,*,#5379,.F.);
#6962=ORIENTED_EDGE('',*,*,#5401,.T.);
#6963=ORIENTED_EDGE('',*,*,#5398,.T.);
#6964=ORIENTED_EDGE('',*,*,#5395,.T.);
#6965=ORIENTED_EDGE('',*,*,#5392,.T.);
#6966=ORIENTED_EDGE('',*,*,#5389,.T.);
#6967=ORIENTED_EDGE('',*,*,#5386,.T.);
#6968=ORIENTED_EDGE('',*,*,#5383,.T.);
#6969=ORIENTED_EDGE('',*,*,#5380,.T.);
#6970=ORIENTED_EDGE('',*,*,#5377,.T.);
#6971=ORIENTED_EDGE('',*,*,#5374,.T.);
#6972=ORIENTED_EDGE('',*,*,#5371,.T.);
#6973=ORIENTED_EDGE('',*,*,#5368,.T.);
#6974=ORIENTED_EDGE('',*,*,#5365,.T.);
#6975=ORIENTED_EDGE('',*,*,#5362,.T.);
#6976=ORIENTED_EDGE('',*,*,#5359,.T.);
#6977=ORIENTED_EDGE('',*,*,#5356,.T.);
#6978=ORIENTED_EDGE('',*,*,#5400,.F.);
#6979=ORIENTED_EDGE('',*,*,#5378,.T.);
#6980=ORIENTED_EDGE('',*,*,#5382,.T.);
#6981=ORIENTED_EDGE('',*,*,#5385,.T.);
#6982=ORIENTED_EDGE('',*,*,#5388,.T.);
#6983=ORIENTED_EDGE('',*,*,#5391,.T.);
#6984=ORIENTED_EDGE('',*,*,#5394,.T.);
#6985=ORIENTED_EDGE('',*,*,#5397,.T.);
#6986=ORIENTED_EDGE('',*,*,#5376,.F.);
#6987=ORIENTED_EDGE('',*,*,#5354,.F.);
#6988=ORIENTED_EDGE('',*,*,#5358,.F.);
#6989=ORIENTED_EDGE('',*,*,#5361,.F.);
#6990=ORIENTED_EDGE('',*,*,#5364,.F.);
#6991=ORIENTED_EDGE('',*,*,#5367,.F.);
#6992=ORIENTED_EDGE('',*,*,#5370,.F.);
#6993=ORIENTED_EDGE('',*,*,#5373,.F.);
#6994=ORIENTED_EDGE('',*,*,#5402,.T.);
#6995=ORIENTED_EDGE('',*,*,#5403,.T.);
#6996=ORIENTED_EDGE('',*,*,#5404,.F.);
#6997=ORIENTED_EDGE('',*,*,#5405,.F.);
#6998=ORIENTED_EDGE('',*,*,#5406,.T.);
#6999=ORIENTED_EDGE('',*,*,#5405,.T.);
#7000=ORIENTED_EDGE('',*,*,#5407,.F.);
#7001=ORIENTED_EDGE('',*,*,#5408,.F.);
#7002=ORIENTED_EDGE('',*,*,#5409,.T.);
#7003=ORIENTED_EDGE('',*,*,#5408,.T.);
#7004=ORIENTED_EDGE('',*,*,#5410,.F.);
#7005=ORIENTED_EDGE('',*,*,#5411,.F.);
#7006=ORIENTED_EDGE('',*,*,#5412,.T.);
#7007=ORIENTED_EDGE('',*,*,#5411,.T.);
#7008=ORIENTED_EDGE('',*,*,#5413,.F.);
#7009=ORIENTED_EDGE('',*,*,#5414,.F.);
#7010=ORIENTED_EDGE('',*,*,#5415,.T.);
#7011=ORIENTED_EDGE('',*,*,#5414,.T.);
#7012=ORIENTED_EDGE('',*,*,#5416,.F.);
#7013=ORIENTED_EDGE('',*,*,#5417,.F.);
#7014=ORIENTED_EDGE('',*,*,#5418,.T.);
#7015=ORIENTED_EDGE('',*,*,#5417,.T.);
#7016=ORIENTED_EDGE('',*,*,#5419,.F.);
#7017=ORIENTED_EDGE('',*,*,#5420,.F.);
#7018=ORIENTED_EDGE('',*,*,#5421,.T.);
#7019=ORIENTED_EDGE('',*,*,#5420,.T.);
#7020=ORIENTED_EDGE('',*,*,#5422,.F.);
#7021=ORIENTED_EDGE('',*,*,#5423,.F.);
#7022=ORIENTED_EDGE('',*,*,#5424,.T.);
#7023=ORIENTED_EDGE('',*,*,#5423,.T.);
#7024=ORIENTED_EDGE('',*,*,#5425,.F.);
#7025=ORIENTED_EDGE('',*,*,#5403,.F.);
#7026=ORIENTED_EDGE('',*,*,#5426,.F.);
#7027=ORIENTED_EDGE('',*,*,#5427,.T.);
#7028=ORIENTED_EDGE('',*,*,#5428,.F.);
#7029=ORIENTED_EDGE('',*,*,#5429,.F.);
#7030=ORIENTED_EDGE('',*,*,#5430,.F.);
#7031=ORIENTED_EDGE('',*,*,#5429,.T.);
#7032=ORIENTED_EDGE('',*,*,#5431,.F.);
#7033=ORIENTED_EDGE('',*,*,#5432,.F.);
#7034=ORIENTED_EDGE('',*,*,#5433,.F.);
#7035=ORIENTED_EDGE('',*,*,#5432,.T.);
#7036=ORIENTED_EDGE('',*,*,#5434,.F.);
#7037=ORIENTED_EDGE('',*,*,#5435,.F.);
#7038=ORIENTED_EDGE('',*,*,#5436,.F.);
#7039=ORIENTED_EDGE('',*,*,#5435,.T.);
#7040=ORIENTED_EDGE('',*,*,#5437,.F.);
#7041=ORIENTED_EDGE('',*,*,#5438,.F.);
#7042=ORIENTED_EDGE('',*,*,#5439,.F.);
#7043=ORIENTED_EDGE('',*,*,#5438,.T.);
#7044=ORIENTED_EDGE('',*,*,#5440,.F.);
#7045=ORIENTED_EDGE('',*,*,#5441,.F.);
#7046=ORIENTED_EDGE('',*,*,#5442,.F.);
#7047=ORIENTED_EDGE('',*,*,#5441,.T.);
#7048=ORIENTED_EDGE('',*,*,#5443,.F.);
#7049=ORIENTED_EDGE('',*,*,#5444,.F.);
#7050=ORIENTED_EDGE('',*,*,#5445,.F.);
#7051=ORIENTED_EDGE('',*,*,#5444,.T.);
#7052=ORIENTED_EDGE('',*,*,#5446,.F.);
#7053=ORIENTED_EDGE('',*,*,#5447,.F.);
#7054=ORIENTED_EDGE('',*,*,#5448,.T.);
#7055=ORIENTED_EDGE('',*,*,#5447,.T.);
#7056=ORIENTED_EDGE('',*,*,#5449,.F.);
#7057=ORIENTED_EDGE('',*,*,#5427,.F.);
#7058=ORIENTED_EDGE('',*,*,#5449,.T.);
#7059=ORIENTED_EDGE('',*,*,#5446,.T.);
#7060=ORIENTED_EDGE('',*,*,#5443,.T.);
#7061=ORIENTED_EDGE('',*,*,#5440,.T.);
#7062=ORIENTED_EDGE('',*,*,#5437,.T.);
#7063=ORIENTED_EDGE('',*,*,#5434,.T.);
#7064=ORIENTED_EDGE('',*,*,#5431,.T.);
#7065=ORIENTED_EDGE('',*,*,#5428,.T.);
#7066=ORIENTED_EDGE('',*,*,#5425,.T.);
#7067=ORIENTED_EDGE('',*,*,#5422,.T.);
#7068=ORIENTED_EDGE('',*,*,#5419,.T.);
#7069=ORIENTED_EDGE('',*,*,#5416,.T.);
#7070=ORIENTED_EDGE('',*,*,#5413,.T.);
#7071=ORIENTED_EDGE('',*,*,#5410,.T.);
#7072=ORIENTED_EDGE('',*,*,#5407,.T.);
#7073=ORIENTED_EDGE('',*,*,#5404,.T.);
#7074=ORIENTED_EDGE('',*,*,#5448,.F.);
#7075=ORIENTED_EDGE('',*,*,#5426,.T.);
#7076=ORIENTED_EDGE('',*,*,#5430,.T.);
#7077=ORIENTED_EDGE('',*,*,#5433,.T.);
#7078=ORIENTED_EDGE('',*,*,#5436,.T.);
#7079=ORIENTED_EDGE('',*,*,#5439,.T.);
#7080=ORIENTED_EDGE('',*,*,#5442,.T.);
#7081=ORIENTED_EDGE('',*,*,#5445,.T.);
#7082=ORIENTED_EDGE('',*,*,#5424,.F.);
#7083=ORIENTED_EDGE('',*,*,#5402,.F.);
#7084=ORIENTED_EDGE('',*,*,#5406,.F.);
#7085=ORIENTED_EDGE('',*,*,#5409,.F.);
#7086=ORIENTED_EDGE('',*,*,#5412,.F.);
#7087=ORIENTED_EDGE('',*,*,#5415,.F.);
#7088=ORIENTED_EDGE('',*,*,#5418,.F.);
#7089=ORIENTED_EDGE('',*,*,#5421,.F.);
#7090=ORIENTED_EDGE('',*,*,#5450,.T.);
#7091=ORIENTED_EDGE('',*,*,#5451,.T.);
#7092=ORIENTED_EDGE('',*,*,#5452,.F.);
#7093=ORIENTED_EDGE('',*,*,#5453,.F.);
#7094=ORIENTED_EDGE('',*,*,#5454,.T.);
#7095=ORIENTED_EDGE('',*,*,#5453,.T.);
#7096=ORIENTED_EDGE('',*,*,#5455,.F.);
#7097=ORIENTED_EDGE('',*,*,#5456,.F.);
#7098=ORIENTED_EDGE('',*,*,#5457,.T.);
#7099=ORIENTED_EDGE('',*,*,#5456,.T.);
#7100=ORIENTED_EDGE('',*,*,#5458,.F.);
#7101=ORIENTED_EDGE('',*,*,#5459,.F.);
#7102=ORIENTED_EDGE('',*,*,#5460,.T.);
#7103=ORIENTED_EDGE('',*,*,#5459,.T.);
#7104=ORIENTED_EDGE('',*,*,#5461,.F.);
#7105=ORIENTED_EDGE('',*,*,#5462,.F.);
#7106=ORIENTED_EDGE('',*,*,#5463,.T.);
#7107=ORIENTED_EDGE('',*,*,#5462,.T.);
#7108=ORIENTED_EDGE('',*,*,#5464,.F.);
#7109=ORIENTED_EDGE('',*,*,#5465,.F.);
#7110=ORIENTED_EDGE('',*,*,#5466,.T.);
#7111=ORIENTED_EDGE('',*,*,#5465,.T.);
#7112=ORIENTED_EDGE('',*,*,#5467,.F.);
#7113=ORIENTED_EDGE('',*,*,#5468,.F.);
#7114=ORIENTED_EDGE('',*,*,#5469,.T.);
#7115=ORIENTED_EDGE('',*,*,#5468,.T.);
#7116=ORIENTED_EDGE('',*,*,#5470,.F.);
#7117=ORIENTED_EDGE('',*,*,#5471,.F.);
#7118=ORIENTED_EDGE('',*,*,#5472,.T.);
#7119=ORIENTED_EDGE('',*,*,#5471,.T.);
#7120=ORIENTED_EDGE('',*,*,#5473,.F.);
#7121=ORIENTED_EDGE('',*,*,#5451,.F.);
#7122=ORIENTED_EDGE('',*,*,#5474,.T.);
#7123=ORIENTED_EDGE('',*,*,#5475,.T.);
#7124=ORIENTED_EDGE('',*,*,#5476,.F.);
#7125=ORIENTED_EDGE('',*,*,#5477,.F.);
#7126=ORIENTED_EDGE('',*,*,#5478,.F.);
#7127=ORIENTED_EDGE('',*,*,#5477,.T.);
#7128=ORIENTED_EDGE('',*,*,#5479,.F.);
#7129=ORIENTED_EDGE('',*,*,#5480,.F.);
#7130=ORIENTED_EDGE('',*,*,#5481,.T.);
#7131=ORIENTED_EDGE('',*,*,#5480,.T.);
#7132=ORIENTED_EDGE('',*,*,#5482,.F.);
#7133=ORIENTED_EDGE('',*,*,#5483,.F.);
#7134=ORIENTED_EDGE('',*,*,#5484,.T.);
#7135=ORIENTED_EDGE('',*,*,#5483,.T.);
#7136=ORIENTED_EDGE('',*,*,#5485,.F.);
#7137=ORIENTED_EDGE('',*,*,#5486,.F.);
#7138=ORIENTED_EDGE('',*,*,#5487,.T.);
#7139=ORIENTED_EDGE('',*,*,#5486,.T.);
#7140=ORIENTED_EDGE('',*,*,#5488,.F.);
#7141=ORIENTED_EDGE('',*,*,#5489,.F.);
#7142=ORIENTED_EDGE('',*,*,#5490,.T.);
#7143=ORIENTED_EDGE('',*,*,#5489,.T.);
#7144=ORIENTED_EDGE('',*,*,#5491,.F.);
#7145=ORIENTED_EDGE('',*,*,#5492,.F.);
#7146=ORIENTED_EDGE('',*,*,#5493,.T.);
#7147=ORIENTED_EDGE('',*,*,#5492,.T.);
#7148=ORIENTED_EDGE('',*,*,#5494,.F.);
#7149=ORIENTED_EDGE('',*,*,#5495,.F.);
#7150=ORIENTED_EDGE('',*,*,#5496,.T.);
#7151=ORIENTED_EDGE('',*,*,#5495,.T.);
#7152=ORIENTED_EDGE('',*,*,#5497,.F.);
#7153=ORIENTED_EDGE('',*,*,#5475,.F.);
#7154=ORIENTED_EDGE('',*,*,#5497,.T.);
#7155=ORIENTED_EDGE('',*,*,#5494,.T.);
#7156=ORIENTED_EDGE('',*,*,#5491,.T.);
#7157=ORIENTED_EDGE('',*,*,#5488,.T.);
#7158=ORIENTED_EDGE('',*,*,#5485,.T.);
#7159=ORIENTED_EDGE('',*,*,#5482,.T.);
#7160=ORIENTED_EDGE('',*,*,#5479,.T.);
#7161=ORIENTED_EDGE('',*,*,#5476,.T.);
#7162=ORIENTED_EDGE('',*,*,#5473,.T.);
#7163=ORIENTED_EDGE('',*,*,#5470,.T.);
#7164=ORIENTED_EDGE('',*,*,#5467,.T.);
#7165=ORIENTED_EDGE('',*,*,#5464,.T.);
#7166=ORIENTED_EDGE('',*,*,#5461,.T.);
#7167=ORIENTED_EDGE('',*,*,#5458,.T.);
#7168=ORIENTED_EDGE('',*,*,#5455,.T.);
#7169=ORIENTED_EDGE('',*,*,#5452,.T.);
#7170=ORIENTED_EDGE('',*,*,#5496,.F.);
#7171=ORIENTED_EDGE('',*,*,#5474,.F.);
#7172=ORIENTED_EDGE('',*,*,#5478,.T.);
#7173=ORIENTED_EDGE('',*,*,#5481,.F.);
#7174=ORIENTED_EDGE('',*,*,#5484,.F.);
#7175=ORIENTED_EDGE('',*,*,#5487,.F.);
#7176=ORIENTED_EDGE('',*,*,#5490,.F.);
#7177=ORIENTED_EDGE('',*,*,#5493,.F.);
#7178=ORIENTED_EDGE('',*,*,#5472,.F.);
#7179=ORIENTED_EDGE('',*,*,#5450,.F.);
#7180=ORIENTED_EDGE('',*,*,#5454,.F.);
#7181=ORIENTED_EDGE('',*,*,#5457,.F.);
#7182=ORIENTED_EDGE('',*,*,#5460,.F.);
#7183=ORIENTED_EDGE('',*,*,#5463,.F.);
#7184=ORIENTED_EDGE('',*,*,#5466,.F.);
#7185=ORIENTED_EDGE('',*,*,#5469,.F.);
#7186=ORIENTED_EDGE('',*,*,#5498,.T.);
#7187=ORIENTED_EDGE('',*,*,#5499,.T.);
#7188=ORIENTED_EDGE('',*,*,#5500,.F.);
#7189=ORIENTED_EDGE('',*,*,#5501,.F.);
#7190=ORIENTED_EDGE('',*,*,#5502,.T.);
#7191=ORIENTED_EDGE('',*,*,#5501,.T.);
#7192=ORIENTED_EDGE('',*,*,#5503,.F.);
#7193=ORIENTED_EDGE('',*,*,#5504,.F.);
#7194=ORIENTED_EDGE('',*,*,#5505,.T.);
#7195=ORIENTED_EDGE('',*,*,#5504,.T.);
#7196=ORIENTED_EDGE('',*,*,#5506,.F.);
#7197=ORIENTED_EDGE('',*,*,#5507,.F.);
#7198=ORIENTED_EDGE('',*,*,#5508,.T.);
#7199=ORIENTED_EDGE('',*,*,#5507,.T.);
#7200=ORIENTED_EDGE('',*,*,#5509,.F.);
#7201=ORIENTED_EDGE('',*,*,#5510,.F.);
#7202=ORIENTED_EDGE('',*,*,#5511,.T.);
#7203=ORIENTED_EDGE('',*,*,#5510,.T.);
#7204=ORIENTED_EDGE('',*,*,#5512,.F.);
#7205=ORIENTED_EDGE('',*,*,#5513,.F.);
#7206=ORIENTED_EDGE('',*,*,#5514,.T.);
#7207=ORIENTED_EDGE('',*,*,#5513,.T.);
#7208=ORIENTED_EDGE('',*,*,#5515,.F.);
#7209=ORIENTED_EDGE('',*,*,#5516,.F.);
#7210=ORIENTED_EDGE('',*,*,#5517,.T.);
#7211=ORIENTED_EDGE('',*,*,#5516,.T.);
#7212=ORIENTED_EDGE('',*,*,#5518,.F.);
#7213=ORIENTED_EDGE('',*,*,#5519,.F.);
#7214=ORIENTED_EDGE('',*,*,#5520,.T.);
#7215=ORIENTED_EDGE('',*,*,#5519,.T.);
#7216=ORIENTED_EDGE('',*,*,#5521,.F.);
#7217=ORIENTED_EDGE('',*,*,#5499,.F.);
#7218=ORIENTED_EDGE('',*,*,#5522,.F.);
#7219=ORIENTED_EDGE('',*,*,#5523,.T.);
#7220=ORIENTED_EDGE('',*,*,#5524,.F.);
#7221=ORIENTED_EDGE('',*,*,#5525,.F.);
#7222=ORIENTED_EDGE('',*,*,#5526,.T.);
#7223=ORIENTED_EDGE('',*,*,#5525,.T.);
#7224=ORIENTED_EDGE('',*,*,#5527,.F.);
#7225=ORIENTED_EDGE('',*,*,#5528,.F.);
#7226=ORIENTED_EDGE('',*,*,#5529,.T.);
#7227=ORIENTED_EDGE('',*,*,#5528,.T.);
#7228=ORIENTED_EDGE('',*,*,#5530,.F.);
#7229=ORIENTED_EDGE('',*,*,#5531,.F.);
#7230=ORIENTED_EDGE('',*,*,#5532,.T.);
#7231=ORIENTED_EDGE('',*,*,#5531,.T.);
#7232=ORIENTED_EDGE('',*,*,#5533,.F.);
#7233=ORIENTED_EDGE('',*,*,#5534,.F.);
#7234=ORIENTED_EDGE('',*,*,#5535,.T.);
#7235=ORIENTED_EDGE('',*,*,#5534,.T.);
#7236=ORIENTED_EDGE('',*,*,#5536,.F.);
#7237=ORIENTED_EDGE('',*,*,#5537,.F.);
#7238=ORIENTED_EDGE('',*,*,#5538,.T.);
#7239=ORIENTED_EDGE('',*,*,#5537,.T.);
#7240=ORIENTED_EDGE('',*,*,#5539,.F.);
#7241=ORIENTED_EDGE('',*,*,#5540,.F.);
#7242=ORIENTED_EDGE('',*,*,#5541,.T.);
#7243=ORIENTED_EDGE('',*,*,#5540,.T.);
#7244=ORIENTED_EDGE('',*,*,#5542,.F.);
#7245=ORIENTED_EDGE('',*,*,#5543,.F.);
#7246=ORIENTED_EDGE('',*,*,#5544,.T.);
#7247=ORIENTED_EDGE('',*,*,#5543,.T.);
#7248=ORIENTED_EDGE('',*,*,#5545,.F.);
#7249=ORIENTED_EDGE('',*,*,#5523,.F.);
#7250=ORIENTED_EDGE('',*,*,#5545,.T.);
#7251=ORIENTED_EDGE('',*,*,#5542,.T.);
#7252=ORIENTED_EDGE('',*,*,#5539,.T.);
#7253=ORIENTED_EDGE('',*,*,#5536,.T.);
#7254=ORIENTED_EDGE('',*,*,#5533,.T.);
#7255=ORIENTED_EDGE('',*,*,#5530,.T.);
#7256=ORIENTED_EDGE('',*,*,#5527,.T.);
#7257=ORIENTED_EDGE('',*,*,#5524,.T.);
#7258=ORIENTED_EDGE('',*,*,#5521,.T.);
#7259=ORIENTED_EDGE('',*,*,#5518,.T.);
#7260=ORIENTED_EDGE('',*,*,#5515,.T.);
#7261=ORIENTED_EDGE('',*,*,#5512,.T.);
#7262=ORIENTED_EDGE('',*,*,#5509,.T.);
#7263=ORIENTED_EDGE('',*,*,#5506,.T.);
#7264=ORIENTED_EDGE('',*,*,#5503,.T.);
#7265=ORIENTED_EDGE('',*,*,#5500,.T.);
#7266=ORIENTED_EDGE('',*,*,#5544,.F.);
#7267=ORIENTED_EDGE('',*,*,#5522,.T.);
#7268=ORIENTED_EDGE('',*,*,#5526,.F.);
#7269=ORIENTED_EDGE('',*,*,#5529,.F.);
#7270=ORIENTED_EDGE('',*,*,#5532,.F.);
#7271=ORIENTED_EDGE('',*,*,#5535,.F.);
#7272=ORIENTED_EDGE('',*,*,#5538,.F.);
#7273=ORIENTED_EDGE('',*,*,#5541,.F.);
#7274=ORIENTED_EDGE('',*,*,#5520,.F.);
#7275=ORIENTED_EDGE('',*,*,#5498,.F.);
#7276=ORIENTED_EDGE('',*,*,#5502,.F.);
#7277=ORIENTED_EDGE('',*,*,#5505,.F.);
#7278=ORIENTED_EDGE('',*,*,#5508,.F.);
#7279=ORIENTED_EDGE('',*,*,#5511,.F.);
#7280=ORIENTED_EDGE('',*,*,#5514,.F.);
#7281=ORIENTED_EDGE('',*,*,#5517,.F.);
#7282=ORIENTED_EDGE('',*,*,#5546,.T.);
#7283=ORIENTED_EDGE('',*,*,#5547,.T.);
#7284=ORIENTED_EDGE('',*,*,#5548,.F.);
#7285=ORIENTED_EDGE('',*,*,#5549,.F.);
#7286=ORIENTED_EDGE('',*,*,#5550,.T.);
#7287=ORIENTED_EDGE('',*,*,#5549,.T.);
#7288=ORIENTED_EDGE('',*,*,#5551,.F.);
#7289=ORIENTED_EDGE('',*,*,#5552,.F.);
#7290=ORIENTED_EDGE('',*,*,#5553,.T.);
#7291=ORIENTED_EDGE('',*,*,#5552,.T.);
#7292=ORIENTED_EDGE('',*,*,#5554,.F.);
#7293=ORIENTED_EDGE('',*,*,#5555,.F.);
#7294=ORIENTED_EDGE('',*,*,#5556,.T.);
#7295=ORIENTED_EDGE('',*,*,#5555,.T.);
#7296=ORIENTED_EDGE('',*,*,#5557,.F.);
#7297=ORIENTED_EDGE('',*,*,#5558,.F.);
#7298=ORIENTED_EDGE('',*,*,#5559,.T.);
#7299=ORIENTED_EDGE('',*,*,#5558,.T.);
#7300=ORIENTED_EDGE('',*,*,#5560,.F.);
#7301=ORIENTED_EDGE('',*,*,#5561,.F.);
#7302=ORIENTED_EDGE('',*,*,#5562,.T.);
#7303=ORIENTED_EDGE('',*,*,#5561,.T.);
#7304=ORIENTED_EDGE('',*,*,#5563,.F.);
#7305=ORIENTED_EDGE('',*,*,#5564,.F.);
#7306=ORIENTED_EDGE('',*,*,#5565,.T.);
#7307=ORIENTED_EDGE('',*,*,#5564,.T.);
#7308=ORIENTED_EDGE('',*,*,#5566,.F.);
#7309=ORIENTED_EDGE('',*,*,#5567,.F.);
#7310=ORIENTED_EDGE('',*,*,#5568,.T.);
#7311=ORIENTED_EDGE('',*,*,#5567,.T.);
#7312=ORIENTED_EDGE('',*,*,#5569,.F.);
#7313=ORIENTED_EDGE('',*,*,#5547,.F.);
#7314=ORIENTED_EDGE('',*,*,#5570,.F.);
#7315=ORIENTED_EDGE('',*,*,#5571,.T.);
#7316=ORIENTED_EDGE('',*,*,#5572,.F.);
#7317=ORIENTED_EDGE('',*,*,#5573,.F.);
#7318=ORIENTED_EDGE('',*,*,#5574,.T.);
#7319=ORIENTED_EDGE('',*,*,#5573,.T.);
#7320=ORIENTED_EDGE('',*,*,#5575,.F.);
#7321=ORIENTED_EDGE('',*,*,#5576,.F.);
#7322=ORIENTED_EDGE('',*,*,#5577,.T.);
#7323=ORIENTED_EDGE('',*,*,#5576,.T.);
#7324=ORIENTED_EDGE('',*,*,#5578,.F.);
#7325=ORIENTED_EDGE('',*,*,#5579,.F.);
#7326=ORIENTED_EDGE('',*,*,#5580,.T.);
#7327=ORIENTED_EDGE('',*,*,#5579,.T.);
#7328=ORIENTED_EDGE('',*,*,#5581,.F.);
#7329=ORIENTED_EDGE('',*,*,#5582,.F.);
#7330=ORIENTED_EDGE('',*,*,#5583,.T.);
#7331=ORIENTED_EDGE('',*,*,#5582,.T.);
#7332=ORIENTED_EDGE('',*,*,#5584,.F.);
#7333=ORIENTED_EDGE('',*,*,#5585,.F.);
#7334=ORIENTED_EDGE('',*,*,#5586,.T.);
#7335=ORIENTED_EDGE('',*,*,#5585,.T.);
#7336=ORIENTED_EDGE('',*,*,#5587,.F.);
#7337=ORIENTED_EDGE('',*,*,#5588,.F.);
#7338=ORIENTED_EDGE('',*,*,#5589,.T.);
#7339=ORIENTED_EDGE('',*,*,#5588,.T.);
#7340=ORIENTED_EDGE('',*,*,#5590,.F.);
#7341=ORIENTED_EDGE('',*,*,#5591,.F.);
#7342=ORIENTED_EDGE('',*,*,#5592,.T.);
#7343=ORIENTED_EDGE('',*,*,#5591,.T.);
#7344=ORIENTED_EDGE('',*,*,#5593,.F.);
#7345=ORIENTED_EDGE('',*,*,#5571,.F.);
#7346=ORIENTED_EDGE('',*,*,#5593,.T.);
#7347=ORIENTED_EDGE('',*,*,#5590,.T.);
#7348=ORIENTED_EDGE('',*,*,#5587,.T.);
#7349=ORIENTED_EDGE('',*,*,#5584,.T.);
#7350=ORIENTED_EDGE('',*,*,#5581,.T.);
#7351=ORIENTED_EDGE('',*,*,#5578,.T.);
#7352=ORIENTED_EDGE('',*,*,#5575,.T.);
#7353=ORIENTED_EDGE('',*,*,#5572,.T.);
#7354=ORIENTED_EDGE('',*,*,#5569,.T.);
#7355=ORIENTED_EDGE('',*,*,#5566,.T.);
#7356=ORIENTED_EDGE('',*,*,#5563,.T.);
#7357=ORIENTED_EDGE('',*,*,#5560,.T.);
#7358=ORIENTED_EDGE('',*,*,#5557,.T.);
#7359=ORIENTED_EDGE('',*,*,#5554,.T.);
#7360=ORIENTED_EDGE('',*,*,#5551,.T.);
#7361=ORIENTED_EDGE('',*,*,#5548,.T.);
#7362=ORIENTED_EDGE('',*,*,#5592,.F.);
#7363=ORIENTED_EDGE('',*,*,#5570,.T.);
#7364=ORIENTED_EDGE('',*,*,#5574,.F.);
#7365=ORIENTED_EDGE('',*,*,#5577,.F.);
#7366=ORIENTED_EDGE('',*,*,#5580,.F.);
#7367=ORIENTED_EDGE('',*,*,#5583,.F.);
#7368=ORIENTED_EDGE('',*,*,#5586,.F.);
#7369=ORIENTED_EDGE('',*,*,#5589,.F.);
#7370=ORIENTED_EDGE('',*,*,#5568,.F.);
#7371=ORIENTED_EDGE('',*,*,#5546,.F.);
#7372=ORIENTED_EDGE('',*,*,#5550,.F.);
#7373=ORIENTED_EDGE('',*,*,#5553,.F.);
#7374=ORIENTED_EDGE('',*,*,#5556,.F.);
#7375=ORIENTED_EDGE('',*,*,#5559,.F.);
#7376=ORIENTED_EDGE('',*,*,#5562,.F.);
#7377=ORIENTED_EDGE('',*,*,#5565,.F.);
#7378=ORIENTED_EDGE('',*,*,#5594,.T.);
#7379=ORIENTED_EDGE('',*,*,#5595,.T.);
#7380=ORIENTED_EDGE('',*,*,#5596,.F.);
#7381=ORIENTED_EDGE('',*,*,#5597,.F.);
#7382=ORIENTED_EDGE('',*,*,#5598,.T.);
#7383=ORIENTED_EDGE('',*,*,#5597,.T.);
#7384=ORIENTED_EDGE('',*,*,#5599,.F.);
#7385=ORIENTED_EDGE('',*,*,#5600,.F.);
#7386=ORIENTED_EDGE('',*,*,#5601,.T.);
#7387=ORIENTED_EDGE('',*,*,#5600,.T.);
#7388=ORIENTED_EDGE('',*,*,#5602,.F.);
#7389=ORIENTED_EDGE('',*,*,#5603,.F.);
#7390=ORIENTED_EDGE('',*,*,#5604,.T.);
#7391=ORIENTED_EDGE('',*,*,#5603,.T.);
#7392=ORIENTED_EDGE('',*,*,#5605,.F.);
#7393=ORIENTED_EDGE('',*,*,#5606,.F.);
#7394=ORIENTED_EDGE('',*,*,#5607,.T.);
#7395=ORIENTED_EDGE('',*,*,#5606,.T.);
#7396=ORIENTED_EDGE('',*,*,#5608,.F.);
#7397=ORIENTED_EDGE('',*,*,#5609,.F.);
#7398=ORIENTED_EDGE('',*,*,#5610,.T.);
#7399=ORIENTED_EDGE('',*,*,#5609,.T.);
#7400=ORIENTED_EDGE('',*,*,#5611,.F.);
#7401=ORIENTED_EDGE('',*,*,#5612,.F.);
#7402=ORIENTED_EDGE('',*,*,#5613,.T.);
#7403=ORIENTED_EDGE('',*,*,#5612,.T.);
#7404=ORIENTED_EDGE('',*,*,#5614,.F.);
#7405=ORIENTED_EDGE('',*,*,#5615,.F.);
#7406=ORIENTED_EDGE('',*,*,#5616,.T.);
#7407=ORIENTED_EDGE('',*,*,#5615,.T.);
#7408=ORIENTED_EDGE('',*,*,#5617,.F.);
#7409=ORIENTED_EDGE('',*,*,#5595,.F.);
#7410=ORIENTED_EDGE('',*,*,#5618,.F.);
#7411=ORIENTED_EDGE('',*,*,#5619,.T.);
#7412=ORIENTED_EDGE('',*,*,#5620,.F.);
#7413=ORIENTED_EDGE('',*,*,#5621,.F.);
#7414=ORIENTED_EDGE('',*,*,#5622,.T.);
#7415=ORIENTED_EDGE('',*,*,#5621,.T.);
#7416=ORIENTED_EDGE('',*,*,#5623,.F.);
#7417=ORIENTED_EDGE('',*,*,#5624,.F.);
#7418=ORIENTED_EDGE('',*,*,#5625,.T.);
#7419=ORIENTED_EDGE('',*,*,#5624,.T.);
#7420=ORIENTED_EDGE('',*,*,#5626,.F.);
#7421=ORIENTED_EDGE('',*,*,#5627,.F.);
#7422=ORIENTED_EDGE('',*,*,#5628,.T.);
#7423=ORIENTED_EDGE('',*,*,#5627,.T.);
#7424=ORIENTED_EDGE('',*,*,#5629,.F.);
#7425=ORIENTED_EDGE('',*,*,#5630,.F.);
#7426=ORIENTED_EDGE('',*,*,#5631,.T.);
#7427=ORIENTED_EDGE('',*,*,#5630,.T.);
#7428=ORIENTED_EDGE('',*,*,#5632,.F.);
#7429=ORIENTED_EDGE('',*,*,#5633,.F.);
#7430=ORIENTED_EDGE('',*,*,#5634,.T.);
#7431=ORIENTED_EDGE('',*,*,#5633,.T.);
#7432=ORIENTED_EDGE('',*,*,#5635,.F.);
#7433=ORIENTED_EDGE('',*,*,#5636,.F.);
#7434=ORIENTED_EDGE('',*,*,#5637,.T.);
#7435=ORIENTED_EDGE('',*,*,#5636,.T.);
#7436=ORIENTED_EDGE('',*,*,#5638,.F.);
#7437=ORIENTED_EDGE('',*,*,#5639,.F.);
#7438=ORIENTED_EDGE('',*,*,#5640,.T.);
#7439=ORIENTED_EDGE('',*,*,#5639,.T.);
#7440=ORIENTED_EDGE('',*,*,#5641,.F.);
#7441=ORIENTED_EDGE('',*,*,#5619,.F.);
#7442=ORIENTED_EDGE('',*,*,#5641,.T.);
#7443=ORIENTED_EDGE('',*,*,#5638,.T.);
#7444=ORIENTED_EDGE('',*,*,#5635,.T.);
#7445=ORIENTED_EDGE('',*,*,#5632,.T.);
#7446=ORIENTED_EDGE('',*,*,#5629,.T.);
#7447=ORIENTED_EDGE('',*,*,#5626,.T.);
#7448=ORIENTED_EDGE('',*,*,#5623,.T.);
#7449=ORIENTED_EDGE('',*,*,#5620,.T.);
#7450=ORIENTED_EDGE('',*,*,#5617,.T.);
#7451=ORIENTED_EDGE('',*,*,#5614,.T.);
#7452=ORIENTED_EDGE('',*,*,#5611,.T.);
#7453=ORIENTED_EDGE('',*,*,#5608,.T.);
#7454=ORIENTED_EDGE('',*,*,#5605,.T.);
#7455=ORIENTED_EDGE('',*,*,#5602,.T.);
#7456=ORIENTED_EDGE('',*,*,#5599,.T.);
#7457=ORIENTED_EDGE('',*,*,#5596,.T.);
#7458=ORIENTED_EDGE('',*,*,#5640,.F.);
#7459=ORIENTED_EDGE('',*,*,#5618,.T.);
#7460=ORIENTED_EDGE('',*,*,#5622,.F.);
#7461=ORIENTED_EDGE('',*,*,#5625,.F.);
#7462=ORIENTED_EDGE('',*,*,#5628,.F.);
#7463=ORIENTED_EDGE('',*,*,#5631,.F.);
#7464=ORIENTED_EDGE('',*,*,#5634,.F.);
#7465=ORIENTED_EDGE('',*,*,#5637,.F.);
#7466=ORIENTED_EDGE('',*,*,#5616,.F.);
#7467=ORIENTED_EDGE('',*,*,#5594,.F.);
#7468=ORIENTED_EDGE('',*,*,#5598,.F.);
#7469=ORIENTED_EDGE('',*,*,#5601,.F.);
#7470=ORIENTED_EDGE('',*,*,#5604,.F.);
#7471=ORIENTED_EDGE('',*,*,#5607,.F.);
#7472=ORIENTED_EDGE('',*,*,#5610,.F.);
#7473=ORIENTED_EDGE('',*,*,#5613,.F.);
#7474=ORIENTED_EDGE('',*,*,#5642,.T.);
#7475=ORIENTED_EDGE('',*,*,#5643,.T.);
#7476=ORIENTED_EDGE('',*,*,#5644,.F.);
#7477=ORIENTED_EDGE('',*,*,#5645,.F.);
#7478=ORIENTED_EDGE('',*,*,#5646,.T.);
#7479=ORIENTED_EDGE('',*,*,#5645,.T.);
#7480=ORIENTED_EDGE('',*,*,#5647,.F.);
#7481=ORIENTED_EDGE('',*,*,#5648,.F.);
#7482=ORIENTED_EDGE('',*,*,#5649,.T.);
#7483=ORIENTED_EDGE('',*,*,#5648,.T.);
#7484=ORIENTED_EDGE('',*,*,#5650,.F.);
#7485=ORIENTED_EDGE('',*,*,#5651,.F.);
#7486=ORIENTED_EDGE('',*,*,#5652,.T.);
#7487=ORIENTED_EDGE('',*,*,#5651,.T.);
#7488=ORIENTED_EDGE('',*,*,#5653,.F.);
#7489=ORIENTED_EDGE('',*,*,#5654,.F.);
#7490=ORIENTED_EDGE('',*,*,#5655,.T.);
#7491=ORIENTED_EDGE('',*,*,#5654,.T.);
#7492=ORIENTED_EDGE('',*,*,#5656,.F.);
#7493=ORIENTED_EDGE('',*,*,#5657,.F.);
#7494=ORIENTED_EDGE('',*,*,#5658,.T.);
#7495=ORIENTED_EDGE('',*,*,#5657,.T.);
#7496=ORIENTED_EDGE('',*,*,#5659,.F.);
#7497=ORIENTED_EDGE('',*,*,#5660,.F.);
#7498=ORIENTED_EDGE('',*,*,#5661,.T.);
#7499=ORIENTED_EDGE('',*,*,#5660,.T.);
#7500=ORIENTED_EDGE('',*,*,#5662,.F.);
#7501=ORIENTED_EDGE('',*,*,#5663,.F.);
#7502=ORIENTED_EDGE('',*,*,#5664,.T.);
#7503=ORIENTED_EDGE('',*,*,#5663,.T.);
#7504=ORIENTED_EDGE('',*,*,#5665,.F.);
#7505=ORIENTED_EDGE('',*,*,#5643,.F.);
#7506=ORIENTED_EDGE('',*,*,#5666,.F.);
#7507=ORIENTED_EDGE('',*,*,#5667,.T.);
#7508=ORIENTED_EDGE('',*,*,#5668,.F.);
#7509=ORIENTED_EDGE('',*,*,#5669,.F.);
#7510=ORIENTED_EDGE('',*,*,#5670,.F.);
#7511=ORIENTED_EDGE('',*,*,#5669,.T.);
#7512=ORIENTED_EDGE('',*,*,#5671,.F.);
#7513=ORIENTED_EDGE('',*,*,#5672,.F.);
#7514=ORIENTED_EDGE('',*,*,#5673,.F.);
#7515=ORIENTED_EDGE('',*,*,#5672,.T.);
#7516=ORIENTED_EDGE('',*,*,#5674,.F.);
#7517=ORIENTED_EDGE('',*,*,#5675,.F.);
#7518=ORIENTED_EDGE('',*,*,#5676,.F.);
#7519=ORIENTED_EDGE('',*,*,#5675,.T.);
#7520=ORIENTED_EDGE('',*,*,#5677,.F.);
#7521=ORIENTED_EDGE('',*,*,#5678,.F.);
#7522=ORIENTED_EDGE('',*,*,#5679,.F.);
#7523=ORIENTED_EDGE('',*,*,#5678,.T.);
#7524=ORIENTED_EDGE('',*,*,#5680,.F.);
#7525=ORIENTED_EDGE('',*,*,#5681,.F.);
#7526=ORIENTED_EDGE('',*,*,#5682,.F.);
#7527=ORIENTED_EDGE('',*,*,#5681,.T.);
#7528=ORIENTED_EDGE('',*,*,#5683,.F.);
#7529=ORIENTED_EDGE('',*,*,#5684,.F.);
#7530=ORIENTED_EDGE('',*,*,#5685,.F.);
#7531=ORIENTED_EDGE('',*,*,#5684,.T.);
#7532=ORIENTED_EDGE('',*,*,#5686,.F.);
#7533=ORIENTED_EDGE('',*,*,#5687,.F.);
#7534=ORIENTED_EDGE('',*,*,#5688,.T.);
#7535=ORIENTED_EDGE('',*,*,#5687,.T.);
#7536=ORIENTED_EDGE('',*,*,#5689,.F.);
#7537=ORIENTED_EDGE('',*,*,#5667,.F.);
#7538=ORIENTED_EDGE('',*,*,#5689,.T.);
#7539=ORIENTED_EDGE('',*,*,#5686,.T.);
#7540=ORIENTED_EDGE('',*,*,#5683,.T.);
#7541=ORIENTED_EDGE('',*,*,#5680,.T.);
#7542=ORIENTED_EDGE('',*,*,#5677,.T.);
#7543=ORIENTED_EDGE('',*,*,#5674,.T.);
#7544=ORIENTED_EDGE('',*,*,#5671,.T.);
#7545=ORIENTED_EDGE('',*,*,#5668,.T.);
#7546=ORIENTED_EDGE('',*,*,#5665,.T.);
#7547=ORIENTED_EDGE('',*,*,#5662,.T.);
#7548=ORIENTED_EDGE('',*,*,#5659,.T.);
#7549=ORIENTED_EDGE('',*,*,#5656,.T.);
#7550=ORIENTED_EDGE('',*,*,#5653,.T.);
#7551=ORIENTED_EDGE('',*,*,#5650,.T.);
#7552=ORIENTED_EDGE('',*,*,#5647,.T.);
#7553=ORIENTED_EDGE('',*,*,#5644,.T.);
#7554=ORIENTED_EDGE('',*,*,#5688,.F.);
#7555=ORIENTED_EDGE('',*,*,#5666,.T.);
#7556=ORIENTED_EDGE('',*,*,#5670,.T.);
#7557=ORIENTED_EDGE('',*,*,#5673,.T.);
#7558=ORIENTED_EDGE('',*,*,#5676,.T.);
#7559=ORIENTED_EDGE('',*,*,#5679,.T.);
#7560=ORIENTED_EDGE('',*,*,#5682,.T.);
#7561=ORIENTED_EDGE('',*,*,#5685,.T.);
#7562=ORIENTED_EDGE('',*,*,#5664,.F.);
#7563=ORIENTED_EDGE('',*,*,#5642,.F.);
#7564=ORIENTED_EDGE('',*,*,#5646,.F.);
#7565=ORIENTED_EDGE('',*,*,#5649,.F.);
#7566=ORIENTED_EDGE('',*,*,#5652,.F.);
#7567=ORIENTED_EDGE('',*,*,#5655,.F.);
#7568=ORIENTED_EDGE('',*,*,#5658,.F.);
#7569=ORIENTED_EDGE('',*,*,#5661,.F.);
#7570=ORIENTED_EDGE('',*,*,#5690,.T.);
#7571=ORIENTED_EDGE('',*,*,#5691,.T.);
#7572=ORIENTED_EDGE('',*,*,#5692,.F.);
#7573=ORIENTED_EDGE('',*,*,#5693,.F.);
#7574=ORIENTED_EDGE('',*,*,#5694,.T.);
#7575=ORIENTED_EDGE('',*,*,#5693,.T.);
#7576=ORIENTED_EDGE('',*,*,#5695,.F.);
#7577=ORIENTED_EDGE('',*,*,#5696,.F.);
#7578=ORIENTED_EDGE('',*,*,#5697,.T.);
#7579=ORIENTED_EDGE('',*,*,#5696,.T.);
#7580=ORIENTED_EDGE('',*,*,#5698,.F.);
#7581=ORIENTED_EDGE('',*,*,#5699,.F.);
#7582=ORIENTED_EDGE('',*,*,#5700,.T.);
#7583=ORIENTED_EDGE('',*,*,#5699,.T.);
#7584=ORIENTED_EDGE('',*,*,#5701,.F.);
#7585=ORIENTED_EDGE('',*,*,#5702,.F.);
#7586=ORIENTED_EDGE('',*,*,#5703,.T.);
#7587=ORIENTED_EDGE('',*,*,#5702,.T.);
#7588=ORIENTED_EDGE('',*,*,#5704,.F.);
#7589=ORIENTED_EDGE('',*,*,#5705,.F.);
#7590=ORIENTED_EDGE('',*,*,#5706,.T.);
#7591=ORIENTED_EDGE('',*,*,#5705,.T.);
#7592=ORIENTED_EDGE('',*,*,#5707,.F.);
#7593=ORIENTED_EDGE('',*,*,#5708,.F.);
#7594=ORIENTED_EDGE('',*,*,#5709,.T.);
#7595=ORIENTED_EDGE('',*,*,#5708,.T.);
#7596=ORIENTED_EDGE('',*,*,#5710,.F.);
#7597=ORIENTED_EDGE('',*,*,#5711,.F.);
#7598=ORIENTED_EDGE('',*,*,#5712,.T.);
#7599=ORIENTED_EDGE('',*,*,#5711,.T.);
#7600=ORIENTED_EDGE('',*,*,#5713,.F.);
#7601=ORIENTED_EDGE('',*,*,#5691,.F.);
#7602=ORIENTED_EDGE('',*,*,#5714,.F.);
#7603=ORIENTED_EDGE('',*,*,#5715,.T.);
#7604=ORIENTED_EDGE('',*,*,#5716,.F.);
#7605=ORIENTED_EDGE('',*,*,#5717,.F.);
#7606=ORIENTED_EDGE('',*,*,#5718,.F.);
#7607=ORIENTED_EDGE('',*,*,#5717,.T.);
#7608=ORIENTED_EDGE('',*,*,#5719,.F.);
#7609=ORIENTED_EDGE('',*,*,#5720,.F.);
#7610=ORIENTED_EDGE('',*,*,#5721,.F.);
#7611=ORIENTED_EDGE('',*,*,#5720,.T.);
#7612=ORIENTED_EDGE('',*,*,#5722,.F.);
#7613=ORIENTED_EDGE('',*,*,#5723,.F.);
#7614=ORIENTED_EDGE('',*,*,#5724,.F.);
#7615=ORIENTED_EDGE('',*,*,#5723,.T.);
#7616=ORIENTED_EDGE('',*,*,#5725,.F.);
#7617=ORIENTED_EDGE('',*,*,#5726,.F.);
#7618=ORIENTED_EDGE('',*,*,#5727,.F.);
#7619=ORIENTED_EDGE('',*,*,#5726,.T.);
#7620=ORIENTED_EDGE('',*,*,#5728,.F.);
#7621=ORIENTED_EDGE('',*,*,#5729,.F.);
#7622=ORIENTED_EDGE('',*,*,#5730,.F.);
#7623=ORIENTED_EDGE('',*,*,#5729,.T.);
#7624=ORIENTED_EDGE('',*,*,#5731,.F.);
#7625=ORIENTED_EDGE('',*,*,#5732,.F.);
#7626=ORIENTED_EDGE('',*,*,#5733,.F.);
#7627=ORIENTED_EDGE('',*,*,#5732,.T.);
#7628=ORIENTED_EDGE('',*,*,#5734,.F.);
#7629=ORIENTED_EDGE('',*,*,#5735,.F.);
#7630=ORIENTED_EDGE('',*,*,#5736,.T.);
#7631=ORIENTED_EDGE('',*,*,#5735,.T.);
#7632=ORIENTED_EDGE('',*,*,#5737,.F.);
#7633=ORIENTED_EDGE('',*,*,#5715,.F.);
#7634=ORIENTED_EDGE('',*,*,#5737,.T.);
#7635=ORIENTED_EDGE('',*,*,#5734,.T.);
#7636=ORIENTED_EDGE('',*,*,#5731,.T.);
#7637=ORIENTED_EDGE('',*,*,#5728,.T.);
#7638=ORIENTED_EDGE('',*,*,#5725,.T.);
#7639=ORIENTED_EDGE('',*,*,#5722,.T.);
#7640=ORIENTED_EDGE('',*,*,#5719,.T.);
#7641=ORIENTED_EDGE('',*,*,#5716,.T.);
#7642=ORIENTED_EDGE('',*,*,#5713,.T.);
#7643=ORIENTED_EDGE('',*,*,#5710,.T.);
#7644=ORIENTED_EDGE('',*,*,#5707,.T.);
#7645=ORIENTED_EDGE('',*,*,#5704,.T.);
#7646=ORIENTED_EDGE('',*,*,#5701,.T.);
#7647=ORIENTED_EDGE('',*,*,#5698,.T.);
#7648=ORIENTED_EDGE('',*,*,#5695,.T.);
#7649=ORIENTED_EDGE('',*,*,#5692,.T.);
#7650=ORIENTED_EDGE('',*,*,#5736,.F.);
#7651=ORIENTED_EDGE('',*,*,#5714,.T.);
#7652=ORIENTED_EDGE('',*,*,#5718,.T.);
#7653=ORIENTED_EDGE('',*,*,#5721,.T.);
#7654=ORIENTED_EDGE('',*,*,#5724,.T.);
#7655=ORIENTED_EDGE('',*,*,#5727,.T.);
#7656=ORIENTED_EDGE('',*,*,#5730,.T.);
#7657=ORIENTED_EDGE('',*,*,#5733,.T.);
#7658=ORIENTED_EDGE('',*,*,#5712,.F.);
#7659=ORIENTED_EDGE('',*,*,#5690,.F.);
#7660=ORIENTED_EDGE('',*,*,#5694,.F.);
#7661=ORIENTED_EDGE('',*,*,#5697,.F.);
#7662=ORIENTED_EDGE('',*,*,#5700,.F.);
#7663=ORIENTED_EDGE('',*,*,#5703,.F.);
#7664=ORIENTED_EDGE('',*,*,#5706,.F.);
#7665=ORIENTED_EDGE('',*,*,#5709,.F.);
#7666=ORIENTED_EDGE('',*,*,#5738,.T.);
#7667=ORIENTED_EDGE('',*,*,#5739,.T.);
#7668=ORIENTED_EDGE('',*,*,#5740,.F.);
#7669=ORIENTED_EDGE('',*,*,#5741,.F.);
#7670=ORIENTED_EDGE('',*,*,#5742,.T.);
#7671=ORIENTED_EDGE('',*,*,#5741,.T.);
#7672=ORIENTED_EDGE('',*,*,#5743,.F.);
#7673=ORIENTED_EDGE('',*,*,#5744,.F.);
#7674=ORIENTED_EDGE('',*,*,#5745,.T.);
#7675=ORIENTED_EDGE('',*,*,#5744,.T.);
#7676=ORIENTED_EDGE('',*,*,#5746,.F.);
#7677=ORIENTED_EDGE('',*,*,#5747,.F.);
#7678=ORIENTED_EDGE('',*,*,#5748,.T.);
#7679=ORIENTED_EDGE('',*,*,#5747,.T.);
#7680=ORIENTED_EDGE('',*,*,#5749,.F.);
#7681=ORIENTED_EDGE('',*,*,#5750,.F.);
#7682=ORIENTED_EDGE('',*,*,#5751,.T.);
#7683=ORIENTED_EDGE('',*,*,#5750,.T.);
#7684=ORIENTED_EDGE('',*,*,#5752,.F.);
#7685=ORIENTED_EDGE('',*,*,#5753,.F.);
#7686=ORIENTED_EDGE('',*,*,#5754,.T.);
#7687=ORIENTED_EDGE('',*,*,#5753,.T.);
#7688=ORIENTED_EDGE('',*,*,#5755,.F.);
#7689=ORIENTED_EDGE('',*,*,#5756,.F.);
#7690=ORIENTED_EDGE('',*,*,#5757,.T.);
#7691=ORIENTED_EDGE('',*,*,#5756,.T.);
#7692=ORIENTED_EDGE('',*,*,#5758,.F.);
#7693=ORIENTED_EDGE('',*,*,#5759,.F.);
#7694=ORIENTED_EDGE('',*,*,#5760,.T.);
#7695=ORIENTED_EDGE('',*,*,#5759,.T.);
#7696=ORIENTED_EDGE('',*,*,#5761,.F.);
#7697=ORIENTED_EDGE('',*,*,#5739,.F.);
#7698=ORIENTED_EDGE('',*,*,#5762,.F.);
#7699=ORIENTED_EDGE('',*,*,#5763,.T.);
#7700=ORIENTED_EDGE('',*,*,#5764,.F.);
#7701=ORIENTED_EDGE('',*,*,#5765,.F.);
#7702=ORIENTED_EDGE('',*,*,#5766,.F.);
#7703=ORIENTED_EDGE('',*,*,#5765,.T.);
#7704=ORIENTED_EDGE('',*,*,#5767,.F.);
#7705=ORIENTED_EDGE('',*,*,#5768,.F.);
#7706=ORIENTED_EDGE('',*,*,#5769,.F.);
#7707=ORIENTED_EDGE('',*,*,#5768,.T.);
#7708=ORIENTED_EDGE('',*,*,#5770,.F.);
#7709=ORIENTED_EDGE('',*,*,#5771,.F.);
#7710=ORIENTED_EDGE('',*,*,#5772,.F.);
#7711=ORIENTED_EDGE('',*,*,#5771,.T.);
#7712=ORIENTED_EDGE('',*,*,#5773,.F.);
#7713=ORIENTED_EDGE('',*,*,#5774,.F.);
#7714=ORIENTED_EDGE('',*,*,#5775,.F.);
#7715=ORIENTED_EDGE('',*,*,#5774,.T.);
#7716=ORIENTED_EDGE('',*,*,#5776,.F.);
#7717=ORIENTED_EDGE('',*,*,#5777,.F.);
#7718=ORIENTED_EDGE('',*,*,#5778,.F.);
#7719=ORIENTED_EDGE('',*,*,#5777,.T.);
#7720=ORIENTED_EDGE('',*,*,#5779,.F.);
#7721=ORIENTED_EDGE('',*,*,#5780,.F.);
#7722=ORIENTED_EDGE('',*,*,#5781,.F.);
#7723=ORIENTED_EDGE('',*,*,#5780,.T.);
#7724=ORIENTED_EDGE('',*,*,#5782,.F.);
#7725=ORIENTED_EDGE('',*,*,#5783,.F.);
#7726=ORIENTED_EDGE('',*,*,#5784,.T.);
#7727=ORIENTED_EDGE('',*,*,#5783,.T.);
#7728=ORIENTED_EDGE('',*,*,#5785,.F.);
#7729=ORIENTED_EDGE('',*,*,#5763,.F.);
#7730=ORIENTED_EDGE('',*,*,#5785,.T.);
#7731=ORIENTED_EDGE('',*,*,#5782,.T.);
#7732=ORIENTED_EDGE('',*,*,#5779,.T.);
#7733=ORIENTED_EDGE('',*,*,#5776,.T.);
#7734=ORIENTED_EDGE('',*,*,#5773,.T.);
#7735=ORIENTED_EDGE('',*,*,#5770,.T.);
#7736=ORIENTED_EDGE('',*,*,#5767,.T.);
#7737=ORIENTED_EDGE('',*,*,#5764,.T.);
#7738=ORIENTED_EDGE('',*,*,#5761,.T.);
#7739=ORIENTED_EDGE('',*,*,#5758,.T.);
#7740=ORIENTED_EDGE('',*,*,#5755,.T.);
#7741=ORIENTED_EDGE('',*,*,#5752,.T.);
#7742=ORIENTED_EDGE('',*,*,#5749,.T.);
#7743=ORIENTED_EDGE('',*,*,#5746,.T.);
#7744=ORIENTED_EDGE('',*,*,#5743,.T.);
#7745=ORIENTED_EDGE('',*,*,#5740,.T.);
#7746=ORIENTED_EDGE('',*,*,#5784,.F.);
#7747=ORIENTED_EDGE('',*,*,#5762,.T.);
#7748=ORIENTED_EDGE('',*,*,#5766,.T.);
#7749=ORIENTED_EDGE('',*,*,#5769,.T.);
#7750=ORIENTED_EDGE('',*,*,#5772,.T.);
#7751=ORIENTED_EDGE('',*,*,#5775,.T.);
#7752=ORIENTED_EDGE('',*,*,#5778,.T.);
#7753=ORIENTED_EDGE('',*,*,#5781,.T.);
#7754=ORIENTED_EDGE('',*,*,#5760,.F.);
#7755=ORIENTED_EDGE('',*,*,#5738,.F.);
#7756=ORIENTED_EDGE('',*,*,#5742,.F.);
#7757=ORIENTED_EDGE('',*,*,#5745,.F.);
#7758=ORIENTED_EDGE('',*,*,#5748,.F.);
#7759=ORIENTED_EDGE('',*,*,#5751,.F.);
#7760=ORIENTED_EDGE('',*,*,#5754,.F.);
#7761=ORIENTED_EDGE('',*,*,#5757,.F.);
#7762=ORIENTED_EDGE('',*,*,#5786,.T.);
#7763=ORIENTED_EDGE('',*,*,#5787,.T.);
#7764=ORIENTED_EDGE('',*,*,#5788,.F.);
#7765=ORIENTED_EDGE('',*,*,#5789,.F.);
#7766=ORIENTED_EDGE('',*,*,#5790,.T.);
#7767=ORIENTED_EDGE('',*,*,#5789,.T.);
#7768=ORIENTED_EDGE('',*,*,#5791,.F.);
#7769=ORIENTED_EDGE('',*,*,#5792,.F.);
#7770=ORIENTED_EDGE('',*,*,#5793,.T.);
#7771=ORIENTED_EDGE('',*,*,#5792,.T.);
#7772=ORIENTED_EDGE('',*,*,#5794,.F.);
#7773=ORIENTED_EDGE('',*,*,#5795,.F.);
#7774=ORIENTED_EDGE('',*,*,#5796,.T.);
#7775=ORIENTED_EDGE('',*,*,#5795,.T.);
#7776=ORIENTED_EDGE('',*,*,#5797,.F.);
#7777=ORIENTED_EDGE('',*,*,#5798,.F.);
#7778=ORIENTED_EDGE('',*,*,#5799,.T.);
#7779=ORIENTED_EDGE('',*,*,#5798,.T.);
#7780=ORIENTED_EDGE('',*,*,#5800,.F.);
#7781=ORIENTED_EDGE('',*,*,#5801,.F.);
#7782=ORIENTED_EDGE('',*,*,#5802,.T.);
#7783=ORIENTED_EDGE('',*,*,#5801,.T.);
#7784=ORIENTED_EDGE('',*,*,#5803,.F.);
#7785=ORIENTED_EDGE('',*,*,#5804,.F.);
#7786=ORIENTED_EDGE('',*,*,#5805,.T.);
#7787=ORIENTED_EDGE('',*,*,#5804,.T.);
#7788=ORIENTED_EDGE('',*,*,#5806,.F.);
#7789=ORIENTED_EDGE('',*,*,#5807,.F.);
#7790=ORIENTED_EDGE('',*,*,#5808,.T.);
#7791=ORIENTED_EDGE('',*,*,#5807,.T.);
#7792=ORIENTED_EDGE('',*,*,#5809,.F.);
#7793=ORIENTED_EDGE('',*,*,#5787,.F.);
#7794=ORIENTED_EDGE('',*,*,#5810,.F.);
#7795=ORIENTED_EDGE('',*,*,#5811,.T.);
#7796=ORIENTED_EDGE('',*,*,#5812,.F.);
#7797=ORIENTED_EDGE('',*,*,#5813,.F.);
#7798=ORIENTED_EDGE('',*,*,#5814,.F.);
#7799=ORIENTED_EDGE('',*,*,#5813,.T.);
#7800=ORIENTED_EDGE('',*,*,#5815,.F.);
#7801=ORIENTED_EDGE('',*,*,#5816,.F.);
#7802=ORIENTED_EDGE('',*,*,#5817,.F.);
#7803=ORIENTED_EDGE('',*,*,#5816,.T.);
#7804=ORIENTED_EDGE('',*,*,#5818,.F.);
#7805=ORIENTED_EDGE('',*,*,#5819,.F.);
#7806=ORIENTED_EDGE('',*,*,#5820,.F.);
#7807=ORIENTED_EDGE('',*,*,#5819,.T.);
#7808=ORIENTED_EDGE('',*,*,#5821,.F.);
#7809=ORIENTED_EDGE('',*,*,#5822,.F.);
#7810=ORIENTED_EDGE('',*,*,#5823,.F.);
#7811=ORIENTED_EDGE('',*,*,#5822,.T.);
#7812=ORIENTED_EDGE('',*,*,#5824,.F.);
#7813=ORIENTED_EDGE('',*,*,#5825,.F.);
#7814=ORIENTED_EDGE('',*,*,#5826,.F.);
#7815=ORIENTED_EDGE('',*,*,#5825,.T.);
#7816=ORIENTED_EDGE('',*,*,#5827,.F.);
#7817=ORIENTED_EDGE('',*,*,#5828,.F.);
#7818=ORIENTED_EDGE('',*,*,#5829,.F.);
#7819=ORIENTED_EDGE('',*,*,#5828,.T.);
#7820=ORIENTED_EDGE('',*,*,#5830,.F.);
#7821=ORIENTED_EDGE('',*,*,#5831,.F.);
#7822=ORIENTED_EDGE('',*,*,#5832,.T.);
#7823=ORIENTED_EDGE('',*,*,#5831,.T.);
#7824=ORIENTED_EDGE('',*,*,#5833,.F.);
#7825=ORIENTED_EDGE('',*,*,#5811,.F.);
#7826=ORIENTED_EDGE('',*,*,#5833,.T.);
#7827=ORIENTED_EDGE('',*,*,#5830,.T.);
#7828=ORIENTED_EDGE('',*,*,#5827,.T.);
#7829=ORIENTED_EDGE('',*,*,#5824,.T.);
#7830=ORIENTED_EDGE('',*,*,#5821,.T.);
#7831=ORIENTED_EDGE('',*,*,#5818,.T.);
#7832=ORIENTED_EDGE('',*,*,#5815,.T.);
#7833=ORIENTED_EDGE('',*,*,#5812,.T.);
#7834=ORIENTED_EDGE('',*,*,#5809,.T.);
#7835=ORIENTED_EDGE('',*,*,#5806,.T.);
#7836=ORIENTED_EDGE('',*,*,#5803,.T.);
#7837=ORIENTED_EDGE('',*,*,#5800,.T.);
#7838=ORIENTED_EDGE('',*,*,#5797,.T.);
#7839=ORIENTED_EDGE('',*,*,#5794,.T.);
#7840=ORIENTED_EDGE('',*,*,#5791,.T.);
#7841=ORIENTED_EDGE('',*,*,#5788,.T.);
#7842=ORIENTED_EDGE('',*,*,#5832,.F.);
#7843=ORIENTED_EDGE('',*,*,#5810,.T.);
#7844=ORIENTED_EDGE('',*,*,#5814,.T.);
#7845=ORIENTED_EDGE('',*,*,#5817,.T.);
#7846=ORIENTED_EDGE('',*,*,#5820,.T.);
#7847=ORIENTED_EDGE('',*,*,#5823,.T.);
#7848=ORIENTED_EDGE('',*,*,#5826,.T.);
#7849=ORIENTED_EDGE('',*,*,#5829,.T.);
#7850=ORIENTED_EDGE('',*,*,#5808,.F.);
#7851=ORIENTED_EDGE('',*,*,#5786,.F.);
#7852=ORIENTED_EDGE('',*,*,#5790,.F.);
#7853=ORIENTED_EDGE('',*,*,#5793,.F.);
#7854=ORIENTED_EDGE('',*,*,#5796,.F.);
#7855=ORIENTED_EDGE('',*,*,#5799,.F.);
#7856=ORIENTED_EDGE('',*,*,#5802,.F.);
#7857=ORIENTED_EDGE('',*,*,#5805,.F.);
#7858=ORIENTED_EDGE('',*,*,#5834,.T.);
#7859=ORIENTED_EDGE('',*,*,#5835,.T.);
#7860=ORIENTED_EDGE('',*,*,#5836,.F.);
#7861=ORIENTED_EDGE('',*,*,#5837,.F.);
#7862=ORIENTED_EDGE('',*,*,#5838,.T.);
#7863=ORIENTED_EDGE('',*,*,#5837,.T.);
#7864=ORIENTED_EDGE('',*,*,#5839,.F.);
#7865=ORIENTED_EDGE('',*,*,#5840,.F.);
#7866=ORIENTED_EDGE('',*,*,#5841,.T.);
#7867=ORIENTED_EDGE('',*,*,#5840,.T.);
#7868=ORIENTED_EDGE('',*,*,#5842,.F.);
#7869=ORIENTED_EDGE('',*,*,#5843,.F.);
#7870=ORIENTED_EDGE('',*,*,#5844,.T.);
#7871=ORIENTED_EDGE('',*,*,#5843,.T.);
#7872=ORIENTED_EDGE('',*,*,#5845,.F.);
#7873=ORIENTED_EDGE('',*,*,#5846,.F.);
#7874=ORIENTED_EDGE('',*,*,#5847,.T.);
#7875=ORIENTED_EDGE('',*,*,#5846,.T.);
#7876=ORIENTED_EDGE('',*,*,#5848,.F.);
#7877=ORIENTED_EDGE('',*,*,#5849,.F.);
#7878=ORIENTED_EDGE('',*,*,#5850,.T.);
#7879=ORIENTED_EDGE('',*,*,#5849,.T.);
#7880=ORIENTED_EDGE('',*,*,#5851,.F.);
#7881=ORIENTED_EDGE('',*,*,#5852,.F.);
#7882=ORIENTED_EDGE('',*,*,#5853,.T.);
#7883=ORIENTED_EDGE('',*,*,#5852,.T.);
#7884=ORIENTED_EDGE('',*,*,#5854,.F.);
#7885=ORIENTED_EDGE('',*,*,#5855,.F.);
#7886=ORIENTED_EDGE('',*,*,#5856,.T.);
#7887=ORIENTED_EDGE('',*,*,#5855,.T.);
#7888=ORIENTED_EDGE('',*,*,#5857,.F.);
#7889=ORIENTED_EDGE('',*,*,#5835,.F.);
#7890=ORIENTED_EDGE('',*,*,#5858,.F.);
#7891=ORIENTED_EDGE('',*,*,#5859,.T.);
#7892=ORIENTED_EDGE('',*,*,#5860,.F.);
#7893=ORIENTED_EDGE('',*,*,#5861,.F.);
#7894=ORIENTED_EDGE('',*,*,#5862,.T.);
#7895=ORIENTED_EDGE('',*,*,#5861,.T.);
#7896=ORIENTED_EDGE('',*,*,#5863,.F.);
#7897=ORIENTED_EDGE('',*,*,#5864,.F.);
#7898=ORIENTED_EDGE('',*,*,#5865,.T.);
#7899=ORIENTED_EDGE('',*,*,#5864,.T.);
#7900=ORIENTED_EDGE('',*,*,#5866,.F.);
#7901=ORIENTED_EDGE('',*,*,#5867,.F.);
#7902=ORIENTED_EDGE('',*,*,#5868,.T.);
#7903=ORIENTED_EDGE('',*,*,#5867,.T.);
#7904=ORIENTED_EDGE('',*,*,#5869,.F.);
#7905=ORIENTED_EDGE('',*,*,#5870,.F.);
#7906=ORIENTED_EDGE('',*,*,#5871,.T.);
#7907=ORIENTED_EDGE('',*,*,#5870,.T.);
#7908=ORIENTED_EDGE('',*,*,#5872,.F.);
#7909=ORIENTED_EDGE('',*,*,#5873,.F.);
#7910=ORIENTED_EDGE('',*,*,#5874,.T.);
#7911=ORIENTED_EDGE('',*,*,#5873,.T.);
#7912=ORIENTED_EDGE('',*,*,#5875,.F.);
#7913=ORIENTED_EDGE('',*,*,#5876,.F.);
#7914=ORIENTED_EDGE('',*,*,#5877,.T.);
#7915=ORIENTED_EDGE('',*,*,#5876,.T.);
#7916=ORIENTED_EDGE('',*,*,#5878,.F.);
#7917=ORIENTED_EDGE('',*,*,#5879,.F.);
#7918=ORIENTED_EDGE('',*,*,#5880,.T.);
#7919=ORIENTED_EDGE('',*,*,#5879,.T.);
#7920=ORIENTED_EDGE('',*,*,#5881,.F.);
#7921=ORIENTED_EDGE('',*,*,#5859,.F.);
#7922=ORIENTED_EDGE('',*,*,#5881,.T.);
#7923=ORIENTED_EDGE('',*,*,#5878,.T.);
#7924=ORIENTED_EDGE('',*,*,#5875,.T.);
#7925=ORIENTED_EDGE('',*,*,#5872,.T.);
#7926=ORIENTED_EDGE('',*,*,#5869,.T.);
#7927=ORIENTED_EDGE('',*,*,#5866,.T.);
#7928=ORIENTED_EDGE('',*,*,#5863,.T.);
#7929=ORIENTED_EDGE('',*,*,#5860,.T.);
#7930=ORIENTED_EDGE('',*,*,#5857,.T.);
#7931=ORIENTED_EDGE('',*,*,#5854,.T.);
#7932=ORIENTED_EDGE('',*,*,#5851,.T.);
#7933=ORIENTED_EDGE('',*,*,#5848,.T.);
#7934=ORIENTED_EDGE('',*,*,#5845,.T.);
#7935=ORIENTED_EDGE('',*,*,#5842,.T.);
#7936=ORIENTED_EDGE('',*,*,#5839,.T.);
#7937=ORIENTED_EDGE('',*,*,#5836,.T.);
#7938=ORIENTED_EDGE('',*,*,#5880,.F.);
#7939=ORIENTED_EDGE('',*,*,#5858,.T.);
#7940=ORIENTED_EDGE('',*,*,#5862,.F.);
#7941=ORIENTED_EDGE('',*,*,#5865,.F.);
#7942=ORIENTED_EDGE('',*,*,#5868,.F.);
#7943=ORIENTED_EDGE('',*,*,#5871,.F.);
#7944=ORIENTED_EDGE('',*,*,#5874,.F.);
#7945=ORIENTED_EDGE('',*,*,#5877,.F.);
#7946=ORIENTED_EDGE('',*,*,#5856,.F.);
#7947=ORIENTED_EDGE('',*,*,#5834,.F.);
#7948=ORIENTED_EDGE('',*,*,#5838,.F.);
#7949=ORIENTED_EDGE('',*,*,#5841,.F.);
#7950=ORIENTED_EDGE('',*,*,#5844,.F.);
#7951=ORIENTED_EDGE('',*,*,#5847,.F.);
#7952=ORIENTED_EDGE('',*,*,#5850,.F.);
#7953=ORIENTED_EDGE('',*,*,#5853,.F.);
#7954=ORIENTED_EDGE('',*,*,#5882,.T.);
#7955=ORIENTED_EDGE('',*,*,#5883,.T.);
#7956=ORIENTED_EDGE('',*,*,#5884,.F.);
#7957=ORIENTED_EDGE('',*,*,#5885,.F.);
#7958=ORIENTED_EDGE('',*,*,#5886,.T.);
#7959=ORIENTED_EDGE('',*,*,#5885,.T.);
#7960=ORIENTED_EDGE('',*,*,#5887,.F.);
#7961=ORIENTED_EDGE('',*,*,#5888,.F.);
#7962=ORIENTED_EDGE('',*,*,#5889,.T.);
#7963=ORIENTED_EDGE('',*,*,#5888,.T.);
#7964=ORIENTED_EDGE('',*,*,#5890,.F.);
#7965=ORIENTED_EDGE('',*,*,#5891,.F.);
#7966=ORIENTED_EDGE('',*,*,#5892,.T.);
#7967=ORIENTED_EDGE('',*,*,#5891,.T.);
#7968=ORIENTED_EDGE('',*,*,#5893,.F.);
#7969=ORIENTED_EDGE('',*,*,#5894,.F.);
#7970=ORIENTED_EDGE('',*,*,#5895,.T.);
#7971=ORIENTED_EDGE('',*,*,#5894,.T.);
#7972=ORIENTED_EDGE('',*,*,#5896,.F.);
#7973=ORIENTED_EDGE('',*,*,#5897,.F.);
#7974=ORIENTED_EDGE('',*,*,#5898,.T.);
#7975=ORIENTED_EDGE('',*,*,#5897,.T.);
#7976=ORIENTED_EDGE('',*,*,#5899,.F.);
#7977=ORIENTED_EDGE('',*,*,#5900,.F.);
#7978=ORIENTED_EDGE('',*,*,#5901,.T.);
#7979=ORIENTED_EDGE('',*,*,#5900,.T.);
#7980=ORIENTED_EDGE('',*,*,#5902,.F.);
#7981=ORIENTED_EDGE('',*,*,#5903,.F.);
#7982=ORIENTED_EDGE('',*,*,#5904,.T.);
#7983=ORIENTED_EDGE('',*,*,#5903,.T.);
#7984=ORIENTED_EDGE('',*,*,#5905,.F.);
#7985=ORIENTED_EDGE('',*,*,#5883,.F.);
#7986=ORIENTED_EDGE('',*,*,#5906,.F.);
#7987=ORIENTED_EDGE('',*,*,#5907,.T.);
#7988=ORIENTED_EDGE('',*,*,#5908,.F.);
#7989=ORIENTED_EDGE('',*,*,#5909,.F.);
#7990=ORIENTED_EDGE('',*,*,#5910,.T.);
#7991=ORIENTED_EDGE('',*,*,#5909,.T.);
#7992=ORIENTED_EDGE('',*,*,#5911,.F.);
#7993=ORIENTED_EDGE('',*,*,#5912,.F.);
#7994=ORIENTED_EDGE('',*,*,#5913,.T.);
#7995=ORIENTED_EDGE('',*,*,#5912,.T.);
#7996=ORIENTED_EDGE('',*,*,#5914,.F.);
#7997=ORIENTED_EDGE('',*,*,#5915,.F.);
#7998=ORIENTED_EDGE('',*,*,#5916,.T.);
#7999=ORIENTED_EDGE('',*,*,#5915,.T.);
#8000=ORIENTED_EDGE('',*,*,#5917,.F.);
#8001=ORIENTED_EDGE('',*,*,#5918,.F.);
#8002=ORIENTED_EDGE('',*,*,#5919,.T.);
#8003=ORIENTED_EDGE('',*,*,#5918,.T.);
#8004=ORIENTED_EDGE('',*,*,#5920,.F.);
#8005=ORIENTED_EDGE('',*,*,#5921,.F.);
#8006=ORIENTED_EDGE('',*,*,#5922,.T.);
#8007=ORIENTED_EDGE('',*,*,#5921,.T.);
#8008=ORIENTED_EDGE('',*,*,#5923,.F.);
#8009=ORIENTED_EDGE('',*,*,#5924,.F.);
#8010=ORIENTED_EDGE('',*,*,#5925,.T.);
#8011=ORIENTED_EDGE('',*,*,#5924,.T.);
#8012=ORIENTED_EDGE('',*,*,#5926,.F.);
#8013=ORIENTED_EDGE('',*,*,#5927,.F.);
#8014=ORIENTED_EDGE('',*,*,#5928,.T.);
#8015=ORIENTED_EDGE('',*,*,#5927,.T.);
#8016=ORIENTED_EDGE('',*,*,#5929,.F.);
#8017=ORIENTED_EDGE('',*,*,#5907,.F.);
#8018=ORIENTED_EDGE('',*,*,#5929,.T.);
#8019=ORIENTED_EDGE('',*,*,#5926,.T.);
#8020=ORIENTED_EDGE('',*,*,#5923,.T.);
#8021=ORIENTED_EDGE('',*,*,#5920,.T.);
#8022=ORIENTED_EDGE('',*,*,#5917,.T.);
#8023=ORIENTED_EDGE('',*,*,#5914,.T.);
#8024=ORIENTED_EDGE('',*,*,#5911,.T.);
#8025=ORIENTED_EDGE('',*,*,#5908,.T.);
#8026=ORIENTED_EDGE('',*,*,#5905,.T.);
#8027=ORIENTED_EDGE('',*,*,#5902,.T.);
#8028=ORIENTED_EDGE('',*,*,#5899,.T.);
#8029=ORIENTED_EDGE('',*,*,#5896,.T.);
#8030=ORIENTED_EDGE('',*,*,#5893,.T.);
#8031=ORIENTED_EDGE('',*,*,#5890,.T.);
#8032=ORIENTED_EDGE('',*,*,#5887,.T.);
#8033=ORIENTED_EDGE('',*,*,#5884,.T.);
#8034=ORIENTED_EDGE('',*,*,#5928,.F.);
#8035=ORIENTED_EDGE('',*,*,#5906,.T.);
#8036=ORIENTED_EDGE('',*,*,#5910,.F.);
#8037=ORIENTED_EDGE('',*,*,#5913,.F.);
#8038=ORIENTED_EDGE('',*,*,#5916,.F.);
#8039=ORIENTED_EDGE('',*,*,#5919,.F.);
#8040=ORIENTED_EDGE('',*,*,#5922,.F.);
#8041=ORIENTED_EDGE('',*,*,#5925,.F.);
#8042=ORIENTED_EDGE('',*,*,#5904,.F.);
#8043=ORIENTED_EDGE('',*,*,#5882,.F.);
#8044=ORIENTED_EDGE('',*,*,#5886,.F.);
#8045=ORIENTED_EDGE('',*,*,#5889,.F.);
#8046=ORIENTED_EDGE('',*,*,#5892,.F.);
#8047=ORIENTED_EDGE('',*,*,#5895,.F.);
#8048=ORIENTED_EDGE('',*,*,#5898,.F.);
#8049=ORIENTED_EDGE('',*,*,#5901,.F.);
#8050=ORIENTED_EDGE('',*,*,#5930,.T.);
#8051=ORIENTED_EDGE('',*,*,#5931,.T.);
#8052=ORIENTED_EDGE('',*,*,#5932,.T.);
#8053=ORIENTED_EDGE('',*,*,#5933,.T.);
#8054=ORIENTED_EDGE('',*,*,#5934,.T.);
#8055=ORIENTED_EDGE('',*,*,#5935,.T.);
#8056=ORIENTED_EDGE('',*,*,#5936,.T.);
#8057=ORIENTED_EDGE('',*,*,#5937,.T.);
#8058=ORIENTED_EDGE('',*,*,#5938,.F.);
#8059=ORIENTED_EDGE('',*,*,#5939,.F.);
#8060=ORIENTED_EDGE('',*,*,#5940,.F.);
#8061=ORIENTED_EDGE('',*,*,#5931,.F.);
#8062=ORIENTED_EDGE('',*,*,#5940,.T.);
#8063=ORIENTED_EDGE('',*,*,#5941,.F.);
#8064=ORIENTED_EDGE('',*,*,#5942,.F.);
#8065=ORIENTED_EDGE('',*,*,#5932,.F.);
#8066=ORIENTED_EDGE('',*,*,#5942,.T.);
#8067=ORIENTED_EDGE('',*,*,#5943,.F.);
#8068=ORIENTED_EDGE('',*,*,#5944,.F.);
#8069=ORIENTED_EDGE('',*,*,#5933,.F.);
#8070=ORIENTED_EDGE('',*,*,#5944,.T.);
#8071=ORIENTED_EDGE('',*,*,#5945,.F.);
#8072=ORIENTED_EDGE('',*,*,#5946,.F.);
#8073=ORIENTED_EDGE('',*,*,#5934,.F.);
#8074=ORIENTED_EDGE('',*,*,#5946,.T.);
#8075=ORIENTED_EDGE('',*,*,#5947,.F.);
#8076=ORIENTED_EDGE('',*,*,#5948,.F.);
#8077=ORIENTED_EDGE('',*,*,#5935,.F.);
#8078=ORIENTED_EDGE('',*,*,#5948,.T.);
#8079=ORIENTED_EDGE('',*,*,#5949,.F.);
#8080=ORIENTED_EDGE('',*,*,#5950,.F.);
#8081=ORIENTED_EDGE('',*,*,#5936,.F.);
#8082=ORIENTED_EDGE('',*,*,#5950,.T.);
#8083=ORIENTED_EDGE('',*,*,#5951,.F.);
#8084=ORIENTED_EDGE('',*,*,#5952,.F.);
#8085=ORIENTED_EDGE('',*,*,#5937,.F.);
#8086=ORIENTED_EDGE('',*,*,#5952,.T.);
#8087=ORIENTED_EDGE('',*,*,#5953,.F.);
#8088=ORIENTED_EDGE('',*,*,#5938,.T.);
#8089=ORIENTED_EDGE('',*,*,#5930,.F.);
#8090=ORIENTED_EDGE('',*,*,#5953,.T.);
#8091=ORIENTED_EDGE('',*,*,#5951,.T.);
#8092=ORIENTED_EDGE('',*,*,#5949,.T.);
#8093=ORIENTED_EDGE('',*,*,#5947,.T.);
#8094=ORIENTED_EDGE('',*,*,#5945,.T.);
#8095=ORIENTED_EDGE('',*,*,#5943,.T.);
#8096=ORIENTED_EDGE('',*,*,#5941,.T.);
#8097=ORIENTED_EDGE('',*,*,#5939,.T.);
#8098=ORIENTED_EDGE('',*,*,#5954,.T.);
#8099=ORIENTED_EDGE('',*,*,#5955,.T.);
#8100=ORIENTED_EDGE('',*,*,#5956,.T.);
#8101=ORIENTED_EDGE('',*,*,#5957,.T.);
#8102=ORIENTED_EDGE('',*,*,#5958,.T.);
#8103=ORIENTED_EDGE('',*,*,#5959,.T.);
#8104=ORIENTED_EDGE('',*,*,#5960,.T.);
#8105=ORIENTED_EDGE('',*,*,#5961,.T.);
#8106=ORIENTED_EDGE('',*,*,#5962,.F.);
#8107=ORIENTED_EDGE('',*,*,#5963,.F.);
#8108=ORIENTED_EDGE('',*,*,#5964,.F.);
#8109=ORIENTED_EDGE('',*,*,#5955,.F.);
#8110=ORIENTED_EDGE('',*,*,#5964,.T.);
#8111=ORIENTED_EDGE('',*,*,#5965,.F.);
#8112=ORIENTED_EDGE('',*,*,#5966,.F.);
#8113=ORIENTED_EDGE('',*,*,#5956,.F.);
#8114=ORIENTED_EDGE('',*,*,#5966,.T.);
#8115=ORIENTED_EDGE('',*,*,#5967,.F.);
#8116=ORIENTED_EDGE('',*,*,#5968,.F.);
#8117=ORIENTED_EDGE('',*,*,#5957,.F.);
#8118=ORIENTED_EDGE('',*,*,#5968,.T.);
#8119=ORIENTED_EDGE('',*,*,#5969,.F.);
#8120=ORIENTED_EDGE('',*,*,#5970,.F.);
#8121=ORIENTED_EDGE('',*,*,#5958,.F.);
#8122=ORIENTED_EDGE('',*,*,#5970,.T.);
#8123=ORIENTED_EDGE('',*,*,#5971,.F.);
#8124=ORIENTED_EDGE('',*,*,#5972,.F.);
#8125=ORIENTED_EDGE('',*,*,#5959,.F.);
#8126=ORIENTED_EDGE('',*,*,#5972,.T.);
#8127=ORIENTED_EDGE('',*,*,#5973,.F.);
#8128=ORIENTED_EDGE('',*,*,#5974,.F.);
#8129=ORIENTED_EDGE('',*,*,#5960,.F.);
#8130=ORIENTED_EDGE('',*,*,#5974,.T.);
#8131=ORIENTED_EDGE('',*,*,#5975,.F.);
#8132=ORIENTED_EDGE('',*,*,#5976,.F.);
#8133=ORIENTED_EDGE('',*,*,#5961,.F.);
#8134=ORIENTED_EDGE('',*,*,#5976,.T.);
#8135=ORIENTED_EDGE('',*,*,#5977,.F.);
#8136=ORIENTED_EDGE('',*,*,#5962,.T.);
#8137=ORIENTED_EDGE('',*,*,#5954,.F.);
#8138=ORIENTED_EDGE('',*,*,#5977,.T.);
#8139=ORIENTED_EDGE('',*,*,#5975,.T.);
#8140=ORIENTED_EDGE('',*,*,#5973,.T.);
#8141=ORIENTED_EDGE('',*,*,#5971,.T.);
#8142=ORIENTED_EDGE('',*,*,#5969,.T.);
#8143=ORIENTED_EDGE('',*,*,#5967,.T.);
#8144=ORIENTED_EDGE('',*,*,#5965,.T.);
#8145=ORIENTED_EDGE('',*,*,#5963,.T.);
#8146=ORIENTED_EDGE('',*,*,#5978,.T.);
#8147=ORIENTED_EDGE('',*,*,#5979,.T.);
#8148=ORIENTED_EDGE('',*,*,#5980,.T.);
#8149=ORIENTED_EDGE('',*,*,#5981,.T.);
#8150=ORIENTED_EDGE('',*,*,#5982,.T.);
#8151=ORIENTED_EDGE('',*,*,#5983,.T.);
#8152=ORIENTED_EDGE('',*,*,#5984,.T.);
#8153=ORIENTED_EDGE('',*,*,#5985,.T.);
#8154=ORIENTED_EDGE('',*,*,#5986,.F.);
#8155=ORIENTED_EDGE('',*,*,#5987,.F.);
#8156=ORIENTED_EDGE('',*,*,#5988,.F.);
#8157=ORIENTED_EDGE('',*,*,#5979,.F.);
#8158=ORIENTED_EDGE('',*,*,#5988,.T.);
#8159=ORIENTED_EDGE('',*,*,#5989,.F.);
#8160=ORIENTED_EDGE('',*,*,#5990,.F.);
#8161=ORIENTED_EDGE('',*,*,#5980,.F.);
#8162=ORIENTED_EDGE('',*,*,#5990,.T.);
#8163=ORIENTED_EDGE('',*,*,#5991,.F.);
#8164=ORIENTED_EDGE('',*,*,#5992,.F.);
#8165=ORIENTED_EDGE('',*,*,#5981,.F.);
#8166=ORIENTED_EDGE('',*,*,#5992,.T.);
#8167=ORIENTED_EDGE('',*,*,#5993,.F.);
#8168=ORIENTED_EDGE('',*,*,#5994,.F.);
#8169=ORIENTED_EDGE('',*,*,#5982,.F.);
#8170=ORIENTED_EDGE('',*,*,#5994,.T.);
#8171=ORIENTED_EDGE('',*,*,#5995,.F.);
#8172=ORIENTED_EDGE('',*,*,#5996,.F.);
#8173=ORIENTED_EDGE('',*,*,#5983,.F.);
#8174=ORIENTED_EDGE('',*,*,#5996,.T.);
#8175=ORIENTED_EDGE('',*,*,#5997,.F.);
#8176=ORIENTED_EDGE('',*,*,#5998,.F.);
#8177=ORIENTED_EDGE('',*,*,#5984,.F.);
#8178=ORIENTED_EDGE('',*,*,#5998,.T.);
#8179=ORIENTED_EDGE('',*,*,#5999,.F.);
#8180=ORIENTED_EDGE('',*,*,#6000,.F.);
#8181=ORIENTED_EDGE('',*,*,#5985,.F.);
#8182=ORIENTED_EDGE('',*,*,#6000,.T.);
#8183=ORIENTED_EDGE('',*,*,#6001,.F.);
#8184=ORIENTED_EDGE('',*,*,#5986,.T.);
#8185=ORIENTED_EDGE('',*,*,#5978,.F.);
#8186=ORIENTED_EDGE('',*,*,#6001,.T.);
#8187=ORIENTED_EDGE('',*,*,#5999,.T.);
#8188=ORIENTED_EDGE('',*,*,#5997,.T.);
#8189=ORIENTED_EDGE('',*,*,#5995,.T.);
#8190=ORIENTED_EDGE('',*,*,#5993,.T.);
#8191=ORIENTED_EDGE('',*,*,#5991,.T.);
#8192=ORIENTED_EDGE('',*,*,#5989,.T.);
#8193=ORIENTED_EDGE('',*,*,#5987,.T.);
#8194=ORIENTED_EDGE('',*,*,#6002,.T.);
#8195=ORIENTED_EDGE('',*,*,#6003,.T.);
#8196=ORIENTED_EDGE('',*,*,#6004,.T.);
#8197=ORIENTED_EDGE('',*,*,#6005,.T.);
#8198=ORIENTED_EDGE('',*,*,#6006,.T.);
#8199=ORIENTED_EDGE('',*,*,#6007,.T.);
#8200=ORIENTED_EDGE('',*,*,#6008,.T.);
#8201=ORIENTED_EDGE('',*,*,#6009,.T.);
#8202=ORIENTED_EDGE('',*,*,#6010,.F.);
#8203=ORIENTED_EDGE('',*,*,#6011,.F.);
#8204=ORIENTED_EDGE('',*,*,#6012,.F.);
#8205=ORIENTED_EDGE('',*,*,#6003,.F.);
#8206=ORIENTED_EDGE('',*,*,#6012,.T.);
#8207=ORIENTED_EDGE('',*,*,#6013,.F.);
#8208=ORIENTED_EDGE('',*,*,#6014,.F.);
#8209=ORIENTED_EDGE('',*,*,#6004,.F.);
#8210=ORIENTED_EDGE('',*,*,#6014,.T.);
#8211=ORIENTED_EDGE('',*,*,#6015,.F.);
#8212=ORIENTED_EDGE('',*,*,#6016,.F.);
#8213=ORIENTED_EDGE('',*,*,#6005,.F.);
#8214=ORIENTED_EDGE('',*,*,#6016,.T.);
#8215=ORIENTED_EDGE('',*,*,#6017,.F.);
#8216=ORIENTED_EDGE('',*,*,#6018,.F.);
#8217=ORIENTED_EDGE('',*,*,#6006,.F.);
#8218=ORIENTED_EDGE('',*,*,#6018,.T.);
#8219=ORIENTED_EDGE('',*,*,#6019,.F.);
#8220=ORIENTED_EDGE('',*,*,#6020,.F.);
#8221=ORIENTED_EDGE('',*,*,#6007,.F.);
#8222=ORIENTED_EDGE('',*,*,#6020,.T.);
#8223=ORIENTED_EDGE('',*,*,#6021,.F.);
#8224=ORIENTED_EDGE('',*,*,#6022,.F.);
#8225=ORIENTED_EDGE('',*,*,#6008,.F.);
#8226=ORIENTED_EDGE('',*,*,#6022,.T.);
#8227=ORIENTED_EDGE('',*,*,#6023,.F.);
#8228=ORIENTED_EDGE('',*,*,#6024,.F.);
#8229=ORIENTED_EDGE('',*,*,#6009,.F.);
#8230=ORIENTED_EDGE('',*,*,#6024,.T.);
#8231=ORIENTED_EDGE('',*,*,#6025,.F.);
#8232=ORIENTED_EDGE('',*,*,#6010,.T.);
#8233=ORIENTED_EDGE('',*,*,#6002,.F.);
#8234=ORIENTED_EDGE('',*,*,#6025,.T.);
#8235=ORIENTED_EDGE('',*,*,#6023,.T.);
#8236=ORIENTED_EDGE('',*,*,#6021,.T.);
#8237=ORIENTED_EDGE('',*,*,#6019,.T.);
#8238=ORIENTED_EDGE('',*,*,#6017,.T.);
#8239=ORIENTED_EDGE('',*,*,#6015,.T.);
#8240=ORIENTED_EDGE('',*,*,#6013,.T.);
#8241=ORIENTED_EDGE('',*,*,#6011,.T.);
#8242=ORIENTED_EDGE('',*,*,#6026,.T.);
#8243=ORIENTED_EDGE('',*,*,#6027,.T.);
#8244=ORIENTED_EDGE('',*,*,#6028,.T.);
#8245=ORIENTED_EDGE('',*,*,#6029,.T.);
#8246=ORIENTED_EDGE('',*,*,#6030,.T.);
#8247=ORIENTED_EDGE('',*,*,#6031,.T.);
#8248=ORIENTED_EDGE('',*,*,#6032,.T.);
#8249=ORIENTED_EDGE('',*,*,#6033,.T.);
#8250=ORIENTED_EDGE('',*,*,#6034,.F.);
#8251=ORIENTED_EDGE('',*,*,#6035,.F.);
#8252=ORIENTED_EDGE('',*,*,#6036,.F.);
#8253=ORIENTED_EDGE('',*,*,#6027,.F.);
#8254=ORIENTED_EDGE('',*,*,#6036,.T.);
#8255=ORIENTED_EDGE('',*,*,#6037,.F.);
#8256=ORIENTED_EDGE('',*,*,#6038,.F.);
#8257=ORIENTED_EDGE('',*,*,#6028,.F.);
#8258=ORIENTED_EDGE('',*,*,#6038,.T.);
#8259=ORIENTED_EDGE('',*,*,#6039,.F.);
#8260=ORIENTED_EDGE('',*,*,#6040,.F.);
#8261=ORIENTED_EDGE('',*,*,#6029,.F.);
#8262=ORIENTED_EDGE('',*,*,#6040,.T.);
#8263=ORIENTED_EDGE('',*,*,#6041,.F.);
#8264=ORIENTED_EDGE('',*,*,#6042,.F.);
#8265=ORIENTED_EDGE('',*,*,#6030,.F.);
#8266=ORIENTED_EDGE('',*,*,#6042,.T.);
#8267=ORIENTED_EDGE('',*,*,#6043,.F.);
#8268=ORIENTED_EDGE('',*,*,#6044,.F.);
#8269=ORIENTED_EDGE('',*,*,#6031,.F.);
#8270=ORIENTED_EDGE('',*,*,#6044,.T.);
#8271=ORIENTED_EDGE('',*,*,#6045,.F.);
#8272=ORIENTED_EDGE('',*,*,#6046,.F.);
#8273=ORIENTED_EDGE('',*,*,#6032,.F.);
#8274=ORIENTED_EDGE('',*,*,#6046,.T.);
#8275=ORIENTED_EDGE('',*,*,#6047,.F.);
#8276=ORIENTED_EDGE('',*,*,#6048,.F.);
#8277=ORIENTED_EDGE('',*,*,#6033,.F.);
#8278=ORIENTED_EDGE('',*,*,#6048,.T.);
#8279=ORIENTED_EDGE('',*,*,#6049,.F.);
#8280=ORIENTED_EDGE('',*,*,#6034,.T.);
#8281=ORIENTED_EDGE('',*,*,#6026,.F.);
#8282=ORIENTED_EDGE('',*,*,#6049,.T.);
#8283=ORIENTED_EDGE('',*,*,#6047,.T.);
#8284=ORIENTED_EDGE('',*,*,#6045,.T.);
#8285=ORIENTED_EDGE('',*,*,#6043,.T.);
#8286=ORIENTED_EDGE('',*,*,#6041,.T.);
#8287=ORIENTED_EDGE('',*,*,#6039,.T.);
#8288=ORIENTED_EDGE('',*,*,#6037,.T.);
#8289=ORIENTED_EDGE('',*,*,#6035,.T.);
#8290=ORIENTED_EDGE('',*,*,#6050,.T.);
#8291=ORIENTED_EDGE('',*,*,#6051,.T.);
#8292=ORIENTED_EDGE('',*,*,#6052,.T.);
#8293=ORIENTED_EDGE('',*,*,#6053,.T.);
#8294=ORIENTED_EDGE('',*,*,#6054,.T.);
#8295=ORIENTED_EDGE('',*,*,#6055,.T.);
#8296=ORIENTED_EDGE('',*,*,#6056,.T.);
#8297=ORIENTED_EDGE('',*,*,#6057,.T.);
#8298=ORIENTED_EDGE('',*,*,#6058,.F.);
#8299=ORIENTED_EDGE('',*,*,#6059,.F.);
#8300=ORIENTED_EDGE('',*,*,#6060,.F.);
#8301=ORIENTED_EDGE('',*,*,#6051,.F.);
#8302=ORIENTED_EDGE('',*,*,#6060,.T.);
#8303=ORIENTED_EDGE('',*,*,#6061,.F.);
#8304=ORIENTED_EDGE('',*,*,#6062,.F.);
#8305=ORIENTED_EDGE('',*,*,#6052,.F.);
#8306=ORIENTED_EDGE('',*,*,#6062,.T.);
#8307=ORIENTED_EDGE('',*,*,#6063,.F.);
#8308=ORIENTED_EDGE('',*,*,#6064,.F.);
#8309=ORIENTED_EDGE('',*,*,#6053,.F.);
#8310=ORIENTED_EDGE('',*,*,#6064,.T.);
#8311=ORIENTED_EDGE('',*,*,#6065,.F.);
#8312=ORIENTED_EDGE('',*,*,#6066,.F.);
#8313=ORIENTED_EDGE('',*,*,#6054,.F.);
#8314=ORIENTED_EDGE('',*,*,#6066,.T.);
#8315=ORIENTED_EDGE('',*,*,#6067,.F.);
#8316=ORIENTED_EDGE('',*,*,#6068,.F.);
#8317=ORIENTED_EDGE('',*,*,#6055,.F.);
#8318=ORIENTED_EDGE('',*,*,#6068,.T.);
#8319=ORIENTED_EDGE('',*,*,#6069,.F.);
#8320=ORIENTED_EDGE('',*,*,#6070,.F.);
#8321=ORIENTED_EDGE('',*,*,#6056,.F.);
#8322=ORIENTED_EDGE('',*,*,#6070,.T.);
#8323=ORIENTED_EDGE('',*,*,#6071,.F.);
#8324=ORIENTED_EDGE('',*,*,#6072,.F.);
#8325=ORIENTED_EDGE('',*,*,#6057,.F.);
#8326=ORIENTED_EDGE('',*,*,#6072,.T.);
#8327=ORIENTED_EDGE('',*,*,#6073,.F.);
#8328=ORIENTED_EDGE('',*,*,#6058,.T.);
#8329=ORIENTED_EDGE('',*,*,#6050,.F.);
#8330=ORIENTED_EDGE('',*,*,#6073,.T.);
#8331=ORIENTED_EDGE('',*,*,#6071,.T.);
#8332=ORIENTED_EDGE('',*,*,#6069,.T.);
#8333=ORIENTED_EDGE('',*,*,#6067,.T.);
#8334=ORIENTED_EDGE('',*,*,#6065,.T.);
#8335=ORIENTED_EDGE('',*,*,#6063,.T.);
#8336=ORIENTED_EDGE('',*,*,#6061,.T.);
#8337=ORIENTED_EDGE('',*,*,#6059,.T.);
#8338=ORIENTED_EDGE('',*,*,#6074,.T.);
#8339=ORIENTED_EDGE('',*,*,#6075,.T.);
#8340=ORIENTED_EDGE('',*,*,#6076,.T.);
#8341=ORIENTED_EDGE('',*,*,#6077,.T.);
#8342=ORIENTED_EDGE('',*,*,#6078,.T.);
#8343=ORIENTED_EDGE('',*,*,#6079,.T.);
#8344=ORIENTED_EDGE('',*,*,#6080,.T.);
#8345=ORIENTED_EDGE('',*,*,#6081,.T.);
#8346=ORIENTED_EDGE('',*,*,#6082,.F.);
#8347=ORIENTED_EDGE('',*,*,#6083,.F.);
#8348=ORIENTED_EDGE('',*,*,#6084,.F.);
#8349=ORIENTED_EDGE('',*,*,#6075,.F.);
#8350=ORIENTED_EDGE('',*,*,#6084,.T.);
#8351=ORIENTED_EDGE('',*,*,#6085,.F.);
#8352=ORIENTED_EDGE('',*,*,#6086,.F.);
#8353=ORIENTED_EDGE('',*,*,#6076,.F.);
#8354=ORIENTED_EDGE('',*,*,#6086,.T.);
#8355=ORIENTED_EDGE('',*,*,#6087,.F.);
#8356=ORIENTED_EDGE('',*,*,#6088,.F.);
#8357=ORIENTED_EDGE('',*,*,#6077,.F.);
#8358=ORIENTED_EDGE('',*,*,#6088,.T.);
#8359=ORIENTED_EDGE('',*,*,#6089,.F.);
#8360=ORIENTED_EDGE('',*,*,#6090,.F.);
#8361=ORIENTED_EDGE('',*,*,#6078,.F.);
#8362=ORIENTED_EDGE('',*,*,#6090,.T.);
#8363=ORIENTED_EDGE('',*,*,#6091,.F.);
#8364=ORIENTED_EDGE('',*,*,#6092,.F.);
#8365=ORIENTED_EDGE('',*,*,#6079,.F.);
#8366=ORIENTED_EDGE('',*,*,#6092,.T.);
#8367=ORIENTED_EDGE('',*,*,#6093,.F.);
#8368=ORIENTED_EDGE('',*,*,#6094,.F.);
#8369=ORIENTED_EDGE('',*,*,#6080,.F.);
#8370=ORIENTED_EDGE('',*,*,#6094,.T.);
#8371=ORIENTED_EDGE('',*,*,#6095,.F.);
#8372=ORIENTED_EDGE('',*,*,#6096,.F.);
#8373=ORIENTED_EDGE('',*,*,#6081,.F.);
#8374=ORIENTED_EDGE('',*,*,#6096,.T.);
#8375=ORIENTED_EDGE('',*,*,#6097,.F.);
#8376=ORIENTED_EDGE('',*,*,#6082,.T.);
#8377=ORIENTED_EDGE('',*,*,#6074,.F.);
#8378=ORIENTED_EDGE('',*,*,#6097,.T.);
#8379=ORIENTED_EDGE('',*,*,#6095,.T.);
#8380=ORIENTED_EDGE('',*,*,#6093,.T.);
#8381=ORIENTED_EDGE('',*,*,#6091,.T.);
#8382=ORIENTED_EDGE('',*,*,#6089,.T.);
#8383=ORIENTED_EDGE('',*,*,#6087,.T.);
#8384=ORIENTED_EDGE('',*,*,#6085,.T.);
#8385=ORIENTED_EDGE('',*,*,#6083,.T.);
#8386=ORIENTED_EDGE('',*,*,#6098,.T.);
#8387=ORIENTED_EDGE('',*,*,#6099,.T.);
#8388=ORIENTED_EDGE('',*,*,#6100,.T.);
#8389=ORIENTED_EDGE('',*,*,#6101,.T.);
#8390=ORIENTED_EDGE('',*,*,#6102,.T.);
#8391=ORIENTED_EDGE('',*,*,#6103,.T.);
#8392=ORIENTED_EDGE('',*,*,#6104,.T.);
#8393=ORIENTED_EDGE('',*,*,#6105,.T.);
#8394=ORIENTED_EDGE('',*,*,#6106,.F.);
#8395=ORIENTED_EDGE('',*,*,#6107,.F.);
#8396=ORIENTED_EDGE('',*,*,#6108,.F.);
#8397=ORIENTED_EDGE('',*,*,#6099,.F.);
#8398=ORIENTED_EDGE('',*,*,#6108,.T.);
#8399=ORIENTED_EDGE('',*,*,#6109,.F.);
#8400=ORIENTED_EDGE('',*,*,#6110,.F.);
#8401=ORIENTED_EDGE('',*,*,#6100,.F.);
#8402=ORIENTED_EDGE('',*,*,#6110,.T.);
#8403=ORIENTED_EDGE('',*,*,#6111,.F.);
#8404=ORIENTED_EDGE('',*,*,#6112,.F.);
#8405=ORIENTED_EDGE('',*,*,#6101,.F.);
#8406=ORIENTED_EDGE('',*,*,#6112,.T.);
#8407=ORIENTED_EDGE('',*,*,#6113,.F.);
#8408=ORIENTED_EDGE('',*,*,#6114,.F.);
#8409=ORIENTED_EDGE('',*,*,#6102,.F.);
#8410=ORIENTED_EDGE('',*,*,#6114,.T.);
#8411=ORIENTED_EDGE('',*,*,#6115,.F.);
#8412=ORIENTED_EDGE('',*,*,#6116,.F.);
#8413=ORIENTED_EDGE('',*,*,#6103,.F.);
#8414=ORIENTED_EDGE('',*,*,#6116,.T.);
#8415=ORIENTED_EDGE('',*,*,#6117,.F.);
#8416=ORIENTED_EDGE('',*,*,#6118,.F.);
#8417=ORIENTED_EDGE('',*,*,#6104,.F.);
#8418=ORIENTED_EDGE('',*,*,#6118,.T.);
#8419=ORIENTED_EDGE('',*,*,#6119,.F.);
#8420=ORIENTED_EDGE('',*,*,#6120,.F.);
#8421=ORIENTED_EDGE('',*,*,#6105,.F.);
#8422=ORIENTED_EDGE('',*,*,#6120,.T.);
#8423=ORIENTED_EDGE('',*,*,#6121,.F.);
#8424=ORIENTED_EDGE('',*,*,#6106,.T.);
#8425=ORIENTED_EDGE('',*,*,#6098,.F.);
#8426=ORIENTED_EDGE('',*,*,#6121,.T.);
#8427=ORIENTED_EDGE('',*,*,#6119,.T.);
#8428=ORIENTED_EDGE('',*,*,#6117,.T.);
#8429=ORIENTED_EDGE('',*,*,#6115,.T.);
#8430=ORIENTED_EDGE('',*,*,#6113,.T.);
#8431=ORIENTED_EDGE('',*,*,#6111,.T.);
#8432=ORIENTED_EDGE('',*,*,#6109,.T.);
#8433=ORIENTED_EDGE('',*,*,#6107,.T.);
#8434=ORIENTED_EDGE('',*,*,#6122,.T.);
#8435=ORIENTED_EDGE('',*,*,#6123,.T.);
#8436=ORIENTED_EDGE('',*,*,#6124,.T.);
#8437=ORIENTED_EDGE('',*,*,#6125,.T.);
#8438=ORIENTED_EDGE('',*,*,#6126,.T.);
#8439=ORIENTED_EDGE('',*,*,#6127,.T.);
#8440=ORIENTED_EDGE('',*,*,#6128,.T.);
#8441=ORIENTED_EDGE('',*,*,#6129,.T.);
#8442=ORIENTED_EDGE('',*,*,#6130,.F.);
#8443=ORIENTED_EDGE('',*,*,#6131,.F.);
#8444=ORIENTED_EDGE('',*,*,#6132,.F.);
#8445=ORIENTED_EDGE('',*,*,#6123,.F.);
#8446=ORIENTED_EDGE('',*,*,#6132,.T.);
#8447=ORIENTED_EDGE('',*,*,#6133,.F.);
#8448=ORIENTED_EDGE('',*,*,#6134,.F.);
#8449=ORIENTED_EDGE('',*,*,#6124,.F.);
#8450=ORIENTED_EDGE('',*,*,#6134,.T.);
#8451=ORIENTED_EDGE('',*,*,#6135,.F.);
#8452=ORIENTED_EDGE('',*,*,#6136,.F.);
#8453=ORIENTED_EDGE('',*,*,#6125,.F.);
#8454=ORIENTED_EDGE('',*,*,#6136,.T.);
#8455=ORIENTED_EDGE('',*,*,#6137,.F.);
#8456=ORIENTED_EDGE('',*,*,#6138,.F.);
#8457=ORIENTED_EDGE('',*,*,#6126,.F.);
#8458=ORIENTED_EDGE('',*,*,#6138,.T.);
#8459=ORIENTED_EDGE('',*,*,#6139,.F.);
#8460=ORIENTED_EDGE('',*,*,#6140,.F.);
#8461=ORIENTED_EDGE('',*,*,#6127,.F.);
#8462=ORIENTED_EDGE('',*,*,#6140,.T.);
#8463=ORIENTED_EDGE('',*,*,#6141,.F.);
#8464=ORIENTED_EDGE('',*,*,#6142,.F.);
#8465=ORIENTED_EDGE('',*,*,#6128,.F.);
#8466=ORIENTED_EDGE('',*,*,#6142,.T.);
#8467=ORIENTED_EDGE('',*,*,#6143,.F.);
#8468=ORIENTED_EDGE('',*,*,#6144,.F.);
#8469=ORIENTED_EDGE('',*,*,#6129,.F.);
#8470=ORIENTED_EDGE('',*,*,#6144,.T.);
#8471=ORIENTED_EDGE('',*,*,#6145,.F.);
#8472=ORIENTED_EDGE('',*,*,#6130,.T.);
#8473=ORIENTED_EDGE('',*,*,#6122,.F.);
#8474=ORIENTED_EDGE('',*,*,#6145,.T.);
#8475=ORIENTED_EDGE('',*,*,#6143,.T.);
#8476=ORIENTED_EDGE('',*,*,#6141,.T.);
#8477=ORIENTED_EDGE('',*,*,#6139,.T.);
#8478=ORIENTED_EDGE('',*,*,#6137,.T.);
#8479=ORIENTED_EDGE('',*,*,#6135,.T.);
#8480=ORIENTED_EDGE('',*,*,#6133,.T.);
#8481=ORIENTED_EDGE('',*,*,#6131,.T.);
#8482=ORIENTED_EDGE('',*,*,#6146,.T.);
#8483=ORIENTED_EDGE('',*,*,#6147,.T.);
#8484=ORIENTED_EDGE('',*,*,#6148,.T.);
#8485=ORIENTED_EDGE('',*,*,#6149,.T.);
#8486=ORIENTED_EDGE('',*,*,#6150,.T.);
#8487=ORIENTED_EDGE('',*,*,#6151,.T.);
#8488=ORIENTED_EDGE('',*,*,#6152,.T.);
#8489=ORIENTED_EDGE('',*,*,#6153,.T.);
#8490=ORIENTED_EDGE('',*,*,#6154,.F.);
#8491=ORIENTED_EDGE('',*,*,#6155,.F.);
#8492=ORIENTED_EDGE('',*,*,#6156,.F.);
#8493=ORIENTED_EDGE('',*,*,#6147,.F.);
#8494=ORIENTED_EDGE('',*,*,#6156,.T.);
#8495=ORIENTED_EDGE('',*,*,#6157,.F.);
#8496=ORIENTED_EDGE('',*,*,#6158,.F.);
#8497=ORIENTED_EDGE('',*,*,#6148,.F.);
#8498=ORIENTED_EDGE('',*,*,#6158,.T.);
#8499=ORIENTED_EDGE('',*,*,#6159,.F.);
#8500=ORIENTED_EDGE('',*,*,#6160,.F.);
#8501=ORIENTED_EDGE('',*,*,#6149,.F.);
#8502=ORIENTED_EDGE('',*,*,#6160,.T.);
#8503=ORIENTED_EDGE('',*,*,#6161,.F.);
#8504=ORIENTED_EDGE('',*,*,#6162,.F.);
#8505=ORIENTED_EDGE('',*,*,#6150,.F.);
#8506=ORIENTED_EDGE('',*,*,#6162,.T.);
#8507=ORIENTED_EDGE('',*,*,#6163,.F.);
#8508=ORIENTED_EDGE('',*,*,#6164,.F.);
#8509=ORIENTED_EDGE('',*,*,#6151,.F.);
#8510=ORIENTED_EDGE('',*,*,#6164,.T.);
#8511=ORIENTED_EDGE('',*,*,#6165,.F.);
#8512=ORIENTED_EDGE('',*,*,#6166,.F.);
#8513=ORIENTED_EDGE('',*,*,#6152,.F.);
#8514=ORIENTED_EDGE('',*,*,#6166,.T.);
#8515=ORIENTED_EDGE('',*,*,#6167,.F.);
#8516=ORIENTED_EDGE('',*,*,#6168,.F.);
#8517=ORIENTED_EDGE('',*,*,#6153,.F.);
#8518=ORIENTED_EDGE('',*,*,#6168,.T.);
#8519=ORIENTED_EDGE('',*,*,#6169,.F.);
#8520=ORIENTED_EDGE('',*,*,#6154,.T.);
#8521=ORIENTED_EDGE('',*,*,#6146,.F.);
#8522=ORIENTED_EDGE('',*,*,#6169,.T.);
#8523=ORIENTED_EDGE('',*,*,#6167,.T.);
#8524=ORIENTED_EDGE('',*,*,#6165,.T.);
#8525=ORIENTED_EDGE('',*,*,#6163,.T.);
#8526=ORIENTED_EDGE('',*,*,#6161,.T.);
#8527=ORIENTED_EDGE('',*,*,#6159,.T.);
#8528=ORIENTED_EDGE('',*,*,#6157,.T.);
#8529=ORIENTED_EDGE('',*,*,#6155,.T.);
#8530=ORIENTED_EDGE('',*,*,#6170,.T.);
#8531=ORIENTED_EDGE('',*,*,#6171,.T.);
#8532=ORIENTED_EDGE('',*,*,#6172,.T.);
#8533=ORIENTED_EDGE('',*,*,#6173,.T.);
#8534=ORIENTED_EDGE('',*,*,#6174,.T.);
#8535=ORIENTED_EDGE('',*,*,#6175,.T.);
#8536=ORIENTED_EDGE('',*,*,#6176,.T.);
#8537=ORIENTED_EDGE('',*,*,#6177,.T.);
#8538=ORIENTED_EDGE('',*,*,#6178,.F.);
#8539=ORIENTED_EDGE('',*,*,#6179,.F.);
#8540=ORIENTED_EDGE('',*,*,#6180,.F.);
#8541=ORIENTED_EDGE('',*,*,#6171,.F.);
#8542=ORIENTED_EDGE('',*,*,#6180,.T.);
#8543=ORIENTED_EDGE('',*,*,#6181,.F.);
#8544=ORIENTED_EDGE('',*,*,#6182,.F.);
#8545=ORIENTED_EDGE('',*,*,#6172,.F.);
#8546=ORIENTED_EDGE('',*,*,#6182,.T.);
#8547=ORIENTED_EDGE('',*,*,#6183,.F.);
#8548=ORIENTED_EDGE('',*,*,#6184,.F.);
#8549=ORIENTED_EDGE('',*,*,#6173,.F.);
#8550=ORIENTED_EDGE('',*,*,#6184,.T.);
#8551=ORIENTED_EDGE('',*,*,#6185,.F.);
#8552=ORIENTED_EDGE('',*,*,#6186,.F.);
#8553=ORIENTED_EDGE('',*,*,#6174,.F.);
#8554=ORIENTED_EDGE('',*,*,#6186,.T.);
#8555=ORIENTED_EDGE('',*,*,#6187,.F.);
#8556=ORIENTED_EDGE('',*,*,#6188,.F.);
#8557=ORIENTED_EDGE('',*,*,#6175,.F.);
#8558=ORIENTED_EDGE('',*,*,#6188,.T.);
#8559=ORIENTED_EDGE('',*,*,#6189,.F.);
#8560=ORIENTED_EDGE('',*,*,#6190,.F.);
#8561=ORIENTED_EDGE('',*,*,#6176,.F.);
#8562=ORIENTED_EDGE('',*,*,#6190,.T.);
#8563=ORIENTED_EDGE('',*,*,#6191,.F.);
#8564=ORIENTED_EDGE('',*,*,#6192,.F.);
#8565=ORIENTED_EDGE('',*,*,#6177,.F.);
#8566=ORIENTED_EDGE('',*,*,#6192,.T.);
#8567=ORIENTED_EDGE('',*,*,#6193,.F.);
#8568=ORIENTED_EDGE('',*,*,#6178,.T.);
#8569=ORIENTED_EDGE('',*,*,#6170,.F.);
#8570=ORIENTED_EDGE('',*,*,#6193,.T.);
#8571=ORIENTED_EDGE('',*,*,#6191,.T.);
#8572=ORIENTED_EDGE('',*,*,#6189,.T.);
#8573=ORIENTED_EDGE('',*,*,#6187,.T.);
#8574=ORIENTED_EDGE('',*,*,#6185,.T.);
#8575=ORIENTED_EDGE('',*,*,#6183,.T.);
#8576=ORIENTED_EDGE('',*,*,#6181,.T.);
#8577=ORIENTED_EDGE('',*,*,#6179,.T.);
#8578=ORIENTED_EDGE('',*,*,#6194,.T.);
#8579=ORIENTED_EDGE('',*,*,#6195,.T.);
#8580=ORIENTED_EDGE('',*,*,#6196,.T.);
#8581=ORIENTED_EDGE('',*,*,#6197,.T.);
#8582=ORIENTED_EDGE('',*,*,#6198,.T.);
#8583=ORIENTED_EDGE('',*,*,#6199,.T.);
#8584=ORIENTED_EDGE('',*,*,#6200,.T.);
#8585=ORIENTED_EDGE('',*,*,#6201,.T.);
#8586=ORIENTED_EDGE('',*,*,#6202,.F.);
#8587=ORIENTED_EDGE('',*,*,#6203,.F.);
#8588=ORIENTED_EDGE('',*,*,#6204,.F.);
#8589=ORIENTED_EDGE('',*,*,#6195,.F.);
#8590=ORIENTED_EDGE('',*,*,#6204,.T.);
#8591=ORIENTED_EDGE('',*,*,#6205,.F.);
#8592=ORIENTED_EDGE('',*,*,#6206,.F.);
#8593=ORIENTED_EDGE('',*,*,#6196,.F.);
#8594=ORIENTED_EDGE('',*,*,#6206,.T.);
#8595=ORIENTED_EDGE('',*,*,#6207,.F.);
#8596=ORIENTED_EDGE('',*,*,#6208,.F.);
#8597=ORIENTED_EDGE('',*,*,#6197,.F.);
#8598=ORIENTED_EDGE('',*,*,#6208,.T.);
#8599=ORIENTED_EDGE('',*,*,#6209,.F.);
#8600=ORIENTED_EDGE('',*,*,#6210,.F.);
#8601=ORIENTED_EDGE('',*,*,#6198,.F.);
#8602=ORIENTED_EDGE('',*,*,#6210,.T.);
#8603=ORIENTED_EDGE('',*,*,#6211,.F.);
#8604=ORIENTED_EDGE('',*,*,#6212,.F.);
#8605=ORIENTED_EDGE('',*,*,#6199,.F.);
#8606=ORIENTED_EDGE('',*,*,#6212,.T.);
#8607=ORIENTED_EDGE('',*,*,#6213,.F.);
#8608=ORIENTED_EDGE('',*,*,#6214,.F.);
#8609=ORIENTED_EDGE('',*,*,#6200,.F.);
#8610=ORIENTED_EDGE('',*,*,#6214,.T.);
#8611=ORIENTED_EDGE('',*,*,#6215,.F.);
#8612=ORIENTED_EDGE('',*,*,#6216,.F.);
#8613=ORIENTED_EDGE('',*,*,#6201,.F.);
#8614=ORIENTED_EDGE('',*,*,#6216,.T.);
#8615=ORIENTED_EDGE('',*,*,#6217,.F.);
#8616=ORIENTED_EDGE('',*,*,#6202,.T.);
#8617=ORIENTED_EDGE('',*,*,#6194,.F.);
#8618=ORIENTED_EDGE('',*,*,#6217,.T.);
#8619=ORIENTED_EDGE('',*,*,#6215,.T.);
#8620=ORIENTED_EDGE('',*,*,#6213,.T.);
#8621=ORIENTED_EDGE('',*,*,#6211,.T.);
#8622=ORIENTED_EDGE('',*,*,#6209,.T.);
#8623=ORIENTED_EDGE('',*,*,#6207,.T.);
#8624=ORIENTED_EDGE('',*,*,#6205,.T.);
#8625=ORIENTED_EDGE('',*,*,#6203,.T.);
#8626=ORIENTED_EDGE('',*,*,#6218,.T.);
#8627=ORIENTED_EDGE('',*,*,#6219,.T.);
#8628=ORIENTED_EDGE('',*,*,#6220,.T.);
#8629=ORIENTED_EDGE('',*,*,#6221,.T.);
#8630=ORIENTED_EDGE('',*,*,#6222,.T.);
#8631=ORIENTED_EDGE('',*,*,#6223,.T.);
#8632=ORIENTED_EDGE('',*,*,#6224,.T.);
#8633=ORIENTED_EDGE('',*,*,#6225,.T.);
#8634=ORIENTED_EDGE('',*,*,#6226,.F.);
#8635=ORIENTED_EDGE('',*,*,#6227,.F.);
#8636=ORIENTED_EDGE('',*,*,#6228,.F.);
#8637=ORIENTED_EDGE('',*,*,#6219,.F.);
#8638=ORIENTED_EDGE('',*,*,#6228,.T.);
#8639=ORIENTED_EDGE('',*,*,#6229,.F.);
#8640=ORIENTED_EDGE('',*,*,#6230,.F.);
#8641=ORIENTED_EDGE('',*,*,#6220,.F.);
#8642=ORIENTED_EDGE('',*,*,#6230,.T.);
#8643=ORIENTED_EDGE('',*,*,#6231,.F.);
#8644=ORIENTED_EDGE('',*,*,#6232,.F.);
#8645=ORIENTED_EDGE('',*,*,#6221,.F.);
#8646=ORIENTED_EDGE('',*,*,#6232,.T.);
#8647=ORIENTED_EDGE('',*,*,#6233,.F.);
#8648=ORIENTED_EDGE('',*,*,#6234,.F.);
#8649=ORIENTED_EDGE('',*,*,#6222,.F.);
#8650=ORIENTED_EDGE('',*,*,#6234,.T.);
#8651=ORIENTED_EDGE('',*,*,#6235,.F.);
#8652=ORIENTED_EDGE('',*,*,#6236,.F.);
#8653=ORIENTED_EDGE('',*,*,#6223,.F.);
#8654=ORIENTED_EDGE('',*,*,#6236,.T.);
#8655=ORIENTED_EDGE('',*,*,#6237,.F.);
#8656=ORIENTED_EDGE('',*,*,#6238,.F.);
#8657=ORIENTED_EDGE('',*,*,#6224,.F.);
#8658=ORIENTED_EDGE('',*,*,#6238,.T.);
#8659=ORIENTED_EDGE('',*,*,#6239,.F.);
#8660=ORIENTED_EDGE('',*,*,#6240,.F.);
#8661=ORIENTED_EDGE('',*,*,#6225,.F.);
#8662=ORIENTED_EDGE('',*,*,#6240,.T.);
#8663=ORIENTED_EDGE('',*,*,#6241,.F.);
#8664=ORIENTED_EDGE('',*,*,#6226,.T.);
#8665=ORIENTED_EDGE('',*,*,#6218,.F.);
#8666=ORIENTED_EDGE('',*,*,#6241,.T.);
#8667=ORIENTED_EDGE('',*,*,#6239,.T.);
#8668=ORIENTED_EDGE('',*,*,#6237,.T.);
#8669=ORIENTED_EDGE('',*,*,#6235,.T.);
#8670=ORIENTED_EDGE('',*,*,#6233,.T.);
#8671=ORIENTED_EDGE('',*,*,#6231,.T.);
#8672=ORIENTED_EDGE('',*,*,#6229,.T.);
#8673=ORIENTED_EDGE('',*,*,#6227,.T.);
#8674=ORIENTED_EDGE('',*,*,#6242,.T.);
#8675=ORIENTED_EDGE('',*,*,#6243,.T.);
#8676=ORIENTED_EDGE('',*,*,#6244,.T.);
#8677=ORIENTED_EDGE('',*,*,#6245,.T.);
#8678=ORIENTED_EDGE('',*,*,#6246,.T.);
#8679=ORIENTED_EDGE('',*,*,#6247,.T.);
#8680=ORIENTED_EDGE('',*,*,#6248,.T.);
#8681=ORIENTED_EDGE('',*,*,#6249,.T.);
#8682=ORIENTED_EDGE('',*,*,#6250,.F.);
#8683=ORIENTED_EDGE('',*,*,#6251,.F.);
#8684=ORIENTED_EDGE('',*,*,#6252,.F.);
#8685=ORIENTED_EDGE('',*,*,#6243,.F.);
#8686=ORIENTED_EDGE('',*,*,#6252,.T.);
#8687=ORIENTED_EDGE('',*,*,#6253,.F.);
#8688=ORIENTED_EDGE('',*,*,#6254,.F.);
#8689=ORIENTED_EDGE('',*,*,#6244,.F.);
#8690=ORIENTED_EDGE('',*,*,#6254,.T.);
#8691=ORIENTED_EDGE('',*,*,#6255,.F.);
#8692=ORIENTED_EDGE('',*,*,#6256,.F.);
#8693=ORIENTED_EDGE('',*,*,#6245,.F.);
#8694=ORIENTED_EDGE('',*,*,#6256,.T.);
#8695=ORIENTED_EDGE('',*,*,#6257,.F.);
#8696=ORIENTED_EDGE('',*,*,#6258,.F.);
#8697=ORIENTED_EDGE('',*,*,#6246,.F.);
#8698=ORIENTED_EDGE('',*,*,#6258,.T.);
#8699=ORIENTED_EDGE('',*,*,#6259,.F.);
#8700=ORIENTED_EDGE('',*,*,#6260,.F.);
#8701=ORIENTED_EDGE('',*,*,#6247,.F.);
#8702=ORIENTED_EDGE('',*,*,#6260,.T.);
#8703=ORIENTED_EDGE('',*,*,#6261,.F.);
#8704=ORIENTED_EDGE('',*,*,#6262,.F.);
#8705=ORIENTED_EDGE('',*,*,#6248,.F.);
#8706=ORIENTED_EDGE('',*,*,#6262,.T.);
#8707=ORIENTED_EDGE('',*,*,#6263,.F.);
#8708=ORIENTED_EDGE('',*,*,#6264,.F.);
#8709=ORIENTED_EDGE('',*,*,#6249,.F.);
#8710=ORIENTED_EDGE('',*,*,#6264,.T.);
#8711=ORIENTED_EDGE('',*,*,#6265,.F.);
#8712=ORIENTED_EDGE('',*,*,#6250,.T.);
#8713=ORIENTED_EDGE('',*,*,#6242,.F.);
#8714=ORIENTED_EDGE('',*,*,#6265,.T.);
#8715=ORIENTED_EDGE('',*,*,#6263,.T.);
#8716=ORIENTED_EDGE('',*,*,#6261,.T.);
#8717=ORIENTED_EDGE('',*,*,#6259,.T.);
#8718=ORIENTED_EDGE('',*,*,#6257,.T.);
#8719=ORIENTED_EDGE('',*,*,#6255,.T.);
#8720=ORIENTED_EDGE('',*,*,#6253,.T.);
#8721=ORIENTED_EDGE('',*,*,#6251,.T.);
#8722=ORIENTED_EDGE('',*,*,#6266,.T.);
#8723=ORIENTED_EDGE('',*,*,#6267,.T.);
#8724=ORIENTED_EDGE('',*,*,#6268,.T.);
#8725=ORIENTED_EDGE('',*,*,#6269,.T.);
#8726=ORIENTED_EDGE('',*,*,#6270,.T.);
#8727=ORIENTED_EDGE('',*,*,#6271,.T.);
#8728=ORIENTED_EDGE('',*,*,#6272,.T.);
#8729=ORIENTED_EDGE('',*,*,#6273,.T.);
#8730=ORIENTED_EDGE('',*,*,#6274,.F.);
#8731=ORIENTED_EDGE('',*,*,#6275,.F.);
#8732=ORIENTED_EDGE('',*,*,#6276,.F.);
#8733=ORIENTED_EDGE('',*,*,#6267,.F.);
#8734=ORIENTED_EDGE('',*,*,#6276,.T.);
#8735=ORIENTED_EDGE('',*,*,#6277,.F.);
#8736=ORIENTED_EDGE('',*,*,#6278,.F.);
#8737=ORIENTED_EDGE('',*,*,#6268,.F.);
#8738=ORIENTED_EDGE('',*,*,#6278,.T.);
#8739=ORIENTED_EDGE('',*,*,#6279,.F.);
#8740=ORIENTED_EDGE('',*,*,#6280,.F.);
#8741=ORIENTED_EDGE('',*,*,#6269,.F.);
#8742=ORIENTED_EDGE('',*,*,#6280,.T.);
#8743=ORIENTED_EDGE('',*,*,#6281,.F.);
#8744=ORIENTED_EDGE('',*,*,#6282,.F.);
#8745=ORIENTED_EDGE('',*,*,#6270,.F.);
#8746=ORIENTED_EDGE('',*,*,#6282,.T.);
#8747=ORIENTED_EDGE('',*,*,#6283,.F.);
#8748=ORIENTED_EDGE('',*,*,#6284,.F.);
#8749=ORIENTED_EDGE('',*,*,#6271,.F.);
#8750=ORIENTED_EDGE('',*,*,#6284,.T.);
#8751=ORIENTED_EDGE('',*,*,#6285,.F.);
#8752=ORIENTED_EDGE('',*,*,#6286,.F.);
#8753=ORIENTED_EDGE('',*,*,#6272,.F.);
#8754=ORIENTED_EDGE('',*,*,#6286,.T.);
#8755=ORIENTED_EDGE('',*,*,#6287,.F.);
#8756=ORIENTED_EDGE('',*,*,#6288,.F.);
#8757=ORIENTED_EDGE('',*,*,#6273,.F.);
#8758=ORIENTED_EDGE('',*,*,#6288,.T.);
#8759=ORIENTED_EDGE('',*,*,#6289,.F.);
#8760=ORIENTED_EDGE('',*,*,#6274,.T.);
#8761=ORIENTED_EDGE('',*,*,#6266,.F.);
#8762=ORIENTED_EDGE('',*,*,#6289,.T.);
#8763=ORIENTED_EDGE('',*,*,#6287,.T.);
#8764=ORIENTED_EDGE('',*,*,#6285,.T.);
#8765=ORIENTED_EDGE('',*,*,#6283,.T.);
#8766=ORIENTED_EDGE('',*,*,#6281,.T.);
#8767=ORIENTED_EDGE('',*,*,#6279,.T.);
#8768=ORIENTED_EDGE('',*,*,#6277,.T.);
#8769=ORIENTED_EDGE('',*,*,#6275,.T.);
#8770=ORIENTED_EDGE('',*,*,#6290,.T.);
#8771=ORIENTED_EDGE('',*,*,#6291,.T.);
#8772=ORIENTED_EDGE('',*,*,#6292,.T.);
#8773=ORIENTED_EDGE('',*,*,#6293,.T.);
#8774=ORIENTED_EDGE('',*,*,#6294,.T.);
#8775=ORIENTED_EDGE('',*,*,#6295,.T.);
#8776=ORIENTED_EDGE('',*,*,#6296,.T.);
#8777=ORIENTED_EDGE('',*,*,#6297,.T.);
#8778=ORIENTED_EDGE('',*,*,#6298,.F.);
#8779=ORIENTED_EDGE('',*,*,#6299,.F.);
#8780=ORIENTED_EDGE('',*,*,#6300,.F.);
#8781=ORIENTED_EDGE('',*,*,#6291,.F.);
#8782=ORIENTED_EDGE('',*,*,#6300,.T.);
#8783=ORIENTED_EDGE('',*,*,#6301,.F.);
#8784=ORIENTED_EDGE('',*,*,#6302,.F.);
#8785=ORIENTED_EDGE('',*,*,#6292,.F.);
#8786=ORIENTED_EDGE('',*,*,#6302,.T.);
#8787=ORIENTED_EDGE('',*,*,#6303,.F.);
#8788=ORIENTED_EDGE('',*,*,#6304,.F.);
#8789=ORIENTED_EDGE('',*,*,#6293,.F.);
#8790=ORIENTED_EDGE('',*,*,#6304,.T.);
#8791=ORIENTED_EDGE('',*,*,#6305,.F.);
#8792=ORIENTED_EDGE('',*,*,#6306,.F.);
#8793=ORIENTED_EDGE('',*,*,#6294,.F.);
#8794=ORIENTED_EDGE('',*,*,#6306,.T.);
#8795=ORIENTED_EDGE('',*,*,#6307,.F.);
#8796=ORIENTED_EDGE('',*,*,#6308,.F.);
#8797=ORIENTED_EDGE('',*,*,#6295,.F.);
#8798=ORIENTED_EDGE('',*,*,#6308,.T.);
#8799=ORIENTED_EDGE('',*,*,#6309,.F.);
#8800=ORIENTED_EDGE('',*,*,#6310,.F.);
#8801=ORIENTED_EDGE('',*,*,#6296,.F.);
#8802=ORIENTED_EDGE('',*,*,#6310,.T.);
#8803=ORIENTED_EDGE('',*,*,#6311,.F.);
#8804=ORIENTED_EDGE('',*,*,#6312,.F.);
#8805=ORIENTED_EDGE('',*,*,#6297,.F.);
#8806=ORIENTED_EDGE('',*,*,#6312,.T.);
#8807=ORIENTED_EDGE('',*,*,#6313,.F.);
#8808=ORIENTED_EDGE('',*,*,#6298,.T.);
#8809=ORIENTED_EDGE('',*,*,#6290,.F.);
#8810=ORIENTED_EDGE('',*,*,#6313,.T.);
#8811=ORIENTED_EDGE('',*,*,#6311,.T.);
#8812=ORIENTED_EDGE('',*,*,#6309,.T.);
#8813=ORIENTED_EDGE('',*,*,#6307,.T.);
#8814=ORIENTED_EDGE('',*,*,#6305,.T.);
#8815=ORIENTED_EDGE('',*,*,#6303,.T.);
#8816=ORIENTED_EDGE('',*,*,#6301,.T.);
#8817=ORIENTED_EDGE('',*,*,#6299,.T.);
#8818=ORIENTED_EDGE('',*,*,#6314,.F.);
#8819=ORIENTED_EDGE('',*,*,#6315,.T.);
#8820=ORIENTED_EDGE('',*,*,#6316,.F.);
#8821=ORIENTED_EDGE('',*,*,#6317,.F.);
#8822=ORIENTED_EDGE('',*,*,#6318,.F.);
#8823=ORIENTED_EDGE('',*,*,#6317,.T.);
#8824=ORIENTED_EDGE('',*,*,#6319,.F.);
#8825=ORIENTED_EDGE('',*,*,#6320,.F.);
#8826=ORIENTED_EDGE('',*,*,#6321,.F.);
#8827=ORIENTED_EDGE('',*,*,#6320,.T.);
#8828=ORIENTED_EDGE('',*,*,#6322,.F.);
#8829=ORIENTED_EDGE('',*,*,#6315,.F.);
#8830=ORIENTED_EDGE('',*,*,#6322,.T.);
#8831=ORIENTED_EDGE('',*,*,#6319,.T.);
#8832=ORIENTED_EDGE('',*,*,#6316,.T.);
#8833=ORIENTED_EDGE('',*,*,#6321,.T.);
#8834=ORIENTED_EDGE('',*,*,#6314,.T.);
#8835=ORIENTED_EDGE('',*,*,#6318,.T.);
#8836=ORIENTED_EDGE('',*,*,#6323,.T.);
#8837=ORIENTED_EDGE('',*,*,#6324,.T.);
#8838=ORIENTED_EDGE('',*,*,#6325,.T.);
#8839=ORIENTED_EDGE('',*,*,#6326,.T.);
#8840=ORIENTED_EDGE('',*,*,#6327,.T.);
#8841=ORIENTED_EDGE('',*,*,#6328,.T.);
#8842=ORIENTED_EDGE('',*,*,#6323,.F.);
#8843=ORIENTED_EDGE('',*,*,#6329,.T.);
#8844=ORIENTED_EDGE('',*,*,#6326,.F.);
#8845=ORIENTED_EDGE('',*,*,#6330,.F.);
#8846=ORIENTED_EDGE('',*,*,#6325,.F.);
#8847=ORIENTED_EDGE('',*,*,#6331,.T.);
#8848=ORIENTED_EDGE('',*,*,#6327,.F.);
#8849=ORIENTED_EDGE('',*,*,#6329,.F.);
#8850=ORIENTED_EDGE('',*,*,#6324,.F.);
#8851=ORIENTED_EDGE('',*,*,#6330,.T.);
#8852=ORIENTED_EDGE('',*,*,#6328,.F.);
#8853=ORIENTED_EDGE('',*,*,#6331,.F.);
#8854=ORIENTED_EDGE('',*,*,#6332,.F.);
#8855=ORIENTED_EDGE('',*,*,#6333,.T.);
#8856=ORIENTED_EDGE('',*,*,#6334,.F.);
#8857=ORIENTED_EDGE('',*,*,#6335,.F.);
#8858=ORIENTED_EDGE('',*,*,#6336,.F.);
#8859=ORIENTED_EDGE('',*,*,#6335,.T.);
#8860=ORIENTED_EDGE('',*,*,#6337,.F.);
#8861=ORIENTED_EDGE('',*,*,#6338,.F.);
#8862=ORIENTED_EDGE('',*,*,#6339,.F.);
#8863=ORIENTED_EDGE('',*,*,#6338,.T.);
#8864=ORIENTED_EDGE('',*,*,#6340,.F.);
#8865=ORIENTED_EDGE('',*,*,#6333,.F.);
#8866=ORIENTED_EDGE('',*,*,#6340,.T.);
#8867=ORIENTED_EDGE('',*,*,#6337,.T.);
#8868=ORIENTED_EDGE('',*,*,#6334,.T.);
#8869=ORIENTED_EDGE('',*,*,#6339,.T.);
#8870=ORIENTED_EDGE('',*,*,#6332,.T.);
#8871=ORIENTED_EDGE('',*,*,#6336,.T.);
#8872=ORIENTED_EDGE('',*,*,#6341,.T.);
#8873=ORIENTED_EDGE('',*,*,#6342,.T.);
#8874=ORIENTED_EDGE('',*,*,#6343,.T.);
#8875=ORIENTED_EDGE('',*,*,#6344,.T.);
#8876=ORIENTED_EDGE('',*,*,#6345,.T.);
#8877=ORIENTED_EDGE('',*,*,#6346,.T.);
#8878=ORIENTED_EDGE('',*,*,#6341,.F.);
#8879=ORIENTED_EDGE('',*,*,#6347,.T.);
#8880=ORIENTED_EDGE('',*,*,#6344,.F.);
#8881=ORIENTED_EDGE('',*,*,#6348,.F.);
#8882=ORIENTED_EDGE('',*,*,#6343,.F.);
#8883=ORIENTED_EDGE('',*,*,#6349,.T.);
#8884=ORIENTED_EDGE('',*,*,#6345,.F.);
#8885=ORIENTED_EDGE('',*,*,#6347,.F.);
#8886=ORIENTED_EDGE('',*,*,#6342,.F.);
#8887=ORIENTED_EDGE('',*,*,#6348,.T.);
#8888=ORIENTED_EDGE('',*,*,#6346,.F.);
#8889=ORIENTED_EDGE('',*,*,#6349,.F.);
#8890=ORIENTED_EDGE('',*,*,#6350,.T.);
#8891=ORIENTED_EDGE('',*,*,#6351,.T.);
#8892=ORIENTED_EDGE('',*,*,#6352,.T.);
#8893=ORIENTED_EDGE('',*,*,#6353,.T.);
#8894=ORIENTED_EDGE('',*,*,#6354,.T.);
#8895=ORIENTED_EDGE('',*,*,#6355,.T.);
#8896=ORIENTED_EDGE('',*,*,#6356,.T.);
#8897=ORIENTED_EDGE('',*,*,#6357,.T.);
#8898=ORIENTED_EDGE('',*,*,#6358,.T.);
#8899=ORIENTED_EDGE('',*,*,#6359,.T.);
#8900=ORIENTED_EDGE('',*,*,#6353,.F.);
#8901=ORIENTED_EDGE('',*,*,#6360,.T.);
#8902=ORIENTED_EDGE('',*,*,#6361,.T.);
#8903=ORIENTED_EDGE('',*,*,#6362,.T.);
#8904=ORIENTED_EDGE('',*,*,#6363,.T.);
#8905=ORIENTED_EDGE('',*,*,#6364,.T.);
#8906=ORIENTED_EDGE('',*,*,#6351,.F.);
#8907=ORIENTED_EDGE('',*,*,#6365,.F.);
#8908=ORIENTED_EDGE('',*,*,#6352,.F.);
#8909=ORIENTED_EDGE('',*,*,#6365,.T.);
#8910=ORIENTED_EDGE('',*,*,#6350,.F.);
#8911=ORIENTED_EDGE('',*,*,#6366,.F.);
#8912=ORIENTED_EDGE('',*,*,#6367,.F.);
#8913=ORIENTED_EDGE('',*,*,#6360,.F.);
#8914=ORIENTED_EDGE('',*,*,#6359,.F.);
#8915=ORIENTED_EDGE('',*,*,#6368,.T.);
#8916=ORIENTED_EDGE('',*,*,#6369,.T.);
#8917=ORIENTED_EDGE('',*,*,#6370,.F.);
#8918=ORIENTED_EDGE('',*,*,#6366,.T.);
#8919=ORIENTED_EDGE('',*,*,#6370,.T.);
#8920=ORIENTED_EDGE('',*,*,#6371,.T.);
#8921=ORIENTED_EDGE('',*,*,#6361,.F.);
#8922=ORIENTED_EDGE('',*,*,#6367,.T.);
#8923=ORIENTED_EDGE('',*,*,#6354,.F.);
#8924=ORIENTED_EDGE('',*,*,#6364,.F.);
#8925=ORIENTED_EDGE('',*,*,#6372,.T.);
#8926=ORIENTED_EDGE('',*,*,#6358,.F.);
#8927=ORIENTED_EDGE('',*,*,#6373,.F.);
#8928=ORIENTED_EDGE('',*,*,#6374,.T.);
#8929=ORIENTED_EDGE('',*,*,#6368,.F.);
#8930=ORIENTED_EDGE('',*,*,#6374,.F.);
#8931=ORIENTED_EDGE('',*,*,#6375,.T.);
#8932=ORIENTED_EDGE('',*,*,#6376,.T.);
#8933=ORIENTED_EDGE('',*,*,#6377,.T.);
#8934=ORIENTED_EDGE('',*,*,#6362,.F.);
#8935=ORIENTED_EDGE('',*,*,#6378,.T.);
#8936=ORIENTED_EDGE('',*,*,#6369,.F.);
#8937=ORIENTED_EDGE('',*,*,#6356,.F.);
#8938=ORIENTED_EDGE('',*,*,#6379,.F.);
#8939=ORIENTED_EDGE('',*,*,#6375,.F.);
#8940=ORIENTED_EDGE('',*,*,#6373,.T.);
#8941=ORIENTED_EDGE('',*,*,#6357,.F.);
#8942=ORIENTED_EDGE('',*,*,#6380,.T.);
#8943=ORIENTED_EDGE('',*,*,#6381,.T.);
#8944=ORIENTED_EDGE('',*,*,#6380,.F.);
#8945=ORIENTED_EDGE('',*,*,#6355,.F.);
#8946=ORIENTED_EDGE('',*,*,#6372,.F.);
#8947=ORIENTED_EDGE('',*,*,#6363,.F.);
#8948=ORIENTED_EDGE('',*,*,#6377,.F.);
#8949=ORIENTED_EDGE('',*,*,#6376,.F.);
#8950=ORIENTED_EDGE('',*,*,#6379,.T.);
#8951=ORIENTED_EDGE('',*,*,#6371,.F.);
#8952=ORIENTED_EDGE('',*,*,#6378,.F.);
#8953=ORIENTED_EDGE('',*,*,#6381,.F.);
#8954=ORIENTED_EDGE('',*,*,#6382,.F.);
#8955=ORIENTED_EDGE('',*,*,#6383,.T.);
#8956=ORIENTED_EDGE('',*,*,#6384,.F.);
#8957=ORIENTED_EDGE('',*,*,#6385,.F.);
#8958=ORIENTED_EDGE('',*,*,#6386,.F.);
#8959=ORIENTED_EDGE('',*,*,#6385,.T.);
#8960=ORIENTED_EDGE('',*,*,#6387,.F.);
#8961=ORIENTED_EDGE('',*,*,#6388,.F.);
#8962=ORIENTED_EDGE('',*,*,#6389,.F.);
#8963=ORIENTED_EDGE('',*,*,#6388,.T.);
#8964=ORIENTED_EDGE('',*,*,#6390,.F.);
#8965=ORIENTED_EDGE('',*,*,#6391,.F.);
#8966=ORIENTED_EDGE('',*,*,#6392,.F.);
#8967=ORIENTED_EDGE('',*,*,#6391,.T.);
#8968=ORIENTED_EDGE('',*,*,#6393,.F.);
#8969=ORIENTED_EDGE('',*,*,#6383,.F.);
#8970=ORIENTED_EDGE('',*,*,#6393,.T.);
#8971=ORIENTED_EDGE('',*,*,#6390,.T.);
#8972=ORIENTED_EDGE('',*,*,#6387,.T.);
#8973=ORIENTED_EDGE('',*,*,#6384,.T.);
#8974=ORIENTED_EDGE('',*,*,#6392,.T.);
#8975=ORIENTED_EDGE('',*,*,#6382,.T.);
#8976=ORIENTED_EDGE('',*,*,#6386,.T.);
#8977=ORIENTED_EDGE('',*,*,#6389,.T.);
#8978=CYLINDRICAL_SURFACE('',#9562,0.5);
#8979=CYLINDRICAL_SURFACE('',#9565,0.5);
#8980=CYLINDRICAL_SURFACE('',#9568,0.5);
#8981=CYLINDRICAL_SURFACE('',#9571,0.5);
#8982=CYLINDRICAL_SURFACE('',#9574,0.5);
#8983=CYLINDRICAL_SURFACE('',#9577,0.5);
#8984=CYLINDRICAL_SURFACE('',#9580,0.5);
#8985=CYLINDRICAL_SURFACE('',#9583,0.5);
#8986=CYLINDRICAL_SURFACE('',#9586,0.5);
#8987=CYLINDRICAL_SURFACE('',#9589,0.5);
#8988=CYLINDRICAL_SURFACE('',#9592,0.5);
#8989=CYLINDRICAL_SURFACE('',#9595,0.5);
#8990=CYLINDRICAL_SURFACE('',#9598,0.5);
#8991=CYLINDRICAL_SURFACE('',#9601,0.5);
#8992=CYLINDRICAL_SURFACE('',#9604,0.5);
#8993=CYLINDRICAL_SURFACE('',#9607,0.5);
#8994=CYLINDRICAL_SURFACE('',#10065,2.5);
#8995=CYLINDRICAL_SURFACE('',#10077,2.5);
#8996=CYLINDRICAL_SURFACE('',#10079,2.5);
#8997=CYLINDRICAL_SURFACE('',#10090,2.5);
#8998=CYLINDRICAL_SURFACE('',#10099,0.4);
#8999=CYLINDRICAL_SURFACE('',#10102,0.4);
#9000=CYLINDRICAL_SURFACE('',#10106,2.5);
#9001=ADVANCED_FACE('',(#659),#8978,.F.);
#9002=ADVANCED_FACE('',(#660),#8979,.F.);
#9003=ADVANCED_FACE('',(#661),#8980,.F.);
#9004=ADVANCED_FACE('',(#662),#8981,.F.);
#9005=ADVANCED_FACE('',(#663),#8982,.F.);
#9006=ADVANCED_FACE('',(#664),#8983,.F.);
#9007=ADVANCED_FACE('',(#665),#8984,.F.);
#9008=ADVANCED_FACE('',(#666),#8985,.F.);
#9009=ADVANCED_FACE('',(#667),#8986,.F.);
#9010=ADVANCED_FACE('',(#668),#8987,.F.);
#9011=ADVANCED_FACE('',(#669),#8988,.F.);
#9012=ADVANCED_FACE('',(#670),#8989,.F.);
#9013=ADVANCED_FACE('',(#671),#8990,.F.);
#9014=ADVANCED_FACE('',(#672),#8991,.F.);
#9015=ADVANCED_FACE('',(#673),#8992,.F.);
#9016=ADVANCED_FACE('',(#674),#8993,.F.);
#9017=ADVANCED_FACE('',(#675),#179,.T.);
#9018=ADVANCED_FACE('',(#676),#180,.T.);
#9019=ADVANCED_FACE('',(#677),#181,.T.);
#9020=ADVANCED_FACE('',(#678),#182,.T.);
#9021=ADVANCED_FACE('',(#679,#115,#116,#117,#118,#119,#120,#121,#122,#123,
#124,#125,#126,#127,#128,#129,#130),#183,.T.);
#9022=ADVANCED_FACE('',(#680,#131,#132,#133,#134,#135,#136,#137,#138,#139,
#140,#141,#142,#143,#144,#145,#146),#184,.F.);
#9023=ADVANCED_FACE('',(#681),#185,.T.);
#9024=ADVANCED_FACE('',(#682),#186,.T.);
#9025=ADVANCED_FACE('',(#683),#187,.T.);
#9026=ADVANCED_FACE('',(#684),#188,.T.);
#9027=ADVANCED_FACE('',(#685),#189,.T.);
#9028=ADVANCED_FACE('',(#686),#190,.T.);
#9029=ADVANCED_FACE('',(#687),#191,.T.);
#9030=ADVANCED_FACE('',(#688),#192,.T.);
#9031=ADVANCED_FACE('',(#689),#193,.T.);
#9032=ADVANCED_FACE('',(#690),#194,.T.);
#9033=ADVANCED_FACE('',(#691),#195,.T.);
#9034=ADVANCED_FACE('',(#692),#196,.T.);
#9035=ADVANCED_FACE('',(#693),#197,.T.);
#9036=ADVANCED_FACE('',(#694),#198,.T.);
#9037=ADVANCED_FACE('',(#695),#199,.T.);
#9038=ADVANCED_FACE('',(#696),#200,.T.);
#9039=ADVANCED_FACE('',(#697,#147),#201,.T.);
#9040=ADVANCED_FACE('',(#698,#148),#202,.F.);
#9041=ADVANCED_FACE('',(#699),#203,.T.);
#9042=ADVANCED_FACE('',(#700),#204,.T.);
#9043=ADVANCED_FACE('',(#701),#205,.T.);
#9044=ADVANCED_FACE('',(#702),#206,.T.);
#9045=ADVANCED_FACE('',(#703),#207,.T.);
#9046=ADVANCED_FACE('',(#704),#208,.T.);
#9047=ADVANCED_FACE('',(#705),#209,.T.);
#9048=ADVANCED_FACE('',(#706),#210,.T.);
#9049=ADVANCED_FACE('',(#707),#211,.T.);
#9050=ADVANCED_FACE('',(#708),#212,.T.);
#9051=ADVANCED_FACE('',(#709),#213,.T.);
#9052=ADVANCED_FACE('',(#710),#214,.T.);
#9053=ADVANCED_FACE('',(#711),#215,.T.);
#9054=ADVANCED_FACE('',(#712),#216,.T.);
#9055=ADVANCED_FACE('',(#713),#217,.T.);
#9056=ADVANCED_FACE('',(#714),#218,.T.);
#9057=ADVANCED_FACE('',(#715,#149),#219,.T.);
#9058=ADVANCED_FACE('',(#716,#150),#220,.F.);
#9059=ADVANCED_FACE('',(#717),#221,.T.);
#9060=ADVANCED_FACE('',(#718),#222,.T.);
#9061=ADVANCED_FACE('',(#719),#223,.T.);
#9062=ADVANCED_FACE('',(#720),#224,.T.);
#9063=ADVANCED_FACE('',(#721),#225,.T.);
#9064=ADVANCED_FACE('',(#722),#226,.T.);
#9065=ADVANCED_FACE('',(#723),#227,.T.);
#9066=ADVANCED_FACE('',(#724),#228,.T.);
#9067=ADVANCED_FACE('',(#725),#229,.T.);
#9068=ADVANCED_FACE('',(#726),#230,.T.);
#9069=ADVANCED_FACE('',(#727),#231,.T.);
#9070=ADVANCED_FACE('',(#728),#232,.T.);
#9071=ADVANCED_FACE('',(#729),#233,.T.);
#9072=ADVANCED_FACE('',(#730),#234,.T.);
#9073=ADVANCED_FACE('',(#731),#235,.T.);
#9074=ADVANCED_FACE('',(#732),#236,.T.);
#9075=ADVANCED_FACE('',(#733,#151),#237,.T.);
#9076=ADVANCED_FACE('',(#734,#152),#238,.F.);
#9077=ADVANCED_FACE('',(#735),#239,.T.);
#9078=ADVANCED_FACE('',(#736),#240,.T.);
#9079=ADVANCED_FACE('',(#737),#241,.T.);
#9080=ADVANCED_FACE('',(#738),#242,.T.);
#9081=ADVANCED_FACE('',(#739),#243,.T.);
#9082=ADVANCED_FACE('',(#740),#244,.T.);
#9083=ADVANCED_FACE('',(#741),#245,.T.);
#9084=ADVANCED_FACE('',(#742),#246,.T.);
#9085=ADVANCED_FACE('',(#743),#247,.T.);
#9086=ADVANCED_FACE('',(#744),#248,.T.);
#9087=ADVANCED_FACE('',(#745),#249,.T.);
#9088=ADVANCED_FACE('',(#746),#250,.T.);
#9089=ADVANCED_FACE('',(#747),#251,.T.);
#9090=ADVANCED_FACE('',(#748),#252,.T.);
#9091=ADVANCED_FACE('',(#749),#253,.T.);
#9092=ADVANCED_FACE('',(#750),#254,.T.);
#9093=ADVANCED_FACE('',(#751,#153),#255,.T.);
#9094=ADVANCED_FACE('',(#752,#154),#256,.F.);
#9095=ADVANCED_FACE('',(#753),#257,.T.);
#9096=ADVANCED_FACE('',(#754),#258,.T.);
#9097=ADVANCED_FACE('',(#755),#259,.T.);
#9098=ADVANCED_FACE('',(#756),#260,.T.);
#9099=ADVANCED_FACE('',(#757),#261,.T.);
#9100=ADVANCED_FACE('',(#758),#262,.T.);
#9101=ADVANCED_FACE('',(#759),#263,.T.);
#9102=ADVANCED_FACE('',(#760),#264,.T.);
#9103=ADVANCED_FACE('',(#761),#265,.T.);
#9104=ADVANCED_FACE('',(#762),#266,.T.);
#9105=ADVANCED_FACE('',(#763),#267,.T.);
#9106=ADVANCED_FACE('',(#764),#268,.T.);
#9107=ADVANCED_FACE('',(#765),#269,.T.);
#9108=ADVANCED_FACE('',(#766),#270,.T.);
#9109=ADVANCED_FACE('',(#767),#271,.T.);
#9110=ADVANCED_FACE('',(#768),#272,.T.);
#9111=ADVANCED_FACE('',(#769,#155),#273,.T.);
#9112=ADVANCED_FACE('',(#770,#156),#274,.F.);
#9113=ADVANCED_FACE('',(#771),#275,.T.);
#9114=ADVANCED_FACE('',(#772),#276,.T.);
#9115=ADVANCED_FACE('',(#773),#277,.T.);
#9116=ADVANCED_FACE('',(#774),#278,.T.);
#9117=ADVANCED_FACE('',(#775),#279,.T.);
#9118=ADVANCED_FACE('',(#776),#280,.T.);
#9119=ADVANCED_FACE('',(#777),#281,.T.);
#9120=ADVANCED_FACE('',(#778),#282,.T.);
#9121=ADVANCED_FACE('',(#779),#283,.T.);
#9122=ADVANCED_FACE('',(#780),#284,.T.);
#9123=ADVANCED_FACE('',(#781),#285,.T.);
#9124=ADVANCED_FACE('',(#782),#286,.T.);
#9125=ADVANCED_FACE('',(#783),#287,.T.);
#9126=ADVANCED_FACE('',(#784),#288,.T.);
#9127=ADVANCED_FACE('',(#785),#289,.T.);
#9128=ADVANCED_FACE('',(#786),#290,.T.);
#9129=ADVANCED_FACE('',(#787,#157),#291,.T.);
#9130=ADVANCED_FACE('',(#788,#158),#292,.F.);
#9131=ADVANCED_FACE('',(#789),#293,.T.);
#9132=ADVANCED_FACE('',(#790),#294,.T.);
#9133=ADVANCED_FACE('',(#791),#295,.T.);
#9134=ADVANCED_FACE('',(#792),#296,.T.);
#9135=ADVANCED_FACE('',(#793),#297,.T.);
#9136=ADVANCED_FACE('',(#794),#298,.T.);
#9137=ADVANCED_FACE('',(#795),#299,.T.);
#9138=ADVANCED_FACE('',(#796),#300,.T.);
#9139=ADVANCED_FACE('',(#797),#301,.T.);
#9140=ADVANCED_FACE('',(#798),#302,.T.);
#9141=ADVANCED_FACE('',(#799),#303,.T.);
#9142=ADVANCED_FACE('',(#800),#304,.T.);
#9143=ADVANCED_FACE('',(#801),#305,.T.);
#9144=ADVANCED_FACE('',(#802),#306,.T.);
#9145=ADVANCED_FACE('',(#803),#307,.T.);
#9146=ADVANCED_FACE('',(#804),#308,.T.);
#9147=ADVANCED_FACE('',(#805,#159),#309,.T.);
#9148=ADVANCED_FACE('',(#806,#160),#310,.F.);
#9149=ADVANCED_FACE('',(#807),#311,.T.);
#9150=ADVANCED_FACE('',(#808),#312,.T.);
#9151=ADVANCED_FACE('',(#809),#313,.T.);
#9152=ADVANCED_FACE('',(#810),#314,.T.);
#9153=ADVANCED_FACE('',(#811),#315,.T.);
#9154=ADVANCED_FACE('',(#812),#316,.T.);
#9155=ADVANCED_FACE('',(#813),#317,.T.);
#9156=ADVANCED_FACE('',(#814),#318,.T.);
#9157=ADVANCED_FACE('',(#815),#319,.T.);
#9158=ADVANCED_FACE('',(#816),#320,.T.);
#9159=ADVANCED_FACE('',(#817),#321,.T.);
#9160=ADVANCED_FACE('',(#818),#322,.T.);
#9161=ADVANCED_FACE('',(#819),#323,.T.);
#9162=ADVANCED_FACE('',(#820),#324,.T.);
#9163=ADVANCED_FACE('',(#821),#325,.T.);
#9164=ADVANCED_FACE('',(#822),#326,.T.);
#9165=ADVANCED_FACE('',(#823,#161),#327,.T.);
#9166=ADVANCED_FACE('',(#824,#162),#328,.F.);
#9167=ADVANCED_FACE('',(#825),#329,.T.);
#9168=ADVANCED_FACE('',(#826),#330,.T.);
#9169=ADVANCED_FACE('',(#827),#331,.T.);
#9170=ADVANCED_FACE('',(#828),#332,.T.);
#9171=ADVANCED_FACE('',(#829),#333,.T.);
#9172=ADVANCED_FACE('',(#830),#334,.T.);
#9173=ADVANCED_FACE('',(#831),#335,.T.);
#9174=ADVANCED_FACE('',(#832),#336,.T.);
#9175=ADVANCED_FACE('',(#833),#337,.T.);
#9176=ADVANCED_FACE('',(#834),#338,.T.);
#9177=ADVANCED_FACE('',(#835),#339,.T.);
#9178=ADVANCED_FACE('',(#836),#340,.T.);
#9179=ADVANCED_FACE('',(#837),#341,.T.);
#9180=ADVANCED_FACE('',(#838),#342,.T.);
#9181=ADVANCED_FACE('',(#839),#343,.T.);
#9182=ADVANCED_FACE('',(#840),#344,.T.);
#9183=ADVANCED_FACE('',(#841,#163),#345,.T.);
#9184=ADVANCED_FACE('',(#842,#164),#346,.F.);
#9185=ADVANCED_FACE('',(#843),#347,.T.);
#9186=ADVANCED_FACE('',(#844),#348,.T.);
#9187=ADVANCED_FACE('',(#845),#349,.T.);
#9188=ADVANCED_FACE('',(#846),#350,.T.);
#9189=ADVANCED_FACE('',(#847),#351,.T.);
#9190=ADVANCED_FACE('',(#848),#352,.T.);
#9191=ADVANCED_FACE('',(#849),#353,.T.);
#9192=ADVANCED_FACE('',(#850),#354,.T.);
#9193=ADVANCED_FACE('',(#851),#355,.T.);
#9194=ADVANCED_FACE('',(#852),#356,.T.);
#9195=ADVANCED_FACE('',(#853),#357,.T.);
#9196=ADVANCED_FACE('',(#854),#358,.T.);
#9197=ADVANCED_FACE('',(#855),#359,.T.);
#9198=ADVANCED_FACE('',(#856),#360,.T.);
#9199=ADVANCED_FACE('',(#857),#361,.T.);
#9200=ADVANCED_FACE('',(#858),#362,.T.);
#9201=ADVANCED_FACE('',(#859,#165),#363,.T.);
#9202=ADVANCED_FACE('',(#860,#166),#364,.F.);
#9203=ADVANCED_FACE('',(#861),#365,.T.);
#9204=ADVANCED_FACE('',(#862),#366,.T.);
#9205=ADVANCED_FACE('',(#863),#367,.T.);
#9206=ADVANCED_FACE('',(#864),#368,.T.);
#9207=ADVANCED_FACE('',(#865),#369,.T.);
#9208=ADVANCED_FACE('',(#866),#370,.T.);
#9209=ADVANCED_FACE('',(#867),#371,.T.);
#9210=ADVANCED_FACE('',(#868),#372,.T.);
#9211=ADVANCED_FACE('',(#869),#373,.T.);
#9212=ADVANCED_FACE('',(#870),#374,.T.);
#9213=ADVANCED_FACE('',(#871),#375,.T.);
#9214=ADVANCED_FACE('',(#872),#376,.T.);
#9215=ADVANCED_FACE('',(#873),#377,.T.);
#9216=ADVANCED_FACE('',(#874),#378,.T.);
#9217=ADVANCED_FACE('',(#875),#379,.T.);
#9218=ADVANCED_FACE('',(#876),#380,.T.);
#9219=ADVANCED_FACE('',(#877,#167),#381,.T.);
#9220=ADVANCED_FACE('',(#878,#168),#382,.F.);
#9221=ADVANCED_FACE('',(#879),#383,.T.);
#9222=ADVANCED_FACE('',(#880),#384,.T.);
#9223=ADVANCED_FACE('',(#881),#385,.T.);
#9224=ADVANCED_FACE('',(#882),#386,.T.);
#9225=ADVANCED_FACE('',(#883),#387,.T.);
#9226=ADVANCED_FACE('',(#884),#388,.T.);
#9227=ADVANCED_FACE('',(#885),#389,.T.);
#9228=ADVANCED_FACE('',(#886),#390,.T.);
#9229=ADVANCED_FACE('',(#887),#391,.T.);
#9230=ADVANCED_FACE('',(#888),#392,.T.);
#9231=ADVANCED_FACE('',(#889),#393,.T.);
#9232=ADVANCED_FACE('',(#890),#394,.T.);
#9233=ADVANCED_FACE('',(#891),#395,.T.);
#9234=ADVANCED_FACE('',(#892),#396,.T.);
#9235=ADVANCED_FACE('',(#893),#397,.T.);
#9236=ADVANCED_FACE('',(#894),#398,.T.);
#9237=ADVANCED_FACE('',(#895,#169),#399,.T.);
#9238=ADVANCED_FACE('',(#896,#170),#400,.F.);
#9239=ADVANCED_FACE('',(#897),#401,.T.);
#9240=ADVANCED_FACE('',(#898),#402,.T.);
#9241=ADVANCED_FACE('',(#899),#403,.T.);
#9242=ADVANCED_FACE('',(#900),#404,.T.);
#9243=ADVANCED_FACE('',(#901),#405,.T.);
#9244=ADVANCED_FACE('',(#902),#406,.T.);
#9245=ADVANCED_FACE('',(#903),#407,.T.);
#9246=ADVANCED_FACE('',(#904),#408,.T.);
#9247=ADVANCED_FACE('',(#905),#409,.T.);
#9248=ADVANCED_FACE('',(#906),#410,.T.);
#9249=ADVANCED_FACE('',(#907),#411,.T.);
#9250=ADVANCED_FACE('',(#908),#412,.T.);
#9251=ADVANCED_FACE('',(#909),#413,.T.);
#9252=ADVANCED_FACE('',(#910),#414,.T.);
#9253=ADVANCED_FACE('',(#911),#415,.T.);
#9254=ADVANCED_FACE('',(#912),#416,.T.);
#9255=ADVANCED_FACE('',(#913,#171),#417,.T.);
#9256=ADVANCED_FACE('',(#914,#172),#418,.F.);
#9257=ADVANCED_FACE('',(#915),#419,.T.);
#9258=ADVANCED_FACE('',(#916),#420,.T.);
#9259=ADVANCED_FACE('',(#917),#421,.T.);
#9260=ADVANCED_FACE('',(#918),#422,.T.);
#9261=ADVANCED_FACE('',(#919),#423,.T.);
#9262=ADVANCED_FACE('',(#920),#424,.T.);
#9263=ADVANCED_FACE('',(#921),#425,.T.);
#9264=ADVANCED_FACE('',(#922),#426,.T.);
#9265=ADVANCED_FACE('',(#923),#427,.T.);
#9266=ADVANCED_FACE('',(#924),#428,.T.);
#9267=ADVANCED_FACE('',(#925),#429,.T.);
#9268=ADVANCED_FACE('',(#926),#430,.T.);
#9269=ADVANCED_FACE('',(#927),#431,.T.);
#9270=ADVANCED_FACE('',(#928),#432,.T.);
#9271=ADVANCED_FACE('',(#929),#433,.T.);
#9272=ADVANCED_FACE('',(#930),#434,.T.);
#9273=ADVANCED_FACE('',(#931,#173),#435,.T.);
#9274=ADVANCED_FACE('',(#932,#174),#436,.F.);
#9275=ADVANCED_FACE('',(#933),#437,.T.);
#9276=ADVANCED_FACE('',(#934),#438,.T.);
#9277=ADVANCED_FACE('',(#935),#439,.T.);
#9278=ADVANCED_FACE('',(#936),#440,.T.);
#9279=ADVANCED_FACE('',(#937),#441,.T.);
#9280=ADVANCED_FACE('',(#938),#442,.T.);
#9281=ADVANCED_FACE('',(#939),#443,.T.);
#9282=ADVANCED_FACE('',(#940),#444,.T.);
#9283=ADVANCED_FACE('',(#941),#445,.T.);
#9284=ADVANCED_FACE('',(#942),#446,.T.);
#9285=ADVANCED_FACE('',(#943),#447,.T.);
#9286=ADVANCED_FACE('',(#944),#448,.T.);
#9287=ADVANCED_FACE('',(#945),#449,.T.);
#9288=ADVANCED_FACE('',(#946),#450,.T.);
#9289=ADVANCED_FACE('',(#947),#451,.T.);
#9290=ADVANCED_FACE('',(#948),#452,.T.);
#9291=ADVANCED_FACE('',(#949,#175),#453,.T.);
#9292=ADVANCED_FACE('',(#950,#176),#454,.F.);
#9293=ADVANCED_FACE('',(#951),#455,.T.);
#9294=ADVANCED_FACE('',(#952),#456,.T.);
#9295=ADVANCED_FACE('',(#953),#457,.T.);
#9296=ADVANCED_FACE('',(#954),#458,.T.);
#9297=ADVANCED_FACE('',(#955),#459,.T.);
#9298=ADVANCED_FACE('',(#956),#460,.T.);
#9299=ADVANCED_FACE('',(#957),#461,.T.);
#9300=ADVANCED_FACE('',(#958),#462,.T.);
#9301=ADVANCED_FACE('',(#959),#463,.T.);
#9302=ADVANCED_FACE('',(#960),#464,.T.);
#9303=ADVANCED_FACE('',(#961),#465,.T.);
#9304=ADVANCED_FACE('',(#962),#466,.T.);
#9305=ADVANCED_FACE('',(#963),#467,.T.);
#9306=ADVANCED_FACE('',(#964),#468,.T.);
#9307=ADVANCED_FACE('',(#965),#469,.T.);
#9308=ADVANCED_FACE('',(#966),#470,.T.);
#9309=ADVANCED_FACE('',(#967,#177),#471,.T.);
#9310=ADVANCED_FACE('',(#968,#178),#472,.F.);
#9311=ADVANCED_FACE('',(#969),#473,.T.);
#9312=ADVANCED_FACE('',(#970),#474,.T.);
#9313=ADVANCED_FACE('',(#971),#475,.T.);
#9314=ADVANCED_FACE('',(#972),#476,.T.);
#9315=ADVANCED_FACE('',(#973),#477,.T.);
#9316=ADVANCED_FACE('',(#974),#478,.T.);
#9317=ADVANCED_FACE('',(#975),#479,.T.);
#9318=ADVANCED_FACE('',(#976),#480,.T.);
#9319=ADVANCED_FACE('',(#977),#481,.T.);
#9320=ADVANCED_FACE('',(#978),#482,.T.);
#9321=ADVANCED_FACE('',(#979),#483,.T.);
#9322=ADVANCED_FACE('',(#980),#484,.T.);
#9323=ADVANCED_FACE('',(#981),#485,.T.);
#9324=ADVANCED_FACE('',(#982),#486,.T.);
#9325=ADVANCED_FACE('',(#983),#487,.T.);
#9326=ADVANCED_FACE('',(#984),#488,.T.);
#9327=ADVANCED_FACE('',(#985),#489,.T.);
#9328=ADVANCED_FACE('',(#986),#490,.T.);
#9329=ADVANCED_FACE('',(#987),#491,.T.);
#9330=ADVANCED_FACE('',(#988),#492,.T.);
#9331=ADVANCED_FACE('',(#989),#493,.T.);
#9332=ADVANCED_FACE('',(#990),#494,.T.);
#9333=ADVANCED_FACE('',(#991),#495,.T.);
#9334=ADVANCED_FACE('',(#992),#496,.T.);
#9335=ADVANCED_FACE('',(#993),#497,.T.);
#9336=ADVANCED_FACE('',(#994),#498,.T.);
#9337=ADVANCED_FACE('',(#995),#499,.T.);
#9338=ADVANCED_FACE('',(#996),#500,.T.);
#9339=ADVANCED_FACE('',(#997),#501,.T.);
#9340=ADVANCED_FACE('',(#998),#502,.T.);
#9341=ADVANCED_FACE('',(#999),#503,.T.);
#9342=ADVANCED_FACE('',(#1000),#504,.T.);
#9343=ADVANCED_FACE('',(#1001),#505,.T.);
#9344=ADVANCED_FACE('',(#1002),#506,.T.);
#9345=ADVANCED_FACE('',(#1003),#507,.T.);
#9346=ADVANCED_FACE('',(#1004),#508,.T.);
#9347=ADVANCED_FACE('',(#1005),#509,.T.);
#9348=ADVANCED_FACE('',(#1006),#510,.T.);
#9349=ADVANCED_FACE('',(#1007),#511,.T.);
#9350=ADVANCED_FACE('',(#1008),#512,.T.);
#9351=ADVANCED_FACE('',(#1009),#513,.T.);
#9352=ADVANCED_FACE('',(#1010),#514,.T.);
#9353=ADVANCED_FACE('',(#1011),#515,.T.);
#9354=ADVANCED_FACE('',(#1012),#516,.T.);
#9355=ADVANCED_FACE('',(#1013),#517,.T.);
#9356=ADVANCED_FACE('',(#1014),#518,.T.);
#9357=ADVANCED_FACE('',(#1015),#519,.T.);
#9358=ADVANCED_FACE('',(#1016),#520,.T.);
#9359=ADVANCED_FACE('',(#1017),#521,.T.);
#9360=ADVANCED_FACE('',(#1018),#522,.T.);
#9361=ADVANCED_FACE('',(#1019),#523,.T.);
#9362=ADVANCED_FACE('',(#1020),#524,.T.);
#9363=ADVANCED_FACE('',(#1021),#525,.T.);
#9364=ADVANCED_FACE('',(#1022),#526,.T.);
#9365=ADVANCED_FACE('',(#1023),#527,.T.);
#9366=ADVANCED_FACE('',(#1024),#528,.T.);
#9367=ADVANCED_FACE('',(#1025),#529,.T.);
#9368=ADVANCED_FACE('',(#1026),#530,.T.);
#9369=ADVANCED_FACE('',(#1027),#531,.T.);
#9370=ADVANCED_FACE('',(#1028),#532,.T.);
#9371=ADVANCED_FACE('',(#1029),#533,.T.);
#9372=ADVANCED_FACE('',(#1030),#534,.T.);
#9373=ADVANCED_FACE('',(#1031),#535,.T.);
#9374=ADVANCED_FACE('',(#1032),#536,.T.);
#9375=ADVANCED_FACE('',(#1033),#537,.T.);
#9376=ADVANCED_FACE('',(#1034),#538,.T.);
#9377=ADVANCED_FACE('',(#1035),#539,.T.);
#9378=ADVANCED_FACE('',(#1036),#540,.T.);
#9379=ADVANCED_FACE('',(#1037),#541,.T.);
#9380=ADVANCED_FACE('',(#1038),#542,.T.);
#9381=ADVANCED_FACE('',(#1039),#543,.T.);
#9382=ADVANCED_FACE('',(#1040),#544,.T.);
#9383=ADVANCED_FACE('',(#1041),#545,.T.);
#9384=ADVANCED_FACE('',(#1042),#546,.T.);
#9385=ADVANCED_FACE('',(#1043),#547,.T.);
#9386=ADVANCED_FACE('',(#1044),#548,.T.);
#9387=ADVANCED_FACE('',(#1045),#549,.T.);
#9388=ADVANCED_FACE('',(#1046),#550,.T.);
#9389=ADVANCED_FACE('',(#1047),#551,.T.);
#9390=ADVANCED_FACE('',(#1048),#552,.T.);
#9391=ADVANCED_FACE('',(#1049),#553,.T.);
#9392=ADVANCED_FACE('',(#1050),#554,.T.);
#9393=ADVANCED_FACE('',(#1051),#555,.T.);
#9394=ADVANCED_FACE('',(#1052),#556,.T.);
#9395=ADVANCED_FACE('',(#1053),#557,.T.);
#9396=ADVANCED_FACE('',(#1054),#558,.T.);
#9397=ADVANCED_FACE('',(#1055),#559,.T.);
#9398=ADVANCED_FACE('',(#1056),#560,.T.);
#9399=ADVANCED_FACE('',(#1057),#561,.T.);
#9400=ADVANCED_FACE('',(#1058),#562,.T.);
#9401=ADVANCED_FACE('',(#1059),#563,.T.);
#9402=ADVANCED_FACE('',(#1060),#564,.T.);
#9403=ADVANCED_FACE('',(#1061),#565,.T.);
#9404=ADVANCED_FACE('',(#1062),#566,.T.);
#9405=ADVANCED_FACE('',(#1063),#567,.T.);
#9406=ADVANCED_FACE('',(#1064),#568,.T.);
#9407=ADVANCED_FACE('',(#1065),#569,.T.);
#9408=ADVANCED_FACE('',(#1066),#570,.T.);
#9409=ADVANCED_FACE('',(#1067),#571,.T.);
#9410=ADVANCED_FACE('',(#1068),#572,.T.);
#9411=ADVANCED_FACE('',(#1069),#573,.T.);
#9412=ADVANCED_FACE('',(#1070),#574,.T.);
#9413=ADVANCED_FACE('',(#1071),#575,.T.);
#9414=ADVANCED_FACE('',(#1072),#576,.T.);
#9415=ADVANCED_FACE('',(#1073),#577,.T.);
#9416=ADVANCED_FACE('',(#1074),#578,.T.);
#9417=ADVANCED_FACE('',(#1075),#579,.T.);
#9418=ADVANCED_FACE('',(#1076),#580,.T.);
#9419=ADVANCED_FACE('',(#1077),#581,.T.);
#9420=ADVANCED_FACE('',(#1078),#582,.T.);
#9421=ADVANCED_FACE('',(#1079),#583,.T.);
#9422=ADVANCED_FACE('',(#1080),#584,.T.);
#9423=ADVANCED_FACE('',(#1081),#585,.T.);
#9424=ADVANCED_FACE('',(#1082),#586,.T.);
#9425=ADVANCED_FACE('',(#1083),#587,.T.);
#9426=ADVANCED_FACE('',(#1084),#588,.T.);
#9427=ADVANCED_FACE('',(#1085),#589,.T.);
#9428=ADVANCED_FACE('',(#1086),#590,.T.);
#9429=ADVANCED_FACE('',(#1087),#591,.T.);
#9430=ADVANCED_FACE('',(#1088),#592,.T.);
#9431=ADVANCED_FACE('',(#1089),#593,.T.);
#9432=ADVANCED_FACE('',(#1090),#594,.T.);
#9433=ADVANCED_FACE('',(#1091),#595,.T.);
#9434=ADVANCED_FACE('',(#1092),#596,.T.);
#9435=ADVANCED_FACE('',(#1093),#597,.T.);
#9436=ADVANCED_FACE('',(#1094),#598,.T.);
#9437=ADVANCED_FACE('',(#1095),#599,.T.);
#9438=ADVANCED_FACE('',(#1096),#600,.T.);
#9439=ADVANCED_FACE('',(#1097),#601,.T.);
#9440=ADVANCED_FACE('',(#1098),#602,.T.);
#9441=ADVANCED_FACE('',(#1099),#603,.T.);
#9442=ADVANCED_FACE('',(#1100),#604,.T.);
#9443=ADVANCED_FACE('',(#1101),#605,.T.);
#9444=ADVANCED_FACE('',(#1102),#606,.T.);
#9445=ADVANCED_FACE('',(#1103),#607,.T.);
#9446=ADVANCED_FACE('',(#1104),#608,.T.);
#9447=ADVANCED_FACE('',(#1105),#609,.T.);
#9448=ADVANCED_FACE('',(#1106),#610,.T.);
#9449=ADVANCED_FACE('',(#1107),#611,.T.);
#9450=ADVANCED_FACE('',(#1108),#612,.T.);
#9451=ADVANCED_FACE('',(#1109),#613,.T.);
#9452=ADVANCED_FACE('',(#1110),#614,.T.);
#9453=ADVANCED_FACE('',(#1111),#615,.T.);
#9454=ADVANCED_FACE('',(#1112),#616,.T.);
#9455=ADVANCED_FACE('',(#1113),#617,.T.);
#9456=ADVANCED_FACE('',(#1114),#618,.T.);
#9457=ADVANCED_FACE('',(#1115),#619,.T.);
#9458=ADVANCED_FACE('',(#1116),#620,.T.);
#9459=ADVANCED_FACE('',(#1117),#621,.T.);
#9460=ADVANCED_FACE('',(#1118),#622,.T.);
#9461=ADVANCED_FACE('',(#1119),#623,.T.);
#9462=ADVANCED_FACE('',(#1120),#624,.T.);
#9463=ADVANCED_FACE('',(#1121),#625,.T.);
#9464=ADVANCED_FACE('',(#1122),#626,.T.);
#9465=ADVANCED_FACE('',(#1123),#627,.T.);
#9466=ADVANCED_FACE('',(#1124),#628,.T.);
#9467=ADVANCED_FACE('',(#1125),#629,.T.);
#9468=ADVANCED_FACE('',(#1126),#630,.T.);
#9469=ADVANCED_FACE('',(#1127),#631,.T.);
#9470=ADVANCED_FACE('',(#1128),#632,.T.);
#9471=ADVANCED_FACE('',(#1129),#633,.T.);
#9472=ADVANCED_FACE('',(#1130),#8994,.F.);
#9473=ADVANCED_FACE('',(#1131),#634,.T.);
#9474=ADVANCED_FACE('',(#1132),#635,.T.);
#9475=ADVANCED_FACE('',(#1133),#636,.F.);
#9476=ADVANCED_FACE('',(#1134),#637,.F.);
#9477=ADVANCED_FACE('',(#1135),#638,.T.);
#9478=ADVANCED_FACE('',(#1136),#639,.T.);
#9479=ADVANCED_FACE('',(#1137),#640,.T.);
#9480=ADVANCED_FACE('',(#1138),#8995,.F.);
#9481=ADVANCED_FACE('',(#1139),#641,.T.);
#9482=ADVANCED_FACE('',(#1140),#8996,.F.);
#9483=ADVANCED_FACE('',(#1141),#642,.T.);
#9484=ADVANCED_FACE('',(#1142),#643,.T.);
#9485=ADVANCED_FACE('',(#1143),#644,.F.);
#9486=ADVANCED_FACE('',(#1144),#645,.F.);
#9487=ADVANCED_FACE('',(#1145),#646,.T.);
#9488=ADVANCED_FACE('',(#1146),#647,.T.);
#9489=ADVANCED_FACE('',(#1147),#8997,.F.);
#9490=ADVANCED_FACE('',(#1148),#648,.T.);
#9491=ADVANCED_FACE('',(#1149),#34,.T.);
#9492=ADVANCED_FACE('',(#1150),#13,.T.);
#9493=ADVANCED_FACE('',(#1151),#649,.T.);
#9494=ADVANCED_FACE('',(#1152),#8998,.T.);
#9495=ADVANCED_FACE('',(#1153),#14,.T.);
#9496=ADVANCED_FACE('',(#1154),#8999,.F.);
#9497=ADVANCED_FACE('',(#1155),#15,.T.);
#9498=ADVANCED_FACE('',(#1156),#16,.T.);
#9499=ADVANCED_FACE('',(#1157),#35,.T.);
#9500=ADVANCED_FACE('',(#1158),#9000,.T.);
#9501=ADVANCED_FACE('',(#1159),#650,.T.);
#9502=ADVANCED_FACE('',(#1160),#651,.T.);
#9503=ADVANCED_FACE('',(#1161),#652,.F.);
#9504=ADVANCED_FACE('',(#1162),#653,.T.);
#9505=ADVANCED_FACE('',(#1163),#654,.T.);
#9506=ADVANCED_FACE('',(#1164),#655,.T.);
#9507=ADVANCED_FACE('',(#1165),#656,.T.);
#9508=ADVANCED_FACE('',(#1166),#657,.T.);
#9509=ADVANCED_FACE('',(#1167),#658,.F.);
#9510=CLOSED_SHELL('',(#9001,#9002,#9003,#9004,#9005,#9006,#9007,#9008,
#9009,#9010,#9011,#9012,#9013,#9014,#9015,#9016,#9017,#9018,#9019,#9020,
#9021,#9022));
#9511=CLOSED_SHELL('',(#9023,#9024,#9025,#9026,#9027,#9028,#9029,#9030,
#9031,#9032,#9033,#9034,#9035,#9036,#9037,#9038,#9039,#9040));
#9512=CLOSED_SHELL('',(#9041,#9042,#9043,#9044,#9045,#9046,#9047,#9048,
#9049,#9050,#9051,#9052,#9053,#9054,#9055,#9056,#9057,#9058));
#9513=CLOSED_SHELL('',(#9059,#9060,#9061,#9062,#9063,#9064,#9065,#9066,
#9067,#9068,#9069,#9070,#9071,#9072,#9073,#9074,#9075,#9076));
#9514=CLOSED_SHELL('',(#9077,#9078,#9079,#9080,#9081,#9082,#9083,#9084,
#9085,#9086,#9087,#9088,#9089,#9090,#9091,#9092,#9093,#9094));
#9515=CLOSED_SHELL('',(#9095,#9096,#9097,#9098,#9099,#9100,#9101,#9102,
#9103,#9104,#9105,#9106,#9107,#9108,#9109,#9110,#9111,#9112));
#9516=CLOSED_SHELL('',(#9113,#9114,#9115,#9116,#9117,#9118,#9119,#9120,
#9121,#9122,#9123,#9124,#9125,#9126,#9127,#9128,#9129,#9130));
#9517=CLOSED_SHELL('',(#9131,#9132,#9133,#9134,#9135,#9136,#9137,#9138,
#9139,#9140,#9141,#9142,#9143,#9144,#9145,#9146,#9147,#9148));
#9518=CLOSED_SHELL('',(#9149,#9150,#9151,#9152,#9153,#9154,#9155,#9156,
#9157,#9158,#9159,#9160,#9161,#9162,#9163,#9164,#9165,#9166));
#9519=CLOSED_SHELL('',(#9167,#9168,#9169,#9170,#9171,#9172,#9173,#9174,
#9175,#9176,#9177,#9178,#9179,#9180,#9181,#9182,#9183,#9184));
#9520=CLOSED_SHELL('',(#9185,#9186,#9187,#9188,#9189,#9190,#9191,#9192,
#9193,#9194,#9195,#9196,#9197,#9198,#9199,#9200,#9201,#9202));
#9521=CLOSED_SHELL('',(#9203,#9204,#9205,#9206,#9207,#9208,#9209,#9210,
#9211,#9212,#9213,#9214,#9215,#9216,#9217,#9218,#9219,#9220));
#9522=CLOSED_SHELL('',(#9221,#9222,#9223,#9224,#9225,#9226,#9227,#9228,
#9229,#9230,#9231,#9232,#9233,#9234,#9235,#9236,#9237,#9238));
#9523=CLOSED_SHELL('',(#9239,#9240,#9241,#9242,#9243,#9244,#9245,#9246,
#9247,#9248,#9249,#9250,#9251,#9252,#9253,#9254,#9255,#9256));
#9524=CLOSED_SHELL('',(#9257,#9258,#9259,#9260,#9261,#9262,#9263,#9264,
#9265,#9266,#9267,#9268,#9269,#9270,#9271,#9272,#9273,#9274));
#9525=CLOSED_SHELL('',(#9275,#9276,#9277,#9278,#9279,#9280,#9281,#9282,
#9283,#9284,#9285,#9286,#9287,#9288,#9289,#9290,#9291,#9292));
#9526=CLOSED_SHELL('',(#9293,#9294,#9295,#9296,#9297,#9298,#9299,#9300,
#9301,#9302,#9303,#9304,#9305,#9306,#9307,#9308,#9309,#9310));
#9527=CLOSED_SHELL('',(#9311,#9312,#9313,#9314,#9315,#9316,#9317,#9318,
#9319,#9320));
#9528=CLOSED_SHELL('',(#9321,#9322,#9323,#9324,#9325,#9326,#9327,#9328,
#9329,#9330));
#9529=CLOSED_SHELL('',(#9331,#9332,#9333,#9334,#9335,#9336,#9337,#9338,
#9339,#9340));
#9530=CLOSED_SHELL('',(#9341,#9342,#9343,#9344,#9345,#9346,#9347,#9348,
#9349,#9350));
#9531=CLOSED_SHELL('',(#9351,#9352,#9353,#9354,#9355,#9356,#9357,#9358,
#9359,#9360));
#9532=CLOSED_SHELL('',(#9361,#9362,#9363,#9364,#9365,#9366,#9367,#9368,
#9369,#9370));
#9533=CLOSED_SHELL('',(#9371,#9372,#9373,#9374,#9375,#9376,#9377,#9378,
#9379,#9380));
#9534=CLOSED_SHELL('',(#9381,#9382,#9383,#9384,#9385,#9386,#9387,#9388,
#9389,#9390));
#9535=CLOSED_SHELL('',(#9391,#9392,#9393,#9394,#9395,#9396,#9397,#9398,
#9399,#9400));
#9536=CLOSED_SHELL('',(#9401,#9402,#9403,#9404,#9405,#9406,#9407,#9408,
#9409,#9410));
#9537=CLOSED_SHELL('',(#9411,#9412,#9413,#9414,#9415,#9416,#9417,#9418,
#9419,#9420));
#9538=CLOSED_SHELL('',(#9421,#9422,#9423,#9424,#9425,#9426,#9427,#9428,
#9429,#9430));
#9539=CLOSED_SHELL('',(#9431,#9432,#9433,#9434,#9435,#9436,#9437,#9438,
#9439,#9440));
#9540=CLOSED_SHELL('',(#9441,#9442,#9443,#9444,#9445,#9446,#9447,#9448,
#9449,#9450));
#9541=CLOSED_SHELL('',(#9451,#9452,#9453,#9454,#9455,#9456,#9457,#9458,
#9459,#9460));
#9542=CLOSED_SHELL('',(#9461,#9462,#9463,#9464,#9465,#9466,#9467,#9468,
#9469,#9470));
#9543=CLOSED_SHELL('',(#9471,#9472,#9473,#9474,#9475));
#9544=CLOSED_SHELL('',(#9476,#9477,#9478,#9479,#9480));
#9545=CLOSED_SHELL('',(#9481,#9482,#9483,#9484,#9485));
#9546=CLOSED_SHELL('',(#9486,#9487,#9488,#9489,#9490));
#9547=CLOSED_SHELL('',(#9491,#9492,#9493,#9494,#9495,#9496,#9497,#9498,
#9499,#9500,#9501,#9502,#9503));
#9548=CLOSED_SHELL('',(#9504,#9505,#9506,#9507,#9508,#9509));
#9549=DERIVED_UNIT_ELEMENT(#9551,1.);
#9550=DERIVED_UNIT_ELEMENT(#15298,-3.);
#9551=(
MASS_UNIT()
NAMED_UNIT(*)
SI_UNIT(.KILO.,.GRAM.)
);
#9552=DERIVED_UNIT((#9549,#9550));
#9553=MEASURE_REPRESENTATION_ITEM('density measure',
POSITIVE_RATIO_MEASURE(7850.),#9552);
#9554=PROPERTY_DEFINITION_REPRESENTATION(#9559,#9556);
#9555=PROPERTY_DEFINITION_REPRESENTATION(#9560,#9557);
#9556=REPRESENTATION('material name',(#9558),#15295);
#9557=REPRESENTATION('density',(#9553),#15295);
#9558=DESCRIPTIVE_REPRESENTATION_ITEM('Steel','Steel');
#9559=PROPERTY_DEFINITION('material property','material name',#15305);
#9560=PROPERTY_DEFINITION('material property','density of part',#15305);
#9561=AXIS2_PLACEMENT_3D('placement',#12454,#10117,#10118);
#9562=AXIS2_PLACEMENT_3D('',#12455,#10119,#10120);
#9563=AXIS2_PLACEMENT_3D('',#12457,#10121,#10122);
#9564=AXIS2_PLACEMENT_3D('',#12460,#10124,#10125);
#9565=AXIS2_PLACEMENT_3D('',#12461,#10126,#10127);
#9566=AXIS2_PLACEMENT_3D('',#12463,#10128,#10129);
#9567=AXIS2_PLACEMENT_3D('',#12466,#10131,#10132);
#9568=AXIS2_PLACEMENT_3D('',#12467,#10133,#10134);
#9569=AXIS2_PLACEMENT_3D('',#12469,#10135,#10136);
#9570=AXIS2_PLACEMENT_3D('',#12472,#10138,#10139);
#9571=AXIS2_PLACEMENT_3D('',#12473,#10140,#10141);
#9572=AXIS2_PLACEMENT_3D('',#12475,#10142,#10143);
#9573=AXIS2_PLACEMENT_3D('',#12478,#10145,#10146);
#9574=AXIS2_PLACEMENT_3D('',#12479,#10147,#10148);
#9575=AXIS2_PLACEMENT_3D('',#12481,#10149,#10150);
#9576=AXIS2_PLACEMENT_3D('',#12484,#10152,#10153);
#9577=AXIS2_PLACEMENT_3D('',#12485,#10154,#10155);
#9578=AXIS2_PLACEMENT_3D('',#12487,#10156,#10157);
#9579=AXIS2_PLACEMENT_3D('',#12490,#10159,#10160);
#9580=AXIS2_PLACEMENT_3D('',#12491,#10161,#10162);
#9581=AXIS2_PLACEMENT_3D('',#12493,#10163,#10164);
#9582=AXIS2_PLACEMENT_3D('',#12496,#10166,#10167);
#9583=AXIS2_PLACEMENT_3D('',#12497,#10168,#10169);
#9584=AXIS2_PLACEMENT_3D('',#12499,#10170,#10171);
#9585=AXIS2_PLACEMENT_3D('',#12502,#10173,#10174);
#9586=AXIS2_PLACEMENT_3D('',#12503,#10175,#10176);
#9587=AXIS2_PLACEMENT_3D('',#12505,#10177,#10178);
#9588=AXIS2_PLACEMENT_3D('',#12508,#10180,#10181);
#9589=AXIS2_PLACEMENT_3D('',#12509,#10182,#10183);
#9590=AXIS2_PLACEMENT_3D('',#12511,#10184,#10185);
#9591=AXIS2_PLACEMENT_3D('',#12514,#10187,#10188);
#9592=AXIS2_PLACEMENT_3D('',#12515,#10189,#10190);
#9593=AXIS2_PLACEMENT_3D('',#12517,#10191,#10192);
#9594=AXIS2_PLACEMENT_3D('',#12520,#10194,#10195);
#9595=AXIS2_PLACEMENT_3D('',#12521,#10196,#10197);
#9596=AXIS2_PLACEMENT_3D('',#12523,#10198,#10199);
#9597=AXIS2_PLACEMENT_3D('',#12526,#10201,#10202);
#9598=AXIS2_PLACEMENT_3D('',#12527,#10203,#10204);
#9599=AXIS2_PLACEMENT_3D('',#12529,#10205,#10206);
#9600=AXIS2_PLACEMENT_3D('',#12532,#10208,#10209);
#9601=AXIS2_PLACEMENT_3D('',#12533,#10210,#10211);
#9602=AXIS2_PLACEMENT_3D('',#12535,#10212,#10213);
#9603=AXIS2_PLACEMENT_3D('',#12538,#10215,#10216);
#9604=AXIS2_PLACEMENT_3D('',#12539,#10217,#10218);
#9605=AXIS2_PLACEMENT_3D('',#12541,#10219,#10220);
#9606=AXIS2_PLACEMENT_3D('',#12544,#10222,#10223);
#9607=AXIS2_PLACEMENT_3D('',#12545,#10224,#10225);
#9608=AXIS2_PLACEMENT_3D('',#12547,#10226,#10227);
#9609=AXIS2_PLACEMENT_3D('',#12550,#10229,#10230);
#9610=AXIS2_PLACEMENT_3D('',#12551,#10231,#10232);
#9611=AXIS2_PLACEMENT_3D('',#12560,#10237,#10238);
#9612=AXIS2_PLACEMENT_3D('',#12566,#10242,#10243);
#9613=AXIS2_PLACEMENT_3D('',#12572,#10247,#10248);
#9614=AXIS2_PLACEMENT_3D('',#12575,#10251,#10252);
#9615=AXIS2_PLACEMENT_3D('',#12576,#10253,#10254);
#9616=AXIS2_PLACEMENT_3D('',#12577,#10255,#10256);
#9617=AXIS2_PLACEMENT_3D('',#12586,#10261,#10262);
#9618=AXIS2_PLACEMENT_3D('',#12592,#10266,#10267);
#9619=AXIS2_PLACEMENT_3D('',#12598,#10271,#10272);
#9620=AXIS2_PLACEMENT_3D('',#12604,#10276,#10277);
#9621=AXIS2_PLACEMENT_3D('',#12610,#10281,#10282);
#9622=AXIS2_PLACEMENT_3D('',#12616,#10286,#10287);
#9623=AXIS2_PLACEMENT_3D('',#12622,#10291,#10292);
#9624=AXIS2_PLACEMENT_3D('',#12625,#10295,#10296);
#9625=AXIS2_PLACEMENT_3D('',#12634,#10301,#10302);
#9626=AXIS2_PLACEMENT_3D('',#12640,#10306,#10307);
#9627=AXIS2_PLACEMENT_3D('',#12646,#10311,#10312);
#9628=AXIS2_PLACEMENT_3D('',#12652,#10316,#10317);
#9629=AXIS2_PLACEMENT_3D('',#12658,#10321,#10322);
#9630=AXIS2_PLACEMENT_3D('',#12664,#10326,#10327);
#9631=AXIS2_PLACEMENT_3D('',#12670,#10331,#10332);
#9632=AXIS2_PLACEMENT_3D('',#12673,#10335,#10336);
#9633=AXIS2_PLACEMENT_3D('',#12674,#10337,#10338);
#9634=AXIS2_PLACEMENT_3D('',#12675,#10339,#10340);
#9635=AXIS2_PLACEMENT_3D('',#12684,#10345,#10346);
#9636=AXIS2_PLACEMENT_3D('',#12690,#10350,#10351);
#9637=AXIS2_PLACEMENT_3D('',#12696,#10355,#10356);
#9638=AXIS2_PLACEMENT_3D('',#12702,#10360,#10361);
#9639=AXIS2_PLACEMENT_3D('',#12708,#10365,#10366);
#9640=AXIS2_PLACEMENT_3D('',#12714,#10370,#10371);
#9641=AXIS2_PLACEMENT_3D('',#12720,#10375,#10376);
#9642=AXIS2_PLACEMENT_3D('',#12723,#10379,#10380);
#9643=AXIS2_PLACEMENT_3D('',#12732,#10385,#10386);
#9644=AXIS2_PLACEMENT_3D('',#12738,#10390,#10391);
#9645=AXIS2_PLACEMENT_3D('',#12744,#10395,#10396);
#9646=AXIS2_PLACEMENT_3D('',#12750,#10400,#10401);
#9647=AXIS2_PLACEMENT_3D('',#12756,#10405,#10406);
#9648=AXIS2_PLACEMENT_3D('',#12762,#10410,#10411);
#9649=AXIS2_PLACEMENT_3D('',#12768,#10415,#10416);
#9650=AXIS2_PLACEMENT_3D('',#12771,#10419,#10420);
#9651=AXIS2_PLACEMENT_3D('',#12772,#10421,#10422);
#9652=AXIS2_PLACEMENT_3D('',#12773,#10423,#10424);
#9653=AXIS2_PLACEMENT_3D('',#12782,#10429,#10430);
#9654=AXIS2_PLACEMENT_3D('',#12788,#10434,#10435);
#9655=AXIS2_PLACEMENT_3D('',#12794,#10439,#10440);
#9656=AXIS2_PLACEMENT_3D('',#12800,#10444,#10445);
#9657=AXIS2_PLACEMENT_3D('',#12806,#10449,#10450);
#9658=AXIS2_PLACEMENT_3D('',#12812,#10454,#10455);
#9659=AXIS2_PLACEMENT_3D('',#12818,#10459,#10460);
#9660=AXIS2_PLACEMENT_3D('',#12821,#10463,#10464);
#9661=AXIS2_PLACEMENT_3D('',#12830,#10469,#10470);
#9662=AXIS2_PLACEMENT_3D('',#12836,#10474,#10475);
#9663=AXIS2_PLACEMENT_3D('',#12842,#10479,#10480);
#9664=AXIS2_PLACEMENT_3D('',#12848,#10484,#10485);
#9665=AXIS2_PLACEMENT_3D('',#12854,#10489,#10490);
#9666=AXIS2_PLACEMENT_3D('',#12860,#10494,#10495);
#9667=AXIS2_PLACEMENT_3D('',#12866,#10499,#10500);
#9668=AXIS2_PLACEMENT_3D('',#12869,#10503,#10504);
#9669=AXIS2_PLACEMENT_3D('',#12870,#10505,#10506);
#9670=AXIS2_PLACEMENT_3D('',#12871,#10507,#10508);
#9671=AXIS2_PLACEMENT_3D('',#12880,#10513,#10514);
#9672=AXIS2_PLACEMENT_3D('',#12886,#10518,#10519);
#9673=AXIS2_PLACEMENT_3D('',#12892,#10523,#10524);
#9674=AXIS2_PLACEMENT_3D('',#12898,#10528,#10529);
#9675=AXIS2_PLACEMENT_3D('',#12904,#10533,#10534);
#9676=AXIS2_PLACEMENT_3D('',#12910,#10538,#10539);
#9677=AXIS2_PLACEMENT_3D('',#12916,#10543,#10544);
#9678=AXIS2_PLACEMENT_3D('',#12919,#10547,#10548);
#9679=AXIS2_PLACEMENT_3D('',#12928,#10553,#10554);
#9680=AXIS2_PLACEMENT_3D('',#12934,#10558,#10559);
#9681=AXIS2_PLACEMENT_3D('',#12940,#10563,#10564);
#9682=AXIS2_PLACEMENT_3D('',#12946,#10568,#10569);
#9683=AXIS2_PLACEMENT_3D('',#12952,#10573,#10574);
#9684=AXIS2_PLACEMENT_3D('',#12958,#10578,#10579);
#9685=AXIS2_PLACEMENT_3D('',#12964,#10583,#10584);
#9686=AXIS2_PLACEMENT_3D('',#12967,#10587,#10588);
#9687=AXIS2_PLACEMENT_3D('',#12968,#10589,#10590);
#9688=AXIS2_PLACEMENT_3D('',#12969,#10591,#10592);
#9689=AXIS2_PLACEMENT_3D('',#12978,#10597,#10598);
#9690=AXIS2_PLACEMENT_3D('',#12984,#10602,#10603);
#9691=AXIS2_PLACEMENT_3D('',#12990,#10607,#10608);
#9692=AXIS2_PLACEMENT_3D('',#12996,#10612,#10613);
#9693=AXIS2_PLACEMENT_3D('',#13002,#10617,#10618);
#9694=AXIS2_PLACEMENT_3D('',#13008,#10622,#10623);
#9695=AXIS2_PLACEMENT_3D('',#13014,#10627,#10628);
#9696=AXIS2_PLACEMENT_3D('',#13017,#10631,#10632);
#9697=AXIS2_PLACEMENT_3D('',#13026,#10637,#10638);
#9698=AXIS2_PLACEMENT_3D('',#13032,#10642,#10643);
#9699=AXIS2_PLACEMENT_3D('',#13038,#10647,#10648);
#9700=AXIS2_PLACEMENT_3D('',#13044,#10652,#10653);
#9701=AXIS2_PLACEMENT_3D('',#13050,#10657,#10658);
#9702=AXIS2_PLACEMENT_3D('',#13056,#10662,#10663);
#9703=AXIS2_PLACEMENT_3D('',#13062,#10667,#10668);
#9704=AXIS2_PLACEMENT_3D('',#13065,#10671,#10672);
#9705=AXIS2_PLACEMENT_3D('',#13066,#10673,#10674);
#9706=AXIS2_PLACEMENT_3D('',#13067,#10675,#10676);
#9707=AXIS2_PLACEMENT_3D('',#13076,#10681,#10682);
#9708=AXIS2_PLACEMENT_3D('',#13082,#10686,#10687);
#9709=AXIS2_PLACEMENT_3D('',#13088,#10691,#10692);
#9710=AXIS2_PLACEMENT_3D('',#13094,#10696,#10697);
#9711=AXIS2_PLACEMENT_3D('',#13100,#10701,#10702);
#9712=AXIS2_PLACEMENT_3D('',#13106,#10706,#10707);
#9713=AXIS2_PLACEMENT_3D('',#13112,#10711,#10712);
#9714=AXIS2_PLACEMENT_3D('',#13115,#10715,#10716);
#9715=AXIS2_PLACEMENT_3D('',#13124,#10721,#10722);
#9716=AXIS2_PLACEMENT_3D('',#13130,#10726,#10727);
#9717=AXIS2_PLACEMENT_3D('',#13136,#10731,#10732);
#9718=AXIS2_PLACEMENT_3D('',#13142,#10736,#10737);
#9719=AXIS2_PLACEMENT_3D('',#13148,#10741,#10742);
#9720=AXIS2_PLACEMENT_3D('',#13154,#10746,#10747);
#9721=AXIS2_PLACEMENT_3D('',#13160,#10751,#10752);
#9722=AXIS2_PLACEMENT_3D('',#13163,#10755,#10756);
#9723=AXIS2_PLACEMENT_3D('',#13164,#10757,#10758);
#9724=AXIS2_PLACEMENT_3D('',#13165,#10759,#10760);
#9725=AXIS2_PLACEMENT_3D('',#13174,#10765,#10766);
#9726=AXIS2_PLACEMENT_3D('',#13180,#10770,#10771);
#9727=AXIS2_PLACEMENT_3D('',#13186,#10775,#10776);
#9728=AXIS2_PLACEMENT_3D('',#13192,#10780,#10781);
#9729=AXIS2_PLACEMENT_3D('',#13198,#10785,#10786);
#9730=AXIS2_PLACEMENT_3D('',#13204,#10790,#10791);
#9731=AXIS2_PLACEMENT_3D('',#13210,#10795,#10796);
#9732=AXIS2_PLACEMENT_3D('',#13213,#10799,#10800);
#9733=AXIS2_PLACEMENT_3D('',#13222,#10805,#10806);
#9734=AXIS2_PLACEMENT_3D('',#13228,#10810,#10811);
#9735=AXIS2_PLACEMENT_3D('',#13234,#10815,#10816);
#9736=AXIS2_PLACEMENT_3D('',#13240,#10820,#10821);
#9737=AXIS2_PLACEMENT_3D('',#13246,#10825,#10826);
#9738=AXIS2_PLACEMENT_3D('',#13252,#10830,#10831);
#9739=AXIS2_PLACEMENT_3D('',#13258,#10835,#10836);
#9740=AXIS2_PLACEMENT_3D('',#13261,#10839,#10840);
#9741=AXIS2_PLACEMENT_3D('',#13262,#10841,#10842);
#9742=AXIS2_PLACEMENT_3D('',#13263,#10843,#10844);
#9743=AXIS2_PLACEMENT_3D('',#13272,#10849,#10850);
#9744=AXIS2_PLACEMENT_3D('',#13278,#10854,#10855);
#9745=AXIS2_PLACEMENT_3D('',#13284,#10859,#10860);
#9746=AXIS2_PLACEMENT_3D('',#13290,#10864,#10865);
#9747=AXIS2_PLACEMENT_3D('',#13296,#10869,#10870);
#9748=AXIS2_PLACEMENT_3D('',#13302,#10874,#10875);
#9749=AXIS2_PLACEMENT_3D('',#13308,#10879,#10880);
#9750=AXIS2_PLACEMENT_3D('',#13311,#10883,#10884);
#9751=AXIS2_PLACEMENT_3D('',#13320,#10889,#10890);
#9752=AXIS2_PLACEMENT_3D('',#13326,#10894,#10895);
#9753=AXIS2_PLACEMENT_3D('',#13332,#10899,#10900);
#9754=AXIS2_PLACEMENT_3D('',#13338,#10904,#10905);
#9755=AXIS2_PLACEMENT_3D('',#13344,#10909,#10910);
#9756=AXIS2_PLACEMENT_3D('',#13350,#10914,#10915);
#9757=AXIS2_PLACEMENT_3D('',#13356,#10919,#10920);
#9758=AXIS2_PLACEMENT_3D('',#13359,#10923,#10924);
#9759=AXIS2_PLACEMENT_3D('',#13360,#10925,#10926);
#9760=AXIS2_PLACEMENT_3D('',#13361,#10927,#10928);
#9761=AXIS2_PLACEMENT_3D('',#13370,#10933,#10934);
#9762=AXIS2_PLACEMENT_3D('',#13376,#10938,#10939);
#9763=AXIS2_PLACEMENT_3D('',#13382,#10943,#10944);
#9764=AXIS2_PLACEMENT_3D('',#13388,#10948,#10949);
#9765=AXIS2_PLACEMENT_3D('',#13394,#10953,#10954);
#9766=AXIS2_PLACEMENT_3D('',#13400,#10958,#10959);
#9767=AXIS2_PLACEMENT_3D('',#13406,#10963,#10964);
#9768=AXIS2_PLACEMENT_3D('',#13409,#10967,#10968);
#9769=AXIS2_PLACEMENT_3D('',#13418,#10973,#10974);
#9770=AXIS2_PLACEMENT_3D('',#13424,#10978,#10979);
#9771=AXIS2_PLACEMENT_3D('',#13430,#10983,#10984);
#9772=AXIS2_PLACEMENT_3D('',#13436,#10988,#10989);
#9773=AXIS2_PLACEMENT_3D('',#13442,#10993,#10994);
#9774=AXIS2_PLACEMENT_3D('',#13448,#10998,#10999);
#9775=AXIS2_PLACEMENT_3D('',#13454,#11003,#11004);
#9776=AXIS2_PLACEMENT_3D('',#13457,#11007,#11008);
#9777=AXIS2_PLACEMENT_3D('',#13458,#11009,#11010);
#9778=AXIS2_PLACEMENT_3D('',#13459,#11011,#11012);
#9779=AXIS2_PLACEMENT_3D('',#13468,#11017,#11018);
#9780=AXIS2_PLACEMENT_3D('',#13474,#11022,#11023);
#9781=AXIS2_PLACEMENT_3D('',#13480,#11027,#11028);
#9782=AXIS2_PLACEMENT_3D('',#13486,#11032,#11033);
#9783=AXIS2_PLACEMENT_3D('',#13492,#11037,#11038);
#9784=AXIS2_PLACEMENT_3D('',#13498,#11042,#11043);
#9785=AXIS2_PLACEMENT_3D('',#13504,#11047,#11048);
#9786=AXIS2_PLACEMENT_3D('',#13507,#11051,#11052);
#9787=AXIS2_PLACEMENT_3D('',#13516,#11057,#11058);
#9788=AXIS2_PLACEMENT_3D('',#13522,#11062,#11063);
#9789=AXIS2_PLACEMENT_3D('',#13528,#11067,#11068);
#9790=AXIS2_PLACEMENT_3D('',#13534,#11072,#11073);
#9791=AXIS2_PLACEMENT_3D('',#13540,#11077,#11078);
#9792=AXIS2_PLACEMENT_3D('',#13546,#11082,#11083);
#9793=AXIS2_PLACEMENT_3D('',#13552,#11087,#11088);
#9794=AXIS2_PLACEMENT_3D('',#13555,#11091,#11092);
#9795=AXIS2_PLACEMENT_3D('',#13556,#11093,#11094);
#9796=AXIS2_PLACEMENT_3D('',#13557,#11095,#11096);
#9797=AXIS2_PLACEMENT_3D('',#13566,#11101,#11102);
#9798=AXIS2_PLACEMENT_3D('',#13572,#11106,#11107);
#9799=AXIS2_PLACEMENT_3D('',#13578,#11111,#11112);
#9800=AXIS2_PLACEMENT_3D('',#13584,#11116,#11117);
#9801=AXIS2_PLACEMENT_3D('',#13590,#11121,#11122);
#9802=AXIS2_PLACEMENT_3D('',#13596,#11126,#11127);
#9803=AXIS2_PLACEMENT_3D('',#13602,#11131,#11132);
#9804=AXIS2_PLACEMENT_3D('',#13605,#11135,#11136);
#9805=AXIS2_PLACEMENT_3D('',#13614,#11141,#11142);
#9806=AXIS2_PLACEMENT_3D('',#13620,#11146,#11147);
#9807=AXIS2_PLACEMENT_3D('',#13626,#11151,#11152);
#9808=AXIS2_PLACEMENT_3D('',#13632,#11156,#11157);
#9809=AXIS2_PLACEMENT_3D('',#13638,#11161,#11162);
#9810=AXIS2_PLACEMENT_3D('',#13644,#11166,#11167);
#9811=AXIS2_PLACEMENT_3D('',#13650,#11171,#11172);
#9812=AXIS2_PLACEMENT_3D('',#13653,#11175,#11176);
#9813=AXIS2_PLACEMENT_3D('',#13654,#11177,#11178);
#9814=AXIS2_PLACEMENT_3D('',#13655,#11179,#11180);
#9815=AXIS2_PLACEMENT_3D('',#13664,#11185,#11186);
#9816=AXIS2_PLACEMENT_3D('',#13670,#11190,#11191);
#9817=AXIS2_PLACEMENT_3D('',#13676,#11195,#11196);
#9818=AXIS2_PLACEMENT_3D('',#13682,#11200,#11201);
#9819=AXIS2_PLACEMENT_3D('',#13688,#11205,#11206);
#9820=AXIS2_PLACEMENT_3D('',#13694,#11210,#11211);
#9821=AXIS2_PLACEMENT_3D('',#13700,#11215,#11216);
#9822=AXIS2_PLACEMENT_3D('',#13703,#11219,#11220);
#9823=AXIS2_PLACEMENT_3D('',#13712,#11225,#11226);
#9824=AXIS2_PLACEMENT_3D('',#13718,#11230,#11231);
#9825=AXIS2_PLACEMENT_3D('',#13724,#11235,#11236);
#9826=AXIS2_PLACEMENT_3D('',#13730,#11240,#11241);
#9827=AXIS2_PLACEMENT_3D('',#13736,#11245,#11246);
#9828=AXIS2_PLACEMENT_3D('',#13742,#11250,#11251);
#9829=AXIS2_PLACEMENT_3D('',#13748,#11255,#11256);
#9830=AXIS2_PLACEMENT_3D('',#13751,#11259,#11260);
#9831=AXIS2_PLACEMENT_3D('',#13752,#11261,#11262);
#9832=AXIS2_PLACEMENT_3D('',#13753,#11263,#11264);
#9833=AXIS2_PLACEMENT_3D('',#13762,#11269,#11270);
#9834=AXIS2_PLACEMENT_3D('',#13768,#11274,#11275);
#9835=AXIS2_PLACEMENT_3D('',#13774,#11279,#11280);
#9836=AXIS2_PLACEMENT_3D('',#13780,#11284,#11285);
#9837=AXIS2_PLACEMENT_3D('',#13786,#11289,#11290);
#9838=AXIS2_PLACEMENT_3D('',#13792,#11294,#11295);
#9839=AXIS2_PLACEMENT_3D('',#13798,#11299,#11300);
#9840=AXIS2_PLACEMENT_3D('',#13801,#11303,#11304);
#9841=AXIS2_PLACEMENT_3D('',#13810,#11309,#11310);
#9842=AXIS2_PLACEMENT_3D('',#13816,#11314,#11315);
#9843=AXIS2_PLACEMENT_3D('',#13822,#11319,#11320);
#9844=AXIS2_PLACEMENT_3D('',#13828,#11324,#11325);
#9845=AXIS2_PLACEMENT_3D('',#13834,#11329,#11330);
#9846=AXIS2_PLACEMENT_3D('',#13840,#11334,#11335);
#9847=AXIS2_PLACEMENT_3D('',#13846,#11339,#11340);
#9848=AXIS2_PLACEMENT_3D('',#13849,#11343,#11344);
#9849=AXIS2_PLACEMENT_3D('',#13850,#11345,#11346);
#9850=AXIS2_PLACEMENT_3D('',#13851,#11347,#11348);
#9851=AXIS2_PLACEMENT_3D('',#13860,#11353,#11354);
#9852=AXIS2_PLACEMENT_3D('',#13866,#11358,#11359);
#9853=AXIS2_PLACEMENT_3D('',#13872,#11363,#11364);
#9854=AXIS2_PLACEMENT_3D('',#13878,#11368,#11369);
#9855=AXIS2_PLACEMENT_3D('',#13884,#11373,#11374);
#9856=AXIS2_PLACEMENT_3D('',#13890,#11378,#11379);
#9857=AXIS2_PLACEMENT_3D('',#13896,#11383,#11384);
#9858=AXIS2_PLACEMENT_3D('',#13899,#11387,#11388);
#9859=AXIS2_PLACEMENT_3D('',#13908,#11393,#11394);
#9860=AXIS2_PLACEMENT_3D('',#13914,#11398,#11399);
#9861=AXIS2_PLACEMENT_3D('',#13920,#11403,#11404);
#9862=AXIS2_PLACEMENT_3D('',#13926,#11408,#11409);
#9863=AXIS2_PLACEMENT_3D('',#13932,#11413,#11414);
#9864=AXIS2_PLACEMENT_3D('',#13938,#11418,#11419);
#9865=AXIS2_PLACEMENT_3D('',#13944,#11423,#11424);
#9866=AXIS2_PLACEMENT_3D('',#13947,#11427,#11428);
#9867=AXIS2_PLACEMENT_3D('',#13948,#11429,#11430);
#9868=AXIS2_PLACEMENT_3D('',#13949,#11431,#11432);
#9869=AXIS2_PLACEMENT_3D('',#13958,#11437,#11438);
#9870=AXIS2_PLACEMENT_3D('',#13964,#11442,#11443);
#9871=AXIS2_PLACEMENT_3D('',#13970,#11447,#11448);
#9872=AXIS2_PLACEMENT_3D('',#13976,#11452,#11453);
#9873=AXIS2_PLACEMENT_3D('',#13982,#11457,#11458);
#9874=AXIS2_PLACEMENT_3D('',#13988,#11462,#11463);
#9875=AXIS2_PLACEMENT_3D('',#13994,#11467,#11468);
#9876=AXIS2_PLACEMENT_3D('',#13997,#11471,#11472);
#9877=AXIS2_PLACEMENT_3D('',#14006,#11477,#11478);
#9878=AXIS2_PLACEMENT_3D('',#14012,#11482,#11483);
#9879=AXIS2_PLACEMENT_3D('',#14018,#11487,#11488);
#9880=AXIS2_PLACEMENT_3D('',#14024,#11492,#11493);
#9881=AXIS2_PLACEMENT_3D('',#14030,#11497,#11498);
#9882=AXIS2_PLACEMENT_3D('',#14036,#11502,#11503);
#9883=AXIS2_PLACEMENT_3D('',#14042,#11507,#11508);
#9884=AXIS2_PLACEMENT_3D('',#14045,#11511,#11512);
#9885=AXIS2_PLACEMENT_3D('',#14046,#11513,#11514);
#9886=AXIS2_PLACEMENT_3D('',#14047,#11515,#11516);
#9887=AXIS2_PLACEMENT_3D('',#14056,#11521,#11522);
#9888=AXIS2_PLACEMENT_3D('',#14062,#11526,#11527);
#9889=AXIS2_PLACEMENT_3D('',#14068,#11531,#11532);
#9890=AXIS2_PLACEMENT_3D('',#14074,#11536,#11537);
#9891=AXIS2_PLACEMENT_3D('',#14080,#11541,#11542);
#9892=AXIS2_PLACEMENT_3D('',#14086,#11546,#11547);
#9893=AXIS2_PLACEMENT_3D('',#14092,#11551,#11552);
#9894=AXIS2_PLACEMENT_3D('',#14095,#11555,#11556);
#9895=AXIS2_PLACEMENT_3D('',#14104,#11561,#11562);
#9896=AXIS2_PLACEMENT_3D('',#14110,#11566,#11567);
#9897=AXIS2_PLACEMENT_3D('',#14116,#11571,#11572);
#9898=AXIS2_PLACEMENT_3D('',#14122,#11576,#11577);
#9899=AXIS2_PLACEMENT_3D('',#14128,#11581,#11582);
#9900=AXIS2_PLACEMENT_3D('',#14134,#11586,#11587);
#9901=AXIS2_PLACEMENT_3D('',#14140,#11591,#11592);
#9902=AXIS2_PLACEMENT_3D('',#14143,#11595,#11596);
#9903=AXIS2_PLACEMENT_3D('',#14144,#11597,#11598);
#9904=AXIS2_PLACEMENT_3D('',#14145,#11599,#11600);
#9905=AXIS2_PLACEMENT_3D('',#14162,#11609,#11610);
#9906=AXIS2_PLACEMENT_3D('',#14168,#11614,#11615);
#9907=AXIS2_PLACEMENT_3D('',#14172,#11618,#11619);
#9908=AXIS2_PLACEMENT_3D('',#14176,#11622,#11623);
#9909=AXIS2_PLACEMENT_3D('',#14180,#11626,#11627);
#9910=AXIS2_PLACEMENT_3D('',#14184,#11630,#11631);
#9911=AXIS2_PLACEMENT_3D('',#14188,#11634,#11635);
#9912=AXIS2_PLACEMENT_3D('',#14192,#11638,#11639);
#9913=AXIS2_PLACEMENT_3D('',#14194,#11641,#11642);
#9914=AXIS2_PLACEMENT_3D('',#14195,#11643,#11644);
#9915=AXIS2_PLACEMENT_3D('',#14212,#11653,#11654);
#9916=AXIS2_PLACEMENT_3D('',#14218,#11658,#11659);
#9917=AXIS2_PLACEMENT_3D('',#14222,#11662,#11663);
#9918=AXIS2_PLACEMENT_3D('',#14226,#11666,#11667);
#9919=AXIS2_PLACEMENT_3D('',#14230,#11670,#11671);
#9920=AXIS2_PLACEMENT_3D('',#14234,#11674,#11675);
#9921=AXIS2_PLACEMENT_3D('',#14238,#11678,#11679);
#9922=AXIS2_PLACEMENT_3D('',#14242,#11682,#11683);
#9923=AXIS2_PLACEMENT_3D('',#14244,#11685,#11686);
#9924=AXIS2_PLACEMENT_3D('',#14245,#11687,#11688);
#9925=AXIS2_PLACEMENT_3D('',#14262,#11697,#11698);
#9926=AXIS2_PLACEMENT_3D('',#14268,#11702,#11703);
#9927=AXIS2_PLACEMENT_3D('',#14272,#11706,#11707);
#9928=AXIS2_PLACEMENT_3D('',#14276,#11710,#11711);
#9929=AXIS2_PLACEMENT_3D('',#14280,#11714,#11715);
#9930=AXIS2_PLACEMENT_3D('',#14284,#11718,#11719);
#9931=AXIS2_PLACEMENT_3D('',#14288,#11722,#11723);
#9932=AXIS2_PLACEMENT_3D('',#14292,#11726,#11727);
#9933=AXIS2_PLACEMENT_3D('',#14294,#11729,#11730);
#9934=AXIS2_PLACEMENT_3D('',#14295,#11731,#11732);
#9935=AXIS2_PLACEMENT_3D('',#14312,#11741,#11742);
#9936=AXIS2_PLACEMENT_3D('',#14318,#11746,#11747);
#9937=AXIS2_PLACEMENT_3D('',#14322,#11750,#11751);
#9938=AXIS2_PLACEMENT_3D('',#14326,#11754,#11755);
#9939=AXIS2_PLACEMENT_3D('',#14330,#11758,#11759);
#9940=AXIS2_PLACEMENT_3D('',#14334,#11762,#11763);
#9941=AXIS2_PLACEMENT_3D('',#14338,#11766,#11767);
#9942=AXIS2_PLACEMENT_3D('',#14342,#11770,#11771);
#9943=AXIS2_PLACEMENT_3D('',#14344,#11773,#11774);
#9944=AXIS2_PLACEMENT_3D('',#14345,#11775,#11776);
#9945=AXIS2_PLACEMENT_3D('',#14362,#11785,#11786);
#9946=AXIS2_PLACEMENT_3D('',#14368,#11790,#11791);
#9947=AXIS2_PLACEMENT_3D('',#14372,#11794,#11795);
#9948=AXIS2_PLACEMENT_3D('',#14376,#11798,#11799);
#9949=AXIS2_PLACEMENT_3D('',#14380,#11802,#11803);
#9950=AXIS2_PLACEMENT_3D('',#14384,#11806,#11807);
#9951=AXIS2_PLACEMENT_3D('',#14388,#11810,#11811);
#9952=AXIS2_PLACEMENT_3D('',#14392,#11814,#11815);
#9953=AXIS2_PLACEMENT_3D('',#14394,#11817,#11818);
#9954=AXIS2_PLACEMENT_3D('',#14395,#11819,#11820);
#9955=AXIS2_PLACEMENT_3D('',#14412,#11829,#11830);
#9956=AXIS2_PLACEMENT_3D('',#14418,#11834,#11835);
#9957=AXIS2_PLACEMENT_3D('',#14422,#11838,#11839);
#9958=AXIS2_PLACEMENT_3D('',#14426,#11842,#11843);
#9959=AXIS2_PLACEMENT_3D('',#14430,#11846,#11847);
#9960=AXIS2_PLACEMENT_3D('',#14434,#11850,#11851);
#9961=AXIS2_PLACEMENT_3D('',#14438,#11854,#11855);
#9962=AXIS2_PLACEMENT_3D('',#14442,#11858,#11859);
#9963=AXIS2_PLACEMENT_3D('',#14444,#11861,#11862);
#9964=AXIS2_PLACEMENT_3D('',#14445,#11863,#11864);
#9965=AXIS2_PLACEMENT_3D('',#14462,#11873,#11874);
#9966=AXIS2_PLACEMENT_3D('',#14468,#11878,#11879);
#9967=AXIS2_PLACEMENT_3D('',#14472,#11882,#11883);
#9968=AXIS2_PLACEMENT_3D('',#14476,#11886,#11887);
#9969=AXIS2_PLACEMENT_3D('',#14480,#11890,#11891);
#9970=AXIS2_PLACEMENT_3D('',#14484,#11894,#11895);
#9971=AXIS2_PLACEMENT_3D('',#14488,#11898,#11899);
#9972=AXIS2_PLACEMENT_3D('',#14492,#11902,#11903);
#9973=AXIS2_PLACEMENT_3D('',#14494,#11905,#11906);
#9974=AXIS2_PLACEMENT_3D('',#14495,#11907,#11908);
#9975=AXIS2_PLACEMENT_3D('',#14512,#11917,#11918);
#9976=AXIS2_PLACEMENT_3D('',#14518,#11922,#11923);
#9977=AXIS2_PLACEMENT_3D('',#14522,#11926,#11927);
#9978=AXIS2_PLACEMENT_3D('',#14526,#11930,#11931);
#9979=AXIS2_PLACEMENT_3D('',#14530,#11934,#11935);
#9980=AXIS2_PLACEMENT_3D('',#14534,#11938,#11939);
#9981=AXIS2_PLACEMENT_3D('',#14538,#11942,#11943);
#9982=AXIS2_PLACEMENT_3D('',#14542,#11946,#11947);
#9983=AXIS2_PLACEMENT_3D('',#14544,#11949,#11950);
#9984=AXIS2_PLACEMENT_3D('',#14545,#11951,#11952);
#9985=AXIS2_PLACEMENT_3D('',#14562,#11961,#11962);
#9986=AXIS2_PLACEMENT_3D('',#14568,#11966,#11967);
#9987=AXIS2_PLACEMENT_3D('',#14572,#11970,#11971);
#9988=AXIS2_PLACEMENT_3D('',#14576,#11974,#11975);
#9989=AXIS2_PLACEMENT_3D('',#14580,#11978,#11979);
#9990=AXIS2_PLACEMENT_3D('',#14584,#11982,#11983);
#9991=AXIS2_PLACEMENT_3D('',#14588,#11986,#11987);
#9992=AXIS2_PLACEMENT_3D('',#14592,#11990,#11991);
#9993=AXIS2_PLACEMENT_3D('',#14594,#11993,#11994);
#9994=AXIS2_PLACEMENT_3D('',#14595,#11995,#11996);
#9995=AXIS2_PLACEMENT_3D('',#14612,#12005,#12006);
#9996=AXIS2_PLACEMENT_3D('',#14618,#12010,#12011);
#9997=AXIS2_PLACEMENT_3D('',#14622,#12014,#12015);
#9998=AXIS2_PLACEMENT_3D('',#14626,#12018,#12019);
#9999=AXIS2_PLACEMENT_3D('',#14630,#12022,#12023);
#10000=AXIS2_PLACEMENT_3D('',#14634,#12026,#12027);
#10001=AXIS2_PLACEMENT_3D('',#14638,#12030,#12031);
#10002=AXIS2_PLACEMENT_3D('',#14642,#12034,#12035);
#10003=AXIS2_PLACEMENT_3D('',#14644,#12037,#12038);
#10004=AXIS2_PLACEMENT_3D('',#14645,#12039,#12040);
#10005=AXIS2_PLACEMENT_3D('',#14662,#12049,#12050);
#10006=AXIS2_PLACEMENT_3D('',#14668,#12054,#12055);
#10007=AXIS2_PLACEMENT_3D('',#14672,#12058,#12059);
#10008=AXIS2_PLACEMENT_3D('',#14676,#12062,#12063);
#10009=AXIS2_PLACEMENT_3D('',#14680,#12066,#12067);
#10010=AXIS2_PLACEMENT_3D('',#14684,#12070,#12071);
#10011=AXIS2_PLACEMENT_3D('',#14688,#12074,#12075);
#10012=AXIS2_PLACEMENT_3D('',#14692,#12078,#12079);
#10013=AXIS2_PLACEMENT_3D('',#14694,#12081,#12082);
#10014=AXIS2_PLACEMENT_3D('',#14695,#12083,#12084);
#10015=AXIS2_PLACEMENT_3D('',#14712,#12093,#12094);
#10016=AXIS2_PLACEMENT_3D('',#14718,#12098,#12099);
#10017=AXIS2_PLACEMENT_3D('',#14722,#12102,#12103);
#10018=AXIS2_PLACEMENT_3D('',#14726,#12106,#12107);
#10019=AXIS2_PLACEMENT_3D('',#14730,#12110,#12111);
#10020=AXIS2_PLACEMENT_3D('',#14734,#12114,#12115);
#10021=AXIS2_PLACEMENT_3D('',#14738,#12118,#12119);
#10022=AXIS2_PLACEMENT_3D('',#14742,#12122,#12123);
#10023=AXIS2_PLACEMENT_3D('',#14744,#12125,#12126);
#10024=AXIS2_PLACEMENT_3D('',#14745,#12127,#12128);
#10025=AXIS2_PLACEMENT_3D('',#14762,#12137,#12138);
#10026=AXIS2_PLACEMENT_3D('',#14768,#12142,#12143);
#10027=AXIS2_PLACEMENT_3D('',#14772,#12146,#12147);
#10028=AXIS2_PLACEMENT_3D('',#14776,#12150,#12151);
#10029=AXIS2_PLACEMENT_3D('',#14780,#12154,#12155);
#10030=AXIS2_PLACEMENT_3D('',#14784,#12158,#12159);
#10031=AXIS2_PLACEMENT_3D('',#14788,#12162,#12163);
#10032=AXIS2_PLACEMENT_3D('',#14792,#12166,#12167);
#10033=AXIS2_PLACEMENT_3D('',#14794,#12169,#12170);
#10034=AXIS2_PLACEMENT_3D('',#14795,#12171,#12172);
#10035=AXIS2_PLACEMENT_3D('',#14812,#12181,#12182);
#10036=AXIS2_PLACEMENT_3D('',#14818,#12186,#12187);
#10037=AXIS2_PLACEMENT_3D('',#14822,#12190,#12191);
#10038=AXIS2_PLACEMENT_3D('',#14826,#12194,#12195);
#10039=AXIS2_PLACEMENT_3D('',#14830,#12198,#12199);
#10040=AXIS2_PLACEMENT_3D('',#14834,#12202,#12203);
#10041=AXIS2_PLACEMENT_3D('',#14838,#12206,#12207);
#10042=AXIS2_PLACEMENT_3D('',#14842,#12210,#12211);
#10043=AXIS2_PLACEMENT_3D('',#14844,#12213,#12214);
#10044=AXIS2_PLACEMENT_3D('',#14845,#12215,#12216);
#10045=AXIS2_PLACEMENT_3D('',#14862,#12225,#12226);
#10046=AXIS2_PLACEMENT_3D('',#14868,#12230,#12231);
#10047=AXIS2_PLACEMENT_3D('',#14872,#12234,#12235);
#10048=AXIS2_PLACEMENT_3D('',#14876,#12238,#12239);
#10049=AXIS2_PLACEMENT_3D('',#14880,#12242,#12243);
#10050=AXIS2_PLACEMENT_3D('',#14884,#12246,#12247);
#10051=AXIS2_PLACEMENT_3D('',#14888,#12250,#12251);
#10052=AXIS2_PLACEMENT_3D('',#14892,#12254,#12255);
#10053=AXIS2_PLACEMENT_3D('',#14894,#12257,#12258);
#10054=AXIS2_PLACEMENT_3D('',#14895,#12259,#12260);
#10055=AXIS2_PLACEMENT_3D('',#14912,#12269,#12270);
#10056=AXIS2_PLACEMENT_3D('',#14918,#12274,#12275);
#10057=AXIS2_PLACEMENT_3D('',#14922,#12278,#12279);
#10058=AXIS2_PLACEMENT_3D('',#14926,#12282,#12283);
#10059=AXIS2_PLACEMENT_3D('',#14930,#12286,#12287);
#10060=AXIS2_PLACEMENT_3D('',#14934,#12290,#12291);
#10061=AXIS2_PLACEMENT_3D('',#14938,#12294,#12295);
#10062=AXIS2_PLACEMENT_3D('',#14942,#12298,#12299);
#10063=AXIS2_PLACEMENT_3D('',#14944,#12301,#12302);
#10064=AXIS2_PLACEMENT_3D('',#14945,#12303,#12304);
#10065=AXIS2_PLACEMENT_3D('',#14954,#12309,#12310);
#10066=AXIS2_PLACEMENT_3D('',#14956,#12311,#12312);
#10067=AXIS2_PLACEMENT_3D('',#14958,#12313,#12314);
#10068=AXIS2_PLACEMENT_3D('',#14960,#12316,#12317);
#10069=AXIS2_PLACEMENT_3D('',#14963,#12320,#12321);
#10070=AXIS2_PLACEMENT_3D('',#14964,#12322,#12323);
#10071=AXIS2_PLACEMENT_3D('',#14965,#12324,#12325);
#10072=AXIS2_PLACEMENT_3D('',#14970,#12327,#12328);
#10073=AXIS2_PLACEMENT_3D('',#14972,#12330,#12331);
#10074=AXIS2_PLACEMENT_3D('',#14978,#12334,#12335);
#10075=AXIS2_PLACEMENT_3D('',#14979,#12336,#12337);
#10076=AXIS2_PLACEMENT_3D('',#14982,#12340,#12341);
#10077=AXIS2_PLACEMENT_3D('',#14984,#12343,#12344);
#10078=AXIS2_PLACEMENT_3D('',#14985,#12345,#12346);
#10079=AXIS2_PLACEMENT_3D('',#14994,#12351,#12352);
#10080=AXIS2_PLACEMENT_3D('',#14996,#12353,#12354);
#10081=AXIS2_PLACEMENT_3D('',#14998,#12355,#12356);
#10082=AXIS2_PLACEMENT_3D('',#15000,#12358,#12359);
#10083=AXIS2_PLACEMENT_3D('',#15003,#12362,#12363);
#10084=AXIS2_PLACEMENT_3D('',#15004,#12364,#12365);
#10085=AXIS2_PLACEMENT_3D('',#15005,#12366,#12367);
#10086=AXIS2_PLACEMENT_3D('',#15011,#12370,#12371);
#10087=AXIS2_PLACEMENT_3D('',#15012,#12372,#12373);
#10088=AXIS2_PLACEMENT_3D('',#15017,#12375,#12376);
#10089=AXIS2_PLACEMENT_3D('',#15019,#12378,#12379);
#10090=AXIS2_PLACEMENT_3D('',#15022,#12382,#12383);
#10091=AXIS2_PLACEMENT_3D('',#15024,#12385,#12386);
#10092=AXIS2_PLACEMENT_3D('',#15025,#12387,#12388);
#10093=AXIS2_PLACEMENT_3D('',#15035,#12389,#12390);
#10094=AXIS2_PLACEMENT_3D('',#15082,#12391,#12392);
#10095=AXIS2_PLACEMENT_3D('',#15084,#12393,#12394);
#10096=AXIS2_PLACEMENT_3D('',#15124,#12395,#12396);
#10097=AXIS2_PLACEMENT_3D('',#15135,#12397,#12398);
#10098=AXIS2_PLACEMENT_3D('',#15136,#12399,#12400);
#10099=AXIS2_PLACEMENT_3D('',#15138,#12402,#12403);
#10100=AXIS2_PLACEMENT_3D('',#15162,#12405,#12406);
#10101=AXIS2_PLACEMENT_3D('',#15168,#12407,#12408);
#10102=AXIS2_PLACEMENT_3D('',#15169,#12409,#12410);
#10103=AXIS2_PLACEMENT_3D('',#15240,#12412,#12413);
#10104=AXIS2_PLACEMENT_3D('',#15242,#12414,#12415);
#10105=AXIS2_PLACEMENT_3D('',#15258,#12416,#12417);
#10106=AXIS2_PLACEMENT_3D('',#15259,#12418,#12419);
#10107=AXIS2_PLACEMENT_3D('',#15263,#12422,#12423);
#10108=AXIS2_PLACEMENT_3D('',#15264,#12424,#12425);
#10109=AXIS2_PLACEMENT_3D('',#15265,#12426,#12427);
#10110=AXIS2_PLACEMENT_3D('',#15266,#12428,#12429);
#10111=AXIS2_PLACEMENT_3D('',#15267,#12430,#12431);
#10112=AXIS2_PLACEMENT_3D('',#15276,#12436,#12437);
#10113=AXIS2_PLACEMENT_3D('',#15282,#12441,#12442);
#10114=AXIS2_PLACEMENT_3D('',#15288,#12446,#12447);
#10115=AXIS2_PLACEMENT_3D('',#15291,#12450,#12451);
#10116=AXIS2_PLACEMENT_3D('',#15292,#12452,#12453);
#10117=DIRECTION('axis',(0.,0.,1.));
#10118=DIRECTION('refdir',(1.,0.,0.));
#10119=DIRECTION('center_axis',(0.,0.,1.));
#10120=DIRECTION('ref_axis',(1.,0.,0.));
#10121=DIRECTION('center_axis',(0.,0.,1.));
#10122=DIRECTION('ref_axis',(1.,0.,0.));
#10123=DIRECTION('',(0.,0.,1.));
#10124=DIRECTION('center_axis',(0.,0.,-1.));
#10125=DIRECTION('ref_axis',(1.,0.,0.));
#10126=DIRECTION('center_axis',(0.,0.,1.));
#10127=DIRECTION('ref_axis',(1.,0.,0.));
#10128=DIRECTION('center_axis',(0.,0.,1.));
#10129=DIRECTION('ref_axis',(1.,0.,0.));
#10130=DIRECTION('',(0.,0.,1.));
#10131=DIRECTION('center_axis',(0.,0.,-1.));
#10132=DIRECTION('ref_axis',(1.,0.,0.));
#10133=DIRECTION('center_axis',(0.,0.,1.));
#10134=DIRECTION('ref_axis',(1.,0.,0.));
#10135=DIRECTION('center_axis',(0.,0.,1.));
#10136=DIRECTION('ref_axis',(1.,0.,0.));
#10137=DIRECTION('',(0.,0.,1.));
#10138=DIRECTION('center_axis',(0.,0.,-1.));
#10139=DIRECTION('ref_axis',(1.,0.,0.));
#10140=DIRECTION('center_axis',(0.,0.,1.));
#10141=DIRECTION('ref_axis',(1.,0.,0.));
#10142=DIRECTION('center_axis',(0.,0.,1.));
#10143=DIRECTION('ref_axis',(1.,0.,0.));
#10144=DIRECTION('',(0.,0.,1.));
#10145=DIRECTION('center_axis',(0.,0.,-1.));
#10146=DIRECTION('ref_axis',(1.,0.,0.));
#10147=DIRECTION('center_axis',(0.,0.,1.));
#10148=DIRECTION('ref_axis',(1.,0.,0.));
#10149=DIRECTION('center_axis',(0.,0.,1.));
#10150=DIRECTION('ref_axis',(1.,0.,0.));
#10151=DIRECTION('',(0.,0.,1.));
#10152=DIRECTION('center_axis',(0.,0.,-1.));
#10153=DIRECTION('ref_axis',(1.,0.,0.));
#10154=DIRECTION('center_axis',(0.,0.,1.));
#10155=DIRECTION('ref_axis',(1.,0.,0.));
#10156=DIRECTION('center_axis',(0.,0.,1.));
#10157=DIRECTION('ref_axis',(1.,0.,0.));
#10158=DIRECTION('',(0.,0.,1.));
#10159=DIRECTION('center_axis',(0.,0.,-1.));
#10160=DIRECTION('ref_axis',(1.,0.,0.));
#10161=DIRECTION('center_axis',(0.,0.,1.));
#10162=DIRECTION('ref_axis',(1.,0.,0.));
#10163=DIRECTION('center_axis',(0.,0.,1.));
#10164=DIRECTION('ref_axis',(1.,0.,0.));
#10165=DIRECTION('',(0.,0.,1.));
#10166=DIRECTION('center_axis',(0.,0.,-1.));
#10167=DIRECTION('ref_axis',(1.,0.,0.));
#10168=DIRECTION('center_axis',(0.,0.,1.));
#10169=DIRECTION('ref_axis',(1.,0.,0.));
#10170=DIRECTION('center_axis',(0.,0.,1.));
#10171=DIRECTION('ref_axis',(1.,0.,0.));
#10172=DIRECTION('',(0.,0.,1.));
#10173=DIRECTION('center_axis',(0.,0.,-1.));
#10174=DIRECTION('ref_axis',(1.,0.,0.));
#10175=DIRECTION('center_axis',(0.,0.,1.));
#10176=DIRECTION('ref_axis',(1.,0.,0.));
#10177=DIRECTION('center_axis',(0.,0.,1.));
#10178=DIRECTION('ref_axis',(1.,0.,0.));
#10179=DIRECTION('',(0.,0.,1.));
#10180=DIRECTION('center_axis',(0.,0.,-1.));
#10181=DIRECTION('ref_axis',(1.,0.,0.));
#10182=DIRECTION('center_axis',(0.,0.,1.));
#10183=DIRECTION('ref_axis',(1.,0.,0.));
#10184=DIRECTION('center_axis',(0.,0.,1.));
#10185=DIRECTION('ref_axis',(1.,0.,0.));
#10186=DIRECTION('',(0.,0.,1.));
#10187=DIRECTION('center_axis',(0.,0.,-1.));
#10188=DIRECTION('ref_axis',(1.,0.,0.));
#10189=DIRECTION('center_axis',(0.,0.,1.));
#10190=DIRECTION('ref_axis',(1.,0.,0.));
#10191=DIRECTION('center_axis',(0.,0.,1.));
#10192=DIRECTION('ref_axis',(1.,0.,0.));
#10193=DIRECTION('',(0.,0.,1.));
#10194=DIRECTION('center_axis',(0.,0.,-1.));
#10195=DIRECTION('ref_axis',(1.,0.,0.));
#10196=DIRECTION('center_axis',(0.,0.,1.));
#10197=DIRECTION('ref_axis',(1.,0.,0.));
#10198=DIRECTION('center_axis',(0.,0.,1.));
#10199=DIRECTION('ref_axis',(1.,0.,0.));
#10200=DIRECTION('',(0.,0.,1.));
#10201=DIRECTION('center_axis',(0.,0.,-1.));
#10202=DIRECTION('ref_axis',(1.,0.,0.));
#10203=DIRECTION('center_axis',(0.,0.,1.));
#10204=DIRECTION('ref_axis',(1.,0.,0.));
#10205=DIRECTION('center_axis',(0.,0.,1.));
#10206=DIRECTION('ref_axis',(1.,0.,0.));
#10207=DIRECTION('',(0.,0.,1.));
#10208=DIRECTION('center_axis',(0.,0.,-1.));
#10209=DIRECTION('ref_axis',(1.,0.,0.));
#10210=DIRECTION('center_axis',(0.,0.,1.));
#10211=DIRECTION('ref_axis',(1.,0.,0.));
#10212=DIRECTION('center_axis',(0.,0.,1.));
#10213=DIRECTION('ref_axis',(1.,0.,0.));
#10214=DIRECTION('',(0.,0.,1.));
#10215=DIRECTION('center_axis',(0.,0.,-1.));
#10216=DIRECTION('ref_axis',(1.,0.,0.));
#10217=DIRECTION('center_axis',(0.,0.,1.));
#10218=DIRECTION('ref_axis',(1.,0.,0.));
#10219=DIRECTION('center_axis',(0.,0.,1.));
#10220=DIRECTION('ref_axis',(1.,0.,0.));
#10221=DIRECTION('',(0.,0.,1.));
#10222=DIRECTION('center_axis',(0.,0.,-1.));
#10223=DIRECTION('ref_axis',(1.,0.,0.));
#10224=DIRECTION('center_axis',(0.,0.,1.));
#10225=DIRECTION('ref_axis',(1.,0.,0.));
#10226=DIRECTION('center_axis',(0.,0.,1.));
#10227=DIRECTION('ref_axis',(1.,0.,0.));
#10228=DIRECTION('',(0.,0.,1.));
#10229=DIRECTION('center_axis',(0.,0.,-1.));
#10230=DIRECTION('ref_axis',(1.,0.,0.));
#10231=DIRECTION('center_axis',(0.,1.,0.));
#10232=DIRECTION('ref_axis',(-1.,0.,0.));
#10233=DIRECTION('',(-1.,0.,0.));
#10234=DIRECTION('',(0.,0.,1.));
#10235=DIRECTION('',(-1.,0.,0.));
#10236=DIRECTION('',(0.,0.,1.));
#10237=DIRECTION('center_axis',(1.,0.,0.));
#10238=DIRECTION('ref_axis',(0.,1.,0.));
#10239=DIRECTION('',(0.,1.,0.));
#10240=DIRECTION('',(0.,1.,0.));
#10241=DIRECTION('',(0.,0.,1.));
#10242=DIRECTION('center_axis',(0.,-1.,0.));
#10243=DIRECTION('ref_axis',(1.,0.,0.));
#10244=DIRECTION('',(1.,0.,0.));
#10245=DIRECTION('',(1.,0.,0.));
#10246=DIRECTION('',(0.,0.,1.));
#10247=DIRECTION('center_axis',(-1.,0.,0.));
#10248=DIRECTION('ref_axis',(0.,-1.,0.));
#10249=DIRECTION('',(0.,-1.,0.));
#10250=DIRECTION('',(0.,-1.,0.));
#10251=DIRECTION('center_axis',(0.,0.,1.));
#10252=DIRECTION('ref_axis',(1.,0.,0.));
#10253=DIRECTION('center_axis',(0.,0.,1.));
#10254=DIRECTION('ref_axis',(1.,0.,0.));
#10255=DIRECTION('center_axis',(0.707106781186548,0.707106781186548,0.));
#10256=DIRECTION('ref_axis',(0.707106781186548,-0.707106781186548,0.));
#10257=DIRECTION('',(0.707106781186547,-0.707106781186547,0.));
#10258=DIRECTION('',(0.,0.,-1.));
#10259=DIRECTION('',(0.707106781186547,-0.707106781186547,0.));
#10260=DIRECTION('',(0.,0.,-1.));
#10261=DIRECTION('center_axis',(1.,0.,0.));
#10262=DIRECTION('ref_axis',(0.,-1.,0.));
#10263=DIRECTION('',(0.,-1.,0.));
#10264=DIRECTION('',(0.,-1.,0.));
#10265=DIRECTION('',(0.,0.,-1.));
#10266=DIRECTION('center_axis',(0.707106781186544,-0.707106781186551,0.));
#10267=DIRECTION('ref_axis',(-0.707106781186551,-0.707106781186544,0.));
#10268=DIRECTION('',(-0.707106781186551,-0.707106781186544,0.));
#10269=DIRECTION('',(-0.707106781186551,-0.707106781186544,0.));
#10270=DIRECTION('',(0.,0.,-1.));
#10271=DIRECTION('center_axis',(0.,-1.,0.));
#10272=DIRECTION('ref_axis',(-1.,0.,0.));
#10273=DIRECTION('',(-1.,0.,0.));
#10274=DIRECTION('',(-1.,0.,0.));
#10275=DIRECTION('',(0.,0.,-1.));
#10276=DIRECTION('center_axis',(-0.707106781186544,-0.707106781186551,0.));
#10277=DIRECTION('ref_axis',(-0.707106781186551,0.707106781186544,0.));
#10278=DIRECTION('',(-0.707106781186551,0.707106781186544,0.));
#10279=DIRECTION('',(-0.707106781186551,0.707106781186544,0.));
#10280=DIRECTION('',(0.,0.,-1.));
#10281=DIRECTION('center_axis',(-1.,0.,0.));
#10282=DIRECTION('ref_axis',(0.,1.,0.));
#10283=DIRECTION('',(0.,1.,0.));
#10284=DIRECTION('',(0.,1.,0.));
#10285=DIRECTION('',(0.,0.,-1.));
#10286=DIRECTION('center_axis',(-0.707106781186548,0.707106781186548,0.));
#10287=DIRECTION('ref_axis',(0.707106781186548,0.707106781186548,0.));
#10288=DIRECTION('',(0.707106781186547,0.707106781186547,0.));
#10289=DIRECTION('',(0.707106781186547,0.707106781186547,0.));
#10290=DIRECTION('',(0.,0.,-1.));
#10291=DIRECTION('center_axis',(0.,1.,0.));
#10292=DIRECTION('ref_axis',(1.,0.,0.));
#10293=DIRECTION('',(1.,0.,0.));
#10294=DIRECTION('',(1.,0.,0.));
#10295=DIRECTION('center_axis',(0.707106781186546,-0.707106781186549,0.));
#10296=DIRECTION('ref_axis',(-0.707106781186549,-0.707106781186546,0.));
#10297=DIRECTION('',(0.707106781186549,0.707106781186546,0.));
#10298=DIRECTION('',(0.,0.,-1.));
#10299=DIRECTION('',(-0.707106781186549,-0.707106781186546,0.));
#10300=DIRECTION('',(0.,0.,-1.));
#10301=DIRECTION('center_axis',(1.,0.,0.));
#10302=DIRECTION('ref_axis',(0.,-1.,0.));
#10303=DIRECTION('',(0.,-1.,0.));
#10304=DIRECTION('',(0.,-1.,0.));
#10305=DIRECTION('',(0.,0.,-1.));
#10306=DIRECTION('center_axis',(0.707106781186546,0.707106781186549,0.));
#10307=DIRECTION('ref_axis',(0.707106781186549,-0.707106781186546,0.));
#10308=DIRECTION('',(0.707106781186549,-0.707106781186546,0.));
#10309=DIRECTION('',(0.707106781186549,-0.707106781186546,0.));
#10310=DIRECTION('',(0.,0.,-1.));
#10311=DIRECTION('center_axis',(0.,1.,0.));
#10312=DIRECTION('ref_axis',(1.,0.,0.));
#10313=DIRECTION('',(1.,0.,0.));
#10314=DIRECTION('',(1.,0.,0.));
#10315=DIRECTION('',(0.,0.,-1.));
#10316=DIRECTION('center_axis',(-0.707106781186548,0.707106781186548,0.));
#10317=DIRECTION('ref_axis',(0.707106781186548,0.707106781186548,0.));
#10318=DIRECTION('',(0.707106781186547,0.707106781186547,0.));
#10319=DIRECTION('',(0.707106781186547,0.707106781186547,0.));
#10320=DIRECTION('',(0.,0.,-1.));
#10321=DIRECTION('center_axis',(-1.,0.,0.));
#10322=DIRECTION('ref_axis',(0.,1.,0.));
#10323=DIRECTION('',(0.,1.,0.));
#10324=DIRECTION('',(0.,1.,0.));
#10325=DIRECTION('',(0.,0.,-1.));
#10326=DIRECTION('center_axis',(-0.707106781186548,-0.707106781186548,0.));
#10327=DIRECTION('ref_axis',(-0.707106781186548,0.707106781186548,0.));
#10328=DIRECTION('',(-0.707106781186547,0.707106781186547,0.));
#10329=DIRECTION('',(-0.707106781186547,0.707106781186547,0.));
#10330=DIRECTION('',(0.,0.,-1.));
#10331=DIRECTION('center_axis',(0.,-1.,0.));
#10332=DIRECTION('ref_axis',(-1.,0.,0.));
#10333=DIRECTION('',(-1.,0.,0.));
#10334=DIRECTION('',(-1.,0.,0.));
#10335=DIRECTION('center_axis',(0.,0.,-1.));
#10336=DIRECTION('ref_axis',(-1.,0.,0.));
#10337=DIRECTION('center_axis',(0.,0.,-1.));
#10338=DIRECTION('ref_axis',(1.,0.,0.));
#10339=DIRECTION('center_axis',(0.707106781186548,0.707106781186548,0.));
#10340=DIRECTION('ref_axis',(0.707106781186548,-0.707106781186548,0.));
#10341=DIRECTION('',(0.707106781186547,-0.707106781186547,0.));
#10342=DIRECTION('',(0.,0.,-1.));
#10343=DIRECTION('',(0.707106781186547,-0.707106781186547,0.));
#10344=DIRECTION('',(0.,0.,-1.));
#10345=DIRECTION('center_axis',(1.,0.,0.));
#10346=DIRECTION('ref_axis',(0.,-1.,0.));
#10347=DIRECTION('',(0.,-1.,0.));
#10348=DIRECTION('',(0.,-1.,0.));
#10349=DIRECTION('',(0.,0.,-1.));
#10350=DIRECTION('center_axis',(0.707106781186548,-0.707106781186548,0.));
#10351=DIRECTION('ref_axis',(-0.707106781186548,-0.707106781186548,0.));
#10352=DIRECTION('',(-0.707106781186547,-0.707106781186547,0.));
#10353=DIRECTION('',(-0.707106781186547,-0.707106781186547,0.));
#10354=DIRECTION('',(0.,0.,-1.));
#10355=DIRECTION('center_axis',(0.,-1.,0.));
#10356=DIRECTION('ref_axis',(-1.,0.,0.));
#10357=DIRECTION('',(-1.,0.,0.));
#10358=DIRECTION('',(-1.,0.,0.));
#10359=DIRECTION('',(0.,0.,-1.));
#10360=DIRECTION('center_axis',(-0.707106781186548,-0.707106781186548,0.));
#10361=DIRECTION('ref_axis',(-0.707106781186548,0.707106781186548,0.));
#10362=DIRECTION('',(-0.707106781186547,0.707106781186547,0.));
#10363=DIRECTION('',(-0.707106781186547,0.707106781186547,0.));
#10364=DIRECTION('',(0.,0.,-1.));
#10365=DIRECTION('center_axis',(-1.,0.,0.));
#10366=DIRECTION('ref_axis',(0.,1.,0.));
#10367=DIRECTION('',(0.,1.,0.));
#10368=DIRECTION('',(0.,1.,0.));
#10369=DIRECTION('',(0.,0.,-1.));
#10370=DIRECTION('center_axis',(-0.707106781186548,0.707106781186548,0.));
#10371=DIRECTION('ref_axis',(0.707106781186548,0.707106781186548,0.));
#10372=DIRECTION('',(0.707106781186547,0.707106781186547,0.));
#10373=DIRECTION('',(0.707106781186547,0.707106781186547,0.));
#10374=DIRECTION('',(0.,0.,-1.));
#10375=DIRECTION('center_axis',(0.,1.,0.));
#10376=DIRECTION('ref_axis',(1.,0.,0.));
#10377=DIRECTION('',(1.,0.,0.));
#10378=DIRECTION('',(1.,0.,0.));
#10379=DIRECTION('center_axis',(0.707106781186546,-0.707106781186549,0.));
#10380=DIRECTION('ref_axis',(-0.707106781186549,-0.707106781186546,0.));
#10381=DIRECTION('',(0.707106781186549,0.707106781186546,0.));
#10382=DIRECTION('',(0.,0.,-1.));
#10383=DIRECTION('',(-0.707106781186549,-0.707106781186546,0.));
#10384=DIRECTION('',(0.,0.,-1.));
#10385=DIRECTION('center_axis',(1.,0.,0.));
#10386=DIRECTION('ref_axis',(0.,-1.,0.));
#10387=DIRECTION('',(0.,-1.,0.));
#10388=DIRECTION('',(0.,-1.,0.));
#10389=DIRECTION('',(0.,0.,-1.));
#10390=DIRECTION('center_axis',(0.707106781186546,0.707106781186549,0.));
#10391=DIRECTION('ref_axis',(0.707106781186549,-0.707106781186546,0.));
#10392=DIRECTION('',(0.707106781186549,-0.707106781186546,0.));
#10393=DIRECTION('',(0.707106781186549,-0.707106781186546,0.));
#10394=DIRECTION('',(0.,0.,-1.));
#10395=DIRECTION('center_axis',(0.,1.,0.));
#10396=DIRECTION('ref_axis',(1.,0.,0.));
#10397=DIRECTION('',(1.,0.,0.));
#10398=DIRECTION('',(1.,0.,0.));
#10399=DIRECTION('',(0.,0.,-1.));
#10400=DIRECTION('center_axis',(-0.707106781186548,0.707106781186548,0.));
#10401=DIRECTION('ref_axis',(0.707106781186548,0.707106781186548,0.));
#10402=DIRECTION('',(0.707106781186547,0.707106781186547,0.));
#10403=DIRECTION('',(0.707106781186547,0.707106781186547,0.));
#10404=DIRECTION('',(0.,0.,-1.));
#10405=DIRECTION('center_axis',(-1.,0.,0.));
#10406=DIRECTION('ref_axis',(0.,1.,0.));
#10407=DIRECTION('',(0.,1.,0.));
#10408=DIRECTION('',(0.,1.,0.));
#10409=DIRECTION('',(0.,0.,-1.));
#10410=DIRECTION('center_axis',(-0.707106781186548,-0.707106781186548,0.));
#10411=DIRECTION('ref_axis',(-0.707106781186548,0.707106781186548,0.));
#10412=DIRECTION('',(-0.707106781186547,0.707106781186547,0.));
#10413=DIRECTION('',(-0.707106781186547,0.707106781186547,0.));
#10414=DIRECTION('',(0.,0.,-1.));
#10415=DIRECTION('center_axis',(0.,-1.,0.));
#10416=DIRECTION('ref_axis',(-1.,0.,0.));
#10417=DIRECTION('',(-1.,0.,0.));
#10418=DIRECTION('',(-1.,0.,0.));
#10419=DIRECTION('center_axis',(0.,0.,-1.));
#10420=DIRECTION('ref_axis',(-1.,0.,0.));
#10421=DIRECTION('center_axis',(0.,0.,-1.));
#10422=DIRECTION('ref_axis',(1.,0.,0.));
#10423=DIRECTION('center_axis',(1.,-6.1679056923619E-16,0.));
#10424=DIRECTION('ref_axis',(-6.1679056923619E-16,-1.,0.));
#10425=DIRECTION('',(-6.1679056923619E-16,-1.,0.));
#10426=DIRECTION('',(0.,0.,-1.));
#10427=DIRECTION('',(-6.1679056923619E-16,-1.,0.));
#10428=DIRECTION('',(0.,0.,-1.));
#10429=DIRECTION('center_axis',(0.707106781186548,-0.707106781186548,0.));
#10430=DIRECTION('ref_axis',(-0.707106781186548,-0.707106781186548,0.));
#10431=DIRECTION('',(-0.707106781186547,-0.707106781186547,0.));
#10432=DIRECTION('',(-0.707106781186547,-0.707106781186547,0.));
#10433=DIRECTION('',(0.,0.,-1.));
#10434=DIRECTION('center_axis',(0.,-1.,0.));
#10435=DIRECTION('ref_axis',(-1.,0.,0.));
#10436=DIRECTION('',(-1.,0.,0.));
#10437=DIRECTION('',(-1.,0.,0.));
#10438=DIRECTION('',(0.,0.,-1.));
#10439=DIRECTION('center_axis',(-0.70710678118655,-0.707106781186546,0.));
#10440=DIRECTION('ref_axis',(-0.707106781186545,0.707106781186549,0.));
#10441=DIRECTION('',(-0.707106781186545,0.70710678118655,0.));
#10442=DIRECTION('',(-0.707106781186545,0.70710678118655,0.));
#10443=DIRECTION('',(0.,0.,-1.));
#10444=DIRECTION('center_axis',(-1.,0.,0.));
#10445=DIRECTION('ref_axis',(0.,1.,0.));
#10446=DIRECTION('',(0.,1.,0.));
#10447=DIRECTION('',(0.,1.,0.));
#10448=DIRECTION('',(0.,0.,-1.));
#10449=DIRECTION('center_axis',(-0.707106781186548,0.707106781186547,0.));
#10450=DIRECTION('ref_axis',(0.707106781186547,0.707106781186548,0.));
#10451=DIRECTION('',(0.707106781186547,0.707106781186548,0.));
#10452=DIRECTION('',(0.707106781186547,0.707106781186548,0.));
#10453=DIRECTION('',(0.,0.,-1.));
#10454=DIRECTION('center_axis',(0.,1.,0.));
#10455=DIRECTION('ref_axis',(1.,0.,0.));
#10456=DIRECTION('',(1.,0.,0.));
#10457=DIRECTION('',(1.,0.,0.));
#10458=DIRECTION('',(0.,0.,-1.));
#10459=DIRECTION('center_axis',(0.707106781186548,0.707106781186548,0.));
#10460=DIRECTION('ref_axis',(0.707106781186548,-0.707106781186548,0.));
#10461=DIRECTION('',(0.707106781186547,-0.707106781186547,0.));
#10462=DIRECTION('',(0.707106781186547,-0.707106781186547,0.));
#10463=DIRECTION('center_axis',(0.,-1.,0.));
#10464=DIRECTION('ref_axis',(-1.,0.,0.));
#10465=DIRECTION('',(1.,0.,0.));
#10466=DIRECTION('',(0.,0.,-1.));
#10467=DIRECTION('',(-1.,0.,0.));
#10468=DIRECTION('',(0.,0.,-1.));
#10469=DIRECTION('center_axis',(0.707106781186548,-0.707106781186547,0.));
#10470=DIRECTION('ref_axis',(-0.707106781186547,-0.707106781186548,0.));
#10471=DIRECTION('',(0.707106781186547,0.707106781186548,0.));
#10472=DIRECTION('',(-0.707106781186547,-0.707106781186548,0.));
#10473=DIRECTION('',(0.,0.,-1.));
#10474=DIRECTION('center_axis',(1.,0.,0.));
#10475=DIRECTION('ref_axis',(0.,-1.,0.));
#10476=DIRECTION('',(0.,1.,0.));
#10477=DIRECTION('',(0.,-1.,0.));
#10478=DIRECTION('',(0.,0.,-1.));
#10479=DIRECTION('center_axis',(0.707106781186548,0.707106781186547,0.));
#10480=DIRECTION('ref_axis',(0.707106781186547,-0.707106781186548,0.));
#10481=DIRECTION('',(-0.707106781186547,0.707106781186548,0.));
#10482=DIRECTION('',(0.707106781186547,-0.707106781186548,0.));
#10483=DIRECTION('',(0.,0.,-1.));
#10484=DIRECTION('center_axis',(0.,1.,0.));
#10485=DIRECTION('ref_axis',(1.,0.,0.));
#10486=DIRECTION('',(-1.,0.,0.));
#10487=DIRECTION('',(1.,0.,0.));
#10488=DIRECTION('',(0.,0.,-1.));
#10489=DIRECTION('center_axis',(-0.707106781186548,0.707106781186547,0.));
#10490=DIRECTION('ref_axis',(0.707106781186547,0.707106781186548,0.));
#10491=DIRECTION('',(-0.707106781186547,-0.707106781186548,0.));
#10492=DIRECTION('',(0.707106781186547,0.707106781186548,0.));
#10493=DIRECTION('',(0.,0.,-1.));
#10494=DIRECTION('center_axis',(-1.,0.,0.));
#10495=DIRECTION('ref_axis',(0.,1.,0.));
#10496=DIRECTION('',(0.,-1.,0.));
#10497=DIRECTION('',(0.,1.,0.));
#10498=DIRECTION('',(0.,0.,-1.));
#10499=DIRECTION('center_axis',(-0.707106781186548,-0.707106781186547,0.));
#10500=DIRECTION('ref_axis',(-0.707106781186547,0.707106781186548,0.));
#10501=DIRECTION('',(-0.707106781186547,0.707106781186548,0.));
#10502=DIRECTION('',(-0.707106781186547,0.707106781186548,0.));
#10503=DIRECTION('center_axis',(0.,0.,-1.));
#10504=DIRECTION('ref_axis',(-1.,0.,0.));
#10505=DIRECTION('center_axis',(0.,0.,-1.));
#10506=DIRECTION('ref_axis',(1.,0.,0.));
#10507=DIRECTION('center_axis',(1.,-6.1679056923619E-16,0.));
#10508=DIRECTION('ref_axis',(-6.1679056923619E-16,-1.,0.));
#10509=DIRECTION('',(-6.1679056923619E-16,-1.,0.));
#10510=DIRECTION('',(0.,0.,-1.));
#10511=DIRECTION('',(-6.1679056923619E-16,-1.,0.));
#10512=DIRECTION('',(0.,0.,-1.));
#10513=DIRECTION('center_axis',(0.707106781186548,-0.707106781186548,0.));
#10514=DIRECTION('ref_axis',(-0.707106781186548,-0.707106781186548,0.));
#10515=DIRECTION('',(-0.707106781186547,-0.707106781186547,0.));
#10516=DIRECTION('',(-0.707106781186547,-0.707106781186547,0.));
#10517=DIRECTION('',(0.,0.,-1.));
#10518=DIRECTION('center_axis',(0.,-1.,0.));
#10519=DIRECTION('ref_axis',(-1.,0.,0.));
#10520=DIRECTION('',(-1.,0.,0.));
#10521=DIRECTION('',(-1.,0.,0.));
#10522=DIRECTION('',(0.,0.,-1.));
#10523=DIRECTION('center_axis',(-0.70710678118655,-0.707106781186546,0.));
#10524=DIRECTION('ref_axis',(-0.707106781186545,0.707106781186549,0.));
#10525=DIRECTION('',(-0.707106781186545,0.70710678118655,0.));
#10526=DIRECTION('',(-0.707106781186545,0.70710678118655,0.));
#10527=DIRECTION('',(0.,0.,-1.));
#10528=DIRECTION('center_axis',(-1.,0.,0.));
#10529=DIRECTION('ref_axis',(0.,1.,0.));
#10530=DIRECTION('',(0.,1.,0.));
#10531=DIRECTION('',(0.,1.,0.));
#10532=DIRECTION('',(0.,0.,-1.));
#10533=DIRECTION('center_axis',(-0.707106781186548,0.707106781186547,0.));
#10534=DIRECTION('ref_axis',(0.707106781186547,0.707106781186548,0.));
#10535=DIRECTION('',(0.707106781186547,0.707106781186548,0.));
#10536=DIRECTION('',(0.707106781186547,0.707106781186548,0.));
#10537=DIRECTION('',(0.,0.,-1.));
#10538=DIRECTION('center_axis',(0.,1.,0.));
#10539=DIRECTION('ref_axis',(1.,0.,0.));
#10540=DIRECTION('',(1.,0.,0.));
#10541=DIRECTION('',(1.,0.,0.));
#10542=DIRECTION('',(0.,0.,-1.));
#10543=DIRECTION('center_axis',(0.707106781186548,0.707106781186548,0.));
#10544=DIRECTION('ref_axis',(0.707106781186548,-0.707106781186548,0.));
#10545=DIRECTION('',(0.707106781186547,-0.707106781186547,0.));
#10546=DIRECTION('',(0.707106781186547,-0.707106781186547,0.));
#10547=DIRECTION('center_axis',(0.,-1.,0.));
#10548=DIRECTION('ref_axis',(-1.,0.,0.));
#10549=DIRECTION('',(1.,0.,0.));
#10550=DIRECTION('',(0.,0.,-1.));
#10551=DIRECTION('',(-1.,0.,0.));
#10552=DIRECTION('',(0.,0.,-1.));
#10553=DIRECTION('center_axis',(0.707106781186548,-0.707106781186547,0.));
#10554=DIRECTION('ref_axis',(-0.707106781186547,-0.707106781186548,0.));
#10555=DIRECTION('',(0.707106781186547,0.707106781186548,0.));
#10556=DIRECTION('',(-0.707106781186547,-0.707106781186548,0.));
#10557=DIRECTION('',(0.,0.,-1.));
#10558=DIRECTION('center_axis',(1.,0.,0.));
#10559=DIRECTION('ref_axis',(0.,-1.,0.));
#10560=DIRECTION('',(0.,1.,0.));
#10561=DIRECTION('',(0.,-1.,0.));
#10562=DIRECTION('',(0.,0.,-1.));
#10563=DIRECTION('center_axis',(0.707106781186548,0.707106781186547,0.));
#10564=DIRECTION('ref_axis',(0.707106781186547,-0.707106781186548,0.));
#10565=DIRECTION('',(-0.707106781186547,0.707106781186548,0.));
#10566=DIRECTION('',(0.707106781186547,-0.707106781186548,0.));
#10567=DIRECTION('',(0.,0.,-1.));
#10568=DIRECTION('center_axis',(0.,1.,0.));
#10569=DIRECTION('ref_axis',(1.,0.,0.));
#10570=DIRECTION('',(-1.,0.,0.));
#10571=DIRECTION('',(1.,0.,0.));
#10572=DIRECTION('',(0.,0.,-1.));
#10573=DIRECTION('center_axis',(-0.707106781186548,0.707106781186547,0.));
#10574=DIRECTION('ref_axis',(0.707106781186547,0.707106781186548,0.));
#10575=DIRECTION('',(-0.707106781186547,-0.707106781186548,0.));
#10576=DIRECTION('',(0.707106781186547,0.707106781186548,0.));
#10577=DIRECTION('',(0.,0.,-1.));
#10578=DIRECTION('center_axis',(-1.,0.,0.));
#10579=DIRECTION('ref_axis',(0.,1.,0.));
#10580=DIRECTION('',(0.,-1.,0.));
#10581=DIRECTION('',(0.,1.,0.));
#10582=DIRECTION('',(0.,0.,-1.));
#10583=DIRECTION('center_axis',(-0.707106781186548,-0.707106781186547,0.));
#10584=DIRECTION('ref_axis',(-0.707106781186547,0.707106781186548,0.));
#10585=DIRECTION('',(-0.707106781186547,0.707106781186548,0.));
#10586=DIRECTION('',(-0.707106781186547,0.707106781186548,0.));
#10587=DIRECTION('center_axis',(0.,0.,-1.));
#10588=DIRECTION('ref_axis',(-1.,0.,0.));
#10589=DIRECTION('center_axis',(0.,0.,-1.));
#10590=DIRECTION('ref_axis',(1.,0.,0.));
#10591=DIRECTION('center_axis',(1.,-6.16790569236189E-16,0.));
#10592=DIRECTION('ref_axis',(-6.16790569236189E-16,-1.,0.));
#10593=DIRECTION('',(-6.16790569236189E-16,-1.,0.));
#10594=DIRECTION('',(0.,0.,-1.));
#10595=DIRECTION('',(-6.16790569236189E-16,-1.,0.));
#10596=DIRECTION('',(0.,0.,-1.));
#10597=DIRECTION('center_axis',(0.707106781186548,-0.707106781186548,0.));
#10598=DIRECTION('ref_axis',(-0.707106781186548,-0.707106781186548,0.));
#10599=DIRECTION('',(-0.707106781186547,-0.707106781186547,0.));
#10600=DIRECTION('',(-0.707106781186547,-0.707106781186547,0.));
#10601=DIRECTION('',(0.,0.,-1.));
#10602=DIRECTION('center_axis',(0.,-1.,0.));
#10603=DIRECTION('ref_axis',(-1.,0.,0.));
#10604=DIRECTION('',(-1.,0.,0.));
#10605=DIRECTION('',(-1.,0.,0.));
#10606=DIRECTION('',(0.,0.,-1.));
#10607=DIRECTION('center_axis',(-0.70710678118655,-0.707106781186546,0.));
#10608=DIRECTION('ref_axis',(-0.707106781186545,0.707106781186549,0.));
#10609=DIRECTION('',(-0.707106781186545,0.70710678118655,0.));
#10610=DIRECTION('',(-0.707106781186545,0.70710678118655,0.));
#10611=DIRECTION('',(0.,0.,-1.));
#10612=DIRECTION('center_axis',(-1.,0.,0.));
#10613=DIRECTION('ref_axis',(0.,1.,0.));
#10614=DIRECTION('',(0.,1.,0.));
#10615=DIRECTION('',(0.,1.,0.));
#10616=DIRECTION('',(0.,0.,-1.));
#10617=DIRECTION('center_axis',(-0.707106781186548,0.707106781186547,0.));
#10618=DIRECTION('ref_axis',(0.707106781186547,0.707106781186548,0.));
#10619=DIRECTION('',(0.707106781186547,0.707106781186548,0.));
#10620=DIRECTION('',(0.707106781186547,0.707106781186548,0.));
#10621=DIRECTION('',(0.,0.,-1.));
#10622=DIRECTION('center_axis',(0.,1.,0.));
#10623=DIRECTION('ref_axis',(1.,0.,0.));
#10624=DIRECTION('',(1.,0.,0.));
#10625=DIRECTION('',(1.,0.,0.));
#10626=DIRECTION('',(0.,0.,-1.));
#10627=DIRECTION('center_axis',(0.707106781186548,0.707106781186548,0.));
#10628=DIRECTION('ref_axis',(0.707106781186548,-0.707106781186548,0.));
#10629=DIRECTION('',(0.707106781186547,-0.707106781186547,0.));
#10630=DIRECTION('',(0.707106781186547,-0.707106781186547,0.));
#10631=DIRECTION('center_axis',(0.,-1.,0.));
#10632=DIRECTION('ref_axis',(-1.,0.,0.));
#10633=DIRECTION('',(1.,0.,0.));
#10634=DIRECTION('',(0.,0.,-1.));
#10635=DIRECTION('',(-1.,0.,0.));
#10636=DIRECTION('',(0.,0.,-1.));
#10637=DIRECTION('center_axis',(0.707106781186548,-0.707106781186548,0.));
#10638=DIRECTION('ref_axis',(-0.707106781186548,-0.707106781186548,0.));
#10639=DIRECTION('',(0.707106781186547,0.707106781186547,0.));
#10640=DIRECTION('',(-0.707106781186547,-0.707106781186547,0.));
#10641=DIRECTION('',(0.,0.,-1.));
#10642=DIRECTION('center_axis',(1.,0.,0.));
#10643=DIRECTION('ref_axis',(0.,-1.,0.));
#10644=DIRECTION('',(0.,1.,0.));
#10645=DIRECTION('',(0.,-1.,0.));
#10646=DIRECTION('',(0.,0.,-1.));
#10647=DIRECTION('center_axis',(0.707106781186548,0.707106781186547,0.));
#10648=DIRECTION('ref_axis',(0.707106781186547,-0.707106781186548,0.));
#10649=DIRECTION('',(-0.707106781186547,0.707106781186548,0.));
#10650=DIRECTION('',(0.707106781186547,-0.707106781186548,0.));
#10651=DIRECTION('',(0.,0.,-1.));
#10652=DIRECTION('center_axis',(0.,1.,0.));
#10653=DIRECTION('ref_axis',(1.,0.,0.));
#10654=DIRECTION('',(-1.,0.,0.));
#10655=DIRECTION('',(1.,0.,0.));
#10656=DIRECTION('',(0.,0.,-1.));
#10657=DIRECTION('center_axis',(-0.707106781186548,0.707106781186547,0.));
#10658=DIRECTION('ref_axis',(0.707106781186547,0.707106781186548,0.));
#10659=DIRECTION('',(-0.707106781186547,-0.707106781186548,0.));
#10660=DIRECTION('',(0.707106781186547,0.707106781186548,0.));
#10661=DIRECTION('',(0.,0.,-1.));
#10662=DIRECTION('center_axis',(-1.,0.,0.));
#10663=DIRECTION('ref_axis',(0.,1.,0.));
#10664=DIRECTION('',(0.,-1.,0.));
#10665=DIRECTION('',(0.,1.,0.));
#10666=DIRECTION('',(0.,0.,-1.));
#10667=DIRECTION('center_axis',(-0.707106781186547,-0.707106781186548,0.));
#10668=DIRECTION('ref_axis',(-0.707106781186548,0.707106781186547,0.));
#10669=DIRECTION('',(-0.707106781186548,0.707106781186547,0.));
#10670=DIRECTION('',(-0.707106781186548,0.707106781186547,0.));
#10671=DIRECTION('center_axis',(0.,0.,-1.));
#10672=DIRECTION('ref_axis',(-1.,0.,0.));
#10673=DIRECTION('center_axis',(0.,0.,-1.));
#10674=DIRECTION('ref_axis',(1.,0.,0.));
#10675=DIRECTION('center_axis',(1.,-6.1679056923619E-16,0.));
#10676=DIRECTION('ref_axis',(-6.1679056923619E-16,-1.,0.));
#10677=DIRECTION('',(-6.1679056923619E-16,-1.,0.));
#10678=DIRECTION('',(0.,0.,-1.));
#10679=DIRECTION('',(-6.1679056923619E-16,-1.,0.));
#10680=DIRECTION('',(0.,0.,-1.));
#10681=DIRECTION('center_axis',(0.707106781186548,-0.707106781186548,0.));
#10682=DIRECTION('ref_axis',(-0.707106781186548,-0.707106781186548,0.));
#10683=DIRECTION('',(-0.707106781186547,-0.707106781186547,0.));
#10684=DIRECTION('',(-0.707106781186547,-0.707106781186547,0.));
#10685=DIRECTION('',(0.,0.,-1.));
#10686=DIRECTION('center_axis',(0.,-1.,0.));
#10687=DIRECTION('ref_axis',(-1.,0.,0.));
#10688=DIRECTION('',(-1.,0.,0.));
#10689=DIRECTION('',(-1.,0.,0.));
#10690=DIRECTION('',(0.,0.,-1.));
#10691=DIRECTION('center_axis',(-0.70710678118655,-0.707106781186546,0.));
#10692=DIRECTION('ref_axis',(-0.707106781186545,0.707106781186549,0.));
#10693=DIRECTION('',(-0.707106781186545,0.70710678118655,0.));
#10694=DIRECTION('',(-0.707106781186545,0.70710678118655,0.));
#10695=DIRECTION('',(0.,0.,-1.));
#10696=DIRECTION('center_axis',(-1.,0.,0.));
#10697=DIRECTION('ref_axis',(0.,1.,0.));
#10698=DIRECTION('',(0.,1.,0.));
#10699=DIRECTION('',(0.,1.,0.));
#10700=DIRECTION('',(0.,0.,-1.));
#10701=DIRECTION('center_axis',(-0.707106781186548,0.707106781186547,0.));
#10702=DIRECTION('ref_axis',(0.707106781186547,0.707106781186548,0.));
#10703=DIRECTION('',(0.707106781186547,0.707106781186548,0.));
#10704=DIRECTION('',(0.707106781186547,0.707106781186548,0.));
#10705=DIRECTION('',(0.,0.,-1.));
#10706=DIRECTION('center_axis',(0.,1.,0.));
#10707=DIRECTION('ref_axis',(1.,0.,0.));
#10708=DIRECTION('',(1.,0.,0.));
#10709=DIRECTION('',(1.,0.,0.));
#10710=DIRECTION('',(0.,0.,-1.));
#10711=DIRECTION('center_axis',(0.707106781186548,0.707106781186548,0.));
#10712=DIRECTION('ref_axis',(0.707106781186548,-0.707106781186548,0.));
#10713=DIRECTION('',(0.707106781186547,-0.707106781186547,0.));
#10714=DIRECTION('',(0.707106781186547,-0.707106781186547,0.));
#10715=DIRECTION('center_axis',(0.,-1.,0.));
#10716=DIRECTION('ref_axis',(-1.,0.,0.));
#10717=DIRECTION('',(1.,0.,0.));
#10718=DIRECTION('',(0.,0.,-1.));
#10719=DIRECTION('',(-1.,0.,0.));
#10720=DIRECTION('',(0.,0.,-1.));
#10721=DIRECTION('center_axis',(0.707106781186548,-0.707106781186547,0.));
#10722=DIRECTION('ref_axis',(-0.707106781186547,-0.707106781186548,0.));
#10723=DIRECTION('',(0.707106781186547,0.707106781186548,0.));
#10724=DIRECTION('',(-0.707106781186547,-0.707106781186548,0.));
#10725=DIRECTION('',(0.,0.,-1.));
#10726=DIRECTION('center_axis',(1.,0.,0.));
#10727=DIRECTION('ref_axis',(0.,-1.,0.));
#10728=DIRECTION('',(0.,1.,0.));
#10729=DIRECTION('',(0.,-1.,0.));
#10730=DIRECTION('',(0.,0.,-1.));
#10731=DIRECTION('center_axis',(0.707106781186548,0.707106781186547,0.));
#10732=DIRECTION('ref_axis',(0.707106781186547,-0.707106781186548,0.));
#10733=DIRECTION('',(-0.707106781186547,0.707106781186548,0.));
#10734=DIRECTION('',(0.707106781186547,-0.707106781186548,0.));
#10735=DIRECTION('',(0.,0.,-1.));
#10736=DIRECTION('center_axis',(0.,1.,0.));
#10737=DIRECTION('ref_axis',(1.,0.,0.));
#10738=DIRECTION('',(-1.,0.,0.));
#10739=DIRECTION('',(1.,0.,0.));
#10740=DIRECTION('',(0.,0.,-1.));
#10741=DIRECTION('center_axis',(-0.707106781186548,0.707106781186547,0.));
#10742=DIRECTION('ref_axis',(0.707106781186547,0.707106781186548,0.));
#10743=DIRECTION('',(-0.707106781186547,-0.707106781186548,0.));
#10744=DIRECTION('',(0.707106781186547,0.707106781186548,0.));
#10745=DIRECTION('',(0.,0.,-1.));
#10746=DIRECTION('center_axis',(-1.,0.,0.));
#10747=DIRECTION('ref_axis',(0.,1.,0.));
#10748=DIRECTION('',(0.,-1.,0.));
#10749=DIRECTION('',(0.,1.,0.));
#10750=DIRECTION('',(0.,0.,-1.));
#10751=DIRECTION('center_axis',(-0.707106781186548,-0.707106781186547,0.));
#10752=DIRECTION('ref_axis',(-0.707106781186547,0.707106781186548,0.));
#10753=DIRECTION('',(-0.707106781186547,0.707106781186548,0.));
#10754=DIRECTION('',(-0.707106781186547,0.707106781186548,0.));
#10755=DIRECTION('center_axis',(0.,0.,-1.));
#10756=DIRECTION('ref_axis',(-1.,0.,0.));
#10757=DIRECTION('center_axis',(0.,0.,-1.));
#10758=DIRECTION('ref_axis',(1.,0.,0.));
#10759=DIRECTION('center_axis',(0.707106781186548,0.707106781186548,0.));
#10760=DIRECTION('ref_axis',(0.707106781186548,-0.707106781186548,0.));
#10761=DIRECTION('',(0.707106781186547,-0.707106781186547,0.));
#10762=DIRECTION('',(0.,0.,-1.));
#10763=DIRECTION('',(0.707106781186547,-0.707106781186547,0.));
#10764=DIRECTION('',(0.,0.,-1.));
#10765=DIRECTION('center_axis',(1.,0.,0.));
#10766=DIRECTION('ref_axis',(0.,-1.,0.));
#10767=DIRECTION('',(0.,-1.,0.));
#10768=DIRECTION('',(0.,-1.,0.));
#10769=DIRECTION('',(0.,0.,-1.));
#10770=DIRECTION('center_axis',(0.707106781186548,-0.707106781186548,0.));
#10771=DIRECTION('ref_axis',(-0.707106781186548,-0.707106781186548,0.));
#10772=DIRECTION('',(-0.707106781186547,-0.707106781186547,0.));
#10773=DIRECTION('',(-0.707106781186547,-0.707106781186547,0.));
#10774=DIRECTION('',(0.,0.,-1.));
#10775=DIRECTION('center_axis',(0.,-1.,0.));
#10776=DIRECTION('ref_axis',(-1.,0.,0.));
#10777=DIRECTION('',(-1.,0.,0.));
#10778=DIRECTION('',(-1.,0.,0.));
#10779=DIRECTION('',(0.,0.,-1.));
#10780=DIRECTION('center_axis',(-0.707106781186548,-0.707106781186548,0.));
#10781=DIRECTION('ref_axis',(-0.707106781186548,0.707106781186548,0.));
#10782=DIRECTION('',(-0.707106781186547,0.707106781186547,0.));
#10783=DIRECTION('',(-0.707106781186547,0.707106781186547,0.));
#10784=DIRECTION('',(0.,0.,-1.));
#10785=DIRECTION('center_axis',(-1.,0.,0.));
#10786=DIRECTION('ref_axis',(0.,1.,0.));
#10787=DIRECTION('',(0.,1.,0.));
#10788=DIRECTION('',(0.,1.,0.));
#10789=DIRECTION('',(0.,0.,-1.));
#10790=DIRECTION('center_axis',(-0.707106781186548,0.707106781186548,0.));
#10791=DIRECTION('ref_axis',(0.707106781186548,0.707106781186548,0.));
#10792=DIRECTION('',(0.707106781186547,0.707106781186547,0.));
#10793=DIRECTION('',(0.707106781186547,0.707106781186547,0.));
#10794=DIRECTION('',(0.,0.,-1.));
#10795=DIRECTION('center_axis',(0.,1.,0.));
#10796=DIRECTION('ref_axis',(1.,0.,0.));
#10797=DIRECTION('',(1.,0.,0.));
#10798=DIRECTION('',(1.,0.,0.));
#10799=DIRECTION('center_axis',(0.,-1.,0.));
#10800=DIRECTION('ref_axis',(-1.,0.,0.));
#10801=DIRECTION('',(-1.,0.,0.));
#10802=DIRECTION('',(0.,0.,-1.));
#10803=DIRECTION('',(-1.,0.,0.));
#10804=DIRECTION('',(0.,0.,-1.));
#10805=DIRECTION('center_axis',(0.707106781186544,-0.707106781186551,0.));
#10806=DIRECTION('ref_axis',(-0.707106781186551,-0.707106781186544,0.));
#10807=DIRECTION('',(0.707106781186551,0.707106781186544,0.));
#10808=DIRECTION('',(-0.707106781186551,-0.707106781186544,0.));
#10809=DIRECTION('',(0.,0.,-1.));
#10810=DIRECTION('center_axis',(1.,0.,0.));
#10811=DIRECTION('ref_axis',(0.,-1.,0.));
#10812=DIRECTION('',(0.,-1.,0.));
#10813=DIRECTION('',(0.,-1.,0.));
#10814=DIRECTION('',(0.,0.,-1.));
#10815=DIRECTION('center_axis',(0.707106781186546,0.707106781186549,0.));
#10816=DIRECTION('ref_axis',(0.707106781186549,-0.707106781186546,0.));
#10817=DIRECTION('',(0.707106781186549,-0.707106781186546,0.));
#10818=DIRECTION('',(0.707106781186549,-0.707106781186546,0.));
#10819=DIRECTION('',(0.,0.,-1.));
#10820=DIRECTION('center_axis',(0.,1.,0.));
#10821=DIRECTION('ref_axis',(1.,0.,0.));
#10822=DIRECTION('',(1.,0.,0.));
#10823=DIRECTION('',(1.,0.,0.));
#10824=DIRECTION('',(0.,0.,-1.));
#10825=DIRECTION('center_axis',(-0.707106781186548,0.707106781186548,0.));
#10826=DIRECTION('ref_axis',(0.707106781186548,0.707106781186548,0.));
#10827=DIRECTION('',(0.707106781186547,0.707106781186547,0.));
#10828=DIRECTION('',(0.707106781186547,0.707106781186547,0.));
#10829=DIRECTION('',(0.,0.,-1.));
#10830=DIRECTION('center_axis',(-1.,0.,0.));
#10831=DIRECTION('ref_axis',(0.,1.,0.));
#10832=DIRECTION('',(0.,1.,0.));
#10833=DIRECTION('',(0.,1.,0.));
#10834=DIRECTION('',(0.,0.,-1.));
#10835=DIRECTION('center_axis',(-0.707106781186546,-0.707106781186549,0.));
#10836=DIRECTION('ref_axis',(-0.707106781186549,0.707106781186546,0.));
#10837=DIRECTION('',(-0.707106781186549,0.707106781186546,0.));
#10838=DIRECTION('',(-0.707106781186549,0.707106781186546,0.));
#10839=DIRECTION('center_axis',(0.,0.,-1.));
#10840=DIRECTION('ref_axis',(-1.,0.,0.));
#10841=DIRECTION('center_axis',(0.,0.,-1.));
#10842=DIRECTION('ref_axis',(1.,0.,0.));
#10843=DIRECTION('center_axis',(0.707106781186548,0.707106781186548,0.));
#10844=DIRECTION('ref_axis',(0.707106781186548,-0.707106781186548,0.));
#10845=DIRECTION('',(0.707106781186547,-0.707106781186547,0.));
#10846=DIRECTION('',(0.,0.,-1.));
#10847=DIRECTION('',(0.707106781186547,-0.707106781186547,0.));
#10848=DIRECTION('',(0.,0.,-1.));
#10849=DIRECTION('center_axis',(1.,0.,0.));
#10850=DIRECTION('ref_axis',(0.,-1.,0.));
#10851=DIRECTION('',(0.,-1.,0.));
#10852=DIRECTION('',(0.,-1.,0.));
#10853=DIRECTION('',(0.,0.,-1.));
#10854=DIRECTION('center_axis',(0.707106781186548,-0.707106781186548,0.));
#10855=DIRECTION('ref_axis',(-0.707106781186548,-0.707106781186548,0.));
#10856=DIRECTION('',(-0.707106781186547,-0.707106781186547,0.));
#10857=DIRECTION('',(-0.707106781186547,-0.707106781186547,0.));
#10858=DIRECTION('',(0.,0.,-1.));
#10859=DIRECTION('center_axis',(0.,-1.,0.));
#10860=DIRECTION('ref_axis',(-1.,0.,0.));
#10861=DIRECTION('',(-1.,0.,0.));
#10862=DIRECTION('',(-1.,0.,0.));
#10863=DIRECTION('',(0.,0.,-1.));
#10864=DIRECTION('center_axis',(-0.707106781186548,-0.707106781186548,0.));
#10865=DIRECTION('ref_axis',(-0.707106781186548,0.707106781186548,0.));
#10866=DIRECTION('',(-0.707106781186547,0.707106781186547,0.));
#10867=DIRECTION('',(-0.707106781186547,0.707106781186547,0.));
#10868=DIRECTION('',(0.,0.,-1.));
#10869=DIRECTION('center_axis',(-1.,0.,0.));
#10870=DIRECTION('ref_axis',(0.,1.,0.));
#10871=DIRECTION('',(0.,1.,0.));
#10872=DIRECTION('',(0.,1.,0.));
#10873=DIRECTION('',(0.,0.,-1.));
#10874=DIRECTION('center_axis',(-0.707106781186548,0.707106781186548,0.));
#10875=DIRECTION('ref_axis',(0.707106781186548,0.707106781186548,0.));
#10876=DIRECTION('',(0.707106781186547,0.707106781186547,0.));
#10877=DIRECTION('',(0.707106781186547,0.707106781186547,0.));
#10878=DIRECTION('',(0.,0.,-1.));
#10879=DIRECTION('center_axis',(0.,1.,0.));
#10880=DIRECTION('ref_axis',(1.,0.,0.));
#10881=DIRECTION('',(1.,0.,0.));
#10882=DIRECTION('',(1.,0.,0.));
#10883=DIRECTION('center_axis',(0.707106781186546,-0.707106781186549,0.));
#10884=DIRECTION('ref_axis',(-0.707106781186549,-0.707106781186546,0.));
#10885=DIRECTION('',(0.707106781186549,0.707106781186546,0.));
#10886=DIRECTION('',(0.,0.,-1.));
#10887=DIRECTION('',(-0.707106781186549,-0.707106781186546,0.));
#10888=DIRECTION('',(0.,0.,-1.));
#10889=DIRECTION('center_axis',(1.,0.,0.));
#10890=DIRECTION('ref_axis',(0.,-1.,0.));
#10891=DIRECTION('',(0.,-1.,0.));
#10892=DIRECTION('',(0.,-1.,0.));
#10893=DIRECTION('',(0.,0.,-1.));
#10894=DIRECTION('center_axis',(0.707106781186545,0.70710678118655,0.));
#10895=DIRECTION('ref_axis',(0.70710678118655,-0.707106781186545,0.));
#10896=DIRECTION('',(0.70710678118655,-0.707106781186545,0.));
#10897=DIRECTION('',(0.70710678118655,-0.707106781186545,0.));
#10898=DIRECTION('',(0.,0.,-1.));
#10899=DIRECTION('center_axis',(0.,1.,0.));
#10900=DIRECTION('ref_axis',(1.,0.,0.));
#10901=DIRECTION('',(1.,0.,0.));
#10902=DIRECTION('',(1.,0.,0.));
#10903=DIRECTION('',(0.,0.,-1.));
#10904=DIRECTION('center_axis',(-0.707106781186547,0.707106781186548,0.));
#10905=DIRECTION('ref_axis',(0.707106781186548,0.707106781186547,0.));
#10906=DIRECTION('',(0.707106781186548,0.707106781186547,0.));
#10907=DIRECTION('',(0.707106781186548,0.707106781186547,0.));
#10908=DIRECTION('',(0.,0.,-1.));
#10909=DIRECTION('center_axis',(-1.,0.,0.));
#10910=DIRECTION('ref_axis',(0.,1.,0.));
#10911=DIRECTION('',(0.,1.,0.));
#10912=DIRECTION('',(0.,1.,0.));
#10913=DIRECTION('',(0.,0.,-1.));
#10914=DIRECTION('center_axis',(-0.707106781186548,-0.707106781186548,0.));
#10915=DIRECTION('ref_axis',(-0.707106781186548,0.707106781186548,0.));
#10916=DIRECTION('',(-0.707106781186547,0.707106781186547,0.));
#10917=DIRECTION('',(-0.707106781186547,0.707106781186547,0.));
#10918=DIRECTION('',(0.,0.,-1.));
#10919=DIRECTION('center_axis',(0.,-1.,0.));
#10920=DIRECTION('ref_axis',(-1.,0.,0.));
#10921=DIRECTION('',(-1.,0.,0.));
#10922=DIRECTION('',(-1.,0.,0.));
#10923=DIRECTION('center_axis',(0.,0.,-1.));
#10924=DIRECTION('ref_axis',(-1.,0.,0.));
#10925=DIRECTION('center_axis',(0.,0.,-1.));
#10926=DIRECTION('ref_axis',(1.,0.,0.));
#10927=DIRECTION('center_axis',(1.,0.,0.));
#10928=DIRECTION('ref_axis',(0.,-1.,0.));
#10929=DIRECTION('',(0.,-1.,0.));
#10930=DIRECTION('',(0.,0.,-1.));
#10931=DIRECTION('',(0.,-1.,0.));
#10932=DIRECTION('',(0.,0.,-1.));
#10933=DIRECTION('center_axis',(0.707106781186548,-0.707106781186548,0.));
#10934=DIRECTION('ref_axis',(-0.707106781186548,-0.707106781186548,0.));
#10935=DIRECTION('',(-0.707106781186547,-0.707106781186547,0.));
#10936=DIRECTION('',(-0.707106781186547,-0.707106781186547,0.));
#10937=DIRECTION('',(0.,0.,-1.));
#10938=DIRECTION('center_axis',(0.,-1.,0.));
#10939=DIRECTION('ref_axis',(-1.,0.,0.));
#10940=DIRECTION('',(-1.,0.,0.));
#10941=DIRECTION('',(-1.,0.,0.));
#10942=DIRECTION('',(0.,0.,-1.));
#10943=DIRECTION('center_axis',(-0.707106781186548,-0.707106781186548,0.));
#10944=DIRECTION('ref_axis',(-0.707106781186548,0.707106781186548,0.));
#10945=DIRECTION('',(-0.707106781186547,0.707106781186547,0.));
#10946=DIRECTION('',(-0.707106781186547,0.707106781186547,0.));
#10947=DIRECTION('',(0.,0.,-1.));
#10948=DIRECTION('center_axis',(-1.,0.,0.));
#10949=DIRECTION('ref_axis',(0.,1.,0.));
#10950=DIRECTION('',(0.,1.,0.));
#10951=DIRECTION('',(0.,1.,0.));
#10952=DIRECTION('',(0.,0.,-1.));
#10953=DIRECTION('center_axis',(-0.707106781186548,0.707106781186548,0.));
#10954=DIRECTION('ref_axis',(0.707106781186548,0.707106781186548,0.));
#10955=DIRECTION('',(0.707106781186547,0.707106781186547,0.));
#10956=DIRECTION('',(0.707106781186547,0.707106781186547,0.));
#10957=DIRECTION('',(0.,0.,-1.));
#10958=DIRECTION('center_axis',(0.,1.,0.));
#10959=DIRECTION('ref_axis',(1.,0.,0.));
#10960=DIRECTION('',(1.,0.,0.));
#10961=DIRECTION('',(1.,0.,0.));
#10962=DIRECTION('',(0.,0.,-1.));
#10963=DIRECTION('center_axis',(0.707106781186548,0.707106781186548,0.));
#10964=DIRECTION('ref_axis',(0.707106781186548,-0.707106781186548,0.));
#10965=DIRECTION('',(0.707106781186547,-0.707106781186547,0.));
#10966=DIRECTION('',(0.707106781186547,-0.707106781186547,0.));
#10967=DIRECTION('center_axis',(0.707106781186546,-0.707106781186549,0.));
#10968=DIRECTION('ref_axis',(-0.707106781186549,-0.707106781186546,0.));
#10969=DIRECTION('',(0.707106781186549,0.707106781186546,0.));
#10970=DIRECTION('',(0.,0.,-1.));
#10971=DIRECTION('',(-0.707106781186549,-0.707106781186546,0.));
#10972=DIRECTION('',(0.,0.,-1.));
#10973=DIRECTION('center_axis',(1.,0.,0.));
#10974=DIRECTION('ref_axis',(0.,-1.,0.));
#10975=DIRECTION('',(0.,-1.,0.));
#10976=DIRECTION('',(0.,-1.,0.));
#10977=DIRECTION('',(0.,0.,-1.));
#10978=DIRECTION('center_axis',(0.707106781186546,0.707106781186549,0.));
#10979=DIRECTION('ref_axis',(0.707106781186549,-0.707106781186546,0.));
#10980=DIRECTION('',(0.707106781186549,-0.707106781186546,0.));
#10981=DIRECTION('',(0.707106781186549,-0.707106781186546,0.));
#10982=DIRECTION('',(0.,0.,-1.));
#10983=DIRECTION('center_axis',(0.,1.,0.));
#10984=DIRECTION('ref_axis',(1.,0.,0.));
#10985=DIRECTION('',(1.,0.,0.));
#10986=DIRECTION('',(1.,0.,0.));
#10987=DIRECTION('',(0.,0.,-1.));
#10988=DIRECTION('center_axis',(-0.707106781186548,0.707106781186548,0.));
#10989=DIRECTION('ref_axis',(0.707106781186548,0.707106781186548,0.));
#10990=DIRECTION('',(0.707106781186547,0.707106781186547,0.));
#10991=DIRECTION('',(0.707106781186547,0.707106781186547,0.));
#10992=DIRECTION('',(0.,0.,-1.));
#10993=DIRECTION('center_axis',(-1.,0.,0.));
#10994=DIRECTION('ref_axis',(0.,1.,0.));
#10995=DIRECTION('',(0.,1.,0.));
#10996=DIRECTION('',(0.,1.,0.));
#10997=DIRECTION('',(0.,0.,-1.));
#10998=DIRECTION('center_axis',(-0.707106781186547,-0.707106781186548,0.));
#10999=DIRECTION('ref_axis',(-0.707106781186548,0.707106781186547,0.));
#11000=DIRECTION('',(-0.707106781186548,0.707106781186547,0.));
#11001=DIRECTION('',(-0.707106781186548,0.707106781186547,0.));
#11002=DIRECTION('',(0.,0.,-1.));
#11003=DIRECTION('center_axis',(0.,-1.,0.));
#11004=DIRECTION('ref_axis',(-1.,0.,0.));
#11005=DIRECTION('',(-1.,0.,0.));
#11006=DIRECTION('',(-1.,0.,0.));
#11007=DIRECTION('center_axis',(0.,0.,-1.));
#11008=DIRECTION('ref_axis',(-1.,0.,0.));
#11009=DIRECTION('center_axis',(0.,0.,-1.));
#11010=DIRECTION('ref_axis',(1.,0.,0.));
#11011=DIRECTION('center_axis',(0.707106781186548,0.707106781186548,0.));
#11012=DIRECTION('ref_axis',(0.707106781186548,-0.707106781186548,0.));
#11013=DIRECTION('',(0.707106781186547,-0.707106781186547,0.));
#11014=DIRECTION('',(0.,0.,-1.));
#11015=DIRECTION('',(0.707106781186547,-0.707106781186547,0.));
#11016=DIRECTION('',(0.,0.,-1.));
#11017=DIRECTION('center_axis',(1.,0.,0.));
#11018=DIRECTION('ref_axis',(0.,-1.,0.));
#11019=DIRECTION('',(0.,-1.,0.));
#11020=DIRECTION('',(0.,-1.,0.));
#11021=DIRECTION('',(0.,0.,-1.));
#11022=DIRECTION('center_axis',(0.707106781186555,-0.70710678118654,0.));
#11023=DIRECTION('ref_axis',(-0.70710678118654,-0.707106781186555,0.));
#11024=DIRECTION('',(-0.70710678118654,-0.707106781186555,0.));
#11025=DIRECTION('',(-0.70710678118654,-0.707106781186555,0.));
#11026=DIRECTION('',(0.,0.,-1.));
#11027=DIRECTION('center_axis',(0.,-1.,0.));
#11028=DIRECTION('ref_axis',(-1.,0.,0.));
#11029=DIRECTION('',(-1.,0.,0.));
#11030=DIRECTION('',(-1.,0.,0.));
#11031=DIRECTION('',(0.,0.,-1.));
#11032=DIRECTION('center_axis',(-0.707106781186555,-0.70710678118654,0.));
#11033=DIRECTION('ref_axis',(-0.70710678118654,0.707106781186555,0.));
#11034=DIRECTION('',(-0.70710678118654,0.707106781186555,0.));
#11035=DIRECTION('',(-0.70710678118654,0.707106781186555,0.));
#11036=DIRECTION('',(0.,0.,-1.));
#11037=DIRECTION('center_axis',(-1.,0.,0.));
#11038=DIRECTION('ref_axis',(0.,1.,0.));
#11039=DIRECTION('',(0.,1.,0.));
#11040=DIRECTION('',(0.,1.,0.));
#11041=DIRECTION('',(0.,0.,-1.));
#11042=DIRECTION('center_axis',(-0.707106781186548,0.707106781186548,0.));
#11043=DIRECTION('ref_axis',(0.707106781186548,0.707106781186548,0.));
#11044=DIRECTION('',(0.707106781186547,0.707106781186547,0.));
#11045=DIRECTION('',(0.707106781186547,0.707106781186547,0.));
#11046=DIRECTION('',(0.,0.,-1.));
#11047=DIRECTION('center_axis',(0.,1.,0.));
#11048=DIRECTION('ref_axis',(1.,0.,0.));
#11049=DIRECTION('',(1.,0.,0.));
#11050=DIRECTION('',(1.,0.,0.));
#11051=DIRECTION('center_axis',(0.707106781186546,-0.707106781186549,0.));
#11052=DIRECTION('ref_axis',(-0.707106781186549,-0.707106781186546,0.));
#11053=DIRECTION('',(0.707106781186549,0.707106781186546,0.));
#11054=DIRECTION('',(0.,0.,-1.));
#11055=DIRECTION('',(-0.707106781186549,-0.707106781186546,0.));
#11056=DIRECTION('',(0.,0.,-1.));
#11057=DIRECTION('center_axis',(1.,0.,0.));
#11058=DIRECTION('ref_axis',(0.,-1.,0.));
#11059=DIRECTION('',(0.,-1.,0.));
#11060=DIRECTION('',(0.,-1.,0.));
#11061=DIRECTION('',(0.,0.,-1.));
#11062=DIRECTION('center_axis',(0.707106781186544,0.707106781186551,0.));
#11063=DIRECTION('ref_axis',(0.707106781186551,-0.707106781186544,0.));
#11064=DIRECTION('',(0.707106781186551,-0.707106781186544,0.));
#11065=DIRECTION('',(0.707106781186551,-0.707106781186544,0.));
#11066=DIRECTION('',(0.,0.,-1.));
#11067=DIRECTION('center_axis',(0.,1.,0.));
#11068=DIRECTION('ref_axis',(1.,0.,0.));
#11069=DIRECTION('',(1.,0.,0.));
#11070=DIRECTION('',(1.,0.,0.));
#11071=DIRECTION('',(0.,0.,-1.));
#11072=DIRECTION('center_axis',(-0.707106781186546,0.707106781186549,0.));
#11073=DIRECTION('ref_axis',(0.707106781186549,0.707106781186546,0.));
#11074=DIRECTION('',(0.707106781186549,0.707106781186546,0.));
#11075=DIRECTION('',(0.707106781186549,0.707106781186546,0.));
#11076=DIRECTION('',(0.,0.,-1.));
#11077=DIRECTION('center_axis',(-1.,0.,0.));
#11078=DIRECTION('ref_axis',(0.,1.,0.));
#11079=DIRECTION('',(0.,1.,0.));
#11080=DIRECTION('',(0.,1.,0.));
#11081=DIRECTION('',(0.,0.,-1.));
#11082=DIRECTION('center_axis',(-0.707106781186548,-0.707106781186548,0.));
#11083=DIRECTION('ref_axis',(-0.707106781186548,0.707106781186548,0.));
#11084=DIRECTION('',(-0.707106781186547,0.707106781186547,0.));
#11085=DIRECTION('',(-0.707106781186547,0.707106781186547,0.));
#11086=DIRECTION('',(0.,0.,-1.));
#11087=DIRECTION('center_axis',(0.,-1.,0.));
#11088=DIRECTION('ref_axis',(-1.,0.,0.));
#11089=DIRECTION('',(-1.,0.,0.));
#11090=DIRECTION('',(-1.,0.,0.));
#11091=DIRECTION('center_axis',(0.,0.,-1.));
#11092=DIRECTION('ref_axis',(-1.,0.,0.));
#11093=DIRECTION('center_axis',(0.,0.,-1.));
#11094=DIRECTION('ref_axis',(1.,0.,0.));
#11095=DIRECTION('center_axis',(1.,-6.1679056923619E-16,0.));
#11096=DIRECTION('ref_axis',(-6.1679056923619E-16,-1.,0.));
#11097=DIRECTION('',(-6.1679056923619E-16,-1.,0.));
#11098=DIRECTION('',(0.,0.,-1.));
#11099=DIRECTION('',(-6.1679056923619E-16,-1.,0.));
#11100=DIRECTION('',(0.,0.,-1.));
#11101=DIRECTION('center_axis',(0.707106781186548,-0.707106781186548,0.));
#11102=DIRECTION('ref_axis',(-0.707106781186548,-0.707106781186548,0.));
#11103=DIRECTION('',(-0.707106781186547,-0.707106781186547,0.));
#11104=DIRECTION('',(-0.707106781186547,-0.707106781186547,0.));
#11105=DIRECTION('',(0.,0.,-1.));
#11106=DIRECTION('center_axis',(0.,-1.,0.));
#11107=DIRECTION('ref_axis',(-1.,0.,0.));
#11108=DIRECTION('',(-1.,0.,0.));
#11109=DIRECTION('',(-1.,0.,0.));
#11110=DIRECTION('',(0.,0.,-1.));
#11111=DIRECTION('center_axis',(-0.70710678118655,-0.707106781186546,0.));
#11112=DIRECTION('ref_axis',(-0.707106781186545,0.707106781186549,0.));
#11113=DIRECTION('',(-0.707106781186545,0.70710678118655,0.));
#11114=DIRECTION('',(-0.707106781186545,0.70710678118655,0.));
#11115=DIRECTION('',(0.,0.,-1.));
#11116=DIRECTION('center_axis',(-1.,0.,0.));
#11117=DIRECTION('ref_axis',(0.,1.,0.));
#11118=DIRECTION('',(0.,1.,0.));
#11119=DIRECTION('',(0.,1.,0.));
#11120=DIRECTION('',(0.,0.,-1.));
#11121=DIRECTION('center_axis',(-0.707106781186548,0.707106781186547,0.));
#11122=DIRECTION('ref_axis',(0.707106781186547,0.707106781186548,0.));
#11123=DIRECTION('',(0.707106781186547,0.707106781186548,0.));
#11124=DIRECTION('',(0.707106781186547,0.707106781186548,0.));
#11125=DIRECTION('',(0.,0.,-1.));
#11126=DIRECTION('center_axis',(0.,1.,0.));
#11127=DIRECTION('ref_axis',(1.,0.,0.));
#11128=DIRECTION('',(1.,0.,0.));
#11129=DIRECTION('',(1.,0.,0.));
#11130=DIRECTION('',(0.,0.,-1.));
#11131=DIRECTION('center_axis',(0.707106781186548,0.707106781186548,0.));
#11132=DIRECTION('ref_axis',(0.707106781186548,-0.707106781186548,0.));
#11133=DIRECTION('',(0.707106781186547,-0.707106781186547,0.));
#11134=DIRECTION('',(0.707106781186547,-0.707106781186547,0.));
#11135=DIRECTION('center_axis',(0.,-1.,0.));
#11136=DIRECTION('ref_axis',(-1.,0.,0.));
#11137=DIRECTION('',(1.,0.,0.));
#11138=DIRECTION('',(0.,0.,-1.));
#11139=DIRECTION('',(-1.,0.,0.));
#11140=DIRECTION('',(0.,0.,-1.));
#11141=DIRECTION('center_axis',(0.707106781186548,-0.707106781186547,0.));
#11142=DIRECTION('ref_axis',(-0.707106781186547,-0.707106781186548,0.));
#11143=DIRECTION('',(0.707106781186547,0.707106781186548,0.));
#11144=DIRECTION('',(-0.707106781186547,-0.707106781186548,0.));
#11145=DIRECTION('',(0.,0.,-1.));
#11146=DIRECTION('center_axis',(1.,0.,0.));
#11147=DIRECTION('ref_axis',(0.,-1.,0.));
#11148=DIRECTION('',(0.,1.,0.));
#11149=DIRECTION('',(0.,-1.,0.));
#11150=DIRECTION('',(0.,0.,-1.));
#11151=DIRECTION('center_axis',(0.707106781186548,0.707106781186547,0.));
#11152=DIRECTION('ref_axis',(0.707106781186547,-0.707106781186548,0.));
#11153=DIRECTION('',(-0.707106781186547,0.707106781186548,0.));
#11154=DIRECTION('',(0.707106781186547,-0.707106781186548,0.));
#11155=DIRECTION('',(0.,0.,-1.));
#11156=DIRECTION('center_axis',(0.,1.,0.));
#11157=DIRECTION('ref_axis',(1.,0.,0.));
#11158=DIRECTION('',(-1.,0.,0.));
#11159=DIRECTION('',(1.,0.,0.));
#11160=DIRECTION('',(0.,0.,-1.));
#11161=DIRECTION('center_axis',(-0.707106781186548,0.707106781186547,0.));
#11162=DIRECTION('ref_axis',(0.707106781186547,0.707106781186548,0.));
#11163=DIRECTION('',(-0.707106781186547,-0.707106781186548,0.));
#11164=DIRECTION('',(0.707106781186547,0.707106781186548,0.));
#11165=DIRECTION('',(0.,0.,-1.));
#11166=DIRECTION('center_axis',(-1.,0.,0.));
#11167=DIRECTION('ref_axis',(0.,1.,0.));
#11168=DIRECTION('',(0.,-1.,0.));
#11169=DIRECTION('',(0.,1.,0.));
#11170=DIRECTION('',(0.,0.,-1.));
#11171=DIRECTION('center_axis',(-0.707106781186548,-0.707106781186547,0.));
#11172=DIRECTION('ref_axis',(-0.707106781186547,0.707106781186548,0.));
#11173=DIRECTION('',(-0.707106781186547,0.707106781186548,0.));
#11174=DIRECTION('',(-0.707106781186547,0.707106781186548,0.));
#11175=DIRECTION('center_axis',(0.,0.,-1.));
#11176=DIRECTION('ref_axis',(-1.,0.,0.));
#11177=DIRECTION('center_axis',(0.,0.,-1.));
#11178=DIRECTION('ref_axis',(1.,0.,0.));
#11179=DIRECTION('center_axis',(1.,-6.1679056923619E-16,0.));
#11180=DIRECTION('ref_axis',(-6.1679056923619E-16,-1.,0.));
#11181=DIRECTION('',(-6.1679056923619E-16,-1.,0.));
#11182=DIRECTION('',(0.,0.,-1.));
#11183=DIRECTION('',(-6.1679056923619E-16,-1.,0.));
#11184=DIRECTION('',(0.,0.,-1.));
#11185=DIRECTION('center_axis',(0.707106781186548,-0.707106781186548,0.));
#11186=DIRECTION('ref_axis',(-0.707106781186548,-0.707106781186548,0.));
#11187=DIRECTION('',(-0.707106781186547,-0.707106781186547,0.));
#11188=DIRECTION('',(-0.707106781186547,-0.707106781186547,0.));
#11189=DIRECTION('',(0.,0.,-1.));
#11190=DIRECTION('center_axis',(0.,-1.,0.));
#11191=DIRECTION('ref_axis',(-1.,0.,0.));
#11192=DIRECTION('',(-1.,0.,0.));
#11193=DIRECTION('',(-1.,0.,0.));
#11194=DIRECTION('',(0.,0.,-1.));
#11195=DIRECTION('center_axis',(-0.70710678118655,-0.707106781186546,0.));
#11196=DIRECTION('ref_axis',(-0.707106781186545,0.707106781186549,0.));
#11197=DIRECTION('',(-0.707106781186545,0.70710678118655,0.));
#11198=DIRECTION('',(-0.707106781186545,0.70710678118655,0.));
#11199=DIRECTION('',(0.,0.,-1.));
#11200=DIRECTION('center_axis',(-1.,0.,0.));
#11201=DIRECTION('ref_axis',(0.,1.,0.));
#11202=DIRECTION('',(0.,1.,0.));
#11203=DIRECTION('',(0.,1.,0.));
#11204=DIRECTION('',(0.,0.,-1.));
#11205=DIRECTION('center_axis',(-0.707106781186548,0.707106781186547,0.));
#11206=DIRECTION('ref_axis',(0.707106781186547,0.707106781186548,0.));
#11207=DIRECTION('',(0.707106781186547,0.707106781186548,0.));
#11208=DIRECTION('',(0.707106781186547,0.707106781186548,0.));
#11209=DIRECTION('',(0.,0.,-1.));
#11210=DIRECTION('center_axis',(0.,1.,0.));
#11211=DIRECTION('ref_axis',(1.,0.,0.));
#11212=DIRECTION('',(1.,0.,0.));
#11213=DIRECTION('',(1.,0.,0.));
#11214=DIRECTION('',(0.,0.,-1.));
#11215=DIRECTION('center_axis',(0.707106781186548,0.707106781186548,0.));
#11216=DIRECTION('ref_axis',(0.707106781186548,-0.707106781186548,0.));
#11217=DIRECTION('',(0.707106781186547,-0.707106781186547,0.));
#11218=DIRECTION('',(0.707106781186547,-0.707106781186547,0.));
#11219=DIRECTION('center_axis',(0.,-1.,0.));
#11220=DIRECTION('ref_axis',(-1.,0.,0.));
#11221=DIRECTION('',(1.,0.,0.));
#11222=DIRECTION('',(0.,0.,-1.));
#11223=DIRECTION('',(-1.,0.,0.));
#11224=DIRECTION('',(0.,0.,-1.));
#11225=DIRECTION('center_axis',(0.707106781186548,-0.707106781186547,0.));
#11226=DIRECTION('ref_axis',(-0.707106781186547,-0.707106781186548,0.));
#11227=DIRECTION('',(0.707106781186547,0.707106781186548,0.));
#11228=DIRECTION('',(-0.707106781186547,-0.707106781186548,0.));
#11229=DIRECTION('',(0.,0.,-1.));
#11230=DIRECTION('center_axis',(1.,0.,0.));
#11231=DIRECTION('ref_axis',(0.,-1.,0.));
#11232=DIRECTION('',(0.,1.,0.));
#11233=DIRECTION('',(0.,-1.,0.));
#11234=DIRECTION('',(0.,0.,-1.));
#11235=DIRECTION('center_axis',(0.707106781186547,0.707106781186548,0.));
#11236=DIRECTION('ref_axis',(0.707106781186548,-0.707106781186547,0.));
#11237=DIRECTION('',(-0.707106781186548,0.707106781186547,0.));
#11238=DIRECTION('',(0.707106781186548,-0.707106781186547,0.));
#11239=DIRECTION('',(0.,0.,-1.));
#11240=DIRECTION('center_axis',(0.,1.,0.));
#11241=DIRECTION('ref_axis',(1.,0.,0.));
#11242=DIRECTION('',(-1.,0.,0.));
#11243=DIRECTION('',(1.,0.,0.));
#11244=DIRECTION('',(0.,0.,-1.));
#11245=DIRECTION('center_axis',(-0.707106781186548,0.707106781186547,0.));
#11246=DIRECTION('ref_axis',(0.707106781186547,0.707106781186548,0.));
#11247=DIRECTION('',(-0.707106781186547,-0.707106781186548,0.));
#11248=DIRECTION('',(0.707106781186547,0.707106781186548,0.));
#11249=DIRECTION('',(0.,0.,-1.));
#11250=DIRECTION('center_axis',(-1.,0.,0.));
#11251=DIRECTION('ref_axis',(0.,1.,0.));
#11252=DIRECTION('',(0.,-1.,0.));
#11253=DIRECTION('',(0.,1.,0.));
#11254=DIRECTION('',(0.,0.,-1.));
#11255=DIRECTION('center_axis',(-0.707106781186548,-0.707106781186547,0.));
#11256=DIRECTION('ref_axis',(-0.707106781186547,0.707106781186548,0.));
#11257=DIRECTION('',(-0.707106781186547,0.707106781186548,0.));
#11258=DIRECTION('',(-0.707106781186547,0.707106781186548,0.));
#11259=DIRECTION('center_axis',(0.,0.,-1.));
#11260=DIRECTION('ref_axis',(-1.,0.,0.));
#11261=DIRECTION('center_axis',(0.,0.,-1.));
#11262=DIRECTION('ref_axis',(1.,0.,0.));
#11263=DIRECTION('center_axis',(1.,-6.1679056923619E-16,0.));
#11264=DIRECTION('ref_axis',(-6.1679056923619E-16,-1.,0.));
#11265=DIRECTION('',(-6.1679056923619E-16,-1.,0.));
#11266=DIRECTION('',(0.,0.,-1.));
#11267=DIRECTION('',(-6.1679056923619E-16,-1.,0.));
#11268=DIRECTION('',(0.,0.,-1.));
#11269=DIRECTION('center_axis',(0.707106781186548,-0.707106781186548,0.));
#11270=DIRECTION('ref_axis',(-0.707106781186548,-0.707106781186548,0.));
#11271=DIRECTION('',(-0.707106781186547,-0.707106781186547,0.));
#11272=DIRECTION('',(-0.707106781186547,-0.707106781186547,0.));
#11273=DIRECTION('',(0.,0.,-1.));
#11274=DIRECTION('center_axis',(0.,-1.,0.));
#11275=DIRECTION('ref_axis',(-1.,0.,0.));
#11276=DIRECTION('',(-1.,0.,0.));
#11277=DIRECTION('',(-1.,0.,0.));
#11278=DIRECTION('',(0.,0.,-1.));
#11279=DIRECTION('center_axis',(-0.70710678118655,-0.707106781186546,0.));
#11280=DIRECTION('ref_axis',(-0.707106781186545,0.707106781186549,0.));
#11281=DIRECTION('',(-0.707106781186545,0.70710678118655,0.));
#11282=DIRECTION('',(-0.707106781186545,0.70710678118655,0.));
#11283=DIRECTION('',(0.,0.,-1.));
#11284=DIRECTION('center_axis',(-1.,0.,0.));
#11285=DIRECTION('ref_axis',(0.,1.,0.));
#11286=DIRECTION('',(0.,1.,0.));
#11287=DIRECTION('',(0.,1.,0.));
#11288=DIRECTION('',(0.,0.,-1.));
#11289=DIRECTION('center_axis',(-0.707106781186548,0.707106781186547,0.));
#11290=DIRECTION('ref_axis',(0.707106781186547,0.707106781186548,0.));
#11291=DIRECTION('',(0.707106781186547,0.707106781186548,0.));
#11292=DIRECTION('',(0.707106781186547,0.707106781186548,0.));
#11293=DIRECTION('',(0.,0.,-1.));
#11294=DIRECTION('center_axis',(0.,1.,0.));
#11295=DIRECTION('ref_axis',(1.,0.,0.));
#11296=DIRECTION('',(1.,0.,0.));
#11297=DIRECTION('',(1.,0.,0.));
#11298=DIRECTION('',(0.,0.,-1.));
#11299=DIRECTION('center_axis',(0.707106781186548,0.707106781186548,0.));
#11300=DIRECTION('ref_axis',(0.707106781186548,-0.707106781186548,0.));
#11301=DIRECTION('',(0.707106781186547,-0.707106781186547,0.));
#11302=DIRECTION('',(0.707106781186547,-0.707106781186547,0.));
#11303=DIRECTION('center_axis',(0.,-1.,0.));
#11304=DIRECTION('ref_axis',(-1.,0.,0.));
#11305=DIRECTION('',(1.,0.,0.));
#11306=DIRECTION('',(0.,0.,-1.));
#11307=DIRECTION('',(-1.,0.,0.));
#11308=DIRECTION('',(0.,0.,-1.));
#11309=DIRECTION('center_axis',(0.707106781186548,-0.707106781186547,0.));
#11310=DIRECTION('ref_axis',(-0.707106781186547,-0.707106781186548,0.));
#11311=DIRECTION('',(0.707106781186547,0.707106781186548,0.));
#11312=DIRECTION('',(-0.707106781186547,-0.707106781186548,0.));
#11313=DIRECTION('',(0.,0.,-1.));
#11314=DIRECTION('center_axis',(1.,0.,0.));
#11315=DIRECTION('ref_axis',(0.,-1.,0.));
#11316=DIRECTION('',(0.,1.,0.));
#11317=DIRECTION('',(0.,-1.,0.));
#11318=DIRECTION('',(0.,0.,-1.));
#11319=DIRECTION('center_axis',(0.707106781186548,0.707106781186548,0.));
#11320=DIRECTION('ref_axis',(0.707106781186548,-0.707106781186548,0.));
#11321=DIRECTION('',(-0.707106781186547,0.707106781186547,0.));
#11322=DIRECTION('',(0.707106781186547,-0.707106781186547,0.));
#11323=DIRECTION('',(0.,0.,-1.));
#11324=DIRECTION('center_axis',(0.,1.,0.));
#11325=DIRECTION('ref_axis',(1.,0.,0.));
#11326=DIRECTION('',(-1.,0.,0.));
#11327=DIRECTION('',(1.,0.,0.));
#11328=DIRECTION('',(0.,0.,-1.));
#11329=DIRECTION('center_axis',(-0.707106781186547,0.707106781186548,0.));
#11330=DIRECTION('ref_axis',(0.707106781186548,0.707106781186547,0.));
#11331=DIRECTION('',(-0.707106781186548,-0.707106781186547,0.));
#11332=DIRECTION('',(0.707106781186548,0.707106781186547,0.));
#11333=DIRECTION('',(0.,0.,-1.));
#11334=DIRECTION('center_axis',(-1.,0.,0.));
#11335=DIRECTION('ref_axis',(0.,1.,0.));
#11336=DIRECTION('',(0.,-1.,0.));
#11337=DIRECTION('',(0.,1.,0.));
#11338=DIRECTION('',(0.,0.,-1.));
#11339=DIRECTION('center_axis',(-0.707106781186548,-0.707106781186548,0.));
#11340=DIRECTION('ref_axis',(-0.707106781186548,0.707106781186548,0.));
#11341=DIRECTION('',(-0.707106781186547,0.707106781186547,0.));
#11342=DIRECTION('',(-0.707106781186547,0.707106781186547,0.));
#11343=DIRECTION('center_axis',(0.,0.,-1.));
#11344=DIRECTION('ref_axis',(-1.,0.,0.));
#11345=DIRECTION('center_axis',(0.,0.,-1.));
#11346=DIRECTION('ref_axis',(1.,0.,0.));
#11347=DIRECTION('center_axis',(1.,-6.1679056923619E-16,0.));
#11348=DIRECTION('ref_axis',(-6.1679056923619E-16,-1.,0.));
#11349=DIRECTION('',(-6.1679056923619E-16,-1.,0.));
#11350=DIRECTION('',(0.,0.,-1.));
#11351=DIRECTION('',(-6.1679056923619E-16,-1.,0.));
#11352=DIRECTION('',(0.,0.,-1.));
#11353=DIRECTION('center_axis',(0.70710678118654,-0.707106781186555,0.));
#11354=DIRECTION('ref_axis',(-0.707106781186555,-0.70710678118654,0.));
#11355=DIRECTION('',(-0.707106781186555,-0.70710678118654,0.));
#11356=DIRECTION('',(-0.707106781186555,-0.70710678118654,0.));
#11357=DIRECTION('',(0.,0.,-1.));
#11358=DIRECTION('center_axis',(0.,-1.,0.));
#11359=DIRECTION('ref_axis',(-1.,0.,0.));
#11360=DIRECTION('',(-1.,0.,0.));
#11361=DIRECTION('',(-1.,0.,0.));
#11362=DIRECTION('',(0.,0.,-1.));
#11363=DIRECTION('center_axis',(-0.707106781186542,-0.707106781186553,0.));
#11364=DIRECTION('ref_axis',(-0.707106781186553,0.707106781186542,0.));
#11365=DIRECTION('',(-0.707106781186553,0.707106781186542,0.));
#11366=DIRECTION('',(-0.707106781186553,0.707106781186542,0.));
#11367=DIRECTION('',(0.,0.,-1.));
#11368=DIRECTION('center_axis',(-1.,0.,0.));
#11369=DIRECTION('ref_axis',(0.,1.,0.));
#11370=DIRECTION('',(0.,1.,0.));
#11371=DIRECTION('',(0.,1.,0.));
#11372=DIRECTION('',(0.,0.,-1.));
#11373=DIRECTION('center_axis',(-0.707106781186548,0.707106781186547,0.));
#11374=DIRECTION('ref_axis',(0.707106781186547,0.707106781186548,0.));
#11375=DIRECTION('',(0.707106781186547,0.707106781186548,0.));
#11376=DIRECTION('',(0.707106781186547,0.707106781186548,0.));
#11377=DIRECTION('',(0.,0.,-1.));
#11378=DIRECTION('center_axis',(0.,1.,0.));
#11379=DIRECTION('ref_axis',(1.,0.,0.));
#11380=DIRECTION('',(1.,0.,0.));
#11381=DIRECTION('',(1.,0.,0.));
#11382=DIRECTION('',(0.,0.,-1.));
#11383=DIRECTION('center_axis',(0.707106781186548,0.707106781186548,0.));
#11384=DIRECTION('ref_axis',(0.707106781186548,-0.707106781186548,0.));
#11385=DIRECTION('',(0.707106781186547,-0.707106781186547,0.));
#11386=DIRECTION('',(0.707106781186547,-0.707106781186547,0.));
#11387=DIRECTION('center_axis',(0.,-1.,0.));
#11388=DIRECTION('ref_axis',(-1.,0.,0.));
#11389=DIRECTION('',(1.,0.,0.));
#11390=DIRECTION('',(0.,0.,-1.));
#11391=DIRECTION('',(-1.,0.,0.));
#11392=DIRECTION('',(0.,0.,-1.));
#11393=DIRECTION('center_axis',(0.707106781186548,-0.707106781186547,0.));
#11394=DIRECTION('ref_axis',(-0.707106781186547,-0.707106781186548,0.));
#11395=DIRECTION('',(0.707106781186547,0.707106781186548,0.));
#11396=DIRECTION('',(-0.707106781186547,-0.707106781186548,0.));
#11397=DIRECTION('',(0.,0.,-1.));
#11398=DIRECTION('center_axis',(1.,0.,0.));
#11399=DIRECTION('ref_axis',(0.,-1.,0.));
#11400=DIRECTION('',(0.,1.,0.));
#11401=DIRECTION('',(0.,-1.,0.));
#11402=DIRECTION('',(0.,0.,-1.));
#11403=DIRECTION('center_axis',(0.707106781186546,0.707106781186549,0.));
#11404=DIRECTION('ref_axis',(0.707106781186549,-0.707106781186546,0.));
#11405=DIRECTION('',(-0.707106781186549,0.707106781186546,0.));
#11406=DIRECTION('',(0.707106781186549,-0.707106781186546,0.));
#11407=DIRECTION('',(0.,0.,-1.));
#11408=DIRECTION('center_axis',(0.,1.,0.));
#11409=DIRECTION('ref_axis',(1.,0.,0.));
#11410=DIRECTION('',(-1.,0.,0.));
#11411=DIRECTION('',(1.,0.,0.));
#11412=DIRECTION('',(0.,0.,-1.));
#11413=DIRECTION('center_axis',(-0.707106781186546,0.707106781186549,0.));
#11414=DIRECTION('ref_axis',(0.707106781186549,0.707106781186546,0.));
#11415=DIRECTION('',(-0.707106781186549,-0.707106781186546,0.));
#11416=DIRECTION('',(0.707106781186549,0.707106781186546,0.));
#11417=DIRECTION('',(0.,0.,-1.));
#11418=DIRECTION('center_axis',(-1.,0.,0.));
#11419=DIRECTION('ref_axis',(0.,1.,0.));
#11420=DIRECTION('',(0.,-1.,0.));
#11421=DIRECTION('',(0.,1.,0.));
#11422=DIRECTION('',(0.,0.,-1.));
#11423=DIRECTION('center_axis',(-0.707106781186548,-0.707106781186547,0.));
#11424=DIRECTION('ref_axis',(-0.707106781186547,0.707106781186548,0.));
#11425=DIRECTION('',(-0.707106781186547,0.707106781186548,0.));
#11426=DIRECTION('',(-0.707106781186547,0.707106781186548,0.));
#11427=DIRECTION('center_axis',(0.,0.,-1.));
#11428=DIRECTION('ref_axis',(-1.,0.,0.));
#11429=DIRECTION('center_axis',(0.,0.,-1.));
#11430=DIRECTION('ref_axis',(1.,0.,0.));
#11431=DIRECTION('center_axis',(0.707106781186548,0.707106781186548,0.));
#11432=DIRECTION('ref_axis',(0.707106781186548,-0.707106781186548,0.));
#11433=DIRECTION('',(0.707106781186547,-0.707106781186547,0.));
#11434=DIRECTION('',(0.,0.,-1.));
#11435=DIRECTION('',(0.707106781186547,-0.707106781186547,0.));
#11436=DIRECTION('',(0.,0.,-1.));
#11437=DIRECTION('center_axis',(1.,0.,0.));
#11438=DIRECTION('ref_axis',(0.,-1.,0.));
#11439=DIRECTION('',(0.,-1.,0.));
#11440=DIRECTION('',(0.,-1.,0.));
#11441=DIRECTION('',(0.,0.,-1.));
#11442=DIRECTION('center_axis',(0.707106781186548,-0.707106781186548,0.));
#11443=DIRECTION('ref_axis',(-0.707106781186548,-0.707106781186548,0.));
#11444=DIRECTION('',(-0.707106781186547,-0.707106781186547,0.));
#11445=DIRECTION('',(-0.707106781186547,-0.707106781186547,0.));
#11446=DIRECTION('',(0.,0.,-1.));
#11447=DIRECTION('center_axis',(0.,-1.,0.));
#11448=DIRECTION('ref_axis',(-1.,0.,0.));
#11449=DIRECTION('',(-1.,0.,0.));
#11450=DIRECTION('',(-1.,0.,0.));
#11451=DIRECTION('',(0.,0.,-1.));
#11452=DIRECTION('center_axis',(-0.707106781186548,-0.707106781186548,0.));
#11453=DIRECTION('ref_axis',(-0.707106781186548,0.707106781186548,0.));
#11454=DIRECTION('',(-0.707106781186547,0.707106781186547,0.));
#11455=DIRECTION('',(-0.707106781186547,0.707106781186547,0.));
#11456=DIRECTION('',(0.,0.,-1.));
#11457=DIRECTION('center_axis',(-1.,0.,0.));
#11458=DIRECTION('ref_axis',(0.,1.,0.));
#11459=DIRECTION('',(0.,1.,0.));
#11460=DIRECTION('',(0.,1.,0.));
#11461=DIRECTION('',(0.,0.,-1.));
#11462=DIRECTION('center_axis',(-0.707106781186548,0.707106781186548,0.));
#11463=DIRECTION('ref_axis',(0.707106781186548,0.707106781186548,0.));
#11464=DIRECTION('',(0.707106781186547,0.707106781186547,0.));
#11465=DIRECTION('',(0.707106781186547,0.707106781186547,0.));
#11466=DIRECTION('',(0.,0.,-1.));
#11467=DIRECTION('center_axis',(0.,1.,0.));
#11468=DIRECTION('ref_axis',(1.,0.,0.));
#11469=DIRECTION('',(1.,0.,0.));
#11470=DIRECTION('',(1.,0.,0.));
#11471=DIRECTION('center_axis',(0.707106781186544,-0.707106781186551,0.));
#11472=DIRECTION('ref_axis',(-0.707106781186551,-0.707106781186544,0.));
#11473=DIRECTION('',(0.707106781186551,0.707106781186544,0.));
#11474=DIRECTION('',(0.,0.,-1.));
#11475=DIRECTION('',(-0.707106781186551,-0.707106781186544,0.));
#11476=DIRECTION('',(0.,0.,-1.));
#11477=DIRECTION('center_axis',(1.,0.,0.));
#11478=DIRECTION('ref_axis',(0.,-1.,0.));
#11479=DIRECTION('',(0.,-1.,0.));
#11480=DIRECTION('',(0.,-1.,0.));
#11481=DIRECTION('',(0.,0.,-1.));
#11482=DIRECTION('center_axis',(0.707106781186546,0.707106781186549,0.));
#11483=DIRECTION('ref_axis',(0.707106781186549,-0.707106781186546,0.));
#11484=DIRECTION('',(0.707106781186549,-0.707106781186546,0.));
#11485=DIRECTION('',(0.707106781186549,-0.707106781186546,0.));
#11486=DIRECTION('',(0.,0.,-1.));
#11487=DIRECTION('center_axis',(0.,1.,0.));
#11488=DIRECTION('ref_axis',(1.,0.,0.));
#11489=DIRECTION('',(1.,0.,0.));
#11490=DIRECTION('',(1.,0.,0.));
#11491=DIRECTION('',(0.,0.,-1.));
#11492=DIRECTION('center_axis',(-0.707106781186548,0.707106781186548,0.));
#11493=DIRECTION('ref_axis',(0.707106781186548,0.707106781186548,0.));
#11494=DIRECTION('',(0.707106781186547,0.707106781186547,0.));
#11495=DIRECTION('',(0.707106781186547,0.707106781186547,0.));
#11496=DIRECTION('',(0.,0.,-1.));
#11497=DIRECTION('center_axis',(-1.,0.,0.));
#11498=DIRECTION('ref_axis',(0.,1.,0.));
#11499=DIRECTION('',(0.,1.,0.));
#11500=DIRECTION('',(0.,1.,0.));
#11501=DIRECTION('',(0.,0.,-1.));
#11502=DIRECTION('center_axis',(-0.707106781186546,-0.707106781186549,0.));
#11503=DIRECTION('ref_axis',(-0.707106781186549,0.707106781186546,0.));
#11504=DIRECTION('',(-0.707106781186549,0.707106781186546,0.));
#11505=DIRECTION('',(-0.707106781186549,0.707106781186546,0.));
#11506=DIRECTION('',(0.,0.,-1.));
#11507=DIRECTION('center_axis',(0.,-1.,0.));
#11508=DIRECTION('ref_axis',(-1.,0.,0.));
#11509=DIRECTION('',(-1.,0.,0.));
#11510=DIRECTION('',(-1.,0.,0.));
#11511=DIRECTION('center_axis',(0.,0.,-1.));
#11512=DIRECTION('ref_axis',(-1.,0.,0.));
#11513=DIRECTION('center_axis',(0.,0.,-1.));
#11514=DIRECTION('ref_axis',(1.,0.,0.));
#11515=DIRECTION('center_axis',(0.707106781186548,0.707106781186548,0.));
#11516=DIRECTION('ref_axis',(0.707106781186548,-0.707106781186548,0.));
#11517=DIRECTION('',(0.707106781186547,-0.707106781186547,0.));
#11518=DIRECTION('',(0.,0.,-1.));
#11519=DIRECTION('',(0.707106781186547,-0.707106781186547,0.));
#11520=DIRECTION('',(0.,0.,-1.));
#11521=DIRECTION('center_axis',(1.,0.,0.));
#11522=DIRECTION('ref_axis',(0.,-1.,0.));
#11523=DIRECTION('',(0.,-1.,0.));
#11524=DIRECTION('',(0.,-1.,0.));
#11525=DIRECTION('',(0.,0.,-1.));
#11526=DIRECTION('center_axis',(0.707106781186548,-0.707106781186548,0.));
#11527=DIRECTION('ref_axis',(-0.707106781186548,-0.707106781186548,0.));
#11528=DIRECTION('',(-0.707106781186547,-0.707106781186547,0.));
#11529=DIRECTION('',(-0.707106781186547,-0.707106781186547,0.));
#11530=DIRECTION('',(0.,0.,-1.));
#11531=DIRECTION('center_axis',(0.,-1.,0.));
#11532=DIRECTION('ref_axis',(-1.,0.,0.));
#11533=DIRECTION('',(-1.,0.,0.));
#11534=DIRECTION('',(-1.,0.,0.));
#11535=DIRECTION('',(0.,0.,-1.));
#11536=DIRECTION('center_axis',(-0.707106781186548,-0.707106781186548,0.));
#11537=DIRECTION('ref_axis',(-0.707106781186548,0.707106781186548,0.));
#11538=DIRECTION('',(-0.707106781186547,0.707106781186547,0.));
#11539=DIRECTION('',(-0.707106781186547,0.707106781186547,0.));
#11540=DIRECTION('',(0.,0.,-1.));
#11541=DIRECTION('center_axis',(-1.,0.,0.));
#11542=DIRECTION('ref_axis',(0.,1.,0.));
#11543=DIRECTION('',(0.,1.,0.));
#11544=DIRECTION('',(0.,1.,0.));
#11545=DIRECTION('',(0.,0.,-1.));
#11546=DIRECTION('center_axis',(-0.707106781186548,0.707106781186548,0.));
#11547=DIRECTION('ref_axis',(0.707106781186548,0.707106781186548,0.));
#11548=DIRECTION('',(0.707106781186547,0.707106781186547,0.));
#11549=DIRECTION('',(0.707106781186547,0.707106781186547,0.));
#11550=DIRECTION('',(0.,0.,-1.));
#11551=DIRECTION('center_axis',(0.,1.,0.));
#11552=DIRECTION('ref_axis',(1.,0.,0.));
#11553=DIRECTION('',(1.,0.,0.));
#11554=DIRECTION('',(1.,0.,0.));
#11555=DIRECTION('center_axis',(0.707106781186546,-0.707106781186549,0.));
#11556=DIRECTION('ref_axis',(-0.707106781186549,-0.707106781186546,0.));
#11557=DIRECTION('',(0.707106781186549,0.707106781186546,0.));
#11558=DIRECTION('',(0.,0.,-1.));
#11559=DIRECTION('',(-0.707106781186549,-0.707106781186546,0.));
#11560=DIRECTION('',(0.,0.,-1.));
#11561=DIRECTION('center_axis',(1.,0.,0.));
#11562=DIRECTION('ref_axis',(0.,-1.,0.));
#11563=DIRECTION('',(0.,-1.,0.));
#11564=DIRECTION('',(0.,-1.,0.));
#11565=DIRECTION('',(0.,0.,-1.));
#11566=DIRECTION('center_axis',(0.707106781186546,0.707106781186549,0.));
#11567=DIRECTION('ref_axis',(0.707106781186549,-0.707106781186546,0.));
#11568=DIRECTION('',(0.707106781186549,-0.707106781186546,0.));
#11569=DIRECTION('',(0.707106781186549,-0.707106781186546,0.));
#11570=DIRECTION('',(0.,0.,-1.));
#11571=DIRECTION('center_axis',(0.,1.,0.));
#11572=DIRECTION('ref_axis',(1.,0.,0.));
#11573=DIRECTION('',(1.,0.,0.));
#11574=DIRECTION('',(1.,0.,0.));
#11575=DIRECTION('',(0.,0.,-1.));
#11576=DIRECTION('center_axis',(-0.707106781186547,0.707106781186548,0.));
#11577=DIRECTION('ref_axis',(0.707106781186548,0.707106781186547,0.));
#11578=DIRECTION('',(0.707106781186548,0.707106781186547,0.));
#11579=DIRECTION('',(0.707106781186548,0.707106781186547,0.));
#11580=DIRECTION('',(0.,0.,-1.));
#11581=DIRECTION('center_axis',(-1.,0.,0.));
#11582=DIRECTION('ref_axis',(0.,1.,0.));
#11583=DIRECTION('',(0.,1.,0.));
#11584=DIRECTION('',(0.,1.,0.));
#11585=DIRECTION('',(0.,0.,-1.));
#11586=DIRECTION('center_axis',(-0.707106781186547,-0.707106781186548,0.));
#11587=DIRECTION('ref_axis',(-0.707106781186548,0.707106781186547,0.));
#11588=DIRECTION('',(-0.707106781186548,0.707106781186547,0.));
#11589=DIRECTION('',(-0.707106781186548,0.707106781186547,0.));
#11590=DIRECTION('',(0.,0.,-1.));
#11591=DIRECTION('center_axis',(0.,-1.,0.));
#11592=DIRECTION('ref_axis',(-1.,0.,0.));
#11593=DIRECTION('',(-1.,0.,0.));
#11594=DIRECTION('',(-1.,0.,0.));
#11595=DIRECTION('center_axis',(0.,0.,-1.));
#11596=DIRECTION('ref_axis',(-1.,0.,0.));
#11597=DIRECTION('center_axis',(0.,0.,-1.));
#11598=DIRECTION('ref_axis',(1.,0.,0.));
#11599=DIRECTION('center_axis',(0.,0.,1.));
#11600=DIRECTION('ref_axis',(1.,0.,0.));
#11601=DIRECTION('',(1.,0.,0.));
#11602=DIRECTION('',(0.707106781186547,0.707106781186547,0.));
#11603=DIRECTION('',(0.,1.,0.));
#11604=DIRECTION('',(-0.707106781186547,0.707106781186547,0.));
#11605=DIRECTION('',(-1.,0.,0.));
#11606=DIRECTION('',(-0.707106781186547,-0.707106781186547,0.));
#11607=DIRECTION('',(0.,-1.,0.));
#11608=DIRECTION('',(0.707106781186547,-0.707106781186547,0.));
#11609=DIRECTION('center_axis',(0.707106781186548,-0.707106781186548,0.));
#11610=DIRECTION('ref_axis',(-0.707106781186548,-0.707106781186548,0.));
#11611=DIRECTION('',(0.,0.,1.));
#11612=DIRECTION('',(-0.707106781186547,-0.707106781186547,0.));
#11613=DIRECTION('',(0.,0.,-1.));
#11614=DIRECTION('center_axis',(1.,0.,0.));
#11615=DIRECTION('ref_axis',(0.,-1.,0.));
#11616=DIRECTION('',(0.,-1.,0.));
#11617=DIRECTION('',(0.,0.,-1.));
#11618=DIRECTION('center_axis',(0.707106781186548,0.707106781186548,0.));
#11619=DIRECTION('ref_axis',(0.707106781186548,-0.707106781186548,0.));
#11620=DIRECTION('',(0.707106781186547,-0.707106781186547,0.));
#11621=DIRECTION('',(0.,0.,-1.));
#11622=DIRECTION('center_axis',(0.,1.,0.));
#11623=DIRECTION('ref_axis',(1.,0.,0.));
#11624=DIRECTION('',(1.,0.,0.));
#11625=DIRECTION('',(0.,0.,-1.));
#11626=DIRECTION('center_axis',(-0.707106781186548,0.707106781186548,0.));
#11627=DIRECTION('ref_axis',(0.707106781186548,0.707106781186548,0.));
#11628=DIRECTION('',(0.707106781186547,0.707106781186547,0.));
#11629=DIRECTION('',(0.,0.,-1.));
#11630=DIRECTION('center_axis',(-1.,0.,0.));
#11631=DIRECTION('ref_axis',(0.,1.,0.));
#11632=DIRECTION('',(0.,1.,0.));
#11633=DIRECTION('',(0.,0.,-1.));
#11634=DIRECTION('center_axis',(-0.707106781186548,-0.707106781186548,0.));
#11635=DIRECTION('ref_axis',(-0.707106781186548,0.707106781186548,0.));
#11636=DIRECTION('',(-0.707106781186547,0.707106781186547,0.));
#11637=DIRECTION('',(0.,0.,-1.));
#11638=DIRECTION('center_axis',(0.,-1.,0.));
#11639=DIRECTION('ref_axis',(-1.,0.,0.));
#11640=DIRECTION('',(-1.,0.,0.));
#11641=DIRECTION('center_axis',(0.,0.,-1.));
#11642=DIRECTION('ref_axis',(-1.,0.,0.));
#11643=DIRECTION('center_axis',(0.,0.,1.));
#11644=DIRECTION('ref_axis',(1.,0.,0.));
#11645=DIRECTION('',(1.,0.,0.));
#11646=DIRECTION('',(0.707106781186547,0.707106781186547,0.));
#11647=DIRECTION('',(0.,1.,0.));
#11648=DIRECTION('',(-0.707106781186547,0.707106781186547,0.));
#11649=DIRECTION('',(-1.,0.,0.));
#11650=DIRECTION('',(-0.707106781186547,-0.707106781186547,0.));
#11651=DIRECTION('',(0.,-1.,0.));
#11652=DIRECTION('',(0.707106781186547,-0.707106781186547,0.));
#11653=DIRECTION('center_axis',(0.707106781186548,-0.707106781186548,0.));
#11654=DIRECTION('ref_axis',(-0.707106781186548,-0.707106781186548,0.));
#11655=DIRECTION('',(0.,0.,1.));
#11656=DIRECTION('',(-0.707106781186547,-0.707106781186547,0.));
#11657=DIRECTION('',(0.,0.,-1.));
#11658=DIRECTION('center_axis',(1.,0.,0.));
#11659=DIRECTION('ref_axis',(0.,-1.,0.));
#11660=DIRECTION('',(0.,-1.,0.));
#11661=DIRECTION('',(0.,0.,-1.));
#11662=DIRECTION('center_axis',(0.707106781186548,0.707106781186548,0.));
#11663=DIRECTION('ref_axis',(0.707106781186548,-0.707106781186548,0.));
#11664=DIRECTION('',(0.707106781186547,-0.707106781186547,0.));
#11665=DIRECTION('',(0.,0.,-1.));
#11666=DIRECTION('center_axis',(0.,1.,0.));
#11667=DIRECTION('ref_axis',(1.,0.,0.));
#11668=DIRECTION('',(1.,0.,0.));
#11669=DIRECTION('',(0.,0.,-1.));
#11670=DIRECTION('center_axis',(-0.707106781186548,0.707106781186548,0.));
#11671=DIRECTION('ref_axis',(0.707106781186548,0.707106781186548,0.));
#11672=DIRECTION('',(0.707106781186547,0.707106781186547,0.));
#11673=DIRECTION('',(0.,0.,-1.));
#11674=DIRECTION('center_axis',(-1.,0.,0.));
#11675=DIRECTION('ref_axis',(0.,1.,0.));
#11676=DIRECTION('',(0.,1.,0.));
#11677=DIRECTION('',(0.,0.,-1.));
#11678=DIRECTION('center_axis',(-0.707106781186548,-0.707106781186548,0.));
#11679=DIRECTION('ref_axis',(-0.707106781186548,0.707106781186548,0.));
#11680=DIRECTION('',(-0.707106781186547,0.707106781186547,0.));
#11681=DIRECTION('',(0.,0.,-1.));
#11682=DIRECTION('center_axis',(0.,-1.,0.));
#11683=DIRECTION('ref_axis',(-1.,0.,0.));
#11684=DIRECTION('',(-1.,0.,0.));
#11685=DIRECTION('center_axis',(0.,0.,-1.));
#11686=DIRECTION('ref_axis',(-1.,0.,0.));
#11687=DIRECTION('center_axis',(0.,0.,1.));
#11688=DIRECTION('ref_axis',(1.,0.,0.));
#11689=DIRECTION('',(0.707106781186547,-0.707106781186547,0.));
#11690=DIRECTION('',(1.,0.,0.));
#11691=DIRECTION('',(0.707106781186547,0.707106781186548,0.));
#11692=DIRECTION('',(0.,1.,0.));
#11693=DIRECTION('',(-0.707106781186545,0.70710678118655,0.));
#11694=DIRECTION('',(-1.,0.,0.));
#11695=DIRECTION('',(-0.707106781186547,-0.707106781186547,0.));
#11696=DIRECTION('',(-6.1679056923619E-16,-1.,0.));
#11697=DIRECTION('center_axis',(0.,-1.,0.));
#11698=DIRECTION('ref_axis',(-1.,0.,0.));
#11699=DIRECTION('',(0.,0.,1.));
#11700=DIRECTION('',(-1.,0.,0.));
#11701=DIRECTION('',(0.,0.,-1.));
#11702=DIRECTION('center_axis',(0.707106781186548,-0.707106781186547,0.));
#11703=DIRECTION('ref_axis',(-0.707106781186547,-0.707106781186548,0.));
#11704=DIRECTION('',(-0.707106781186547,-0.707106781186548,0.));
#11705=DIRECTION('',(0.,0.,-1.));
#11706=DIRECTION('center_axis',(1.,0.,0.));
#11707=DIRECTION('ref_axis',(0.,-1.,0.));
#11708=DIRECTION('',(0.,-1.,0.));
#11709=DIRECTION('',(0.,0.,-1.));
#11710=DIRECTION('center_axis',(0.70710678118655,0.707106781186546,0.));
#11711=DIRECTION('ref_axis',(0.707106781186545,-0.707106781186549,0.));
#11712=DIRECTION('',(0.707106781186545,-0.70710678118655,0.));
#11713=DIRECTION('',(0.,0.,-1.));
#11714=DIRECTION('center_axis',(0.,1.,0.));
#11715=DIRECTION('ref_axis',(1.,0.,0.));
#11716=DIRECTION('',(1.,0.,0.));
#11717=DIRECTION('',(0.,0.,-1.));
#11718=DIRECTION('center_axis',(-0.707106781186548,0.707106781186548,0.));
#11719=DIRECTION('ref_axis',(0.707106781186548,0.707106781186548,0.));
#11720=DIRECTION('',(0.707106781186547,0.707106781186547,0.));
#11721=DIRECTION('',(0.,0.,-1.));
#11722=DIRECTION('center_axis',(-1.,6.1679056923619E-16,0.));
#11723=DIRECTION('ref_axis',(6.1679056923619E-16,1.,0.));
#11724=DIRECTION('',(6.1679056923619E-16,1.,0.));
#11725=DIRECTION('',(0.,0.,-1.));
#11726=DIRECTION('center_axis',(-0.707106781186548,-0.707106781186548,0.));
#11727=DIRECTION('ref_axis',(-0.707106781186548,0.707106781186548,0.));
#11728=DIRECTION('',(-0.707106781186547,0.707106781186547,0.));
#11729=DIRECTION('center_axis',(0.,0.,-1.));
#11730=DIRECTION('ref_axis',(-1.,0.,0.));
#11731=DIRECTION('center_axis',(0.,0.,1.));
#11732=DIRECTION('ref_axis',(1.,0.,0.));
#11733=DIRECTION('',(0.707106781186547,-0.707106781186547,0.));
#11734=DIRECTION('',(1.,0.,0.));
#11735=DIRECTION('',(0.707106781186547,0.707106781186548,0.));
#11736=DIRECTION('',(0.,1.,0.));
#11737=DIRECTION('',(-0.707106781186545,0.70710678118655,0.));
#11738=DIRECTION('',(-1.,0.,0.));
#11739=DIRECTION('',(-0.707106781186547,-0.707106781186547,0.));
#11740=DIRECTION('',(-6.16790569236189E-16,-1.,0.));
#11741=DIRECTION('center_axis',(0.,-1.,0.));
#11742=DIRECTION('ref_axis',(-1.,0.,0.));
#11743=DIRECTION('',(0.,0.,1.));
#11744=DIRECTION('',(-1.,0.,0.));
#11745=DIRECTION('',(0.,0.,-1.));
#11746=DIRECTION('center_axis',(0.707106781186548,-0.707106781186547,0.));
#11747=DIRECTION('ref_axis',(-0.707106781186547,-0.707106781186548,0.));
#11748=DIRECTION('',(-0.707106781186547,-0.707106781186548,0.));
#11749=DIRECTION('',(0.,0.,-1.));
#11750=DIRECTION('center_axis',(1.,0.,0.));
#11751=DIRECTION('ref_axis',(0.,-1.,0.));
#11752=DIRECTION('',(0.,-1.,0.));
#11753=DIRECTION('',(0.,0.,-1.));
#11754=DIRECTION('center_axis',(0.70710678118655,0.707106781186546,0.));
#11755=DIRECTION('ref_axis',(0.707106781186545,-0.707106781186549,0.));
#11756=DIRECTION('',(0.707106781186545,-0.70710678118655,0.));
#11757=DIRECTION('',(0.,0.,-1.));
#11758=DIRECTION('center_axis',(0.,1.,0.));
#11759=DIRECTION('ref_axis',(1.,0.,0.));
#11760=DIRECTION('',(1.,0.,0.));
#11761=DIRECTION('',(0.,0.,-1.));
#11762=DIRECTION('center_axis',(-0.707106781186548,0.707106781186548,0.));
#11763=DIRECTION('ref_axis',(0.707106781186548,0.707106781186548,0.));
#11764=DIRECTION('',(0.707106781186547,0.707106781186547,0.));
#11765=DIRECTION('',(0.,0.,-1.));
#11766=DIRECTION('center_axis',(-1.,6.16790569236189E-16,0.));
#11767=DIRECTION('ref_axis',(6.16790569236189E-16,1.,0.));
#11768=DIRECTION('',(6.16790569236189E-16,1.,0.));
#11769=DIRECTION('',(0.,0.,-1.));
#11770=DIRECTION('center_axis',(-0.707106781186548,-0.707106781186548,0.));
#11771=DIRECTION('ref_axis',(-0.707106781186548,0.707106781186548,0.));
#11772=DIRECTION('',(-0.707106781186547,0.707106781186547,0.));
#11773=DIRECTION('center_axis',(0.,0.,-1.));
#11774=DIRECTION('ref_axis',(-1.,0.,0.));
#11775=DIRECTION('center_axis',(0.,0.,1.));
#11776=DIRECTION('ref_axis',(1.,0.,0.));
#11777=DIRECTION('',(0.707106781186547,-0.707106781186547,0.));
#11778=DIRECTION('',(1.,0.,0.));
#11779=DIRECTION('',(0.707106781186547,0.707106781186548,0.));
#11780=DIRECTION('',(0.,1.,0.));
#11781=DIRECTION('',(-0.707106781186545,0.70710678118655,0.));
#11782=DIRECTION('',(-1.,0.,0.));
#11783=DIRECTION('',(-0.707106781186547,-0.707106781186547,0.));
#11784=DIRECTION('',(-6.1679056923619E-16,-1.,0.));
#11785=DIRECTION('center_axis',(0.,-1.,0.));
#11786=DIRECTION('ref_axis',(-1.,0.,0.));
#11787=DIRECTION('',(0.,0.,1.));
#11788=DIRECTION('',(-1.,0.,0.));
#11789=DIRECTION('',(0.,0.,-1.));
#11790=DIRECTION('center_axis',(0.707106781186548,-0.707106781186547,0.));
#11791=DIRECTION('ref_axis',(-0.707106781186547,-0.707106781186548,0.));
#11792=DIRECTION('',(-0.707106781186547,-0.707106781186548,0.));
#11793=DIRECTION('',(0.,0.,-1.));
#11794=DIRECTION('center_axis',(1.,0.,0.));
#11795=DIRECTION('ref_axis',(0.,-1.,0.));
#11796=DIRECTION('',(0.,-1.,0.));
#11797=DIRECTION('',(0.,0.,-1.));
#11798=DIRECTION('center_axis',(0.70710678118655,0.707106781186546,0.));
#11799=DIRECTION('ref_axis',(0.707106781186545,-0.707106781186549,0.));
#11800=DIRECTION('',(0.707106781186545,-0.70710678118655,0.));
#11801=DIRECTION('',(0.,0.,-1.));
#11802=DIRECTION('center_axis',(0.,1.,0.));
#11803=DIRECTION('ref_axis',(1.,0.,0.));
#11804=DIRECTION('',(1.,0.,0.));
#11805=DIRECTION('',(0.,0.,-1.));
#11806=DIRECTION('center_axis',(-0.707106781186548,0.707106781186548,0.));
#11807=DIRECTION('ref_axis',(0.707106781186548,0.707106781186548,0.));
#11808=DIRECTION('',(0.707106781186547,0.707106781186547,0.));
#11809=DIRECTION('',(0.,0.,-1.));
#11810=DIRECTION('center_axis',(-1.,6.1679056923619E-16,0.));
#11811=DIRECTION('ref_axis',(6.1679056923619E-16,1.,0.));
#11812=DIRECTION('',(6.1679056923619E-16,1.,0.));
#11813=DIRECTION('',(0.,0.,-1.));
#11814=DIRECTION('center_axis',(-0.707106781186548,-0.707106781186548,0.));
#11815=DIRECTION('ref_axis',(-0.707106781186548,0.707106781186548,0.));
#11816=DIRECTION('',(-0.707106781186547,0.707106781186547,0.));
#11817=DIRECTION('center_axis',(0.,0.,-1.));
#11818=DIRECTION('ref_axis',(-1.,0.,0.));
#11819=DIRECTION('center_axis',(0.,0.,1.));
#11820=DIRECTION('ref_axis',(1.,0.,0.));
#11821=DIRECTION('',(0.707106781186547,-0.707106781186547,0.));
#11822=DIRECTION('',(1.,0.,0.));
#11823=DIRECTION('',(0.707106781186547,0.707106781186548,0.));
#11824=DIRECTION('',(0.,1.,0.));
#11825=DIRECTION('',(-0.707106781186545,0.70710678118655,0.));
#11826=DIRECTION('',(-1.,0.,0.));
#11827=DIRECTION('',(-0.707106781186547,-0.707106781186547,0.));
#11828=DIRECTION('',(-6.1679056923619E-16,-1.,0.));
#11829=DIRECTION('center_axis',(0.,-1.,0.));
#11830=DIRECTION('ref_axis',(-1.,0.,0.));
#11831=DIRECTION('',(0.,0.,1.));
#11832=DIRECTION('',(-1.,0.,0.));
#11833=DIRECTION('',(0.,0.,-1.));
#11834=DIRECTION('center_axis',(0.707106781186548,-0.707106781186547,0.));
#11835=DIRECTION('ref_axis',(-0.707106781186547,-0.707106781186548,0.));
#11836=DIRECTION('',(-0.707106781186547,-0.707106781186548,0.));
#11837=DIRECTION('',(0.,0.,-1.));
#11838=DIRECTION('center_axis',(1.,0.,0.));
#11839=DIRECTION('ref_axis',(0.,-1.,0.));
#11840=DIRECTION('',(0.,-1.,0.));
#11841=DIRECTION('',(0.,0.,-1.));
#11842=DIRECTION('center_axis',(0.70710678118655,0.707106781186546,0.));
#11843=DIRECTION('ref_axis',(0.707106781186545,-0.707106781186549,0.));
#11844=DIRECTION('',(0.707106781186545,-0.70710678118655,0.));
#11845=DIRECTION('',(0.,0.,-1.));
#11846=DIRECTION('center_axis',(0.,1.,0.));
#11847=DIRECTION('ref_axis',(1.,0.,0.));
#11848=DIRECTION('',(1.,0.,0.));
#11849=DIRECTION('',(0.,0.,-1.));
#11850=DIRECTION('center_axis',(-0.707106781186548,0.707106781186548,0.));
#11851=DIRECTION('ref_axis',(0.707106781186548,0.707106781186548,0.));
#11852=DIRECTION('',(0.707106781186547,0.707106781186547,0.));
#11853=DIRECTION('',(0.,0.,-1.));
#11854=DIRECTION('center_axis',(-1.,6.1679056923619E-16,0.));
#11855=DIRECTION('ref_axis',(6.1679056923619E-16,1.,0.));
#11856=DIRECTION('',(6.1679056923619E-16,1.,0.));
#11857=DIRECTION('',(0.,0.,-1.));
#11858=DIRECTION('center_axis',(-0.707106781186548,-0.707106781186548,0.));
#11859=DIRECTION('ref_axis',(-0.707106781186548,0.707106781186548,0.));
#11860=DIRECTION('',(-0.707106781186547,0.707106781186547,0.));
#11861=DIRECTION('center_axis',(0.,0.,-1.));
#11862=DIRECTION('ref_axis',(-1.,0.,0.));
#11863=DIRECTION('center_axis',(0.,0.,1.));
#11864=DIRECTION('ref_axis',(1.,0.,0.));
#11865=DIRECTION('',(1.,0.,0.));
#11866=DIRECTION('',(0.707106781186547,0.707106781186547,0.));
#11867=DIRECTION('',(0.,1.,0.));
#11868=DIRECTION('',(-0.707106781186547,0.707106781186547,0.));
#11869=DIRECTION('',(-1.,0.,0.));
#11870=DIRECTION('',(-0.707106781186547,-0.707106781186547,0.));
#11871=DIRECTION('',(0.,-1.,0.));
#11872=DIRECTION('',(0.707106781186547,-0.707106781186547,0.));
#11873=DIRECTION('center_axis',(0.707106781186548,-0.707106781186548,0.));
#11874=DIRECTION('ref_axis',(-0.707106781186548,-0.707106781186548,0.));
#11875=DIRECTION('',(0.,0.,1.));
#11876=DIRECTION('',(-0.707106781186547,-0.707106781186547,0.));
#11877=DIRECTION('',(0.,0.,-1.));
#11878=DIRECTION('center_axis',(1.,0.,0.));
#11879=DIRECTION('ref_axis',(0.,-1.,0.));
#11880=DIRECTION('',(0.,-1.,0.));
#11881=DIRECTION('',(0.,0.,-1.));
#11882=DIRECTION('center_axis',(0.707106781186548,0.707106781186548,0.));
#11883=DIRECTION('ref_axis',(0.707106781186548,-0.707106781186548,0.));
#11884=DIRECTION('',(0.707106781186547,-0.707106781186547,0.));
#11885=DIRECTION('',(0.,0.,-1.));
#11886=DIRECTION('center_axis',(0.,1.,0.));
#11887=DIRECTION('ref_axis',(1.,0.,0.));
#11888=DIRECTION('',(1.,0.,0.));
#11889=DIRECTION('',(0.,0.,-1.));
#11890=DIRECTION('center_axis',(-0.707106781186548,0.707106781186548,0.));
#11891=DIRECTION('ref_axis',(0.707106781186548,0.707106781186548,0.));
#11892=DIRECTION('',(0.707106781186547,0.707106781186547,0.));
#11893=DIRECTION('',(0.,0.,-1.));
#11894=DIRECTION('center_axis',(-1.,0.,0.));
#11895=DIRECTION('ref_axis',(0.,1.,0.));
#11896=DIRECTION('',(0.,1.,0.));
#11897=DIRECTION('',(0.,0.,-1.));
#11898=DIRECTION('center_axis',(-0.707106781186548,-0.707106781186548,0.));
#11899=DIRECTION('ref_axis',(-0.707106781186548,0.707106781186548,0.));
#11900=DIRECTION('',(-0.707106781186547,0.707106781186547,0.));
#11901=DIRECTION('',(0.,0.,-1.));
#11902=DIRECTION('center_axis',(0.,-1.,0.));
#11903=DIRECTION('ref_axis',(-1.,0.,0.));
#11904=DIRECTION('',(-1.,0.,0.));
#11905=DIRECTION('center_axis',(0.,0.,-1.));
#11906=DIRECTION('ref_axis',(-1.,0.,0.));
#11907=DIRECTION('center_axis',(0.,0.,1.));
#11908=DIRECTION('ref_axis',(1.,0.,0.));
#11909=DIRECTION('',(0.707106781186547,-0.707106781186547,0.));
#11910=DIRECTION('',(1.,0.,0.));
#11911=DIRECTION('',(0.707106781186547,0.707106781186547,0.));
#11912=DIRECTION('',(0.,1.,0.));
#11913=DIRECTION('',(-0.707106781186547,0.707106781186547,0.));
#11914=DIRECTION('',(-1.,0.,0.));
#11915=DIRECTION('',(-0.707106781186547,-0.707106781186547,0.));
#11916=DIRECTION('',(0.,-1.,0.));
#11917=DIRECTION('center_axis',(0.,-1.,0.));
#11918=DIRECTION('ref_axis',(-1.,0.,0.));
#11919=DIRECTION('',(0.,0.,1.));
#11920=DIRECTION('',(-1.,0.,0.));
#11921=DIRECTION('',(0.,0.,-1.));
#11922=DIRECTION('center_axis',(0.707106781186548,-0.707106781186548,0.));
#11923=DIRECTION('ref_axis',(-0.707106781186548,-0.707106781186548,0.));
#11924=DIRECTION('',(-0.707106781186547,-0.707106781186547,0.));
#11925=DIRECTION('',(0.,0.,-1.));
#11926=DIRECTION('center_axis',(1.,0.,0.));
#11927=DIRECTION('ref_axis',(0.,-1.,0.));
#11928=DIRECTION('',(0.,-1.,0.));
#11929=DIRECTION('',(0.,0.,-1.));
#11930=DIRECTION('center_axis',(0.707106781186548,0.707106781186548,0.));
#11931=DIRECTION('ref_axis',(0.707106781186548,-0.707106781186548,0.));
#11932=DIRECTION('',(0.707106781186547,-0.707106781186547,0.));
#11933=DIRECTION('',(0.,0.,-1.));
#11934=DIRECTION('center_axis',(0.,1.,0.));
#11935=DIRECTION('ref_axis',(1.,0.,0.));
#11936=DIRECTION('',(1.,0.,0.));
#11937=DIRECTION('',(0.,0.,-1.));
#11938=DIRECTION('center_axis',(-0.707106781186548,0.707106781186548,0.));
#11939=DIRECTION('ref_axis',(0.707106781186548,0.707106781186548,0.));
#11940=DIRECTION('',(0.707106781186547,0.707106781186547,0.));
#11941=DIRECTION('',(0.,0.,-1.));
#11942=DIRECTION('center_axis',(-1.,0.,0.));
#11943=DIRECTION('ref_axis',(0.,1.,0.));
#11944=DIRECTION('',(0.,1.,0.));
#11945=DIRECTION('',(0.,0.,-1.));
#11946=DIRECTION('center_axis',(-0.707106781186548,-0.707106781186548,0.));
#11947=DIRECTION('ref_axis',(-0.707106781186548,0.707106781186548,0.));
#11948=DIRECTION('',(-0.707106781186547,0.707106781186547,0.));
#11949=DIRECTION('center_axis',(0.,0.,-1.));
#11950=DIRECTION('ref_axis',(-1.,0.,0.));
#11951=DIRECTION('center_axis',(0.,0.,1.));
#11952=DIRECTION('ref_axis',(1.,0.,0.));
#11953=DIRECTION('',(1.,0.,0.));
#11954=DIRECTION('',(0.707106781186547,0.707106781186547,0.));
#11955=DIRECTION('',(0.,1.,0.));
#11956=DIRECTION('',(-0.707106781186551,0.707106781186544,0.));
#11957=DIRECTION('',(-1.,0.,0.));
#11958=DIRECTION('',(-0.707106781186551,-0.707106781186544,0.));
#11959=DIRECTION('',(0.,-1.,0.));
#11960=DIRECTION('',(0.707106781186547,-0.707106781186547,0.));
#11961=DIRECTION('center_axis',(0.707106781186548,-0.707106781186548,0.));
#11962=DIRECTION('ref_axis',(-0.707106781186548,-0.707106781186548,0.));
#11963=DIRECTION('',(0.,0.,1.));
#11964=DIRECTION('',(-0.707106781186547,-0.707106781186547,0.));
#11965=DIRECTION('',(0.,0.,-1.));
#11966=DIRECTION('center_axis',(1.,0.,0.));
#11967=DIRECTION('ref_axis',(0.,-1.,0.));
#11968=DIRECTION('',(0.,-1.,0.));
#11969=DIRECTION('',(0.,0.,-1.));
#11970=DIRECTION('center_axis',(0.707106781186544,0.707106781186551,0.));
#11971=DIRECTION('ref_axis',(0.707106781186551,-0.707106781186544,0.));
#11972=DIRECTION('',(0.707106781186551,-0.707106781186544,0.));
#11973=DIRECTION('',(0.,0.,-1.));
#11974=DIRECTION('center_axis',(0.,1.,0.));
#11975=DIRECTION('ref_axis',(1.,0.,0.));
#11976=DIRECTION('',(1.,0.,0.));
#11977=DIRECTION('',(0.,0.,-1.));
#11978=DIRECTION('center_axis',(-0.707106781186544,0.707106781186551,0.));
#11979=DIRECTION('ref_axis',(0.707106781186551,0.707106781186544,0.));
#11980=DIRECTION('',(0.707106781186551,0.707106781186544,0.));
#11981=DIRECTION('',(0.,0.,-1.));
#11982=DIRECTION('center_axis',(-1.,0.,0.));
#11983=DIRECTION('ref_axis',(0.,1.,0.));
#11984=DIRECTION('',(0.,1.,0.));
#11985=DIRECTION('',(0.,0.,-1.));
#11986=DIRECTION('center_axis',(-0.707106781186548,-0.707106781186548,0.));
#11987=DIRECTION('ref_axis',(-0.707106781186548,0.707106781186548,0.));
#11988=DIRECTION('',(-0.707106781186547,0.707106781186547,0.));
#11989=DIRECTION('',(0.,0.,-1.));
#11990=DIRECTION('center_axis',(0.,-1.,0.));
#11991=DIRECTION('ref_axis',(-1.,0.,0.));
#11992=DIRECTION('',(-1.,0.,0.));
#11993=DIRECTION('center_axis',(0.,0.,-1.));
#11994=DIRECTION('ref_axis',(-1.,0.,0.));
#11995=DIRECTION('center_axis',(0.,0.,1.));
#11996=DIRECTION('ref_axis',(1.,0.,0.));
#11997=DIRECTION('',(1.,0.,0.));
#11998=DIRECTION('',(0.707106781186547,0.707106781186547,0.));
#11999=DIRECTION('',(0.,1.,0.));
#12000=DIRECTION('',(-0.70710678118654,0.707106781186555,0.));
#12001=DIRECTION('',(-1.,0.,0.));
#12002=DIRECTION('',(-0.70710678118654,-0.707106781186555,0.));
#12003=DIRECTION('',(0.,-1.,0.));
#12004=DIRECTION('',(0.707106781186547,-0.707106781186547,0.));
#12005=DIRECTION('center_axis',(0.707106781186548,-0.707106781186548,0.));
#12006=DIRECTION('ref_axis',(-0.707106781186548,-0.707106781186548,0.));
#12007=DIRECTION('',(0.,0.,1.));
#12008=DIRECTION('',(-0.707106781186547,-0.707106781186547,0.));
#12009=DIRECTION('',(0.,0.,-1.));
#12010=DIRECTION('center_axis',(1.,0.,0.));
#12011=DIRECTION('ref_axis',(0.,-1.,0.));
#12012=DIRECTION('',(0.,-1.,0.));
#12013=DIRECTION('',(0.,0.,-1.));
#12014=DIRECTION('center_axis',(0.707106781186555,0.70710678118654,0.));
#12015=DIRECTION('ref_axis',(0.70710678118654,-0.707106781186555,0.));
#12016=DIRECTION('',(0.70710678118654,-0.707106781186555,0.));
#12017=DIRECTION('',(0.,0.,-1.));
#12018=DIRECTION('center_axis',(0.,1.,0.));
#12019=DIRECTION('ref_axis',(1.,0.,0.));
#12020=DIRECTION('',(1.,0.,0.));
#12021=DIRECTION('',(0.,0.,-1.));
#12022=DIRECTION('center_axis',(-0.707106781186555,0.70710678118654,0.));
#12023=DIRECTION('ref_axis',(0.70710678118654,0.707106781186555,0.));
#12024=DIRECTION('',(0.70710678118654,0.707106781186555,0.));
#12025=DIRECTION('',(0.,0.,-1.));
#12026=DIRECTION('center_axis',(-1.,0.,0.));
#12027=DIRECTION('ref_axis',(0.,1.,0.));
#12028=DIRECTION('',(0.,1.,0.));
#12029=DIRECTION('',(0.,0.,-1.));
#12030=DIRECTION('center_axis',(-0.707106781186548,-0.707106781186548,0.));
#12031=DIRECTION('ref_axis',(-0.707106781186548,0.707106781186548,0.));
#12032=DIRECTION('',(-0.707106781186547,0.707106781186547,0.));
#12033=DIRECTION('',(0.,0.,-1.));
#12034=DIRECTION('center_axis',(0.,-1.,0.));
#12035=DIRECTION('ref_axis',(-1.,0.,0.));
#12036=DIRECTION('',(-1.,0.,0.));
#12037=DIRECTION('center_axis',(0.,0.,-1.));
#12038=DIRECTION('ref_axis',(-1.,0.,0.));
#12039=DIRECTION('center_axis',(0.,0.,1.));
#12040=DIRECTION('ref_axis',(1.,0.,0.));
#12041=DIRECTION('',(0.707106781186547,-0.707106781186547,0.));
#12042=DIRECTION('',(1.,0.,0.));
#12043=DIRECTION('',(0.707106781186547,0.707106781186548,0.));
#12044=DIRECTION('',(0.,1.,0.));
#12045=DIRECTION('',(-0.707106781186545,0.70710678118655,0.));
#12046=DIRECTION('',(-1.,0.,0.));
#12047=DIRECTION('',(-0.707106781186547,-0.707106781186547,0.));
#12048=DIRECTION('',(-6.1679056923619E-16,-1.,0.));
#12049=DIRECTION('center_axis',(0.,-1.,0.));
#12050=DIRECTION('ref_axis',(-1.,0.,0.));
#12051=DIRECTION('',(0.,0.,1.));
#12052=DIRECTION('',(-1.,0.,0.));
#12053=DIRECTION('',(0.,0.,-1.));
#12054=DIRECTION('center_axis',(0.707106781186548,-0.707106781186547,0.));
#12055=DIRECTION('ref_axis',(-0.707106781186547,-0.707106781186548,0.));
#12056=DIRECTION('',(-0.707106781186547,-0.707106781186548,0.));
#12057=DIRECTION('',(0.,0.,-1.));
#12058=DIRECTION('center_axis',(1.,0.,0.));
#12059=DIRECTION('ref_axis',(0.,-1.,0.));
#12060=DIRECTION('',(0.,-1.,0.));
#12061=DIRECTION('',(0.,0.,-1.));
#12062=DIRECTION('center_axis',(0.70710678118655,0.707106781186546,0.));
#12063=DIRECTION('ref_axis',(0.707106781186545,-0.707106781186549,0.));
#12064=DIRECTION('',(0.707106781186545,-0.70710678118655,0.));
#12065=DIRECTION('',(0.,0.,-1.));
#12066=DIRECTION('center_axis',(0.,1.,0.));
#12067=DIRECTION('ref_axis',(1.,0.,0.));
#12068=DIRECTION('',(1.,0.,0.));
#12069=DIRECTION('',(0.,0.,-1.));
#12070=DIRECTION('center_axis',(-0.707106781186548,0.707106781186548,0.));
#12071=DIRECTION('ref_axis',(0.707106781186548,0.707106781186548,0.));
#12072=DIRECTION('',(0.707106781186547,0.707106781186547,0.));
#12073=DIRECTION('',(0.,0.,-1.));
#12074=DIRECTION('center_axis',(-1.,6.1679056923619E-16,0.));
#12075=DIRECTION('ref_axis',(6.1679056923619E-16,1.,0.));
#12076=DIRECTION('',(6.1679056923619E-16,1.,0.));
#12077=DIRECTION('',(0.,0.,-1.));
#12078=DIRECTION('center_axis',(-0.707106781186548,-0.707106781186548,0.));
#12079=DIRECTION('ref_axis',(-0.707106781186548,0.707106781186548,0.));
#12080=DIRECTION('',(-0.707106781186547,0.707106781186547,0.));
#12081=DIRECTION('center_axis',(0.,0.,-1.));
#12082=DIRECTION('ref_axis',(-1.,0.,0.));
#12083=DIRECTION('center_axis',(0.,0.,1.));
#12084=DIRECTION('ref_axis',(1.,0.,0.));
#12085=DIRECTION('',(0.707106781186547,-0.707106781186547,0.));
#12086=DIRECTION('',(1.,0.,0.));
#12087=DIRECTION('',(0.707106781186547,0.707106781186548,0.));
#12088=DIRECTION('',(0.,1.,0.));
#12089=DIRECTION('',(-0.707106781186545,0.70710678118655,0.));
#12090=DIRECTION('',(-1.,0.,0.));
#12091=DIRECTION('',(-0.707106781186547,-0.707106781186547,0.));
#12092=DIRECTION('',(-6.1679056923619E-16,-1.,0.));
#12093=DIRECTION('center_axis',(0.,-1.,0.));
#12094=DIRECTION('ref_axis',(-1.,0.,0.));
#12095=DIRECTION('',(0.,0.,1.));
#12096=DIRECTION('',(-1.,0.,0.));
#12097=DIRECTION('',(0.,0.,-1.));
#12098=DIRECTION('center_axis',(0.707106781186548,-0.707106781186547,0.));
#12099=DIRECTION('ref_axis',(-0.707106781186547,-0.707106781186548,0.));
#12100=DIRECTION('',(-0.707106781186547,-0.707106781186548,0.));
#12101=DIRECTION('',(0.,0.,-1.));
#12102=DIRECTION('center_axis',(1.,0.,0.));
#12103=DIRECTION('ref_axis',(0.,-1.,0.));
#12104=DIRECTION('',(0.,-1.,0.));
#12105=DIRECTION('',(0.,0.,-1.));
#12106=DIRECTION('center_axis',(0.70710678118655,0.707106781186546,0.));
#12107=DIRECTION('ref_axis',(0.707106781186545,-0.707106781186549,0.));
#12108=DIRECTION('',(0.707106781186545,-0.70710678118655,0.));
#12109=DIRECTION('',(0.,0.,-1.));
#12110=DIRECTION('center_axis',(0.,1.,0.));
#12111=DIRECTION('ref_axis',(1.,0.,0.));
#12112=DIRECTION('',(1.,0.,0.));
#12113=DIRECTION('',(0.,0.,-1.));
#12114=DIRECTION('center_axis',(-0.707106781186548,0.707106781186548,0.));
#12115=DIRECTION('ref_axis',(0.707106781186548,0.707106781186548,0.));
#12116=DIRECTION('',(0.707106781186547,0.707106781186547,0.));
#12117=DIRECTION('',(0.,0.,-1.));
#12118=DIRECTION('center_axis',(-1.,6.1679056923619E-16,0.));
#12119=DIRECTION('ref_axis',(6.1679056923619E-16,1.,0.));
#12120=DIRECTION('',(6.1679056923619E-16,1.,0.));
#12121=DIRECTION('',(0.,0.,-1.));
#12122=DIRECTION('center_axis',(-0.707106781186548,-0.707106781186548,0.));
#12123=DIRECTION('ref_axis',(-0.707106781186548,0.707106781186548,0.));
#12124=DIRECTION('',(-0.707106781186547,0.707106781186547,0.));
#12125=DIRECTION('center_axis',(0.,0.,-1.));
#12126=DIRECTION('ref_axis',(-1.,0.,0.));
#12127=DIRECTION('center_axis',(0.,0.,1.));
#12128=DIRECTION('ref_axis',(1.,0.,0.));
#12129=DIRECTION('',(0.707106781186547,-0.707106781186547,0.));
#12130=DIRECTION('',(1.,0.,0.));
#12131=DIRECTION('',(0.707106781186547,0.707106781186548,0.));
#12132=DIRECTION('',(0.,1.,0.));
#12133=DIRECTION('',(-0.707106781186545,0.70710678118655,0.));
#12134=DIRECTION('',(-1.,0.,0.));
#12135=DIRECTION('',(-0.707106781186547,-0.707106781186547,0.));
#12136=DIRECTION('',(-6.1679056923619E-16,-1.,0.));
#12137=DIRECTION('center_axis',(0.,-1.,0.));
#12138=DIRECTION('ref_axis',(-1.,0.,0.));
#12139=DIRECTION('',(0.,0.,1.));
#12140=DIRECTION('',(-1.,0.,0.));
#12141=DIRECTION('',(0.,0.,-1.));
#12142=DIRECTION('center_axis',(0.707106781186548,-0.707106781186547,0.));
#12143=DIRECTION('ref_axis',(-0.707106781186547,-0.707106781186548,0.));
#12144=DIRECTION('',(-0.707106781186547,-0.707106781186548,0.));
#12145=DIRECTION('',(0.,0.,-1.));
#12146=DIRECTION('center_axis',(1.,0.,0.));
#12147=DIRECTION('ref_axis',(0.,-1.,0.));
#12148=DIRECTION('',(0.,-1.,0.));
#12149=DIRECTION('',(0.,0.,-1.));
#12150=DIRECTION('center_axis',(0.70710678118655,0.707106781186546,0.));
#12151=DIRECTION('ref_axis',(0.707106781186545,-0.707106781186549,0.));
#12152=DIRECTION('',(0.707106781186545,-0.70710678118655,0.));
#12153=DIRECTION('',(0.,0.,-1.));
#12154=DIRECTION('center_axis',(0.,1.,0.));
#12155=DIRECTION('ref_axis',(1.,0.,0.));
#12156=DIRECTION('',(1.,0.,0.));
#12157=DIRECTION('',(0.,0.,-1.));
#12158=DIRECTION('center_axis',(-0.707106781186548,0.707106781186548,0.));
#12159=DIRECTION('ref_axis',(0.707106781186548,0.707106781186548,0.));
#12160=DIRECTION('',(0.707106781186547,0.707106781186547,0.));
#12161=DIRECTION('',(0.,0.,-1.));
#12162=DIRECTION('center_axis',(-1.,6.1679056923619E-16,0.));
#12163=DIRECTION('ref_axis',(6.1679056923619E-16,1.,0.));
#12164=DIRECTION('',(6.1679056923619E-16,1.,0.));
#12165=DIRECTION('',(0.,0.,-1.));
#12166=DIRECTION('center_axis',(-0.707106781186548,-0.707106781186548,0.));
#12167=DIRECTION('ref_axis',(-0.707106781186548,0.707106781186548,0.));
#12168=DIRECTION('',(-0.707106781186547,0.707106781186547,0.));
#12169=DIRECTION('center_axis',(0.,0.,-1.));
#12170=DIRECTION('ref_axis',(-1.,0.,0.));
#12171=DIRECTION('center_axis',(0.,0.,1.));
#12172=DIRECTION('ref_axis',(1.,0.,0.));
#12173=DIRECTION('',(0.707106781186547,-0.707106781186547,0.));
#12174=DIRECTION('',(1.,0.,0.));
#12175=DIRECTION('',(0.707106781186547,0.707106781186548,0.));
#12176=DIRECTION('',(0.,1.,0.));
#12177=DIRECTION('',(-0.707106781186553,0.707106781186542,0.));
#12178=DIRECTION('',(-1.,0.,0.));
#12179=DIRECTION('',(-0.707106781186555,-0.70710678118654,0.));
#12180=DIRECTION('',(-6.1679056923619E-16,-1.,0.));
#12181=DIRECTION('center_axis',(0.,-1.,0.));
#12182=DIRECTION('ref_axis',(-1.,0.,0.));
#12183=DIRECTION('',(0.,0.,1.));
#12184=DIRECTION('',(-1.,0.,0.));
#12185=DIRECTION('',(0.,0.,-1.));
#12186=DIRECTION('center_axis',(0.707106781186548,-0.707106781186547,0.));
#12187=DIRECTION('ref_axis',(-0.707106781186547,-0.707106781186548,0.));
#12188=DIRECTION('',(-0.707106781186547,-0.707106781186548,0.));
#12189=DIRECTION('',(0.,0.,-1.));
#12190=DIRECTION('center_axis',(1.,0.,0.));
#12191=DIRECTION('ref_axis',(0.,-1.,0.));
#12192=DIRECTION('',(0.,-1.,0.));
#12193=DIRECTION('',(0.,0.,-1.));
#12194=DIRECTION('center_axis',(0.707106781186542,0.707106781186553,0.));
#12195=DIRECTION('ref_axis',(0.707106781186553,-0.707106781186542,0.));
#12196=DIRECTION('',(0.707106781186553,-0.707106781186542,0.));
#12197=DIRECTION('',(0.,0.,-1.));
#12198=DIRECTION('center_axis',(0.,1.,0.));
#12199=DIRECTION('ref_axis',(1.,0.,0.));
#12200=DIRECTION('',(1.,0.,0.));
#12201=DIRECTION('',(0.,0.,-1.));
#12202=DIRECTION('center_axis',(-0.70710678118654,0.707106781186555,0.));
#12203=DIRECTION('ref_axis',(0.707106781186555,0.70710678118654,0.));
#12204=DIRECTION('',(0.707106781186555,0.70710678118654,0.));
#12205=DIRECTION('',(0.,0.,-1.));
#12206=DIRECTION('center_axis',(-1.,6.1679056923619E-16,0.));
#12207=DIRECTION('ref_axis',(6.1679056923619E-16,1.,0.));
#12208=DIRECTION('',(6.1679056923619E-16,1.,0.));
#12209=DIRECTION('',(0.,0.,-1.));
#12210=DIRECTION('center_axis',(-0.707106781186548,-0.707106781186548,0.));
#12211=DIRECTION('ref_axis',(-0.707106781186548,0.707106781186548,0.));
#12212=DIRECTION('',(-0.707106781186547,0.707106781186547,0.));
#12213=DIRECTION('center_axis',(0.,0.,-1.));
#12214=DIRECTION('ref_axis',(-1.,0.,0.));
#12215=DIRECTION('center_axis',(0.,0.,1.));
#12216=DIRECTION('ref_axis',(1.,0.,0.));
#12217=DIRECTION('',(1.,0.,0.));
#12218=DIRECTION('',(0.707106781186547,0.707106781186547,0.));
#12219=DIRECTION('',(0.,1.,0.));
#12220=DIRECTION('',(-0.707106781186547,0.707106781186547,0.));
#12221=DIRECTION('',(-1.,0.,0.));
#12222=DIRECTION('',(-0.707106781186547,-0.707106781186547,0.));
#12223=DIRECTION('',(0.,-1.,0.));
#12224=DIRECTION('',(0.707106781186547,-0.707106781186547,0.));
#12225=DIRECTION('center_axis',(0.707106781186548,-0.707106781186548,0.));
#12226=DIRECTION('ref_axis',(-0.707106781186548,-0.707106781186548,0.));
#12227=DIRECTION('',(0.,0.,1.));
#12228=DIRECTION('',(-0.707106781186547,-0.707106781186547,0.));
#12229=DIRECTION('',(0.,0.,-1.));
#12230=DIRECTION('center_axis',(1.,0.,0.));
#12231=DIRECTION('ref_axis',(0.,-1.,0.));
#12232=DIRECTION('',(0.,-1.,0.));
#12233=DIRECTION('',(0.,0.,-1.));
#12234=DIRECTION('center_axis',(0.707106781186548,0.707106781186548,0.));
#12235=DIRECTION('ref_axis',(0.707106781186548,-0.707106781186548,0.));
#12236=DIRECTION('',(0.707106781186547,-0.707106781186547,0.));
#12237=DIRECTION('',(0.,0.,-1.));
#12238=DIRECTION('center_axis',(0.,1.,0.));
#12239=DIRECTION('ref_axis',(1.,0.,0.));
#12240=DIRECTION('',(1.,0.,0.));
#12241=DIRECTION('',(0.,0.,-1.));
#12242=DIRECTION('center_axis',(-0.707106781186548,0.707106781186548,0.));
#12243=DIRECTION('ref_axis',(0.707106781186548,0.707106781186548,0.));
#12244=DIRECTION('',(0.707106781186547,0.707106781186547,0.));
#12245=DIRECTION('',(0.,0.,-1.));
#12246=DIRECTION('center_axis',(-1.,0.,0.));
#12247=DIRECTION('ref_axis',(0.,1.,0.));
#12248=DIRECTION('',(0.,1.,0.));
#12249=DIRECTION('',(0.,0.,-1.));
#12250=DIRECTION('center_axis',(-0.707106781186548,-0.707106781186548,0.));
#12251=DIRECTION('ref_axis',(-0.707106781186548,0.707106781186548,0.));
#12252=DIRECTION('',(-0.707106781186547,0.707106781186547,0.));
#12253=DIRECTION('',(0.,0.,-1.));
#12254=DIRECTION('center_axis',(0.,-1.,0.));
#12255=DIRECTION('ref_axis',(-1.,0.,0.));
#12256=DIRECTION('',(-1.,0.,0.));
#12257=DIRECTION('center_axis',(0.,0.,-1.));
#12258=DIRECTION('ref_axis',(-1.,0.,0.));
#12259=DIRECTION('center_axis',(0.,0.,1.));
#12260=DIRECTION('ref_axis',(1.,0.,0.));
#12261=DIRECTION('',(1.,0.,0.));
#12262=DIRECTION('',(0.707106781186547,0.707106781186547,0.));
#12263=DIRECTION('',(0.,1.,0.));
#12264=DIRECTION('',(-0.707106781186547,0.707106781186547,0.));
#12265=DIRECTION('',(-1.,0.,0.));
#12266=DIRECTION('',(-0.707106781186547,-0.707106781186547,0.));
#12267=DIRECTION('',(0.,-1.,0.));
#12268=DIRECTION('',(0.707106781186547,-0.707106781186547,0.));
#12269=DIRECTION('center_axis',(0.707106781186548,-0.707106781186548,0.));
#12270=DIRECTION('ref_axis',(-0.707106781186548,-0.707106781186548,0.));
#12271=DIRECTION('',(0.,0.,1.));
#12272=DIRECTION('',(-0.707106781186547,-0.707106781186547,0.));
#12273=DIRECTION('',(0.,0.,-1.));
#12274=DIRECTION('center_axis',(1.,0.,0.));
#12275=DIRECTION('ref_axis',(0.,-1.,0.));
#12276=DIRECTION('',(0.,-1.,0.));
#12277=DIRECTION('',(0.,0.,-1.));
#12278=DIRECTION('center_axis',(0.707106781186548,0.707106781186548,0.));
#12279=DIRECTION('ref_axis',(0.707106781186548,-0.707106781186548,0.));
#12280=DIRECTION('',(0.707106781186547,-0.707106781186547,0.));
#12281=DIRECTION('',(0.,0.,-1.));
#12282=DIRECTION('center_axis',(0.,1.,0.));
#12283=DIRECTION('ref_axis',(1.,0.,0.));
#12284=DIRECTION('',(1.,0.,0.));
#12285=DIRECTION('',(0.,0.,-1.));
#12286=DIRECTION('center_axis',(-0.707106781186548,0.707106781186548,0.));
#12287=DIRECTION('ref_axis',(0.707106781186548,0.707106781186548,0.));
#12288=DIRECTION('',(0.707106781186547,0.707106781186547,0.));
#12289=DIRECTION('',(0.,0.,-1.));
#12290=DIRECTION('center_axis',(-1.,0.,0.));
#12291=DIRECTION('ref_axis',(0.,1.,0.));
#12292=DIRECTION('',(0.,1.,0.));
#12293=DIRECTION('',(0.,0.,-1.));
#12294=DIRECTION('center_axis',(-0.707106781186548,-0.707106781186548,0.));
#12295=DIRECTION('ref_axis',(-0.707106781186548,0.707106781186548,0.));
#12296=DIRECTION('',(-0.707106781186547,0.707106781186547,0.));
#12297=DIRECTION('',(0.,0.,-1.));
#12298=DIRECTION('center_axis',(0.,-1.,0.));
#12299=DIRECTION('ref_axis',(-1.,0.,0.));
#12300=DIRECTION('',(-1.,0.,0.));
#12301=DIRECTION('center_axis',(0.,0.,-1.));
#12302=DIRECTION('ref_axis',(-1.,0.,0.));
#12303=DIRECTION('center_axis',(0.,-1.,0.));
#12304=DIRECTION('ref_axis',(1.,0.,0.));
#12305=DIRECTION('',(-1.,0.,0.));
#12306=DIRECTION('',(0.,0.,1.));
#12307=DIRECTION('',(1.,0.,0.));
#12308=DIRECTION('',(0.,0.,1.));
#12309=DIRECTION('center_axis',(0.,0.,1.));
#12310=DIRECTION('ref_axis',(-1.,0.,0.));
#12311=DIRECTION('center_axis',(0.,0.,1.));
#12312=DIRECTION('ref_axis',(-1.,0.,0.));
#12313=DIRECTION('center_axis',(0.,0.,-1.));
#12314=DIRECTION('ref_axis',(-1.,0.,0.));
#12315=DIRECTION('',(0.,0.,1.));
#12316=DIRECTION('center_axis',(1.,0.,0.));
#12317=DIRECTION('ref_axis',(0.,1.,0.));
#12318=DIRECTION('',(0.,-1.,0.));
#12319=DIRECTION('',(0.,1.,0.));
#12320=DIRECTION('center_axis',(0.,0.,1.));
#12321=DIRECTION('ref_axis',(-1.,0.,0.));
#12322=DIRECTION('center_axis',(0.,0.,1.));
#12323=DIRECTION('ref_axis',(-1.,0.,0.));
#12324=DIRECTION('center_axis',(0.,0.,1.));
#12325=DIRECTION('ref_axis',(-1.,0.,0.));
#12326=DIRECTION('',(1.,0.,0.));
#12327=DIRECTION('center_axis',(0.,0.,1.));
#12328=DIRECTION('ref_axis',(-1.,0.,0.));
#12329=DIRECTION('',(0.,1.,0.));
#12330=DIRECTION('center_axis',(0.,0.,1.));
#12331=DIRECTION('ref_axis',(-1.,0.,0.));
#12332=DIRECTION('',(-1.,0.,0.));
#12333=DIRECTION('',(0.,-1.,0.));
#12334=DIRECTION('center_axis',(0.,0.,-1.));
#12335=DIRECTION('ref_axis',(-1.,0.,0.));
#12336=DIRECTION('center_axis',(0.,1.,0.));
#12337=DIRECTION('ref_axis',(-1.,0.,0.));
#12338=DIRECTION('',(0.,0.,1.));
#12339=DIRECTION('',(0.,0.,1.));
#12340=DIRECTION('center_axis',(-1.,0.,0.));
#12341=DIRECTION('ref_axis',(0.,-1.,0.));
#12342=DIRECTION('',(0.,0.,1.));
#12343=DIRECTION('center_axis',(0.,0.,1.));
#12344=DIRECTION('ref_axis',(-1.,0.,0.));
#12345=DIRECTION('center_axis',(1.,0.,0.));
#12346=DIRECTION('ref_axis',(0.,1.,0.));
#12347=DIRECTION('',(0.,-1.,0.));
#12348=DIRECTION('',(0.,0.,1.));
#12349=DIRECTION('',(0.,1.,0.));
#12350=DIRECTION('',(0.,0.,1.));
#12351=DIRECTION('center_axis',(0.,0.,1.));
#12352=DIRECTION('ref_axis',(-1.,0.,0.));
#12353=DIRECTION('center_axis',(0.,0.,1.));
#12354=DIRECTION('ref_axis',(-1.,0.,0.));
#12355=DIRECTION('center_axis',(0.,0.,-1.));
#12356=DIRECTION('ref_axis',(-1.,0.,0.));
#12357=DIRECTION('',(0.,0.,1.));
#12358=DIRECTION('center_axis',(0.,1.,0.));
#12359=DIRECTION('ref_axis',(-1.,0.,0.));
#12360=DIRECTION('',(1.,0.,0.));
#12361=DIRECTION('',(-1.,0.,0.));
#12362=DIRECTION('center_axis',(0.,0.,1.));
#12363=DIRECTION('ref_axis',(-1.,0.,0.));
#12364=DIRECTION('center_axis',(0.,0.,1.));
#12365=DIRECTION('ref_axis',(-1.,0.,0.));
#12366=DIRECTION('center_axis',(0.,0.,1.));
#12367=DIRECTION('ref_axis',(-1.,0.,0.));
#12368=DIRECTION('',(-1.,0.,0.));
#12369=DIRECTION('',(0.,1.,0.));
#12370=DIRECTION('center_axis',(0.,0.,1.));
#12371=DIRECTION('ref_axis',(-1.,0.,0.));
#12372=DIRECTION('center_axis',(0.,0.,1.));
#12373=DIRECTION('ref_axis',(-1.,0.,0.));
#12374=DIRECTION('',(1.,0.,0.));
#12375=DIRECTION('center_axis',(0.,0.,-1.));
#12376=DIRECTION('ref_axis',(-1.,0.,0.));
#12377=DIRECTION('',(0.,-1.,0.));
#12378=DIRECTION('center_axis',(0.,-1.,0.));
#12379=DIRECTION('ref_axis',(1.,0.,0.));
#12380=DIRECTION('',(0.,0.,1.));
#12381=DIRECTION('',(0.,0.,1.));
#12382=DIRECTION('center_axis',(0.,0.,1.));
#12383=DIRECTION('ref_axis',(-1.,0.,0.));
#12384=DIRECTION('',(0.,0.,1.));
#12385=DIRECTION('center_axis',(-1.,0.,0.));
#12386=DIRECTION('ref_axis',(0.,-1.,0.));
#12387=DIRECTION('center_axis',(0.,0.,1.));
#12388=DIRECTION('ref_axis',(1.,0.,0.));
#12389=DIRECTION('center_axis',(0.,0.,-1.));
#12390=DIRECTION('ref_axis',(1.,-2.22044604925031E-16,0.));
#12391=DIRECTION('center_axis',(0.,0.,1.));
#12392=DIRECTION('ref_axis',(1.,-2.22044604925031E-16,0.));
#12393=DIRECTION('center_axis',(0.,0.,1.));
#12394=DIRECTION('ref_axis',(1.,-2.22044604925031E-16,0.));
#12395=DIRECTION('center_axis',(1.06493099465054E-13,1.,3.98986399474642E-14));
#12396=DIRECTION('ref_axis',(0.347985272676875,3.46944695195361E-16,-0.9375));
#12397=DIRECTION('center_axis',(-0.464324522310969,-0.838237639074405,-0.285937752700929));
#12398=DIRECTION('ref_axis',(-0.130609319108133,0.384128252634671,-0.913994907693661));
#12399=DIRECTION('center_axis',(0.,0.,1.));
#12400=DIRECTION('ref_axis',(-1.,0.,0.));
#12401=DIRECTION('',(0.,1.,0.));
#12402=DIRECTION('center_axis',(0.,-1.,0.));
#12403=DIRECTION('ref_axis',(-0.707106781186548,0.,0.707106781186548));
#12404=DIRECTION('',(0.,1.,0.));
#12405=DIRECTION('center_axis',(-0.464324522310963,0.838237639074409,-0.28593775270093));
#12406=DIRECTION('ref_axis',(0.524362872609925,-1.11022302462516E-14,-0.85149490769368));
#12407=DIRECTION('center_axis',(0.,1.,0.));
#12408=DIRECTION('ref_axis',(0.347985272676875,0.,-0.9375));
#12409=DIRECTION('center_axis',(0.,-1.,0.));
#12410=DIRECTION('ref_axis',(0.176776695296637,0.,-0.984250984251477));
#12411=DIRECTION('',(0.,-1.,0.));
#12412=DIRECTION('center_axis',(0.,0.,1.));
#12413=DIRECTION('ref_axis',(-1.,3.5527136788005E-15,0.));
#12414=DIRECTION('center_axis',(0.,0.,1.));
#12415=DIRECTION('ref_axis',(-1.,0.,0.));
#12416=DIRECTION('center_axis',(0.,0.,1.));
#12417=DIRECTION('ref_axis',(1.,0.,0.));
#12418=DIRECTION('center_axis',(0.,0.,1.));
#12419=DIRECTION('ref_axis',(-1.,0.,0.));
#12420=DIRECTION('',(0.,0.,1.));
#12421=DIRECTION('',(0.,0.,-1.));
#12422=DIRECTION('center_axis',(0.,0.,1.));
#12423=DIRECTION('ref_axis',(-1.,0.,0.));
#12424=DIRECTION('center_axis',(-1.,0.,0.));
#12425=DIRECTION('ref_axis',(0.,-1.,0.));
#12426=DIRECTION('center_axis',(0.,0.,1.));
#12427=DIRECTION('ref_axis',(-1.,0.,0.));
#12428=DIRECTION('center_axis',(0.,0.,1.));
#12429=DIRECTION('ref_axis',(-1.,0.,0.));
#12430=DIRECTION('center_axis',(1.,0.,0.));
#12431=DIRECTION('ref_axis',(0.,1.,0.));
#12432=DIRECTION('',(0.,-1.,0.));
#12433=DIRECTION('',(0.,0.,1.));
#12434=DIRECTION('',(0.,1.,0.));
#12435=DIRECTION('',(0.,0.,1.));
#12436=DIRECTION('center_axis',(0.,-1.,0.));
#12437=DIRECTION('ref_axis',(1.,0.,0.));
#12438=DIRECTION('',(-1.,0.,0.));
#12439=DIRECTION('',(1.,0.,0.));
#12440=DIRECTION('',(0.,0.,1.));
#12441=DIRECTION('center_axis',(-1.,0.,0.));
#12442=DIRECTION('ref_axis',(0.,-1.,0.));
#12443=DIRECTION('',(0.,1.,0.));
#12444=DIRECTION('',(0.,-1.,0.));
#12445=DIRECTION('',(0.,0.,1.));
#12446=DIRECTION('center_axis',(0.,1.,0.));
#12447=DIRECTION('ref_axis',(-1.,0.,0.));
#12448=DIRECTION('',(1.,0.,0.));
#12449=DIRECTION('',(-1.,0.,0.));
#12450=DIRECTION('center_axis',(0.,0.,1.));
#12451=DIRECTION('ref_axis',(1.,0.,0.));
#12452=DIRECTION('center_axis',(0.,0.,1.));
#12453=DIRECTION('ref_axis',(-1.,0.,0.));
#12454=CARTESIAN_POINT('',(0.,0.,0.));
#12455=CARTESIAN_POINT('Origin',(17.39,7.19,0.));
#12456=CARTESIAN_POINT('',(16.89,7.19,0.));
#12457=CARTESIAN_POINT('Origin',(17.39,7.19,0.));
#12458=CARTESIAN_POINT('',(16.89,7.19,1.6));
#12459=CARTESIAN_POINT('',(16.89,7.19,0.));
#12460=CARTESIAN_POINT('Origin',(17.39,7.19,1.6));
#12461=CARTESIAN_POINT('Origin',(17.39,17.35,0.));
#12462=CARTESIAN_POINT('',(16.89,17.35,0.));
#12463=CARTESIAN_POINT('Origin',(17.39,17.35,0.));
#12464=CARTESIAN_POINT('',(16.89,17.35,1.6));
#12465=CARTESIAN_POINT('',(16.89,17.35,0.));
#12466=CARTESIAN_POINT('Origin',(17.39,17.35,1.6));
#12467=CARTESIAN_POINT('Origin',(2.11,14.81,0.));
#12468=CARTESIAN_POINT('',(1.61,14.81,0.));
#12469=CARTESIAN_POINT('Origin',(2.11,14.81,0.));
#12470=CARTESIAN_POINT('',(1.61,14.81,1.6));
#12471=CARTESIAN_POINT('',(1.61,14.81,0.));
#12472=CARTESIAN_POINT('Origin',(2.11,14.81,1.6));
#12473=CARTESIAN_POINT('Origin',(2.11,4.65,0.));
#12474=CARTESIAN_POINT('',(1.61,4.65,0.));
#12475=CARTESIAN_POINT('Origin',(2.11,4.65,0.));
#12476=CARTESIAN_POINT('',(1.61,4.65,1.6));
#12477=CARTESIAN_POINT('',(1.61,4.65,0.));
#12478=CARTESIAN_POINT('Origin',(2.11,4.65,1.6));
#12479=CARTESIAN_POINT('Origin',(2.11,7.19,0.));
#12480=CARTESIAN_POINT('',(1.61,7.19,0.));
#12481=CARTESIAN_POINT('Origin',(2.11,7.19,0.));
#12482=CARTESIAN_POINT('',(1.61,7.19,1.6));
#12483=CARTESIAN_POINT('',(1.61,7.19,0.));
#12484=CARTESIAN_POINT('Origin',(2.11,7.19,1.6));
#12485=CARTESIAN_POINT('Origin',(2.11,17.35,0.));
#12486=CARTESIAN_POINT('',(1.61,17.35,0.));
#12487=CARTESIAN_POINT('Origin',(2.11,17.35,0.));
#12488=CARTESIAN_POINT('',(1.61,17.35,1.6));
#12489=CARTESIAN_POINT('',(1.61,17.35,0.));
#12490=CARTESIAN_POINT('Origin',(2.11,17.35,1.6));
#12491=CARTESIAN_POINT('Origin',(17.39,14.81,0.));
#12492=CARTESIAN_POINT('',(16.89,14.81,0.));
#12493=CARTESIAN_POINT('Origin',(17.39,14.81,0.));
#12494=CARTESIAN_POINT('',(16.89,14.81,1.6));
#12495=CARTESIAN_POINT('',(16.89,14.81,0.));
#12496=CARTESIAN_POINT('Origin',(17.39,14.81,1.6));
#12497=CARTESIAN_POINT('Origin',(17.39,4.65,0.));
#12498=CARTESIAN_POINT('',(16.89,4.65,0.));
#12499=CARTESIAN_POINT('Origin',(17.39,4.65,0.));
#12500=CARTESIAN_POINT('',(16.89,4.65,1.6));
#12501=CARTESIAN_POINT('',(16.89,4.65,0.));
#12502=CARTESIAN_POINT('Origin',(17.39,4.65,1.6));
#12503=CARTESIAN_POINT('Origin',(17.39,9.73,0.));
#12504=CARTESIAN_POINT('',(16.89,9.73,0.));
#12505=CARTESIAN_POINT('Origin',(17.39,9.73,0.));
#12506=CARTESIAN_POINT('',(16.89,9.73,1.6));
#12507=CARTESIAN_POINT('',(16.89,9.73,0.));
#12508=CARTESIAN_POINT('Origin',(17.39,9.73,1.6));
#12509=CARTESIAN_POINT('Origin',(17.39,19.89,0.));
#12510=CARTESIAN_POINT('',(16.89,19.89,0.));
#12511=CARTESIAN_POINT('Origin',(17.39,19.89,0.));
#12512=CARTESIAN_POINT('',(16.89,19.89,1.6));
#12513=CARTESIAN_POINT('',(16.89,19.89,0.));
#12514=CARTESIAN_POINT('Origin',(17.39,19.89,1.6));
#12515=CARTESIAN_POINT('Origin',(2.11,12.27,0.));
#12516=CARTESIAN_POINT('',(1.61,12.27,0.));
#12517=CARTESIAN_POINT('Origin',(2.11,12.27,0.));
#12518=CARTESIAN_POINT('',(1.61,12.27,1.6));
#12519=CARTESIAN_POINT('',(1.61,12.27,0.));
#12520=CARTESIAN_POINT('Origin',(2.11,12.27,1.6));
#12521=CARTESIAN_POINT('Origin',(2.11,2.11,0.));
#12522=CARTESIAN_POINT('',(1.61,2.11,0.));
#12523=CARTESIAN_POINT('Origin',(2.11,2.11,0.));
#12524=CARTESIAN_POINT('',(1.61,2.11,1.6));
#12525=CARTESIAN_POINT('',(1.61,2.11,0.));
#12526=CARTESIAN_POINT('Origin',(2.11,2.11,1.6));
#12527=CARTESIAN_POINT('Origin',(2.11,9.73,0.));
#12528=CARTESIAN_POINT('',(1.61,9.73,0.));
#12529=CARTESIAN_POINT('Origin',(2.11,9.73,0.));
#12530=CARTESIAN_POINT('',(1.61,9.73,1.6));
#12531=CARTESIAN_POINT('',(1.61,9.73,0.));
#12532=CARTESIAN_POINT('Origin',(2.11,9.73,1.6));
#12533=CARTESIAN_POINT('Origin',(2.11,19.89,0.));
#12534=CARTESIAN_POINT('',(1.61,19.89,0.));
#12535=CARTESIAN_POINT('Origin',(2.11,19.89,0.));
#12536=CARTESIAN_POINT('',(1.61,19.89,1.6));
#12537=CARTESIAN_POINT('',(1.61,19.89,0.));
#12538=CARTESIAN_POINT('Origin',(2.11,19.89,1.6));
#12539=CARTESIAN_POINT('Origin',(17.39,12.27,0.));
#12540=CARTESIAN_POINT('',(16.89,12.27,0.));
#12541=CARTESIAN_POINT('Origin',(17.39,12.27,0.));
#12542=CARTESIAN_POINT('',(16.89,12.27,1.6));
#12543=CARTESIAN_POINT('',(16.89,12.27,0.));
#12544=CARTESIAN_POINT('Origin',(17.39,12.27,1.6));
#12545=CARTESIAN_POINT('Origin',(17.39,2.11,0.));
#12546=CARTESIAN_POINT('',(16.89,2.11,0.));
#12547=CARTESIAN_POINT('Origin',(17.39,2.11,0.));
#12548=CARTESIAN_POINT('',(16.89,2.11,1.6));
#12549=CARTESIAN_POINT('',(16.89,2.11,0.));
#12550=CARTESIAN_POINT('Origin',(17.39,2.11,1.6));
#12551=CARTESIAN_POINT('Origin',(19.5,22.,0.));
#12552=CARTESIAN_POINT('',(19.5,22.,0.));
#12553=CARTESIAN_POINT('',(0.,22.,0.));
#12554=CARTESIAN_POINT('',(19.5,22.,0.));
#12555=CARTESIAN_POINT('',(0.,22.,1.6));
#12556=CARTESIAN_POINT('',(0.,22.,0.));
#12557=CARTESIAN_POINT('',(19.5,22.,1.6));
#12558=CARTESIAN_POINT('',(19.5,22.,1.6));
#12559=CARTESIAN_POINT('',(19.5,22.,0.));
#12560=CARTESIAN_POINT('Origin',(19.5,0.,0.));
#12561=CARTESIAN_POINT('',(19.5,0.,0.));
#12562=CARTESIAN_POINT('',(19.5,0.,0.));
#12563=CARTESIAN_POINT('',(19.5,0.,1.6));
#12564=CARTESIAN_POINT('',(19.5,0.,1.6));
#12565=CARTESIAN_POINT('',(19.5,0.,0.));
#12566=CARTESIAN_POINT('Origin',(0.,0.,0.));
#12567=CARTESIAN_POINT('',(0.,0.,0.));
#12568=CARTESIAN_POINT('',(0.,0.,0.));
#12569=CARTESIAN_POINT('',(0.,0.,1.6));
#12570=CARTESIAN_POINT('',(0.,0.,1.6));
#12571=CARTESIAN_POINT('',(0.,0.,0.));
#12572=CARTESIAN_POINT('Origin',(0.,22.,0.));
#12573=CARTESIAN_POINT('',(0.,22.,0.));
#12574=CARTESIAN_POINT('',(0.,22.,1.6));
#12575=CARTESIAN_POINT('Origin',(9.75,11.,1.6));
#12576=CARTESIAN_POINT('Origin',(9.75,11.,0.));
#12577=CARTESIAN_POINT('Origin',(17.065,9.505,0.));
#12578=CARTESIAN_POINT('',(17.065,9.505,0.));
#12579=CARTESIAN_POINT('',(17.165,9.405,0.));
#12580=CARTESIAN_POINT('',(17.165,9.405,0.));
#12581=CARTESIAN_POINT('',(17.165,9.405,-2.4));
#12582=CARTESIAN_POINT('',(17.165,9.405,0.));
#12583=CARTESIAN_POINT('',(17.065,9.505,-2.4));
#12584=CARTESIAN_POINT('',(17.165,9.405,-2.4));
#12585=CARTESIAN_POINT('',(17.065,9.505,0.));
#12586=CARTESIAN_POINT('Origin',(17.065,9.95500000000001,0.));
#12587=CARTESIAN_POINT('',(17.065,9.95500000000001,0.));
#12588=CARTESIAN_POINT('',(17.065,9.505,0.));
#12589=CARTESIAN_POINT('',(17.065,9.95500000000001,-2.4));
#12590=CARTESIAN_POINT('',(17.065,9.505,-2.4));
#12591=CARTESIAN_POINT('',(17.065,9.95500000000001,0.));
#12592=CARTESIAN_POINT('Origin',(17.165,10.055,0.));
#12593=CARTESIAN_POINT('',(17.165,10.055,0.));
#12594=CARTESIAN_POINT('',(17.065,9.95500000000001,0.));
#12595=CARTESIAN_POINT('',(17.165,10.055,-2.4));
#12596=CARTESIAN_POINT('',(17.065,9.95500000000001,-2.4));
#12597=CARTESIAN_POINT('',(17.165,10.055,0.));
#12598=CARTESIAN_POINT('Origin',(17.615,10.055,0.));
#12599=CARTESIAN_POINT('',(17.615,10.055,0.));
#12600=CARTESIAN_POINT('',(17.165,10.055,0.));
#12601=CARTESIAN_POINT('',(17.615,10.055,-2.4));
#12602=CARTESIAN_POINT('',(17.165,10.055,-2.4));
#12603=CARTESIAN_POINT('',(17.615,10.055,0.));
#12604=CARTESIAN_POINT('Origin',(17.715,9.95500000000001,0.));
#12605=CARTESIAN_POINT('',(17.715,9.95500000000001,0.));
#12606=CARTESIAN_POINT('',(17.615,10.055,0.));
#12607=CARTESIAN_POINT('',(17.715,9.95500000000001,-2.4));
#12608=CARTESIAN_POINT('',(17.615,10.055,-2.4));
#12609=CARTESIAN_POINT('',(17.715,9.95500000000001,0.));
#12610=CARTESIAN_POINT('Origin',(17.715,9.505,0.));
#12611=CARTESIAN_POINT('',(17.715,9.505,0.));
#12612=CARTESIAN_POINT('',(17.715,9.95500000000001,0.));
#12613=CARTESIAN_POINT('',(17.715,9.505,-2.4));
#12614=CARTESIAN_POINT('',(17.715,9.95500000000001,-2.4));
#12615=CARTESIAN_POINT('',(17.715,9.505,0.));
#12616=CARTESIAN_POINT('Origin',(17.615,9.405,0.));
#12617=CARTESIAN_POINT('',(17.615,9.405,0.));
#12618=CARTESIAN_POINT('',(17.615,9.405,0.));
#12619=CARTESIAN_POINT('',(17.615,9.405,-2.4));
#12620=CARTESIAN_POINT('',(17.615,9.405,-2.4));
#12621=CARTESIAN_POINT('',(17.615,9.405,0.));
#12622=CARTESIAN_POINT('Origin',(17.165,9.405,0.));
#12623=CARTESIAN_POINT('',(17.615,9.405,0.));
#12624=CARTESIAN_POINT('',(17.615,9.405,-2.4));
#12625=CARTESIAN_POINT('Origin',(18.64,8.98,0.));
#12626=CARTESIAN_POINT('',(18.14,8.48,0.));
#12627=CARTESIAN_POINT('',(18.64,8.98,0.));
#12628=CARTESIAN_POINT('',(18.14,8.48,0.));
#12629=CARTESIAN_POINT('',(18.14,8.48,-2.4));
#12630=CARTESIAN_POINT('',(18.14,8.48,0.));
#12631=CARTESIAN_POINT('',(18.64,8.98,-2.4));
#12632=CARTESIAN_POINT('',(18.14,8.48,-2.4));
#12633=CARTESIAN_POINT('',(18.64,8.98,0.));
#12634=CARTESIAN_POINT('Origin',(18.64,10.48,0.));
#12635=CARTESIAN_POINT('',(18.64,10.48,0.));
#12636=CARTESIAN_POINT('',(18.64,10.48,0.));
#12637=CARTESIAN_POINT('',(18.64,10.48,-2.4));
#12638=CARTESIAN_POINT('',(18.64,10.48,-2.4));
#12639=CARTESIAN_POINT('',(18.64,10.48,0.));
#12640=CARTESIAN_POINT('Origin',(18.14,10.98,0.));
#12641=CARTESIAN_POINT('',(18.14,10.98,0.));
#12642=CARTESIAN_POINT('',(18.14,10.98,0.));
#12643=CARTESIAN_POINT('',(18.14,10.98,-2.4));
#12644=CARTESIAN_POINT('',(18.14,10.98,-2.4));
#12645=CARTESIAN_POINT('',(18.14,10.98,0.));
#12646=CARTESIAN_POINT('Origin',(16.64,10.98,0.));
#12647=CARTESIAN_POINT('',(16.64,10.98,0.));
#12648=CARTESIAN_POINT('',(16.64,10.98,0.));
#12649=CARTESIAN_POINT('',(16.64,10.98,-2.4));
#12650=CARTESIAN_POINT('',(16.64,10.98,-2.4));
#12651=CARTESIAN_POINT('',(16.64,10.98,0.));
#12652=CARTESIAN_POINT('Origin',(16.14,10.48,0.));
#12653=CARTESIAN_POINT('',(16.14,10.48,0.));
#12654=CARTESIAN_POINT('',(16.14,10.48,0.));
#12655=CARTESIAN_POINT('',(16.14,10.48,-2.4));
#12656=CARTESIAN_POINT('',(16.14,10.48,-2.4));
#12657=CARTESIAN_POINT('',(16.14,10.48,0.));
#12658=CARTESIAN_POINT('Origin',(16.14,8.98,0.));
#12659=CARTESIAN_POINT('',(16.14,8.98,0.));
#12660=CARTESIAN_POINT('',(16.14,8.98,0.));
#12661=CARTESIAN_POINT('',(16.14,8.98,-2.4));
#12662=CARTESIAN_POINT('',(16.14,8.98,-2.4));
#12663=CARTESIAN_POINT('',(16.14,8.98,0.));
#12664=CARTESIAN_POINT('Origin',(16.64,8.48,0.));
#12665=CARTESIAN_POINT('',(16.64,8.48,0.));
#12666=CARTESIAN_POINT('',(16.64,8.48,0.));
#12667=CARTESIAN_POINT('',(16.64,8.48,-2.4));
#12668=CARTESIAN_POINT('',(16.64,8.48,-2.4));
#12669=CARTESIAN_POINT('',(16.64,8.48,0.));
#12670=CARTESIAN_POINT('Origin',(18.14,8.48,0.));
#12671=CARTESIAN_POINT('',(18.14,8.48,0.));
#12672=CARTESIAN_POINT('',(18.14,8.48,-2.4));
#12673=CARTESIAN_POINT('Origin',(17.39,9.73,-2.4));
#12674=CARTESIAN_POINT('Origin',(17.39,9.73,0.));
#12675=CARTESIAN_POINT('Origin',(17.065,17.125,0.));
#12676=CARTESIAN_POINT('',(17.065,17.125,0.));
#12677=CARTESIAN_POINT('',(17.165,17.025,0.));
#12678=CARTESIAN_POINT('',(17.165,17.025,0.));
#12679=CARTESIAN_POINT('',(17.165,17.025,-2.4));
#12680=CARTESIAN_POINT('',(17.165,17.025,0.));
#12681=CARTESIAN_POINT('',(17.065,17.125,-2.4));
#12682=CARTESIAN_POINT('',(17.165,17.025,-2.4));
#12683=CARTESIAN_POINT('',(17.065,17.125,0.));
#12684=CARTESIAN_POINT('Origin',(17.065,17.575,0.));
#12685=CARTESIAN_POINT('',(17.065,17.575,0.));
#12686=CARTESIAN_POINT('',(17.065,17.125,0.));
#12687=CARTESIAN_POINT('',(17.065,17.575,-2.4));
#12688=CARTESIAN_POINT('',(17.065,17.125,-2.4));
#12689=CARTESIAN_POINT('',(17.065,17.575,0.));
#12690=CARTESIAN_POINT('Origin',(17.165,17.675,0.));
#12691=CARTESIAN_POINT('',(17.165,17.675,0.));
#12692=CARTESIAN_POINT('',(17.065,17.575,0.));
#12693=CARTESIAN_POINT('',(17.165,17.675,-2.4));
#12694=CARTESIAN_POINT('',(17.065,17.575,-2.4));
#12695=CARTESIAN_POINT('',(17.165,17.675,0.));
#12696=CARTESIAN_POINT('Origin',(17.615,17.675,0.));
#12697=CARTESIAN_POINT('',(17.615,17.675,0.));
#12698=CARTESIAN_POINT('',(17.165,17.675,0.));
#12699=CARTESIAN_POINT('',(17.615,17.675,-2.4));
#12700=CARTESIAN_POINT('',(17.165,17.675,-2.4));
#12701=CARTESIAN_POINT('',(17.615,17.675,0.));
#12702=CARTESIAN_POINT('Origin',(17.715,17.575,0.));
#12703=CARTESIAN_POINT('',(17.715,17.575,0.));
#12704=CARTESIAN_POINT('',(17.615,17.675,0.));
#12705=CARTESIAN_POINT('',(17.715,17.575,-2.4));
#12706=CARTESIAN_POINT('',(17.615,17.675,-2.4));
#12707=CARTESIAN_POINT('',(17.715,17.575,0.));
#12708=CARTESIAN_POINT('Origin',(17.715,17.125,0.));
#12709=CARTESIAN_POINT('',(17.715,17.125,0.));
#12710=CARTESIAN_POINT('',(17.715,17.575,0.));
#12711=CARTESIAN_POINT('',(17.715,17.125,-2.4));
#12712=CARTESIAN_POINT('',(17.715,17.575,-2.4));
#12713=CARTESIAN_POINT('',(17.715,17.125,0.));
#12714=CARTESIAN_POINT('Origin',(17.615,17.025,0.));
#12715=CARTESIAN_POINT('',(17.615,17.025,0.));
#12716=CARTESIAN_POINT('',(17.615,17.025,0.));
#12717=CARTESIAN_POINT('',(17.615,17.025,-2.4));
#12718=CARTESIAN_POINT('',(17.615,17.025,-2.4));
#12719=CARTESIAN_POINT('',(17.615,17.025,0.));
#12720=CARTESIAN_POINT('Origin',(17.165,17.025,0.));
#12721=CARTESIAN_POINT('',(17.615,17.025,0.));
#12722=CARTESIAN_POINT('',(17.615,17.025,-2.4));
#12723=CARTESIAN_POINT('Origin',(18.64,16.6,0.));
#12724=CARTESIAN_POINT('',(18.14,16.1,0.));
#12725=CARTESIAN_POINT('',(18.64,16.6,0.));
#12726=CARTESIAN_POINT('',(18.14,16.1,0.));
#12727=CARTESIAN_POINT('',(18.14,16.1,-2.4));
#12728=CARTESIAN_POINT('',(18.14,16.1,0.));
#12729=CARTESIAN_POINT('',(18.64,16.6,-2.4));
#12730=CARTESIAN_POINT('',(18.14,16.1,-2.4));
#12731=CARTESIAN_POINT('',(18.64,16.6,0.));
#12732=CARTESIAN_POINT('Origin',(18.64,18.1,0.));
#12733=CARTESIAN_POINT('',(18.64,18.1,0.));
#12734=CARTESIAN_POINT('',(18.64,18.1,0.));
#12735=CARTESIAN_POINT('',(18.64,18.1,-2.4));
#12736=CARTESIAN_POINT('',(18.64,18.1,-2.4));
#12737=CARTESIAN_POINT('',(18.64,18.1,0.));
#12738=CARTESIAN_POINT('Origin',(18.14,18.6,0.));
#12739=CARTESIAN_POINT('',(18.14,18.6,0.));
#12740=CARTESIAN_POINT('',(18.14,18.6,0.));
#12741=CARTESIAN_POINT('',(18.14,18.6,-2.4));
#12742=CARTESIAN_POINT('',(18.14,18.6,-2.4));
#12743=CARTESIAN_POINT('',(18.14,18.6,0.));
#12744=CARTESIAN_POINT('Origin',(16.64,18.6,0.));
#12745=CARTESIAN_POINT('',(16.64,18.6,0.));
#12746=CARTESIAN_POINT('',(16.64,18.6,0.));
#12747=CARTESIAN_POINT('',(16.64,18.6,-2.4));
#12748=CARTESIAN_POINT('',(16.64,18.6,-2.4));
#12749=CARTESIAN_POINT('',(16.64,18.6,0.));
#12750=CARTESIAN_POINT('Origin',(16.14,18.1,0.));
#12751=CARTESIAN_POINT('',(16.14,18.1,0.));
#12752=CARTESIAN_POINT('',(16.14,18.1,0.));
#12753=CARTESIAN_POINT('',(16.14,18.1,-2.4));
#12754=CARTESIAN_POINT('',(16.14,18.1,-2.4));
#12755=CARTESIAN_POINT('',(16.14,18.1,0.));
#12756=CARTESIAN_POINT('Origin',(16.14,16.6,0.));
#12757=CARTESIAN_POINT('',(16.14,16.6,0.));
#12758=CARTESIAN_POINT('',(16.14,16.6,0.));
#12759=CARTESIAN_POINT('',(16.14,16.6,-2.4));
#12760=CARTESIAN_POINT('',(16.14,16.6,-2.4));
#12761=CARTESIAN_POINT('',(16.14,16.6,0.));
#12762=CARTESIAN_POINT('Origin',(16.64,16.1,0.));
#12763=CARTESIAN_POINT('',(16.64,16.1,0.));
#12764=CARTESIAN_POINT('',(16.64,16.1,0.));
#12765=CARTESIAN_POINT('',(16.64,16.1,-2.4));
#12766=CARTESIAN_POINT('',(16.64,16.1,-2.4));
#12767=CARTESIAN_POINT('',(16.64,16.1,0.));
#12768=CARTESIAN_POINT('Origin',(18.14,16.1,0.));
#12769=CARTESIAN_POINT('',(18.14,16.1,0.));
#12770=CARTESIAN_POINT('',(18.14,16.1,-2.4));
#12771=CARTESIAN_POINT('Origin',(17.39,17.35,-2.4));
#12772=CARTESIAN_POINT('Origin',(17.39,17.35,0.));
#12773=CARTESIAN_POINT('Origin',(1.785,15.035,0.));
#12774=CARTESIAN_POINT('',(1.785,15.035,0.));
#12775=CARTESIAN_POINT('',(1.785,14.585,0.));
#12776=CARTESIAN_POINT('',(1.785,15.035,0.));
#12777=CARTESIAN_POINT('',(1.785,14.585,-2.4));
#12778=CARTESIAN_POINT('',(1.785,14.585,0.));
#12779=CARTESIAN_POINT('',(1.785,15.035,-2.4));
#12780=CARTESIAN_POINT('',(1.785,15.035,-2.4));
#12781=CARTESIAN_POINT('',(1.785,15.035,0.));
#12782=CARTESIAN_POINT('Origin',(1.885,15.135,0.));
#12783=CARTESIAN_POINT('',(1.885,15.135,0.));
#12784=CARTESIAN_POINT('',(1.885,15.135,0.));
#12785=CARTESIAN_POINT('',(1.885,15.135,-2.4));
#12786=CARTESIAN_POINT('',(1.885,15.135,-2.4));
#12787=CARTESIAN_POINT('',(1.885,15.135,0.));
#12788=CARTESIAN_POINT('Origin',(2.335,15.135,0.));
#12789=CARTESIAN_POINT('',(2.335,15.135,0.));
#12790=CARTESIAN_POINT('',(2.335,15.135,0.));
#12791=CARTESIAN_POINT('',(2.335,15.135,-2.4));
#12792=CARTESIAN_POINT('',(2.335,15.135,-2.4));
#12793=CARTESIAN_POINT('',(2.335,15.135,0.));
#12794=CARTESIAN_POINT('Origin',(2.435,15.035,0.));
#12795=CARTESIAN_POINT('',(2.435,15.035,0.));
#12796=CARTESIAN_POINT('',(2.435,15.035,0.));
#12797=CARTESIAN_POINT('',(2.435,15.035,-2.4));
#12798=CARTESIAN_POINT('',(2.435,15.035,-2.4));
#12799=CARTESIAN_POINT('',(2.435,15.035,0.));
#12800=CARTESIAN_POINT('Origin',(2.435,14.585,0.));
#12801=CARTESIAN_POINT('',(2.435,14.585,0.));
#12802=CARTESIAN_POINT('',(2.435,14.585,0.));
#12803=CARTESIAN_POINT('',(2.435,14.585,-2.4));
#12804=CARTESIAN_POINT('',(2.435,14.585,-2.4));
#12805=CARTESIAN_POINT('',(2.435,14.585,0.));
#12806=CARTESIAN_POINT('Origin',(2.335,14.485,0.));
#12807=CARTESIAN_POINT('',(2.335,14.485,0.));
#12808=CARTESIAN_POINT('',(2.335,14.485,0.));
#12809=CARTESIAN_POINT('',(2.335,14.485,-2.4));
#12810=CARTESIAN_POINT('',(2.335,14.485,-2.4));
#12811=CARTESIAN_POINT('',(2.335,14.485,0.));
#12812=CARTESIAN_POINT('Origin',(1.885,14.485,0.));
#12813=CARTESIAN_POINT('',(1.885,14.485,0.));
#12814=CARTESIAN_POINT('',(1.885,14.485,0.));
#12815=CARTESIAN_POINT('',(1.885,14.485,-2.4));
#12816=CARTESIAN_POINT('',(1.885,14.485,-2.4));
#12817=CARTESIAN_POINT('',(1.885,14.485,0.));
#12818=CARTESIAN_POINT('Origin',(1.785,14.585,0.));
#12819=CARTESIAN_POINT('',(1.885,14.485,0.));
#12820=CARTESIAN_POINT('',(1.885,14.485,-2.4));
#12821=CARTESIAN_POINT('Origin',(2.86,13.56,0.));
#12822=CARTESIAN_POINT('',(1.36,13.56,0.));
#12823=CARTESIAN_POINT('',(2.86,13.56,0.));
#12824=CARTESIAN_POINT('',(1.36,13.56,0.));
#12825=CARTESIAN_POINT('',(1.36,13.56,-2.4));
#12826=CARTESIAN_POINT('',(1.36,13.56,0.));
#12827=CARTESIAN_POINT('',(2.86,13.56,-2.4));
#12828=CARTESIAN_POINT('',(1.36,13.56,-2.4));
#12829=CARTESIAN_POINT('',(2.86,13.56,0.));
#12830=CARTESIAN_POINT('Origin',(3.36,14.06,0.));
#12831=CARTESIAN_POINT('',(3.36,14.06,0.));
#12832=CARTESIAN_POINT('',(2.86,13.56,0.));
#12833=CARTESIAN_POINT('',(3.36,14.06,-2.4));
#12834=CARTESIAN_POINT('',(2.86,13.56,-2.4));
#12835=CARTESIAN_POINT('',(3.36,14.06,0.));
#12836=CARTESIAN_POINT('Origin',(3.36,15.56,0.));
#12837=CARTESIAN_POINT('',(3.36,15.56,0.));
#12838=CARTESIAN_POINT('',(3.36,14.06,0.));
#12839=CARTESIAN_POINT('',(3.36,15.56,-2.4));
#12840=CARTESIAN_POINT('',(3.36,14.06,-2.4));
#12841=CARTESIAN_POINT('',(3.36,15.56,0.));
#12842=CARTESIAN_POINT('Origin',(2.86,16.06,0.));
#12843=CARTESIAN_POINT('',(2.86,16.06,0.));
#12844=CARTESIAN_POINT('',(3.36,15.56,0.));
#12845=CARTESIAN_POINT('',(2.86,16.06,-2.4));
#12846=CARTESIAN_POINT('',(3.36,15.56,-2.4));
#12847=CARTESIAN_POINT('',(2.86,16.06,0.));
#12848=CARTESIAN_POINT('Origin',(1.36,16.06,0.));
#12849=CARTESIAN_POINT('',(1.36,16.06,0.));
#12850=CARTESIAN_POINT('',(2.86,16.06,0.));
#12851=CARTESIAN_POINT('',(1.36,16.06,-2.4));
#12852=CARTESIAN_POINT('',(2.86,16.06,-2.4));
#12853=CARTESIAN_POINT('',(1.36,16.06,0.));
#12854=CARTESIAN_POINT('Origin',(0.86,15.56,0.));
#12855=CARTESIAN_POINT('',(0.86,15.56,0.));
#12856=CARTESIAN_POINT('',(1.36,16.06,0.));
#12857=CARTESIAN_POINT('',(0.86,15.56,-2.4));
#12858=CARTESIAN_POINT('',(1.36,16.06,-2.4));
#12859=CARTESIAN_POINT('',(0.86,15.56,0.));
#12860=CARTESIAN_POINT('Origin',(0.86,14.06,0.));
#12861=CARTESIAN_POINT('',(0.86,14.06,0.));
#12862=CARTESIAN_POINT('',(0.86,15.56,0.));
#12863=CARTESIAN_POINT('',(0.86,14.06,-2.4));
#12864=CARTESIAN_POINT('',(0.86,15.56,-2.4));
#12865=CARTESIAN_POINT('',(0.86,14.06,0.));
#12866=CARTESIAN_POINT('Origin',(1.36,13.56,0.));
#12867=CARTESIAN_POINT('',(1.36,13.56,0.));
#12868=CARTESIAN_POINT('',(1.36,13.56,-2.4));
#12869=CARTESIAN_POINT('Origin',(2.11,14.81,-2.4));
#12870=CARTESIAN_POINT('Origin',(2.11,14.81,0.));
#12871=CARTESIAN_POINT('Origin',(1.785,9.95500000000001,0.));
#12872=CARTESIAN_POINT('',(1.785,9.95500000000001,0.));
#12873=CARTESIAN_POINT('',(1.785,9.505,0.));
#12874=CARTESIAN_POINT('',(1.785,9.95500000000001,0.));
#12875=CARTESIAN_POINT('',(1.785,9.505,-2.4));
#12876=CARTESIAN_POINT('',(1.785,9.505,0.));
#12877=CARTESIAN_POINT('',(1.785,9.95500000000001,-2.4));
#12878=CARTESIAN_POINT('',(1.785,9.95500000000001,-2.4));
#12879=CARTESIAN_POINT('',(1.785,9.95500000000001,0.));
#12880=CARTESIAN_POINT('Origin',(1.885,10.055,0.));
#12881=CARTESIAN_POINT('',(1.885,10.055,0.));
#12882=CARTESIAN_POINT('',(1.885,10.055,0.));
#12883=CARTESIAN_POINT('',(1.885,10.055,-2.4));
#12884=CARTESIAN_POINT('',(1.885,10.055,-2.4));
#12885=CARTESIAN_POINT('',(1.885,10.055,0.));
#12886=CARTESIAN_POINT('Origin',(2.335,10.055,0.));
#12887=CARTESIAN_POINT('',(2.335,10.055,0.));
#12888=CARTESIAN_POINT('',(2.335,10.055,0.));
#12889=CARTESIAN_POINT('',(2.335,10.055,-2.4));
#12890=CARTESIAN_POINT('',(2.335,10.055,-2.4));
#12891=CARTESIAN_POINT('',(2.335,10.055,0.));
#12892=CARTESIAN_POINT('Origin',(2.435,9.95500000000001,0.));
#12893=CARTESIAN_POINT('',(2.435,9.95500000000001,0.));
#12894=CARTESIAN_POINT('',(2.435,9.95500000000001,0.));
#12895=CARTESIAN_POINT('',(2.435,9.95500000000001,-2.4));
#12896=CARTESIAN_POINT('',(2.435,9.95500000000001,-2.4));
#12897=CARTESIAN_POINT('',(2.435,9.95500000000001,0.));
#12898=CARTESIAN_POINT('Origin',(2.435,9.505,0.));
#12899=CARTESIAN_POINT('',(2.435,9.505,0.));
#12900=CARTESIAN_POINT('',(2.435,9.505,0.));
#12901=CARTESIAN_POINT('',(2.435,9.505,-2.4));
#12902=CARTESIAN_POINT('',(2.435,9.505,-2.4));
#12903=CARTESIAN_POINT('',(2.435,9.505,0.));
#12904=CARTESIAN_POINT('Origin',(2.335,9.405,0.));
#12905=CARTESIAN_POINT('',(2.335,9.405,0.));
#12906=CARTESIAN_POINT('',(2.335,9.405,0.));
#12907=CARTESIAN_POINT('',(2.335,9.405,-2.4));
#12908=CARTESIAN_POINT('',(2.335,9.405,-2.4));
#12909=CARTESIAN_POINT('',(2.335,9.405,0.));
#12910=CARTESIAN_POINT('Origin',(1.885,9.405,0.));
#12911=CARTESIAN_POINT('',(1.885,9.405,0.));
#12912=CARTESIAN_POINT('',(1.885,9.405,0.));
#12913=CARTESIAN_POINT('',(1.885,9.405,-2.4));
#12914=CARTESIAN_POINT('',(1.885,9.405,-2.4));
#12915=CARTESIAN_POINT('',(1.885,9.405,0.));
#12916=CARTESIAN_POINT('Origin',(1.785,9.505,0.));
#12917=CARTESIAN_POINT('',(1.885,9.405,0.));
#12918=CARTESIAN_POINT('',(1.885,9.405,-2.4));
#12919=CARTESIAN_POINT('Origin',(2.86,8.48,0.));
#12920=CARTESIAN_POINT('',(1.36,8.48,0.));
#12921=CARTESIAN_POINT('',(2.86,8.48,0.));
#12922=CARTESIAN_POINT('',(1.36,8.48,0.));
#12923=CARTESIAN_POINT('',(1.36,8.48,-2.4));
#12924=CARTESIAN_POINT('',(1.36,8.48,0.));
#12925=CARTESIAN_POINT('',(2.86,8.48,-2.4));
#12926=CARTESIAN_POINT('',(1.36,8.48,-2.4));
#12927=CARTESIAN_POINT('',(2.86,8.48,0.));
#12928=CARTESIAN_POINT('Origin',(3.36,8.98,0.));
#12929=CARTESIAN_POINT('',(3.36,8.98,0.));
#12930=CARTESIAN_POINT('',(2.86,8.48,0.));
#12931=CARTESIAN_POINT('',(3.36,8.98,-2.4));
#12932=CARTESIAN_POINT('',(2.86,8.48,-2.4));
#12933=CARTESIAN_POINT('',(3.36,8.98,0.));
#12934=CARTESIAN_POINT('Origin',(3.36,10.48,0.));
#12935=CARTESIAN_POINT('',(3.36,10.48,0.));
#12936=CARTESIAN_POINT('',(3.36,8.98,0.));
#12937=CARTESIAN_POINT('',(3.36,10.48,-2.4));
#12938=CARTESIAN_POINT('',(3.36,8.98,-2.4));
#12939=CARTESIAN_POINT('',(3.36,10.48,0.));
#12940=CARTESIAN_POINT('Origin',(2.86,10.98,0.));
#12941=CARTESIAN_POINT('',(2.86,10.98,0.));
#12942=CARTESIAN_POINT('',(3.36,10.48,0.));
#12943=CARTESIAN_POINT('',(2.86,10.98,-2.4));
#12944=CARTESIAN_POINT('',(3.36,10.48,-2.4));
#12945=CARTESIAN_POINT('',(2.86,10.98,0.));
#12946=CARTESIAN_POINT('Origin',(1.36,10.98,0.));
#12947=CARTESIAN_POINT('',(1.36,10.98,0.));
#12948=CARTESIAN_POINT('',(2.86,10.98,0.));
#12949=CARTESIAN_POINT('',(1.36,10.98,-2.4));
#12950=CARTESIAN_POINT('',(2.86,10.98,-2.4));
#12951=CARTESIAN_POINT('',(1.36,10.98,0.));
#12952=CARTESIAN_POINT('Origin',(0.86,10.48,0.));
#12953=CARTESIAN_POINT('',(0.86,10.48,0.));
#12954=CARTESIAN_POINT('',(1.36,10.98,0.));
#12955=CARTESIAN_POINT('',(0.86,10.48,-2.4));
#12956=CARTESIAN_POINT('',(1.36,10.98,-2.4));
#12957=CARTESIAN_POINT('',(0.86,10.48,0.));
#12958=CARTESIAN_POINT('Origin',(0.86,8.98,0.));
#12959=CARTESIAN_POINT('',(0.86,8.98,0.));
#12960=CARTESIAN_POINT('',(0.86,10.48,0.));
#12961=CARTESIAN_POINT('',(0.86,8.98,-2.4));
#12962=CARTESIAN_POINT('',(0.86,10.48,-2.4));
#12963=CARTESIAN_POINT('',(0.86,8.98,0.));
#12964=CARTESIAN_POINT('Origin',(1.36,8.48,0.));
#12965=CARTESIAN_POINT('',(1.36,8.48,0.));
#12966=CARTESIAN_POINT('',(1.36,8.48,-2.4));
#12967=CARTESIAN_POINT('Origin',(2.11,9.73,-2.4));
#12968=CARTESIAN_POINT('Origin',(2.11,9.73,0.));
#12969=CARTESIAN_POINT('Origin',(1.785,4.875,0.));
#12970=CARTESIAN_POINT('',(1.785,4.875,0.));
#12971=CARTESIAN_POINT('',(1.785,4.425,0.));
#12972=CARTESIAN_POINT('',(1.785,4.875,0.));
#12973=CARTESIAN_POINT('',(1.785,4.425,-2.4));
#12974=CARTESIAN_POINT('',(1.785,4.425,0.));
#12975=CARTESIAN_POINT('',(1.785,4.875,-2.4));
#12976=CARTESIAN_POINT('',(1.785,4.875,-2.4));
#12977=CARTESIAN_POINT('',(1.785,4.875,0.));
#12978=CARTESIAN_POINT('Origin',(1.885,4.975,0.));
#12979=CARTESIAN_POINT('',(1.885,4.975,0.));
#12980=CARTESIAN_POINT('',(1.885,4.975,0.));
#12981=CARTESIAN_POINT('',(1.885,4.975,-2.4));
#12982=CARTESIAN_POINT('',(1.885,4.975,-2.4));
#12983=CARTESIAN_POINT('',(1.885,4.975,0.));
#12984=CARTESIAN_POINT('Origin',(2.335,4.975,0.));
#12985=CARTESIAN_POINT('',(2.335,4.975,0.));
#12986=CARTESIAN_POINT('',(2.335,4.975,0.));
#12987=CARTESIAN_POINT('',(2.335,4.975,-2.4));
#12988=CARTESIAN_POINT('',(2.335,4.975,-2.4));
#12989=CARTESIAN_POINT('',(2.335,4.975,0.));
#12990=CARTESIAN_POINT('Origin',(2.435,4.875,0.));
#12991=CARTESIAN_POINT('',(2.435,4.875,0.));
#12992=CARTESIAN_POINT('',(2.435,4.875,0.));
#12993=CARTESIAN_POINT('',(2.435,4.875,-2.4));
#12994=CARTESIAN_POINT('',(2.435,4.875,-2.4));
#12995=CARTESIAN_POINT('',(2.435,4.875,0.));
#12996=CARTESIAN_POINT('Origin',(2.435,4.425,0.));
#12997=CARTESIAN_POINT('',(2.435,4.425,0.));
#12998=CARTESIAN_POINT('',(2.435,4.425,0.));
#12999=CARTESIAN_POINT('',(2.435,4.425,-2.4));
#13000=CARTESIAN_POINT('',(2.435,4.425,-2.4));
#13001=CARTESIAN_POINT('',(2.435,4.425,0.));
#13002=CARTESIAN_POINT('Origin',(2.335,4.325,0.));
#13003=CARTESIAN_POINT('',(2.335,4.325,0.));
#13004=CARTESIAN_POINT('',(2.335,4.325,0.));
#13005=CARTESIAN_POINT('',(2.335,4.325,-2.4));
#13006=CARTESIAN_POINT('',(2.335,4.325,-2.4));
#13007=CARTESIAN_POINT('',(2.335,4.325,0.));
#13008=CARTESIAN_POINT('Origin',(1.885,4.325,0.));
#13009=CARTESIAN_POINT('',(1.885,4.325,0.));
#13010=CARTESIAN_POINT('',(1.885,4.325,0.));
#13011=CARTESIAN_POINT('',(1.885,4.325,-2.4));
#13012=CARTESIAN_POINT('',(1.885,4.325,-2.4));
#13013=CARTESIAN_POINT('',(1.885,4.325,0.));
#13014=CARTESIAN_POINT('Origin',(1.785,4.425,0.));
#13015=CARTESIAN_POINT('',(1.885,4.325,0.));
#13016=CARTESIAN_POINT('',(1.885,4.325,-2.4));
#13017=CARTESIAN_POINT('Origin',(2.86,3.4,0.));
#13018=CARTESIAN_POINT('',(1.36,3.4,0.));
#13019=CARTESIAN_POINT('',(2.86,3.4,0.));
#13020=CARTESIAN_POINT('',(1.36,3.4,0.));
#13021=CARTESIAN_POINT('',(1.36,3.4,-2.4));
#13022=CARTESIAN_POINT('',(1.36,3.4,0.));
#13023=CARTESIAN_POINT('',(2.86,3.4,-2.4));
#13024=CARTESIAN_POINT('',(1.36,3.4,-2.4));
#13025=CARTESIAN_POINT('',(2.86,3.4,0.));
#13026=CARTESIAN_POINT('Origin',(3.36,3.9,0.));
#13027=CARTESIAN_POINT('',(3.36,3.9,0.));
#13028=CARTESIAN_POINT('',(2.86,3.4,0.));
#13029=CARTESIAN_POINT('',(3.36,3.9,-2.4));
#13030=CARTESIAN_POINT('',(2.86,3.4,-2.4));
#13031=CARTESIAN_POINT('',(3.36,3.9,0.));
#13032=CARTESIAN_POINT('Origin',(3.36,5.4,0.));
#13033=CARTESIAN_POINT('',(3.36,5.4,0.));
#13034=CARTESIAN_POINT('',(3.36,3.9,0.));
#13035=CARTESIAN_POINT('',(3.36,5.4,-2.4));
#13036=CARTESIAN_POINT('',(3.36,3.9,-2.4));
#13037=CARTESIAN_POINT('',(3.36,5.4,0.));
#13038=CARTESIAN_POINT('Origin',(2.86,5.9,0.));
#13039=CARTESIAN_POINT('',(2.86,5.9,0.));
#13040=CARTESIAN_POINT('',(3.36,5.4,0.));
#13041=CARTESIAN_POINT('',(2.86,5.9,-2.4));
#13042=CARTESIAN_POINT('',(3.36,5.4,-2.4));
#13043=CARTESIAN_POINT('',(2.86,5.9,0.));
#13044=CARTESIAN_POINT('Origin',(1.36,5.9,0.));
#13045=CARTESIAN_POINT('',(1.36,5.9,0.));
#13046=CARTESIAN_POINT('',(2.86,5.9,0.));
#13047=CARTESIAN_POINT('',(1.36,5.9,-2.4));
#13048=CARTESIAN_POINT('',(2.86,5.9,-2.4));
#13049=CARTESIAN_POINT('',(1.36,5.9,0.));
#13050=CARTESIAN_POINT('Origin',(0.86,5.4,0.));
#13051=CARTESIAN_POINT('',(0.86,5.4,0.));
#13052=CARTESIAN_POINT('',(1.36,5.9,0.));
#13053=CARTESIAN_POINT('',(0.86,5.4,-2.4));
#13054=CARTESIAN_POINT('',(1.36,5.9,-2.4));
#13055=CARTESIAN_POINT('',(0.86,5.4,0.));
#13056=CARTESIAN_POINT('Origin',(0.86,3.9,0.));
#13057=CARTESIAN_POINT('',(0.86,3.9,0.));
#13058=CARTESIAN_POINT('',(0.86,5.4,0.));
#13059=CARTESIAN_POINT('',(0.86,3.9,-2.4));
#13060=CARTESIAN_POINT('',(0.86,5.4,-2.4));
#13061=CARTESIAN_POINT('',(0.86,3.9,0.));
#13062=CARTESIAN_POINT('Origin',(1.36,3.4,0.));
#13063=CARTESIAN_POINT('',(1.36,3.4,0.));
#13064=CARTESIAN_POINT('',(1.36,3.4,-2.4));
#13065=CARTESIAN_POINT('Origin',(2.11,4.65,-2.4));
#13066=CARTESIAN_POINT('Origin',(2.11,4.65,0.));
#13067=CARTESIAN_POINT('Origin',(1.785,17.575,0.));
#13068=CARTESIAN_POINT('',(1.785,17.575,0.));
#13069=CARTESIAN_POINT('',(1.785,17.125,0.));
#13070=CARTESIAN_POINT('',(1.785,17.575,0.));
#13071=CARTESIAN_POINT('',(1.785,17.125,-2.4));
#13072=CARTESIAN_POINT('',(1.785,17.125,0.));
#13073=CARTESIAN_POINT('',(1.785,17.575,-2.4));
#13074=CARTESIAN_POINT('',(1.785,17.575,-2.4));
#13075=CARTESIAN_POINT('',(1.785,17.575,0.));
#13076=CARTESIAN_POINT('Origin',(1.885,17.675,0.));
#13077=CARTESIAN_POINT('',(1.885,17.675,0.));
#13078=CARTESIAN_POINT('',(1.885,17.675,0.));
#13079=CARTESIAN_POINT('',(1.885,17.675,-2.4));
#13080=CARTESIAN_POINT('',(1.885,17.675,-2.4));
#13081=CARTESIAN_POINT('',(1.885,17.675,0.));
#13082=CARTESIAN_POINT('Origin',(2.335,17.675,0.));
#13083=CARTESIAN_POINT('',(2.335,17.675,0.));
#13084=CARTESIAN_POINT('',(2.335,17.675,0.));
#13085=CARTESIAN_POINT('',(2.335,17.675,-2.4));
#13086=CARTESIAN_POINT('',(2.335,17.675,-2.4));
#13087=CARTESIAN_POINT('',(2.335,17.675,0.));
#13088=CARTESIAN_POINT('Origin',(2.435,17.575,0.));
#13089=CARTESIAN_POINT('',(2.435,17.575,0.));
#13090=CARTESIAN_POINT('',(2.435,17.575,0.));
#13091=CARTESIAN_POINT('',(2.435,17.575,-2.4));
#13092=CARTESIAN_POINT('',(2.435,17.575,-2.4));
#13093=CARTESIAN_POINT('',(2.435,17.575,0.));
#13094=CARTESIAN_POINT('Origin',(2.435,17.125,0.));
#13095=CARTESIAN_POINT('',(2.435,17.125,0.));
#13096=CARTESIAN_POINT('',(2.435,17.125,0.));
#13097=CARTESIAN_POINT('',(2.435,17.125,-2.4));
#13098=CARTESIAN_POINT('',(2.435,17.125,-2.4));
#13099=CARTESIAN_POINT('',(2.435,17.125,0.));
#13100=CARTESIAN_POINT('Origin',(2.335,17.025,0.));
#13101=CARTESIAN_POINT('',(2.335,17.025,0.));
#13102=CARTESIAN_POINT('',(2.335,17.025,0.));
#13103=CARTESIAN_POINT('',(2.335,17.025,-2.4));
#13104=CARTESIAN_POINT('',(2.335,17.025,-2.4));
#13105=CARTESIAN_POINT('',(2.335,17.025,0.));
#13106=CARTESIAN_POINT('Origin',(1.885,17.025,0.));
#13107=CARTESIAN_POINT('',(1.885,17.025,0.));
#13108=CARTESIAN_POINT('',(1.885,17.025,0.));
#13109=CARTESIAN_POINT('',(1.885,17.025,-2.4));
#13110=CARTESIAN_POINT('',(1.885,17.025,-2.4));
#13111=CARTESIAN_POINT('',(1.885,17.025,0.));
#13112=CARTESIAN_POINT('Origin',(1.785,17.125,0.));
#13113=CARTESIAN_POINT('',(1.885,17.025,0.));
#13114=CARTESIAN_POINT('',(1.885,17.025,-2.4));
#13115=CARTESIAN_POINT('Origin',(2.86,16.1,0.));
#13116=CARTESIAN_POINT('',(1.36,16.1,0.));
#13117=CARTESIAN_POINT('',(2.86,16.1,0.));
#13118=CARTESIAN_POINT('',(1.36,16.1,0.));
#13119=CARTESIAN_POINT('',(1.36,16.1,-2.4));
#13120=CARTESIAN_POINT('',(1.36,16.1,0.));
#13121=CARTESIAN_POINT('',(2.86,16.1,-2.4));
#13122=CARTESIAN_POINT('',(1.36,16.1,-2.4));
#13123=CARTESIAN_POINT('',(2.86,16.1,0.));
#13124=CARTESIAN_POINT('Origin',(3.36,16.6,0.));
#13125=CARTESIAN_POINT('',(3.36,16.6,0.));
#13126=CARTESIAN_POINT('',(2.86,16.1,0.));
#13127=CARTESIAN_POINT('',(3.36,16.6,-2.4));
#13128=CARTESIAN_POINT('',(2.86,16.1,-2.4));
#13129=CARTESIAN_POINT('',(3.36,16.6,0.));
#13130=CARTESIAN_POINT('Origin',(3.36,18.1,0.));
#13131=CARTESIAN_POINT('',(3.36,18.1,0.));
#13132=CARTESIAN_POINT('',(3.36,16.6,0.));
#13133=CARTESIAN_POINT('',(3.36,18.1,-2.4));
#13134=CARTESIAN_POINT('',(3.36,16.6,-2.4));
#13135=CARTESIAN_POINT('',(3.36,18.1,0.));
#13136=CARTESIAN_POINT('Origin',(2.86,18.6,0.));
#13137=CARTESIAN_POINT('',(2.86,18.6,0.));
#13138=CARTESIAN_POINT('',(3.36,18.1,0.));
#13139=CARTESIAN_POINT('',(2.86,18.6,-2.4));
#13140=CARTESIAN_POINT('',(3.36,18.1,-2.4));
#13141=CARTESIAN_POINT('',(2.86,18.6,0.));
#13142=CARTESIAN_POINT('Origin',(1.36,18.6,0.));
#13143=CARTESIAN_POINT('',(1.36,18.6,0.));
#13144=CARTESIAN_POINT('',(2.86,18.6,0.));
#13145=CARTESIAN_POINT('',(1.36,18.6,-2.4));
#13146=CARTESIAN_POINT('',(2.86,18.6,-2.4));
#13147=CARTESIAN_POINT('',(1.36,18.6,0.));
#13148=CARTESIAN_POINT('Origin',(0.86,18.1,0.));
#13149=CARTESIAN_POINT('',(0.86,18.1,0.));
#13150=CARTESIAN_POINT('',(1.36,18.6,0.));
#13151=CARTESIAN_POINT('',(0.86,18.1,-2.4));
#13152=CARTESIAN_POINT('',(1.36,18.6,-2.4));
#13153=CARTESIAN_POINT('',(0.86,18.1,0.));
#13154=CARTESIAN_POINT('Origin',(0.86,16.6,0.));
#13155=CARTESIAN_POINT('',(0.86,16.6,0.));
#13156=CARTESIAN_POINT('',(0.86,18.1,0.));
#13157=CARTESIAN_POINT('',(0.86,16.6,-2.4));
#13158=CARTESIAN_POINT('',(0.86,18.1,-2.4));
#13159=CARTESIAN_POINT('',(0.86,16.6,0.));
#13160=CARTESIAN_POINT('Origin',(1.36,16.1,0.));
#13161=CARTESIAN_POINT('',(1.36,16.1,0.));
#13162=CARTESIAN_POINT('',(1.36,16.1,-2.4));
#13163=CARTESIAN_POINT('Origin',(2.11,17.35,-2.4));
#13164=CARTESIAN_POINT('Origin',(2.11,17.35,0.));
#13165=CARTESIAN_POINT('Origin',(17.065,14.585,0.));
#13166=CARTESIAN_POINT('',(17.065,14.585,0.));
#13167=CARTESIAN_POINT('',(17.165,14.485,0.));
#13168=CARTESIAN_POINT('',(17.165,14.485,0.));
#13169=CARTESIAN_POINT('',(17.165,14.485,-2.4));
#13170=CARTESIAN_POINT('',(17.165,14.485,0.));
#13171=CARTESIAN_POINT('',(17.065,14.585,-2.4));
#13172=CARTESIAN_POINT('',(17.165,14.485,-2.4));
#13173=CARTESIAN_POINT('',(17.065,14.585,0.));
#13174=CARTESIAN_POINT('Origin',(17.065,15.035,0.));
#13175=CARTESIAN_POINT('',(17.065,15.035,0.));
#13176=CARTESIAN_POINT('',(17.065,14.585,0.));
#13177=CARTESIAN_POINT('',(17.065,15.035,-2.4));
#13178=CARTESIAN_POINT('',(17.065,14.585,-2.4));
#13179=CARTESIAN_POINT('',(17.065,15.035,0.));
#13180=CARTESIAN_POINT('Origin',(17.165,15.135,0.));
#13181=CARTESIAN_POINT('',(17.165,15.135,0.));
#13182=CARTESIAN_POINT('',(17.065,15.035,0.));
#13183=CARTESIAN_POINT('',(17.165,15.135,-2.4));
#13184=CARTESIAN_POINT('',(17.065,15.035,-2.4));
#13185=CARTESIAN_POINT('',(17.165,15.135,0.));
#13186=CARTESIAN_POINT('Origin',(17.615,15.135,0.));
#13187=CARTESIAN_POINT('',(17.615,15.135,0.));
#13188=CARTESIAN_POINT('',(17.165,15.135,0.));
#13189=CARTESIAN_POINT('',(17.615,15.135,-2.4));
#13190=CARTESIAN_POINT('',(17.165,15.135,-2.4));
#13191=CARTESIAN_POINT('',(17.615,15.135,0.));
#13192=CARTESIAN_POINT('Origin',(17.715,15.035,0.));
#13193=CARTESIAN_POINT('',(17.715,15.035,0.));
#13194=CARTESIAN_POINT('',(17.615,15.135,0.));
#13195=CARTESIAN_POINT('',(17.715,15.035,-2.4));
#13196=CARTESIAN_POINT('',(17.615,15.135,-2.4));
#13197=CARTESIAN_POINT('',(17.715,15.035,0.));
#13198=CARTESIAN_POINT('Origin',(17.715,14.585,0.));
#13199=CARTESIAN_POINT('',(17.715,14.585,0.));
#13200=CARTESIAN_POINT('',(17.715,15.035,0.));
#13201=CARTESIAN_POINT('',(17.715,14.585,-2.4));
#13202=CARTESIAN_POINT('',(17.715,15.035,-2.4));
#13203=CARTESIAN_POINT('',(17.715,14.585,0.));
#13204=CARTESIAN_POINT('Origin',(17.615,14.485,0.));
#13205=CARTESIAN_POINT('',(17.615,14.485,0.));
#13206=CARTESIAN_POINT('',(17.615,14.485,0.));
#13207=CARTESIAN_POINT('',(17.615,14.485,-2.4));
#13208=CARTESIAN_POINT('',(17.615,14.485,-2.4));
#13209=CARTESIAN_POINT('',(17.615,14.485,0.));
#13210=CARTESIAN_POINT('Origin',(17.165,14.485,0.));
#13211=CARTESIAN_POINT('',(17.615,14.485,0.));
#13212=CARTESIAN_POINT('',(17.615,14.485,-2.4));
#13213=CARTESIAN_POINT('Origin',(18.14,13.56,0.));
#13214=CARTESIAN_POINT('',(18.14,13.56,0.));
#13215=CARTESIAN_POINT('',(16.64,13.56,0.));
#13216=CARTESIAN_POINT('',(18.14,13.56,0.));
#13217=CARTESIAN_POINT('',(16.64,13.56,-2.4));
#13218=CARTESIAN_POINT('',(16.64,13.56,0.));
#13219=CARTESIAN_POINT('',(18.14,13.56,-2.4));
#13220=CARTESIAN_POINT('',(18.14,13.56,-2.4));
#13221=CARTESIAN_POINT('',(18.14,13.56,0.));
#13222=CARTESIAN_POINT('Origin',(18.64,14.06,0.));
#13223=CARTESIAN_POINT('',(18.64,14.06,0.));
#13224=CARTESIAN_POINT('',(18.14,13.56,0.));
#13225=CARTESIAN_POINT('',(18.64,14.06,-2.4));
#13226=CARTESIAN_POINT('',(18.14,13.56,-2.4));
#13227=CARTESIAN_POINT('',(18.64,14.06,0.));
#13228=CARTESIAN_POINT('Origin',(18.64,15.56,0.));
#13229=CARTESIAN_POINT('',(18.64,15.56,0.));
#13230=CARTESIAN_POINT('',(18.64,15.56,0.));
#13231=CARTESIAN_POINT('',(18.64,15.56,-2.4));
#13232=CARTESIAN_POINT('',(18.64,15.56,-2.4));
#13233=CARTESIAN_POINT('',(18.64,15.56,0.));
#13234=CARTESIAN_POINT('Origin',(18.14,16.06,0.));
#13235=CARTESIAN_POINT('',(18.14,16.06,0.));
#13236=CARTESIAN_POINT('',(18.14,16.06,0.));
#13237=CARTESIAN_POINT('',(18.14,16.06,-2.4));
#13238=CARTESIAN_POINT('',(18.14,16.06,-2.4));
#13239=CARTESIAN_POINT('',(18.14,16.06,0.));
#13240=CARTESIAN_POINT('Origin',(16.64,16.06,0.));
#13241=CARTESIAN_POINT('',(16.64,16.06,0.));
#13242=CARTESIAN_POINT('',(16.64,16.06,0.));
#13243=CARTESIAN_POINT('',(16.64,16.06,-2.4));
#13244=CARTESIAN_POINT('',(16.64,16.06,-2.4));
#13245=CARTESIAN_POINT('',(16.64,16.06,0.));
#13246=CARTESIAN_POINT('Origin',(16.14,15.56,0.));
#13247=CARTESIAN_POINT('',(16.14,15.56,0.));
#13248=CARTESIAN_POINT('',(16.14,15.56,0.));
#13249=CARTESIAN_POINT('',(16.14,15.56,-2.4));
#13250=CARTESIAN_POINT('',(16.14,15.56,-2.4));
#13251=CARTESIAN_POINT('',(16.14,15.56,0.));
#13252=CARTESIAN_POINT('Origin',(16.14,14.06,0.));
#13253=CARTESIAN_POINT('',(16.14,14.06,0.));
#13254=CARTESIAN_POINT('',(16.14,14.06,0.));
#13255=CARTESIAN_POINT('',(16.14,14.06,-2.4));
#13256=CARTESIAN_POINT('',(16.14,14.06,-2.4));
#13257=CARTESIAN_POINT('',(16.14,14.06,0.));
#13258=CARTESIAN_POINT('Origin',(16.64,13.56,0.));
#13259=CARTESIAN_POINT('',(16.64,13.56,0.));
#13260=CARTESIAN_POINT('',(16.64,13.56,-2.4));
#13261=CARTESIAN_POINT('Origin',(17.39,14.81,-2.4));
#13262=CARTESIAN_POINT('Origin',(17.39,14.81,0.));
#13263=CARTESIAN_POINT('Origin',(17.065,6.965,0.));
#13264=CARTESIAN_POINT('',(17.065,6.965,0.));
#13265=CARTESIAN_POINT('',(17.165,6.865,0.));
#13266=CARTESIAN_POINT('',(17.165,6.865,0.));
#13267=CARTESIAN_POINT('',(17.165,6.865,-2.4));
#13268=CARTESIAN_POINT('',(17.165,6.865,0.));
#13269=CARTESIAN_POINT('',(17.065,6.965,-2.4));
#13270=CARTESIAN_POINT('',(17.165,6.865,-2.4));
#13271=CARTESIAN_POINT('',(17.065,6.965,0.));
#13272=CARTESIAN_POINT('Origin',(17.065,7.415,0.));
#13273=CARTESIAN_POINT('',(17.065,7.415,0.));
#13274=CARTESIAN_POINT('',(17.065,6.965,0.));
#13275=CARTESIAN_POINT('',(17.065,7.415,-2.4));
#13276=CARTESIAN_POINT('',(17.065,6.965,-2.4));
#13277=CARTESIAN_POINT('',(17.065,7.415,0.));
#13278=CARTESIAN_POINT('Origin',(17.165,7.515,0.));
#13279=CARTESIAN_POINT('',(17.165,7.515,0.));
#13280=CARTESIAN_POINT('',(17.065,7.415,0.));
#13281=CARTESIAN_POINT('',(17.165,7.515,-2.4));
#13282=CARTESIAN_POINT('',(17.065,7.415,-2.4));
#13283=CARTESIAN_POINT('',(17.165,7.515,0.));
#13284=CARTESIAN_POINT('Origin',(17.615,7.515,0.));
#13285=CARTESIAN_POINT('',(17.615,7.515,0.));
#13286=CARTESIAN_POINT('',(17.165,7.515,0.));
#13287=CARTESIAN_POINT('',(17.615,7.515,-2.4));
#13288=CARTESIAN_POINT('',(17.165,7.515,-2.4));
#13289=CARTESIAN_POINT('',(17.615,7.515,0.));
#13290=CARTESIAN_POINT('Origin',(17.715,7.415,0.));
#13291=CARTESIAN_POINT('',(17.715,7.415,0.));
#13292=CARTESIAN_POINT('',(17.615,7.515,0.));
#13293=CARTESIAN_POINT('',(17.715,7.415,-2.4));
#13294=CARTESIAN_POINT('',(17.615,7.515,-2.4));
#13295=CARTESIAN_POINT('',(17.715,7.415,0.));
#13296=CARTESIAN_POINT('Origin',(17.715,6.965,0.));
#13297=CARTESIAN_POINT('',(17.715,6.965,0.));
#13298=CARTESIAN_POINT('',(17.715,7.415,0.));
#13299=CARTESIAN_POINT('',(17.715,6.965,-2.4));
#13300=CARTESIAN_POINT('',(17.715,7.415,-2.4));
#13301=CARTESIAN_POINT('',(17.715,6.965,0.));
#13302=CARTESIAN_POINT('Origin',(17.615,6.865,0.));
#13303=CARTESIAN_POINT('',(17.615,6.865,0.));
#13304=CARTESIAN_POINT('',(17.615,6.865,0.));
#13305=CARTESIAN_POINT('',(17.615,6.865,-2.4));
#13306=CARTESIAN_POINT('',(17.615,6.865,-2.4));
#13307=CARTESIAN_POINT('',(17.615,6.865,0.));
#13308=CARTESIAN_POINT('Origin',(17.165,6.865,0.));
#13309=CARTESIAN_POINT('',(17.615,6.865,0.));
#13310=CARTESIAN_POINT('',(17.615,6.865,-2.4));
#13311=CARTESIAN_POINT('Origin',(18.64,6.44,0.));
#13312=CARTESIAN_POINT('',(18.14,5.94,0.));
#13313=CARTESIAN_POINT('',(18.64,6.44,0.));
#13314=CARTESIAN_POINT('',(18.14,5.94,0.));
#13315=CARTESIAN_POINT('',(18.14,5.94,-2.4));
#13316=CARTESIAN_POINT('',(18.14,5.94,0.));
#13317=CARTESIAN_POINT('',(18.64,6.44,-2.4));
#13318=CARTESIAN_POINT('',(18.14,5.94,-2.4));
#13319=CARTESIAN_POINT('',(18.64,6.44,0.));
#13320=CARTESIAN_POINT('Origin',(18.64,7.94,0.));
#13321=CARTESIAN_POINT('',(18.64,7.94,0.));
#13322=CARTESIAN_POINT('',(18.64,7.94,0.));
#13323=CARTESIAN_POINT('',(18.64,7.94,-2.4));
#13324=CARTESIAN_POINT('',(18.64,7.94,-2.4));
#13325=CARTESIAN_POINT('',(18.64,7.94,0.));
#13326=CARTESIAN_POINT('Origin',(18.14,8.44,0.));
#13327=CARTESIAN_POINT('',(18.14,8.44,0.));
#13328=CARTESIAN_POINT('',(18.14,8.44,0.));
#13329=CARTESIAN_POINT('',(18.14,8.44,-2.4));
#13330=CARTESIAN_POINT('',(18.14,8.44,-2.4));
#13331=CARTESIAN_POINT('',(18.14,8.44,0.));
#13332=CARTESIAN_POINT('Origin',(16.64,8.44,0.));
#13333=CARTESIAN_POINT('',(16.64,8.44,0.));
#13334=CARTESIAN_POINT('',(16.64,8.44,0.));
#13335=CARTESIAN_POINT('',(16.64,8.44,-2.4));
#13336=CARTESIAN_POINT('',(16.64,8.44,-2.4));
#13337=CARTESIAN_POINT('',(16.64,8.44,0.));
#13338=CARTESIAN_POINT('Origin',(16.14,7.94,0.));
#13339=CARTESIAN_POINT('',(16.14,7.94,0.));
#13340=CARTESIAN_POINT('',(16.14,7.94,0.));
#13341=CARTESIAN_POINT('',(16.14,7.94,-2.4));
#13342=CARTESIAN_POINT('',(16.14,7.94,-2.4));
#13343=CARTESIAN_POINT('',(16.14,7.94,0.));
#13344=CARTESIAN_POINT('Origin',(16.14,6.44,0.));
#13345=CARTESIAN_POINT('',(16.14,6.44,0.));
#13346=CARTESIAN_POINT('',(16.14,6.44,0.));
#13347=CARTESIAN_POINT('',(16.14,6.44,-2.4));
#13348=CARTESIAN_POINT('',(16.14,6.44,-2.4));
#13349=CARTESIAN_POINT('',(16.14,6.44,0.));
#13350=CARTESIAN_POINT('Origin',(16.64,5.94,0.));
#13351=CARTESIAN_POINT('',(16.64,5.94,0.));
#13352=CARTESIAN_POINT('',(16.64,5.94,0.));
#13353=CARTESIAN_POINT('',(16.64,5.94,-2.4));
#13354=CARTESIAN_POINT('',(16.64,5.94,-2.4));
#13355=CARTESIAN_POINT('',(16.64,5.94,0.));
#13356=CARTESIAN_POINT('Origin',(18.14,5.94,0.));
#13357=CARTESIAN_POINT('',(18.14,5.94,0.));
#13358=CARTESIAN_POINT('',(18.14,5.94,-2.4));
#13359=CARTESIAN_POINT('Origin',(17.39,7.19,-2.4));
#13360=CARTESIAN_POINT('Origin',(17.39,7.19,0.));
#13361=CARTESIAN_POINT('Origin',(17.065,4.875,0.));
#13362=CARTESIAN_POINT('',(17.065,4.875,0.));
#13363=CARTESIAN_POINT('',(17.065,4.425,0.));
#13364=CARTESIAN_POINT('',(17.065,4.425,0.));
#13365=CARTESIAN_POINT('',(17.065,4.425,-2.4));
#13366=CARTESIAN_POINT('',(17.065,4.425,0.));
#13367=CARTESIAN_POINT('',(17.065,4.875,-2.4));
#13368=CARTESIAN_POINT('',(17.065,4.425,-2.4));
#13369=CARTESIAN_POINT('',(17.065,4.875,0.));
#13370=CARTESIAN_POINT('Origin',(17.165,4.975,0.));
#13371=CARTESIAN_POINT('',(17.165,4.975,0.));
#13372=CARTESIAN_POINT('',(17.065,4.875,0.));
#13373=CARTESIAN_POINT('',(17.165,4.975,-2.4));
#13374=CARTESIAN_POINT('',(17.065,4.875,-2.4));
#13375=CARTESIAN_POINT('',(17.165,4.975,0.));
#13376=CARTESIAN_POINT('Origin',(17.615,4.975,0.));
#13377=CARTESIAN_POINT('',(17.615,4.975,0.));
#13378=CARTESIAN_POINT('',(17.165,4.975,0.));
#13379=CARTESIAN_POINT('',(17.615,4.975,-2.4));
#13380=CARTESIAN_POINT('',(17.165,4.975,-2.4));
#13381=CARTESIAN_POINT('',(17.615,4.975,0.));
#13382=CARTESIAN_POINT('Origin',(17.715,4.875,0.));
#13383=CARTESIAN_POINT('',(17.715,4.875,0.));
#13384=CARTESIAN_POINT('',(17.615,4.975,0.));
#13385=CARTESIAN_POINT('',(17.715,4.875,-2.4));
#13386=CARTESIAN_POINT('',(17.615,4.975,-2.4));
#13387=CARTESIAN_POINT('',(17.715,4.875,0.));
#13388=CARTESIAN_POINT('Origin',(17.715,4.425,0.));
#13389=CARTESIAN_POINT('',(17.715,4.425,0.));
#13390=CARTESIAN_POINT('',(17.715,4.875,0.));
#13391=CARTESIAN_POINT('',(17.715,4.425,-2.4));
#13392=CARTESIAN_POINT('',(17.715,4.875,-2.4));
#13393=CARTESIAN_POINT('',(17.715,4.425,0.));
#13394=CARTESIAN_POINT('Origin',(17.615,4.325,0.));
#13395=CARTESIAN_POINT('',(17.615,4.325,0.));
#13396=CARTESIAN_POINT('',(17.615,4.325,0.));
#13397=CARTESIAN_POINT('',(17.615,4.325,-2.4));
#13398=CARTESIAN_POINT('',(17.615,4.325,-2.4));
#13399=CARTESIAN_POINT('',(17.615,4.325,0.));
#13400=CARTESIAN_POINT('Origin',(17.165,4.325,0.));
#13401=CARTESIAN_POINT('',(17.165,4.325,0.));
#13402=CARTESIAN_POINT('',(17.615,4.325,0.));
#13403=CARTESIAN_POINT('',(17.165,4.325,-2.4));
#13404=CARTESIAN_POINT('',(17.615,4.325,-2.4));
#13405=CARTESIAN_POINT('',(17.165,4.325,0.));
#13406=CARTESIAN_POINT('Origin',(17.065,4.425,0.));
#13407=CARTESIAN_POINT('',(17.165,4.325,0.));
#13408=CARTESIAN_POINT('',(17.165,4.325,-2.4));
#13409=CARTESIAN_POINT('Origin',(18.64,3.9,0.));
#13410=CARTESIAN_POINT('',(18.14,3.4,0.));
#13411=CARTESIAN_POINT('',(18.64,3.9,0.));
#13412=CARTESIAN_POINT('',(18.14,3.4,0.));
#13413=CARTESIAN_POINT('',(18.14,3.4,-2.4));
#13414=CARTESIAN_POINT('',(18.14,3.4,0.));
#13415=CARTESIAN_POINT('',(18.64,3.9,-2.4));
#13416=CARTESIAN_POINT('',(18.14,3.4,-2.4));
#13417=CARTESIAN_POINT('',(18.64,3.9,0.));
#13418=CARTESIAN_POINT('Origin',(18.64,5.4,0.));
#13419=CARTESIAN_POINT('',(18.64,5.4,0.));
#13420=CARTESIAN_POINT('',(18.64,5.4,0.));
#13421=CARTESIAN_POINT('',(18.64,5.4,-2.4));
#13422=CARTESIAN_POINT('',(18.64,5.4,-2.4));
#13423=CARTESIAN_POINT('',(18.64,5.4,0.));
#13424=CARTESIAN_POINT('Origin',(18.14,5.9,0.));
#13425=CARTESIAN_POINT('',(18.14,5.9,0.));
#13426=CARTESIAN_POINT('',(18.14,5.9,0.));
#13427=CARTESIAN_POINT('',(18.14,5.9,-2.4));
#13428=CARTESIAN_POINT('',(18.14,5.9,-2.4));
#13429=CARTESIAN_POINT('',(18.14,5.9,0.));
#13430=CARTESIAN_POINT('Origin',(16.64,5.9,0.));
#13431=CARTESIAN_POINT('',(16.64,5.9,0.));
#13432=CARTESIAN_POINT('',(16.64,5.9,0.));
#13433=CARTESIAN_POINT('',(16.64,5.9,-2.4));
#13434=CARTESIAN_POINT('',(16.64,5.9,-2.4));
#13435=CARTESIAN_POINT('',(16.64,5.9,0.));
#13436=CARTESIAN_POINT('Origin',(16.14,5.4,0.));
#13437=CARTESIAN_POINT('',(16.14,5.4,0.));
#13438=CARTESIAN_POINT('',(16.14,5.4,0.));
#13439=CARTESIAN_POINT('',(16.14,5.4,-2.4));
#13440=CARTESIAN_POINT('',(16.14,5.4,-2.4));
#13441=CARTESIAN_POINT('',(16.14,5.4,0.));
#13442=CARTESIAN_POINT('Origin',(16.14,3.9,0.));
#13443=CARTESIAN_POINT('',(16.14,3.9,0.));
#13444=CARTESIAN_POINT('',(16.14,3.9,0.));
#13445=CARTESIAN_POINT('',(16.14,3.9,-2.4));
#13446=CARTESIAN_POINT('',(16.14,3.9,-2.4));
#13447=CARTESIAN_POINT('',(16.14,3.9,0.));
#13448=CARTESIAN_POINT('Origin',(16.64,3.4,0.));
#13449=CARTESIAN_POINT('',(16.64,3.4,0.));
#13450=CARTESIAN_POINT('',(16.64,3.4,0.));
#13451=CARTESIAN_POINT('',(16.64,3.4,-2.4));
#13452=CARTESIAN_POINT('',(16.64,3.4,-2.4));
#13453=CARTESIAN_POINT('',(16.64,3.4,0.));
#13454=CARTESIAN_POINT('Origin',(18.14,3.4,0.));
#13455=CARTESIAN_POINT('',(18.14,3.4,0.));
#13456=CARTESIAN_POINT('',(18.14,3.4,-2.4));
#13457=CARTESIAN_POINT('Origin',(17.39,4.65,-2.4));
#13458=CARTESIAN_POINT('Origin',(17.39,4.65,0.));
#13459=CARTESIAN_POINT('Origin',(17.065,19.665,0.));
#13460=CARTESIAN_POINT('',(17.065,19.665,0.));
#13461=CARTESIAN_POINT('',(17.165,19.565,0.));
#13462=CARTESIAN_POINT('',(17.165,19.565,0.));
#13463=CARTESIAN_POINT('',(17.165,19.565,-2.4));
#13464=CARTESIAN_POINT('',(17.165,19.565,0.));
#13465=CARTESIAN_POINT('',(17.065,19.665,-2.4));
#13466=CARTESIAN_POINT('',(17.165,19.565,-2.4));
#13467=CARTESIAN_POINT('',(17.065,19.665,0.));
#13468=CARTESIAN_POINT('Origin',(17.065,20.115,0.));
#13469=CARTESIAN_POINT('',(17.065,20.115,0.));
#13470=CARTESIAN_POINT('',(17.065,19.665,0.));
#13471=CARTESIAN_POINT('',(17.065,20.115,-2.4));
#13472=CARTESIAN_POINT('',(17.065,19.665,-2.4));
#13473=CARTESIAN_POINT('',(17.065,20.115,0.));
#13474=CARTESIAN_POINT('Origin',(17.165,20.215,0.));
#13475=CARTESIAN_POINT('',(17.165,20.215,0.));
#13476=CARTESIAN_POINT('',(17.065,20.115,0.));
#13477=CARTESIAN_POINT('',(17.165,20.215,-2.4));
#13478=CARTESIAN_POINT('',(17.065,20.115,-2.4));
#13479=CARTESIAN_POINT('',(17.165,20.215,0.));
#13480=CARTESIAN_POINT('Origin',(17.615,20.215,0.));
#13481=CARTESIAN_POINT('',(17.615,20.215,0.));
#13482=CARTESIAN_POINT('',(17.165,20.215,0.));
#13483=CARTESIAN_POINT('',(17.615,20.215,-2.4));
#13484=CARTESIAN_POINT('',(17.165,20.215,-2.4));
#13485=CARTESIAN_POINT('',(17.615,20.215,0.));
#13486=CARTESIAN_POINT('Origin',(17.715,20.115,0.));
#13487=CARTESIAN_POINT('',(17.715,20.115,0.));
#13488=CARTESIAN_POINT('',(17.615,20.215,0.));
#13489=CARTESIAN_POINT('',(17.715,20.115,-2.4));
#13490=CARTESIAN_POINT('',(17.615,20.215,-2.4));
#13491=CARTESIAN_POINT('',(17.715,20.115,0.));
#13492=CARTESIAN_POINT('Origin',(17.715,19.665,0.));
#13493=CARTESIAN_POINT('',(17.715,19.665,0.));
#13494=CARTESIAN_POINT('',(17.715,20.115,0.));
#13495=CARTESIAN_POINT('',(17.715,19.665,-2.4));
#13496=CARTESIAN_POINT('',(17.715,20.115,-2.4));
#13497=CARTESIAN_POINT('',(17.715,19.665,0.));
#13498=CARTESIAN_POINT('Origin',(17.615,19.565,0.));
#13499=CARTESIAN_POINT('',(17.615,19.565,0.));
#13500=CARTESIAN_POINT('',(17.615,19.565,0.));
#13501=CARTESIAN_POINT('',(17.615,19.565,-2.4));
#13502=CARTESIAN_POINT('',(17.615,19.565,-2.4));
#13503=CARTESIAN_POINT('',(17.615,19.565,0.));
#13504=CARTESIAN_POINT('Origin',(17.165,19.565,0.));
#13505=CARTESIAN_POINT('',(17.615,19.565,0.));
#13506=CARTESIAN_POINT('',(17.615,19.565,-2.4));
#13507=CARTESIAN_POINT('Origin',(18.64,19.14,0.));
#13508=CARTESIAN_POINT('',(18.14,18.64,0.));
#13509=CARTESIAN_POINT('',(18.64,19.14,0.));
#13510=CARTESIAN_POINT('',(18.14,18.64,0.));
#13511=CARTESIAN_POINT('',(18.14,18.64,-2.4));
#13512=CARTESIAN_POINT('',(18.14,18.64,0.));
#13513=CARTESIAN_POINT('',(18.64,19.14,-2.4));
#13514=CARTESIAN_POINT('',(18.14,18.64,-2.4));
#13515=CARTESIAN_POINT('',(18.64,19.14,0.));
#13516=CARTESIAN_POINT('Origin',(18.64,20.64,0.));
#13517=CARTESIAN_POINT('',(18.64,20.64,0.));
#13518=CARTESIAN_POINT('',(18.64,20.64,0.));
#13519=CARTESIAN_POINT('',(18.64,20.64,-2.4));
#13520=CARTESIAN_POINT('',(18.64,20.64,-2.4));
#13521=CARTESIAN_POINT('',(18.64,20.64,0.));
#13522=CARTESIAN_POINT('Origin',(18.14,21.14,0.));
#13523=CARTESIAN_POINT('',(18.14,21.14,0.));
#13524=CARTESIAN_POINT('',(18.14,21.14,0.));
#13525=CARTESIAN_POINT('',(18.14,21.14,-2.4));
#13526=CARTESIAN_POINT('',(18.14,21.14,-2.4));
#13527=CARTESIAN_POINT('',(18.14,21.14,0.));
#13528=CARTESIAN_POINT('Origin',(16.64,21.14,0.));
#13529=CARTESIAN_POINT('',(16.64,21.14,0.));
#13530=CARTESIAN_POINT('',(16.64,21.14,0.));
#13531=CARTESIAN_POINT('',(16.64,21.14,-2.4));
#13532=CARTESIAN_POINT('',(16.64,21.14,-2.4));
#13533=CARTESIAN_POINT('',(16.64,21.14,0.));
#13534=CARTESIAN_POINT('Origin',(16.14,20.64,0.));
#13535=CARTESIAN_POINT('',(16.14,20.64,0.));
#13536=CARTESIAN_POINT('',(16.14,20.64,0.));
#13537=CARTESIAN_POINT('',(16.14,20.64,-2.4));
#13538=CARTESIAN_POINT('',(16.14,20.64,-2.4));
#13539=CARTESIAN_POINT('',(16.14,20.64,0.));
#13540=CARTESIAN_POINT('Origin',(16.14,19.14,0.));
#13541=CARTESIAN_POINT('',(16.14,19.14,0.));
#13542=CARTESIAN_POINT('',(16.14,19.14,0.));
#13543=CARTESIAN_POINT('',(16.14,19.14,-2.4));
#13544=CARTESIAN_POINT('',(16.14,19.14,-2.4));
#13545=CARTESIAN_POINT('',(16.14,19.14,0.));
#13546=CARTESIAN_POINT('Origin',(16.64,18.64,0.));
#13547=CARTESIAN_POINT('',(16.64,18.64,0.));
#13548=CARTESIAN_POINT('',(16.64,18.64,0.));
#13549=CARTESIAN_POINT('',(16.64,18.64,-2.4));
#13550=CARTESIAN_POINT('',(16.64,18.64,-2.4));
#13551=CARTESIAN_POINT('',(16.64,18.64,0.));
#13552=CARTESIAN_POINT('Origin',(18.14,18.64,0.));
#13553=CARTESIAN_POINT('',(18.14,18.64,0.));
#13554=CARTESIAN_POINT('',(18.14,18.64,-2.4));
#13555=CARTESIAN_POINT('Origin',(17.39,19.89,-2.4));
#13556=CARTESIAN_POINT('Origin',(17.39,19.89,0.));
#13557=CARTESIAN_POINT('Origin',(1.785,12.495,0.));
#13558=CARTESIAN_POINT('',(1.785,12.495,0.));
#13559=CARTESIAN_POINT('',(1.785,12.045,0.));
#13560=CARTESIAN_POINT('',(1.785,12.495,0.));
#13561=CARTESIAN_POINT('',(1.785,12.045,-2.4));
#13562=CARTESIAN_POINT('',(1.785,12.045,0.));
#13563=CARTESIAN_POINT('',(1.785,12.495,-2.4));
#13564=CARTESIAN_POINT('',(1.785,12.495,-2.4));
#13565=CARTESIAN_POINT('',(1.785,12.495,0.));
#13566=CARTESIAN_POINT('Origin',(1.885,12.595,0.));
#13567=CARTESIAN_POINT('',(1.885,12.595,0.));
#13568=CARTESIAN_POINT('',(1.885,12.595,0.));
#13569=CARTESIAN_POINT('',(1.885,12.595,-2.4));
#13570=CARTESIAN_POINT('',(1.885,12.595,-2.4));
#13571=CARTESIAN_POINT('',(1.885,12.595,0.));
#13572=CARTESIAN_POINT('Origin',(2.335,12.595,0.));
#13573=CARTESIAN_POINT('',(2.335,12.595,0.));
#13574=CARTESIAN_POINT('',(2.335,12.595,0.));
#13575=CARTESIAN_POINT('',(2.335,12.595,-2.4));
#13576=CARTESIAN_POINT('',(2.335,12.595,-2.4));
#13577=CARTESIAN_POINT('',(2.335,12.595,0.));
#13578=CARTESIAN_POINT('Origin',(2.435,12.495,0.));
#13579=CARTESIAN_POINT('',(2.435,12.495,0.));
#13580=CARTESIAN_POINT('',(2.435,12.495,0.));
#13581=CARTESIAN_POINT('',(2.435,12.495,-2.4));
#13582=CARTESIAN_POINT('',(2.435,12.495,-2.4));
#13583=CARTESIAN_POINT('',(2.435,12.495,0.));
#13584=CARTESIAN_POINT('Origin',(2.435,12.045,0.));
#13585=CARTESIAN_POINT('',(2.435,12.045,0.));
#13586=CARTESIAN_POINT('',(2.435,12.045,0.));
#13587=CARTESIAN_POINT('',(2.435,12.045,-2.4));
#13588=CARTESIAN_POINT('',(2.435,12.045,-2.4));
#13589=CARTESIAN_POINT('',(2.435,12.045,0.));
#13590=CARTESIAN_POINT('Origin',(2.335,11.945,0.));
#13591=CARTESIAN_POINT('',(2.335,11.945,0.));
#13592=CARTESIAN_POINT('',(2.335,11.945,0.));
#13593=CARTESIAN_POINT('',(2.335,11.945,-2.4));
#13594=CARTESIAN_POINT('',(2.335,11.945,-2.4));
#13595=CARTESIAN_POINT('',(2.335,11.945,0.));
#13596=CARTESIAN_POINT('Origin',(1.885,11.945,0.));
#13597=CARTESIAN_POINT('',(1.885,11.945,0.));
#13598=CARTESIAN_POINT('',(1.885,11.945,0.));
#13599=CARTESIAN_POINT('',(1.885,11.945,-2.4));
#13600=CARTESIAN_POINT('',(1.885,11.945,-2.4));
#13601=CARTESIAN_POINT('',(1.885,11.945,0.));
#13602=CARTESIAN_POINT('Origin',(1.785,12.045,0.));
#13603=CARTESIAN_POINT('',(1.885,11.945,0.));
#13604=CARTESIAN_POINT('',(1.885,11.945,-2.4));
#13605=CARTESIAN_POINT('Origin',(2.86,11.02,0.));
#13606=CARTESIAN_POINT('',(1.36,11.02,0.));
#13607=CARTESIAN_POINT('',(2.86,11.02,0.));
#13608=CARTESIAN_POINT('',(1.36,11.02,0.));
#13609=CARTESIAN_POINT('',(1.36,11.02,-2.4));
#13610=CARTESIAN_POINT('',(1.36,11.02,0.));
#13611=CARTESIAN_POINT('',(2.86,11.02,-2.4));
#13612=CARTESIAN_POINT('',(1.36,11.02,-2.4));
#13613=CARTESIAN_POINT('',(2.86,11.02,0.));
#13614=CARTESIAN_POINT('Origin',(3.36,11.52,0.));
#13615=CARTESIAN_POINT('',(3.36,11.52,0.));
#13616=CARTESIAN_POINT('',(2.86,11.02,0.));
#13617=CARTESIAN_POINT('',(3.36,11.52,-2.4));
#13618=CARTESIAN_POINT('',(2.86,11.02,-2.4));
#13619=CARTESIAN_POINT('',(3.36,11.52,0.));
#13620=CARTESIAN_POINT('Origin',(3.36,13.02,0.));
#13621=CARTESIAN_POINT('',(3.36,13.02,0.));
#13622=CARTESIAN_POINT('',(3.36,11.52,0.));
#13623=CARTESIAN_POINT('',(3.36,13.02,-2.4));
#13624=CARTESIAN_POINT('',(3.36,11.52,-2.4));
#13625=CARTESIAN_POINT('',(3.36,13.02,0.));
#13626=CARTESIAN_POINT('Origin',(2.86,13.52,0.));
#13627=CARTESIAN_POINT('',(2.86,13.52,0.));
#13628=CARTESIAN_POINT('',(3.36,13.02,0.));
#13629=CARTESIAN_POINT('',(2.86,13.52,-2.4));
#13630=CARTESIAN_POINT('',(3.36,13.02,-2.4));
#13631=CARTESIAN_POINT('',(2.86,13.52,0.));
#13632=CARTESIAN_POINT('Origin',(1.36,13.52,0.));
#13633=CARTESIAN_POINT('',(1.36,13.52,0.));
#13634=CARTESIAN_POINT('',(2.86,13.52,0.));
#13635=CARTESIAN_POINT('',(1.36,13.52,-2.4));
#13636=CARTESIAN_POINT('',(2.86,13.52,-2.4));
#13637=CARTESIAN_POINT('',(1.36,13.52,0.));
#13638=CARTESIAN_POINT('Origin',(0.86,13.02,0.));
#13639=CARTESIAN_POINT('',(0.86,13.02,0.));
#13640=CARTESIAN_POINT('',(1.36,13.52,0.));
#13641=CARTESIAN_POINT('',(0.86,13.02,-2.4));
#13642=CARTESIAN_POINT('',(1.36,13.52,-2.4));
#13643=CARTESIAN_POINT('',(0.86,13.02,0.));
#13644=CARTESIAN_POINT('Origin',(0.86,11.52,0.));
#13645=CARTESIAN_POINT('',(0.86,11.52,0.));
#13646=CARTESIAN_POINT('',(0.86,13.02,0.));
#13647=CARTESIAN_POINT('',(0.86,11.52,-2.4));
#13648=CARTESIAN_POINT('',(0.86,13.02,-2.4));
#13649=CARTESIAN_POINT('',(0.86,11.52,0.));
#13650=CARTESIAN_POINT('Origin',(1.36,11.02,0.));
#13651=CARTESIAN_POINT('',(1.36,11.02,0.));
#13652=CARTESIAN_POINT('',(1.36,11.02,-2.4));
#13653=CARTESIAN_POINT('Origin',(2.11,12.27,-2.4));
#13654=CARTESIAN_POINT('Origin',(2.11,12.27,0.));
#13655=CARTESIAN_POINT('Origin',(1.785,7.415,0.));
#13656=CARTESIAN_POINT('',(1.785,7.415,0.));
#13657=CARTESIAN_POINT('',(1.785,6.965,0.));
#13658=CARTESIAN_POINT('',(1.785,7.415,0.));
#13659=CARTESIAN_POINT('',(1.785,6.965,-2.4));
#13660=CARTESIAN_POINT('',(1.785,6.965,0.));
#13661=CARTESIAN_POINT('',(1.785,7.415,-2.4));
#13662=CARTESIAN_POINT('',(1.785,7.415,-2.4));
#13663=CARTESIAN_POINT('',(1.785,7.415,0.));
#13664=CARTESIAN_POINT('Origin',(1.885,7.515,0.));
#13665=CARTESIAN_POINT('',(1.885,7.515,0.));
#13666=CARTESIAN_POINT('',(1.885,7.515,0.));
#13667=CARTESIAN_POINT('',(1.885,7.515,-2.4));
#13668=CARTESIAN_POINT('',(1.885,7.515,-2.4));
#13669=CARTESIAN_POINT('',(1.885,7.515,0.));
#13670=CARTESIAN_POINT('Origin',(2.335,7.515,0.));
#13671=CARTESIAN_POINT('',(2.335,7.515,0.));
#13672=CARTESIAN_POINT('',(2.335,7.515,0.));
#13673=CARTESIAN_POINT('',(2.335,7.515,-2.4));
#13674=CARTESIAN_POINT('',(2.335,7.515,-2.4));
#13675=CARTESIAN_POINT('',(2.335,7.515,0.));
#13676=CARTESIAN_POINT('Origin',(2.435,7.415,0.));
#13677=CARTESIAN_POINT('',(2.435,7.415,0.));
#13678=CARTESIAN_POINT('',(2.435,7.415,0.));
#13679=CARTESIAN_POINT('',(2.435,7.415,-2.4));
#13680=CARTESIAN_POINT('',(2.435,7.415,-2.4));
#13681=CARTESIAN_POINT('',(2.435,7.415,0.));
#13682=CARTESIAN_POINT('Origin',(2.435,6.965,0.));
#13683=CARTESIAN_POINT('',(2.435,6.965,0.));
#13684=CARTESIAN_POINT('',(2.435,6.965,0.));
#13685=CARTESIAN_POINT('',(2.435,6.965,-2.4));
#13686=CARTESIAN_POINT('',(2.435,6.965,-2.4));
#13687=CARTESIAN_POINT('',(2.435,6.965,0.));
#13688=CARTESIAN_POINT('Origin',(2.335,6.865,0.));
#13689=CARTESIAN_POINT('',(2.335,6.865,0.));
#13690=CARTESIAN_POINT('',(2.335,6.865,0.));
#13691=CARTESIAN_POINT('',(2.335,6.865,-2.4));
#13692=CARTESIAN_POINT('',(2.335,6.865,-2.4));
#13693=CARTESIAN_POINT('',(2.335,6.865,0.));
#13694=CARTESIAN_POINT('Origin',(1.885,6.865,0.));
#13695=CARTESIAN_POINT('',(1.885,6.865,0.));
#13696=CARTESIAN_POINT('',(1.885,6.865,0.));
#13697=CARTESIAN_POINT('',(1.885,6.865,-2.4));
#13698=CARTESIAN_POINT('',(1.885,6.865,-2.4));
#13699=CARTESIAN_POINT('',(1.885,6.865,0.));
#13700=CARTESIAN_POINT('Origin',(1.785,6.965,0.));
#13701=CARTESIAN_POINT('',(1.885,6.865,0.));
#13702=CARTESIAN_POINT('',(1.885,6.865,-2.4));
#13703=CARTESIAN_POINT('Origin',(2.86,5.94,0.));
#13704=CARTESIAN_POINT('',(1.36,5.94,0.));
#13705=CARTESIAN_POINT('',(2.86,5.94,0.));
#13706=CARTESIAN_POINT('',(1.36,5.94,0.));
#13707=CARTESIAN_POINT('',(1.36,5.94,-2.4));
#13708=CARTESIAN_POINT('',(1.36,5.94,0.));
#13709=CARTESIAN_POINT('',(2.86,5.94,-2.4));
#13710=CARTESIAN_POINT('',(1.36,5.94,-2.4));
#13711=CARTESIAN_POINT('',(2.86,5.94,0.));
#13712=CARTESIAN_POINT('Origin',(3.36,6.44,0.));
#13713=CARTESIAN_POINT('',(3.36,6.44,0.));
#13714=CARTESIAN_POINT('',(2.86,5.94,0.));
#13715=CARTESIAN_POINT('',(3.36,6.44,-2.4));
#13716=CARTESIAN_POINT('',(2.86,5.94,-2.4));
#13717=CARTESIAN_POINT('',(3.36,6.44,0.));
#13718=CARTESIAN_POINT('Origin',(3.36,7.94,0.));
#13719=CARTESIAN_POINT('',(3.36,7.94,0.));
#13720=CARTESIAN_POINT('',(3.36,6.44,0.));
#13721=CARTESIAN_POINT('',(3.36,7.94,-2.4));
#13722=CARTESIAN_POINT('',(3.36,6.44,-2.4));
#13723=CARTESIAN_POINT('',(3.36,7.94,0.));
#13724=CARTESIAN_POINT('Origin',(2.86,8.44,0.));
#13725=CARTESIAN_POINT('',(2.86,8.44,0.));
#13726=CARTESIAN_POINT('',(3.36,7.94,0.));
#13727=CARTESIAN_POINT('',(2.86,8.44,-2.4));
#13728=CARTESIAN_POINT('',(3.36,7.94,-2.4));
#13729=CARTESIAN_POINT('',(2.86,8.44,0.));
#13730=CARTESIAN_POINT('Origin',(1.36,8.44,0.));
#13731=CARTESIAN_POINT('',(1.36,8.44,0.));
#13732=CARTESIAN_POINT('',(2.86,8.44,0.));
#13733=CARTESIAN_POINT('',(1.36,8.44,-2.4));
#13734=CARTESIAN_POINT('',(2.86,8.44,-2.4));
#13735=CARTESIAN_POINT('',(1.36,8.44,0.));
#13736=CARTESIAN_POINT('Origin',(0.86,7.94,0.));
#13737=CARTESIAN_POINT('',(0.86,7.94,0.));
#13738=CARTESIAN_POINT('',(1.36,8.44,0.));
#13739=CARTESIAN_POINT('',(0.86,7.94,-2.4));
#13740=CARTESIAN_POINT('',(1.36,8.44,-2.4));
#13741=CARTESIAN_POINT('',(0.86,7.94,0.));
#13742=CARTESIAN_POINT('Origin',(0.86,6.44,0.));
#13743=CARTESIAN_POINT('',(0.86,6.44,0.));
#13744=CARTESIAN_POINT('',(0.86,7.94,0.));
#13745=CARTESIAN_POINT('',(0.86,6.44,-2.4));
#13746=CARTESIAN_POINT('',(0.86,7.94,-2.4));
#13747=CARTESIAN_POINT('',(0.86,6.44,0.));
#13748=CARTESIAN_POINT('Origin',(1.36,5.94,0.));
#13749=CARTESIAN_POINT('',(1.36,5.94,0.));
#13750=CARTESIAN_POINT('',(1.36,5.94,-2.4));
#13751=CARTESIAN_POINT('Origin',(2.11,7.19,-2.4));
#13752=CARTESIAN_POINT('Origin',(2.11,7.19,0.));
#13753=CARTESIAN_POINT('Origin',(1.785,2.335,0.));
#13754=CARTESIAN_POINT('',(1.785,2.335,0.));
#13755=CARTESIAN_POINT('',(1.785,1.885,0.));
#13756=CARTESIAN_POINT('',(1.785,2.335,0.));
#13757=CARTESIAN_POINT('',(1.785,1.885,-2.4));
#13758=CARTESIAN_POINT('',(1.785,1.885,0.));
#13759=CARTESIAN_POINT('',(1.785,2.335,-2.4));
#13760=CARTESIAN_POINT('',(1.785,2.335,-2.4));
#13761=CARTESIAN_POINT('',(1.785,2.335,0.));
#13762=CARTESIAN_POINT('Origin',(1.885,2.435,0.));
#13763=CARTESIAN_POINT('',(1.885,2.435,0.));
#13764=CARTESIAN_POINT('',(1.885,2.435,0.));
#13765=CARTESIAN_POINT('',(1.885,2.435,-2.4));
#13766=CARTESIAN_POINT('',(1.885,2.435,-2.4));
#13767=CARTESIAN_POINT('',(1.885,2.435,0.));
#13768=CARTESIAN_POINT('Origin',(2.335,2.435,0.));
#13769=CARTESIAN_POINT('',(2.335,2.435,0.));
#13770=CARTESIAN_POINT('',(2.335,2.435,0.));
#13771=CARTESIAN_POINT('',(2.335,2.435,-2.4));
#13772=CARTESIAN_POINT('',(2.335,2.435,-2.4));
#13773=CARTESIAN_POINT('',(2.335,2.435,0.));
#13774=CARTESIAN_POINT('Origin',(2.435,2.335,0.));
#13775=CARTESIAN_POINT('',(2.435,2.335,0.));
#13776=CARTESIAN_POINT('',(2.435,2.335,0.));
#13777=CARTESIAN_POINT('',(2.435,2.335,-2.4));
#13778=CARTESIAN_POINT('',(2.435,2.335,-2.4));
#13779=CARTESIAN_POINT('',(2.435,2.335,0.));
#13780=CARTESIAN_POINT('Origin',(2.435,1.885,0.));
#13781=CARTESIAN_POINT('',(2.435,1.885,0.));
#13782=CARTESIAN_POINT('',(2.435,1.885,0.));
#13783=CARTESIAN_POINT('',(2.435,1.885,-2.4));
#13784=CARTESIAN_POINT('',(2.435,1.885,-2.4));
#13785=CARTESIAN_POINT('',(2.435,1.885,0.));
#13786=CARTESIAN_POINT('Origin',(2.335,1.785,0.));
#13787=CARTESIAN_POINT('',(2.335,1.785,0.));
#13788=CARTESIAN_POINT('',(2.335,1.785,0.));
#13789=CARTESIAN_POINT('',(2.335,1.785,-2.4));
#13790=CARTESIAN_POINT('',(2.335,1.785,-2.4));
#13791=CARTESIAN_POINT('',(2.335,1.785,0.));
#13792=CARTESIAN_POINT('Origin',(1.885,1.785,0.));
#13793=CARTESIAN_POINT('',(1.885,1.785,0.));
#13794=CARTESIAN_POINT('',(1.885,1.785,0.));
#13795=CARTESIAN_POINT('',(1.885,1.785,-2.4));
#13796=CARTESIAN_POINT('',(1.885,1.785,-2.4));
#13797=CARTESIAN_POINT('',(1.885,1.785,0.));
#13798=CARTESIAN_POINT('Origin',(1.785,1.885,0.));
#13799=CARTESIAN_POINT('',(1.885,1.785,0.));
#13800=CARTESIAN_POINT('',(1.885,1.785,-2.4));
#13801=CARTESIAN_POINT('Origin',(2.86,0.86,0.));
#13802=CARTESIAN_POINT('',(1.36,0.86,0.));
#13803=CARTESIAN_POINT('',(2.86,0.86,0.));
#13804=CARTESIAN_POINT('',(1.36,0.86,0.));
#13805=CARTESIAN_POINT('',(1.36,0.86,-2.4));
#13806=CARTESIAN_POINT('',(1.36,0.86,0.));
#13807=CARTESIAN_POINT('',(2.86,0.86,-2.4));
#13808=CARTESIAN_POINT('',(1.36,0.86,-2.4));
#13809=CARTESIAN_POINT('',(2.86,0.86,0.));
#13810=CARTESIAN_POINT('Origin',(3.36,1.36,0.));
#13811=CARTESIAN_POINT('',(3.36,1.36,0.));
#13812=CARTESIAN_POINT('',(2.86,0.86,0.));
#13813=CARTESIAN_POINT('',(3.36,1.36,-2.4));
#13814=CARTESIAN_POINT('',(2.86,0.86,-2.4));
#13815=CARTESIAN_POINT('',(3.36,1.36,0.));
#13816=CARTESIAN_POINT('Origin',(3.36,2.86,0.));
#13817=CARTESIAN_POINT('',(3.36,2.86,0.));
#13818=CARTESIAN_POINT('',(3.36,1.36,0.));
#13819=CARTESIAN_POINT('',(3.36,2.86,-2.4));
#13820=CARTESIAN_POINT('',(3.36,1.36,-2.4));
#13821=CARTESIAN_POINT('',(3.36,2.86,0.));
#13822=CARTESIAN_POINT('Origin',(2.86,3.36,0.));
#13823=CARTESIAN_POINT('',(2.86,3.36,0.));
#13824=CARTESIAN_POINT('',(3.36,2.86,0.));
#13825=CARTESIAN_POINT('',(2.86,3.36,-2.4));
#13826=CARTESIAN_POINT('',(3.36,2.86,-2.4));
#13827=CARTESIAN_POINT('',(2.86,3.36,0.));
#13828=CARTESIAN_POINT('Origin',(1.36,3.36,0.));
#13829=CARTESIAN_POINT('',(1.36,3.36,0.));
#13830=CARTESIAN_POINT('',(2.86,3.36,0.));
#13831=CARTESIAN_POINT('',(1.36,3.36,-2.4));
#13832=CARTESIAN_POINT('',(2.86,3.36,-2.4));
#13833=CARTESIAN_POINT('',(1.36,3.36,0.));
#13834=CARTESIAN_POINT('Origin',(0.86,2.86,0.));
#13835=CARTESIAN_POINT('',(0.86,2.86,0.));
#13836=CARTESIAN_POINT('',(1.36,3.36,0.));
#13837=CARTESIAN_POINT('',(0.86,2.86,-2.4));
#13838=CARTESIAN_POINT('',(1.36,3.36,-2.4));
#13839=CARTESIAN_POINT('',(0.86,2.86,0.));
#13840=CARTESIAN_POINT('Origin',(0.86,1.36,0.));
#13841=CARTESIAN_POINT('',(0.86,1.36,0.));
#13842=CARTESIAN_POINT('',(0.86,2.86,0.));
#13843=CARTESIAN_POINT('',(0.86,1.36,-2.4));
#13844=CARTESIAN_POINT('',(0.86,2.86,-2.4));
#13845=CARTESIAN_POINT('',(0.86,1.36,0.));
#13846=CARTESIAN_POINT('Origin',(1.36,0.86,0.));
#13847=CARTESIAN_POINT('',(1.36,0.86,0.));
#13848=CARTESIAN_POINT('',(1.36,0.86,-2.4));
#13849=CARTESIAN_POINT('Origin',(2.11,2.11,-2.4));
#13850=CARTESIAN_POINT('Origin',(2.11,2.11,0.));
#13851=CARTESIAN_POINT('Origin',(1.785,20.115,0.));
#13852=CARTESIAN_POINT('',(1.785,20.115,0.));
#13853=CARTESIAN_POINT('',(1.785,19.665,0.));
#13854=CARTESIAN_POINT('',(1.785,20.115,0.));
#13855=CARTESIAN_POINT('',(1.785,19.665,-2.4));
#13856=CARTESIAN_POINT('',(1.785,19.665,0.));
#13857=CARTESIAN_POINT('',(1.785,20.115,-2.4));
#13858=CARTESIAN_POINT('',(1.785,20.115,-2.4));
#13859=CARTESIAN_POINT('',(1.785,20.115,0.));
#13860=CARTESIAN_POINT('Origin',(1.885,20.215,0.));
#13861=CARTESIAN_POINT('',(1.885,20.215,0.));
#13862=CARTESIAN_POINT('',(1.885,20.215,0.));
#13863=CARTESIAN_POINT('',(1.885,20.215,-2.4));
#13864=CARTESIAN_POINT('',(1.885,20.215,-2.4));
#13865=CARTESIAN_POINT('',(1.885,20.215,0.));
#13866=CARTESIAN_POINT('Origin',(2.335,20.215,0.));
#13867=CARTESIAN_POINT('',(2.335,20.215,0.));
#13868=CARTESIAN_POINT('',(2.335,20.215,0.));
#13869=CARTESIAN_POINT('',(2.335,20.215,-2.4));
#13870=CARTESIAN_POINT('',(2.335,20.215,-2.4));
#13871=CARTESIAN_POINT('',(2.335,20.215,0.));
#13872=CARTESIAN_POINT('Origin',(2.435,20.115,0.));
#13873=CARTESIAN_POINT('',(2.435,20.115,0.));
#13874=CARTESIAN_POINT('',(2.435,20.115,0.));
#13875=CARTESIAN_POINT('',(2.435,20.115,-2.4));
#13876=CARTESIAN_POINT('',(2.435,20.115,-2.4));
#13877=CARTESIAN_POINT('',(2.435,20.115,0.));
#13878=CARTESIAN_POINT('Origin',(2.435,19.665,0.));
#13879=CARTESIAN_POINT('',(2.435,19.665,0.));
#13880=CARTESIAN_POINT('',(2.435,19.665,0.));
#13881=CARTESIAN_POINT('',(2.435,19.665,-2.4));
#13882=CARTESIAN_POINT('',(2.435,19.665,-2.4));
#13883=CARTESIAN_POINT('',(2.435,19.665,0.));
#13884=CARTESIAN_POINT('Origin',(2.335,19.565,0.));
#13885=CARTESIAN_POINT('',(2.335,19.565,0.));
#13886=CARTESIAN_POINT('',(2.335,19.565,0.));
#13887=CARTESIAN_POINT('',(2.335,19.565,-2.4));
#13888=CARTESIAN_POINT('',(2.335,19.565,-2.4));
#13889=CARTESIAN_POINT('',(2.335,19.565,0.));
#13890=CARTESIAN_POINT('Origin',(1.885,19.565,0.));
#13891=CARTESIAN_POINT('',(1.885,19.565,0.));
#13892=CARTESIAN_POINT('',(1.885,19.565,0.));
#13893=CARTESIAN_POINT('',(1.885,19.565,-2.4));
#13894=CARTESIAN_POINT('',(1.885,19.565,-2.4));
#13895=CARTESIAN_POINT('',(1.885,19.565,0.));
#13896=CARTESIAN_POINT('Origin',(1.785,19.665,0.));
#13897=CARTESIAN_POINT('',(1.885,19.565,0.));
#13898=CARTESIAN_POINT('',(1.885,19.565,-2.4));
#13899=CARTESIAN_POINT('Origin',(2.86,18.64,0.));
#13900=CARTESIAN_POINT('',(1.36,18.64,0.));
#13901=CARTESIAN_POINT('',(2.86,18.64,0.));
#13902=CARTESIAN_POINT('',(1.36,18.64,0.));
#13903=CARTESIAN_POINT('',(1.36,18.64,-2.4));
#13904=CARTESIAN_POINT('',(1.36,18.64,0.));
#13905=CARTESIAN_POINT('',(2.86,18.64,-2.4));
#13906=CARTESIAN_POINT('',(1.36,18.64,-2.4));
#13907=CARTESIAN_POINT('',(2.86,18.64,0.));
#13908=CARTESIAN_POINT('Origin',(3.36,19.14,0.));
#13909=CARTESIAN_POINT('',(3.36,19.14,0.));
#13910=CARTESIAN_POINT('',(2.86,18.64,0.));
#13911=CARTESIAN_POINT('',(3.36,19.14,-2.4));
#13912=CARTESIAN_POINT('',(2.86,18.64,-2.4));
#13913=CARTESIAN_POINT('',(3.36,19.14,0.));
#13914=CARTESIAN_POINT('Origin',(3.36,20.64,0.));
#13915=CARTESIAN_POINT('',(3.36,20.64,0.));
#13916=CARTESIAN_POINT('',(3.36,19.14,0.));
#13917=CARTESIAN_POINT('',(3.36,20.64,-2.4));
#13918=CARTESIAN_POINT('',(3.36,19.14,-2.4));
#13919=CARTESIAN_POINT('',(3.36,20.64,0.));
#13920=CARTESIAN_POINT('Origin',(2.86,21.14,0.));
#13921=CARTESIAN_POINT('',(2.86,21.14,0.));
#13922=CARTESIAN_POINT('',(3.36,20.64,0.));
#13923=CARTESIAN_POINT('',(2.86,21.14,-2.4));
#13924=CARTESIAN_POINT('',(3.36,20.64,-2.4));
#13925=CARTESIAN_POINT('',(2.86,21.14,0.));
#13926=CARTESIAN_POINT('Origin',(1.36,21.14,0.));
#13927=CARTESIAN_POINT('',(1.36,21.14,0.));
#13928=CARTESIAN_POINT('',(2.86,21.14,0.));
#13929=CARTESIAN_POINT('',(1.36,21.14,-2.4));
#13930=CARTESIAN_POINT('',(2.86,21.14,-2.4));
#13931=CARTESIAN_POINT('',(1.36,21.14,0.));
#13932=CARTESIAN_POINT('Origin',(0.86,20.64,0.));
#13933=CARTESIAN_POINT('',(0.86,20.64,0.));
#13934=CARTESIAN_POINT('',(1.36,21.14,0.));
#13935=CARTESIAN_POINT('',(0.86,20.64,-2.4));
#13936=CARTESIAN_POINT('',(1.36,21.14,-2.4));
#13937=CARTESIAN_POINT('',(0.86,20.64,0.));
#13938=CARTESIAN_POINT('Origin',(0.86,19.14,0.));
#13939=CARTESIAN_POINT('',(0.86,19.14,0.));
#13940=CARTESIAN_POINT('',(0.86,20.64,0.));
#13941=CARTESIAN_POINT('',(0.86,19.14,-2.4));
#13942=CARTESIAN_POINT('',(0.86,20.64,-2.4));
#13943=CARTESIAN_POINT('',(0.86,19.14,0.));
#13944=CARTESIAN_POINT('Origin',(1.36,18.64,0.));
#13945=CARTESIAN_POINT('',(1.36,18.64,0.));
#13946=CARTESIAN_POINT('',(1.36,18.64,-2.4));
#13947=CARTESIAN_POINT('Origin',(2.11,19.89,-2.4));
#13948=CARTESIAN_POINT('Origin',(2.11,19.89,0.));
#13949=CARTESIAN_POINT('Origin',(17.065,12.045,0.));
#13950=CARTESIAN_POINT('',(17.065,12.045,0.));
#13951=CARTESIAN_POINT('',(17.165,11.945,0.));
#13952=CARTESIAN_POINT('',(17.165,11.945,0.));
#13953=CARTESIAN_POINT('',(17.165,11.945,-2.4));
#13954=CARTESIAN_POINT('',(17.165,11.945,0.));
#13955=CARTESIAN_POINT('',(17.065,12.045,-2.4));
#13956=CARTESIAN_POINT('',(17.165,11.945,-2.4));
#13957=CARTESIAN_POINT('',(17.065,12.045,0.));
#13958=CARTESIAN_POINT('Origin',(17.065,12.495,0.));
#13959=CARTESIAN_POINT('',(17.065,12.495,0.));
#13960=CARTESIAN_POINT('',(17.065,12.045,0.));
#13961=CARTESIAN_POINT('',(17.065,12.495,-2.4));
#13962=CARTESIAN_POINT('',(17.065,12.045,-2.4));
#13963=CARTESIAN_POINT('',(17.065,12.495,0.));
#13964=CARTESIAN_POINT('Origin',(17.165,12.595,0.));
#13965=CARTESIAN_POINT('',(17.165,12.595,0.));
#13966=CARTESIAN_POINT('',(17.065,12.495,0.));
#13967=CARTESIAN_POINT('',(17.165,12.595,-2.4));
#13968=CARTESIAN_POINT('',(17.065,12.495,-2.4));
#13969=CARTESIAN_POINT('',(17.165,12.595,0.));
#13970=CARTESIAN_POINT('Origin',(17.615,12.595,0.));
#13971=CARTESIAN_POINT('',(17.615,12.595,0.));
#13972=CARTESIAN_POINT('',(17.165,12.595,0.));
#13973=CARTESIAN_POINT('',(17.615,12.595,-2.4));
#13974=CARTESIAN_POINT('',(17.165,12.595,-2.4));
#13975=CARTESIAN_POINT('',(17.615,12.595,0.));
#13976=CARTESIAN_POINT('Origin',(17.715,12.495,0.));
#13977=CARTESIAN_POINT('',(17.715,12.495,0.));
#13978=CARTESIAN_POINT('',(17.615,12.595,0.));
#13979=CARTESIAN_POINT('',(17.715,12.495,-2.4));
#13980=CARTESIAN_POINT('',(17.615,12.595,-2.4));
#13981=CARTESIAN_POINT('',(17.715,12.495,0.));
#13982=CARTESIAN_POINT('Origin',(17.715,12.045,0.));
#13983=CARTESIAN_POINT('',(17.715,12.045,0.));
#13984=CARTESIAN_POINT('',(17.715,12.495,0.));
#13985=CARTESIAN_POINT('',(17.715,12.045,-2.4));
#13986=CARTESIAN_POINT('',(17.715,12.495,-2.4));
#13987=CARTESIAN_POINT('',(17.715,12.045,0.));
#13988=CARTESIAN_POINT('Origin',(17.615,11.945,0.));
#13989=CARTESIAN_POINT('',(17.615,11.945,0.));
#13990=CARTESIAN_POINT('',(17.615,11.945,0.));
#13991=CARTESIAN_POINT('',(17.615,11.945,-2.4));
#13992=CARTESIAN_POINT('',(17.615,11.945,-2.4));
#13993=CARTESIAN_POINT('',(17.615,11.945,0.));
#13994=CARTESIAN_POINT('Origin',(17.165,11.945,0.));
#13995=CARTESIAN_POINT('',(17.615,11.945,0.));
#13996=CARTESIAN_POINT('',(17.615,11.945,-2.4));
#13997=CARTESIAN_POINT('Origin',(18.64,11.52,0.));
#13998=CARTESIAN_POINT('',(18.14,11.02,0.));
#13999=CARTESIAN_POINT('',(18.64,11.52,0.));
#14000=CARTESIAN_POINT('',(18.14,11.02,0.));
#14001=CARTESIAN_POINT('',(18.14,11.02,-2.4));
#14002=CARTESIAN_POINT('',(18.14,11.02,0.));
#14003=CARTESIAN_POINT('',(18.64,11.52,-2.4));
#14004=CARTESIAN_POINT('',(18.14,11.02,-2.4));
#14005=CARTESIAN_POINT('',(18.64,11.52,0.));
#14006=CARTESIAN_POINT('Origin',(18.64,13.02,0.));
#14007=CARTESIAN_POINT('',(18.64,13.02,0.));
#14008=CARTESIAN_POINT('',(18.64,13.02,0.));
#14009=CARTESIAN_POINT('',(18.64,13.02,-2.4));
#14010=CARTESIAN_POINT('',(18.64,13.02,-2.4));
#14011=CARTESIAN_POINT('',(18.64,13.02,0.));
#14012=CARTESIAN_POINT('Origin',(18.14,13.52,0.));
#14013=CARTESIAN_POINT('',(18.14,13.52,0.));
#14014=CARTESIAN_POINT('',(18.14,13.52,0.));
#14015=CARTESIAN_POINT('',(18.14,13.52,-2.4));
#14016=CARTESIAN_POINT('',(18.14,13.52,-2.4));
#14017=CARTESIAN_POINT('',(18.14,13.52,0.));
#14018=CARTESIAN_POINT('Origin',(16.64,13.52,0.));
#14019=CARTESIAN_POINT('',(16.64,13.52,0.));
#14020=CARTESIAN_POINT('',(16.64,13.52,0.));
#14021=CARTESIAN_POINT('',(16.64,13.52,-2.4));
#14022=CARTESIAN_POINT('',(16.64,13.52,-2.4));
#14023=CARTESIAN_POINT('',(16.64,13.52,0.));
#14024=CARTESIAN_POINT('Origin',(16.14,13.02,0.));
#14025=CARTESIAN_POINT('',(16.14,13.02,0.));
#14026=CARTESIAN_POINT('',(16.14,13.02,0.));
#14027=CARTESIAN_POINT('',(16.14,13.02,-2.4));
#14028=CARTESIAN_POINT('',(16.14,13.02,-2.4));
#14029=CARTESIAN_POINT('',(16.14,13.02,0.));
#14030=CARTESIAN_POINT('Origin',(16.14,11.52,0.));
#14031=CARTESIAN_POINT('',(16.14,11.52,0.));
#14032=CARTESIAN_POINT('',(16.14,11.52,0.));
#14033=CARTESIAN_POINT('',(16.14,11.52,-2.4));
#14034=CARTESIAN_POINT('',(16.14,11.52,-2.4));
#14035=CARTESIAN_POINT('',(16.14,11.52,0.));
#14036=CARTESIAN_POINT('Origin',(16.64,11.02,0.));
#14037=CARTESIAN_POINT('',(16.64,11.02,0.));
#14038=CARTESIAN_POINT('',(16.64,11.02,0.));
#14039=CARTESIAN_POINT('',(16.64,11.02,-2.4));
#14040=CARTESIAN_POINT('',(16.64,11.02,-2.4));
#14041=CARTESIAN_POINT('',(16.64,11.02,0.));
#14042=CARTESIAN_POINT('Origin',(18.14,11.02,0.));
#14043=CARTESIAN_POINT('',(18.14,11.02,0.));
#14044=CARTESIAN_POINT('',(18.14,11.02,-2.4));
#14045=CARTESIAN_POINT('Origin',(17.39,12.27,-2.4));
#14046=CARTESIAN_POINT('Origin',(17.39,12.27,0.));
#14047=CARTESIAN_POINT('Origin',(17.065,1.885,0.));
#14048=CARTESIAN_POINT('',(17.065,1.885,0.));
#14049=CARTESIAN_POINT('',(17.165,1.785,0.));
#14050=CARTESIAN_POINT('',(17.165,1.785,0.));
#14051=CARTESIAN_POINT('',(17.165,1.785,-2.4));
#14052=CARTESIAN_POINT('',(17.165,1.785,0.));
#14053=CARTESIAN_POINT('',(17.065,1.885,-2.4));
#14054=CARTESIAN_POINT('',(17.165,1.785,-2.4));
#14055=CARTESIAN_POINT('',(17.065,1.885,0.));
#14056=CARTESIAN_POINT('Origin',(17.065,2.335,0.));
#14057=CARTESIAN_POINT('',(17.065,2.335,0.));
#14058=CARTESIAN_POINT('',(17.065,1.885,0.));
#14059=CARTESIAN_POINT('',(17.065,2.335,-2.4));
#14060=CARTESIAN_POINT('',(17.065,1.885,-2.4));
#14061=CARTESIAN_POINT('',(17.065,2.335,0.));
#14062=CARTESIAN_POINT('Origin',(17.165,2.435,0.));
#14063=CARTESIAN_POINT('',(17.165,2.435,0.));
#14064=CARTESIAN_POINT('',(17.065,2.335,0.));
#14065=CARTESIAN_POINT('',(17.165,2.435,-2.4));
#14066=CARTESIAN_POINT('',(17.065,2.335,-2.4));
#14067=CARTESIAN_POINT('',(17.165,2.435,0.));
#14068=CARTESIAN_POINT('Origin',(17.615,2.435,0.));
#14069=CARTESIAN_POINT('',(17.615,2.435,0.));
#14070=CARTESIAN_POINT('',(17.165,2.435,0.));
#14071=CARTESIAN_POINT('',(17.615,2.435,-2.4));
#14072=CARTESIAN_POINT('',(17.165,2.435,-2.4));
#14073=CARTESIAN_POINT('',(17.615,2.435,0.));
#14074=CARTESIAN_POINT('Origin',(17.715,2.335,0.));
#14075=CARTESIAN_POINT('',(17.715,2.335,0.));
#14076=CARTESIAN_POINT('',(17.615,2.435,0.));
#14077=CARTESIAN_POINT('',(17.715,2.335,-2.4));
#14078=CARTESIAN_POINT('',(17.615,2.435,-2.4));
#14079=CARTESIAN_POINT('',(17.715,2.335,0.));
#14080=CARTESIAN_POINT('Origin',(17.715,1.885,0.));
#14081=CARTESIAN_POINT('',(17.715,1.885,0.));
#14082=CARTESIAN_POINT('',(17.715,2.335,0.));
#14083=CARTESIAN_POINT('',(17.715,1.885,-2.4));
#14084=CARTESIAN_POINT('',(17.715,2.335,-2.4));
#14085=CARTESIAN_POINT('',(17.715,1.885,0.));
#14086=CARTESIAN_POINT('Origin',(17.615,1.785,0.));
#14087=CARTESIAN_POINT('',(17.615,1.785,0.));
#14088=CARTESIAN_POINT('',(17.615,1.785,0.));
#14089=CARTESIAN_POINT('',(17.615,1.785,-2.4));
#14090=CARTESIAN_POINT('',(17.615,1.785,-2.4));
#14091=CARTESIAN_POINT('',(17.615,1.785,0.));
#14092=CARTESIAN_POINT('Origin',(17.165,1.785,0.));
#14093=CARTESIAN_POINT('',(17.615,1.785,0.));
#14094=CARTESIAN_POINT('',(17.615,1.785,-2.4));
#14095=CARTESIAN_POINT('Origin',(18.64,1.36,0.));
#14096=CARTESIAN_POINT('',(18.14,0.86,0.));
#14097=CARTESIAN_POINT('',(18.64,1.36,0.));
#14098=CARTESIAN_POINT('',(18.14,0.86,0.));
#14099=CARTESIAN_POINT('',(18.14,0.86,-2.4));
#14100=CARTESIAN_POINT('',(18.14,0.86,0.));
#14101=CARTESIAN_POINT('',(18.64,1.36,-2.4));
#14102=CARTESIAN_POINT('',(18.14,0.86,-2.4));
#14103=CARTESIAN_POINT('',(18.64,1.36,0.));
#14104=CARTESIAN_POINT('Origin',(18.64,2.86,0.));
#14105=CARTESIAN_POINT('',(18.64,2.86,0.));
#14106=CARTESIAN_POINT('',(18.64,2.86,0.));
#14107=CARTESIAN_POINT('',(18.64,2.86,-2.4));
#14108=CARTESIAN_POINT('',(18.64,2.86,-2.4));
#14109=CARTESIAN_POINT('',(18.64,2.86,0.));
#14110=CARTESIAN_POINT('Origin',(18.14,3.36,0.));
#14111=CARTESIAN_POINT('',(18.14,3.36,0.));
#14112=CARTESIAN_POINT('',(18.14,3.36,0.));
#14113=CARTESIAN_POINT('',(18.14,3.36,-2.4));
#14114=CARTESIAN_POINT('',(18.14,3.36,-2.4));
#14115=CARTESIAN_POINT('',(18.14,3.36,0.));
#14116=CARTESIAN_POINT('Origin',(16.64,3.36,0.));
#14117=CARTESIAN_POINT('',(16.64,3.36,0.));
#14118=CARTESIAN_POINT('',(16.64,3.36,0.));
#14119=CARTESIAN_POINT('',(16.64,3.36,-2.4));
#14120=CARTESIAN_POINT('',(16.64,3.36,-2.4));
#14121=CARTESIAN_POINT('',(16.64,3.36,0.));
#14122=CARTESIAN_POINT('Origin',(16.14,2.86,0.));
#14123=CARTESIAN_POINT('',(16.14,2.86,0.));
#14124=CARTESIAN_POINT('',(16.14,2.86,0.));
#14125=CARTESIAN_POINT('',(16.14,2.86,-2.4));
#14126=CARTESIAN_POINT('',(16.14,2.86,-2.4));
#14127=CARTESIAN_POINT('',(16.14,2.86,0.));
#14128=CARTESIAN_POINT('Origin',(16.14,1.36,0.));
#14129=CARTESIAN_POINT('',(16.14,1.36,0.));
#14130=CARTESIAN_POINT('',(16.14,1.36,0.));
#14131=CARTESIAN_POINT('',(16.14,1.36,-2.4));
#14132=CARTESIAN_POINT('',(16.14,1.36,-2.4));
#14133=CARTESIAN_POINT('',(16.14,1.36,0.));
#14134=CARTESIAN_POINT('Origin',(16.64,0.86,0.));
#14135=CARTESIAN_POINT('',(16.64,0.86,0.));
#14136=CARTESIAN_POINT('',(16.64,0.86,0.));
#14137=CARTESIAN_POINT('',(16.64,0.86,-2.4));
#14138=CARTESIAN_POINT('',(16.64,0.86,-2.4));
#14139=CARTESIAN_POINT('',(16.64,0.86,0.));
#14140=CARTESIAN_POINT('Origin',(18.14,0.86,0.));
#14141=CARTESIAN_POINT('',(18.14,0.86,0.));
#14142=CARTESIAN_POINT('',(18.14,0.86,-2.4));
#14143=CARTESIAN_POINT('Origin',(17.39,2.11,-2.4));
#14144=CARTESIAN_POINT('Origin',(17.39,2.11,0.));
#14145=CARTESIAN_POINT('Origin',(17.39,7.19,3.5));
#14146=CARTESIAN_POINT('',(17.165,6.865,3.5));
#14147=CARTESIAN_POINT('',(17.615,6.865,3.5));
#14148=CARTESIAN_POINT('',(17.615,6.865,3.5));
#14149=CARTESIAN_POINT('',(17.715,6.965,3.5));
#14150=CARTESIAN_POINT('',(17.615,6.865,3.5));
#14151=CARTESIAN_POINT('',(17.715,7.415,3.5));
#14152=CARTESIAN_POINT('',(17.715,7.415,3.5));
#14153=CARTESIAN_POINT('',(17.615,7.515,3.5));
#14154=CARTESIAN_POINT('',(17.615,7.515,3.5));
#14155=CARTESIAN_POINT('',(17.165,7.515,3.5));
#14156=CARTESIAN_POINT('',(17.165,7.515,3.5));
#14157=CARTESIAN_POINT('',(17.065,7.415,3.5));
#14158=CARTESIAN_POINT('',(17.065,7.415,3.5));
#14159=CARTESIAN_POINT('',(17.065,6.965,3.5));
#14160=CARTESIAN_POINT('',(17.065,6.965,3.5));
#14161=CARTESIAN_POINT('',(17.165,6.865,3.5));
#14162=CARTESIAN_POINT('Origin',(17.715,6.965,0.));
#14163=CARTESIAN_POINT('',(17.615,6.865,-8.));
#14164=CARTESIAN_POINT('',(17.615,6.865,0.));
#14165=CARTESIAN_POINT('',(17.715,6.965,-8.));
#14166=CARTESIAN_POINT('',(17.615,6.865,-8.));
#14167=CARTESIAN_POINT('',(17.715,6.965,0.));
#14168=CARTESIAN_POINT('Origin',(17.715,7.415,0.));
#14169=CARTESIAN_POINT('',(17.715,7.415,-8.));
#14170=CARTESIAN_POINT('',(17.715,7.415,-8.));
#14171=CARTESIAN_POINT('',(17.715,7.415,0.));
#14172=CARTESIAN_POINT('Origin',(17.615,7.515,0.));
#14173=CARTESIAN_POINT('',(17.615,7.515,-8.));
#14174=CARTESIAN_POINT('',(17.615,7.515,-8.));
#14175=CARTESIAN_POINT('',(17.615,7.515,0.));
#14176=CARTESIAN_POINT('Origin',(17.165,7.515,0.));
#14177=CARTESIAN_POINT('',(17.165,7.515,-8.));
#14178=CARTESIAN_POINT('',(17.165,7.515,-8.));
#14179=CARTESIAN_POINT('',(17.165,7.515,0.));
#14180=CARTESIAN_POINT('Origin',(17.065,7.415,0.));
#14181=CARTESIAN_POINT('',(17.065,7.415,-8.));
#14182=CARTESIAN_POINT('',(17.065,7.415,-8.));
#14183=CARTESIAN_POINT('',(17.065,7.415,0.));
#14184=CARTESIAN_POINT('Origin',(17.065,6.965,0.));
#14185=CARTESIAN_POINT('',(17.065,6.965,-8.));
#14186=CARTESIAN_POINT('',(17.065,6.965,-8.));
#14187=CARTESIAN_POINT('',(17.065,6.965,0.));
#14188=CARTESIAN_POINT('Origin',(17.165,6.865,0.));
#14189=CARTESIAN_POINT('',(17.165,6.865,-8.));
#14190=CARTESIAN_POINT('',(17.165,6.865,-8.));
#14191=CARTESIAN_POINT('',(17.165,6.865,0.));
#14192=CARTESIAN_POINT('Origin',(17.615,6.865,0.));
#14193=CARTESIAN_POINT('',(17.615,6.865,-8.));
#14194=CARTESIAN_POINT('Origin',(17.39,7.19,-8.));
#14195=CARTESIAN_POINT('Origin',(17.39,17.35,3.5));
#14196=CARTESIAN_POINT('',(17.165,17.025,3.5));
#14197=CARTESIAN_POINT('',(17.615,17.025,3.5));
#14198=CARTESIAN_POINT('',(17.615,17.025,3.5));
#14199=CARTESIAN_POINT('',(17.715,17.125,3.5));
#14200=CARTESIAN_POINT('',(17.615,17.025,3.5));
#14201=CARTESIAN_POINT('',(17.715,17.575,3.5));
#14202=CARTESIAN_POINT('',(17.715,17.575,3.5));
#14203=CARTESIAN_POINT('',(17.615,17.675,3.5));
#14204=CARTESIAN_POINT('',(17.615,17.675,3.5));
#14205=CARTESIAN_POINT('',(17.165,17.675,3.5));
#14206=CARTESIAN_POINT('',(17.165,17.675,3.5));
#14207=CARTESIAN_POINT('',(17.065,17.575,3.5));
#14208=CARTESIAN_POINT('',(17.065,17.575,3.5));
#14209=CARTESIAN_POINT('',(17.065,17.125,3.5));
#14210=CARTESIAN_POINT('',(17.065,17.125,3.5));
#14211=CARTESIAN_POINT('',(17.165,17.025,3.5));
#14212=CARTESIAN_POINT('Origin',(17.715,17.125,0.));
#14213=CARTESIAN_POINT('',(17.615,17.025,-8.));
#14214=CARTESIAN_POINT('',(17.615,17.025,0.));
#14215=CARTESIAN_POINT('',(17.715,17.125,-8.));
#14216=CARTESIAN_POINT('',(17.615,17.025,-8.));
#14217=CARTESIAN_POINT('',(17.715,17.125,0.));
#14218=CARTESIAN_POINT('Origin',(17.715,17.575,0.));
#14219=CARTESIAN_POINT('',(17.715,17.575,-8.));
#14220=CARTESIAN_POINT('',(17.715,17.575,-8.));
#14221=CARTESIAN_POINT('',(17.715,17.575,0.));
#14222=CARTESIAN_POINT('Origin',(17.615,17.675,0.));
#14223=CARTESIAN_POINT('',(17.615,17.675,-8.));
#14224=CARTESIAN_POINT('',(17.615,17.675,-8.));
#14225=CARTESIAN_POINT('',(17.615,17.675,0.));
#14226=CARTESIAN_POINT('Origin',(17.165,17.675,0.));
#14227=CARTESIAN_POINT('',(17.165,17.675,-8.));
#14228=CARTESIAN_POINT('',(17.165,17.675,-8.));
#14229=CARTESIAN_POINT('',(17.165,17.675,0.));
#14230=CARTESIAN_POINT('Origin',(17.065,17.575,0.));
#14231=CARTESIAN_POINT('',(17.065,17.575,-8.));
#14232=CARTESIAN_POINT('',(17.065,17.575,-8.));
#14233=CARTESIAN_POINT('',(17.065,17.575,0.));
#14234=CARTESIAN_POINT('Origin',(17.065,17.125,0.));
#14235=CARTESIAN_POINT('',(17.065,17.125,-8.));
#14236=CARTESIAN_POINT('',(17.065,17.125,-8.));
#14237=CARTESIAN_POINT('',(17.065,17.125,0.));
#14238=CARTESIAN_POINT('Origin',(17.165,17.025,0.));
#14239=CARTESIAN_POINT('',(17.165,17.025,-8.));
#14240=CARTESIAN_POINT('',(17.165,17.025,-8.));
#14241=CARTESIAN_POINT('',(17.165,17.025,0.));
#14242=CARTESIAN_POINT('Origin',(17.615,17.025,0.));
#14243=CARTESIAN_POINT('',(17.615,17.025,-8.));
#14244=CARTESIAN_POINT('Origin',(17.39,17.35,-8.));
#14245=CARTESIAN_POINT('Origin',(2.11,14.81,3.5));
#14246=CARTESIAN_POINT('',(1.785,14.585,3.5));
#14247=CARTESIAN_POINT('',(1.885,14.485,3.5));
#14248=CARTESIAN_POINT('',(1.885,14.485,3.5));
#14249=CARTESIAN_POINT('',(2.335,14.485,3.5));
#14250=CARTESIAN_POINT('',(1.885,14.485,3.5));
#14251=CARTESIAN_POINT('',(2.435,14.585,3.5));
#14252=CARTESIAN_POINT('',(2.335,14.485,3.5));
#14253=CARTESIAN_POINT('',(2.435,15.035,3.5));
#14254=CARTESIAN_POINT('',(2.435,14.585,3.5));
#14255=CARTESIAN_POINT('',(2.335,15.135,3.5));
#14256=CARTESIAN_POINT('',(2.435,15.035,3.5));
#14257=CARTESIAN_POINT('',(1.885,15.135,3.5));
#14258=CARTESIAN_POINT('',(2.335,15.135,3.5));
#14259=CARTESIAN_POINT('',(1.785,15.035,3.5));
#14260=CARTESIAN_POINT('',(1.885,15.135,3.5));
#14261=CARTESIAN_POINT('',(1.785,15.035,3.5));
#14262=CARTESIAN_POINT('Origin',(2.335,14.485,0.));
#14263=CARTESIAN_POINT('',(1.885,14.485,-8.));
#14264=CARTESIAN_POINT('',(1.885,14.485,0.));
#14265=CARTESIAN_POINT('',(2.335,14.485,-8.));
#14266=CARTESIAN_POINT('',(1.885,14.485,-8.));
#14267=CARTESIAN_POINT('',(2.335,14.485,0.));
#14268=CARTESIAN_POINT('Origin',(2.435,14.585,0.));
#14269=CARTESIAN_POINT('',(2.435,14.585,-8.));
#14270=CARTESIAN_POINT('',(2.335,14.485,-8.));
#14271=CARTESIAN_POINT('',(2.435,14.585,0.));
#14272=CARTESIAN_POINT('Origin',(2.435,15.035,0.));
#14273=CARTESIAN_POINT('',(2.435,15.035,-8.));
#14274=CARTESIAN_POINT('',(2.435,14.585,-8.));
#14275=CARTESIAN_POINT('',(2.435,15.035,0.));
#14276=CARTESIAN_POINT('Origin',(2.335,15.135,0.));
#14277=CARTESIAN_POINT('',(2.335,15.135,-8.));
#14278=CARTESIAN_POINT('',(2.435,15.035,-8.));
#14279=CARTESIAN_POINT('',(2.335,15.135,0.));
#14280=CARTESIAN_POINT('Origin',(1.885,15.135,0.));
#14281=CARTESIAN_POINT('',(1.885,15.135,-8.));
#14282=CARTESIAN_POINT('',(2.335,15.135,-8.));
#14283=CARTESIAN_POINT('',(1.885,15.135,0.));
#14284=CARTESIAN_POINT('Origin',(1.785,15.035,0.));
#14285=CARTESIAN_POINT('',(1.785,15.035,-8.));
#14286=CARTESIAN_POINT('',(1.885,15.135,-8.));
#14287=CARTESIAN_POINT('',(1.785,15.035,0.));
#14288=CARTESIAN_POINT('Origin',(1.785,14.585,0.));
#14289=CARTESIAN_POINT('',(1.785,14.585,-8.));
#14290=CARTESIAN_POINT('',(1.785,15.035,-8.));
#14291=CARTESIAN_POINT('',(1.785,14.585,0.));
#14292=CARTESIAN_POINT('Origin',(1.885,14.485,0.));
#14293=CARTESIAN_POINT('',(1.885,14.485,-8.));
#14294=CARTESIAN_POINT('Origin',(2.11,14.81,-8.));
#14295=CARTESIAN_POINT('Origin',(2.11,4.65,3.5));
#14296=CARTESIAN_POINT('',(1.785,4.425,3.5));
#14297=CARTESIAN_POINT('',(1.885,4.325,3.5));
#14298=CARTESIAN_POINT('',(1.885,4.325,3.5));
#14299=CARTESIAN_POINT('',(2.335,4.325,3.5));
#14300=CARTESIAN_POINT('',(1.885,4.325,3.5));
#14301=CARTESIAN_POINT('',(2.435,4.425,3.5));
#14302=CARTESIAN_POINT('',(2.335,4.325,3.5));
#14303=CARTESIAN_POINT('',(2.435,4.875,3.5));
#14304=CARTESIAN_POINT('',(2.435,4.425,3.5));
#14305=CARTESIAN_POINT('',(2.335,4.975,3.5));
#14306=CARTESIAN_POINT('',(2.435,4.875,3.5));
#14307=CARTESIAN_POINT('',(1.885,4.975,3.5));
#14308=CARTESIAN_POINT('',(2.335,4.975,3.5));
#14309=CARTESIAN_POINT('',(1.785,4.875,3.5));
#14310=CARTESIAN_POINT('',(1.885,4.975,3.5));
#14311=CARTESIAN_POINT('',(1.785,4.875,3.5));
#14312=CARTESIAN_POINT('Origin',(2.335,4.325,0.));
#14313=CARTESIAN_POINT('',(1.885,4.325,-8.));
#14314=CARTESIAN_POINT('',(1.885,4.325,0.));
#14315=CARTESIAN_POINT('',(2.335,4.325,-8.));
#14316=CARTESIAN_POINT('',(1.885,4.325,-8.));
#14317=CARTESIAN_POINT('',(2.335,4.325,0.));
#14318=CARTESIAN_POINT('Origin',(2.435,4.425,0.));
#14319=CARTESIAN_POINT('',(2.435,4.425,-8.));
#14320=CARTESIAN_POINT('',(2.335,4.325,-8.));
#14321=CARTESIAN_POINT('',(2.435,4.425,0.));
#14322=CARTESIAN_POINT('Origin',(2.435,4.875,0.));
#14323=CARTESIAN_POINT('',(2.435,4.875,-8.));
#14324=CARTESIAN_POINT('',(2.435,4.425,-8.));
#14325=CARTESIAN_POINT('',(2.435,4.875,0.));
#14326=CARTESIAN_POINT('Origin',(2.335,4.975,0.));
#14327=CARTESIAN_POINT('',(2.335,4.975,-8.));
#14328=CARTESIAN_POINT('',(2.435,4.875,-8.));
#14329=CARTESIAN_POINT('',(2.335,4.975,0.));
#14330=CARTESIAN_POINT('Origin',(1.885,4.975,0.));
#14331=CARTESIAN_POINT('',(1.885,4.975,-8.));
#14332=CARTESIAN_POINT('',(2.335,4.975,-8.));
#14333=CARTESIAN_POINT('',(1.885,4.975,0.));
#14334=CARTESIAN_POINT('Origin',(1.785,4.875,0.));
#14335=CARTESIAN_POINT('',(1.785,4.875,-8.));
#14336=CARTESIAN_POINT('',(1.885,4.975,-8.));
#14337=CARTESIAN_POINT('',(1.785,4.875,0.));
#14338=CARTESIAN_POINT('Origin',(1.785,4.425,0.));
#14339=CARTESIAN_POINT('',(1.785,4.425,-8.));
#14340=CARTESIAN_POINT('',(1.785,4.875,-8.));
#14341=CARTESIAN_POINT('',(1.785,4.425,0.));
#14342=CARTESIAN_POINT('Origin',(1.885,4.325,0.));
#14343=CARTESIAN_POINT('',(1.885,4.325,-8.));
#14344=CARTESIAN_POINT('Origin',(2.11,4.65,-8.));
#14345=CARTESIAN_POINT('Origin',(2.11,7.19,3.5));
#14346=CARTESIAN_POINT('',(1.785,6.965,3.5));
#14347=CARTESIAN_POINT('',(1.885,6.865,3.5));
#14348=CARTESIAN_POINT('',(1.885,6.865,3.5));
#14349=CARTESIAN_POINT('',(2.335,6.865,3.5));
#14350=CARTESIAN_POINT('',(1.885,6.865,3.5));
#14351=CARTESIAN_POINT('',(2.435,6.965,3.5));
#14352=CARTESIAN_POINT('',(2.335,6.865,3.5));
#14353=CARTESIAN_POINT('',(2.435,7.415,3.5));
#14354=CARTESIAN_POINT('',(2.435,6.965,3.5));
#14355=CARTESIAN_POINT('',(2.335,7.515,3.5));
#14356=CARTESIAN_POINT('',(2.435,7.415,3.5));
#14357=CARTESIAN_POINT('',(1.885,7.515,3.5));
#14358=CARTESIAN_POINT('',(2.335,7.515,3.5));
#14359=CARTESIAN_POINT('',(1.785,7.415,3.5));
#14360=CARTESIAN_POINT('',(1.885,7.515,3.5));
#14361=CARTESIAN_POINT('',(1.785,7.415,3.5));
#14362=CARTESIAN_POINT('Origin',(2.335,6.865,0.));
#14363=CARTESIAN_POINT('',(1.885,6.865,-8.));
#14364=CARTESIAN_POINT('',(1.885,6.865,0.));
#14365=CARTESIAN_POINT('',(2.335,6.865,-8.));
#14366=CARTESIAN_POINT('',(1.885,6.865,-8.));
#14367=CARTESIAN_POINT('',(2.335,6.865,0.));
#14368=CARTESIAN_POINT('Origin',(2.435,6.965,0.));
#14369=CARTESIAN_POINT('',(2.435,6.965,-8.));
#14370=CARTESIAN_POINT('',(2.335,6.865,-8.));
#14371=CARTESIAN_POINT('',(2.435,6.965,0.));
#14372=CARTESIAN_POINT('Origin',(2.435,7.415,0.));
#14373=CARTESIAN_POINT('',(2.435,7.415,-8.));
#14374=CARTESIAN_POINT('',(2.435,6.965,-8.));
#14375=CARTESIAN_POINT('',(2.435,7.415,0.));
#14376=CARTESIAN_POINT('Origin',(2.335,7.515,0.));
#14377=CARTESIAN_POINT('',(2.335,7.515,-8.));
#14378=CARTESIAN_POINT('',(2.435,7.415,-8.));
#14379=CARTESIAN_POINT('',(2.335,7.515,0.));
#14380=CARTESIAN_POINT('Origin',(1.885,7.515,0.));
#14381=CARTESIAN_POINT('',(1.885,7.515,-8.));
#14382=CARTESIAN_POINT('',(2.335,7.515,-8.));
#14383=CARTESIAN_POINT('',(1.885,7.515,0.));
#14384=CARTESIAN_POINT('Origin',(1.785,7.415,0.));
#14385=CARTESIAN_POINT('',(1.785,7.415,-8.));
#14386=CARTESIAN_POINT('',(1.885,7.515,-8.));
#14387=CARTESIAN_POINT('',(1.785,7.415,0.));
#14388=CARTESIAN_POINT('Origin',(1.785,6.965,0.));
#14389=CARTESIAN_POINT('',(1.785,6.965,-8.));
#14390=CARTESIAN_POINT('',(1.785,7.415,-8.));
#14391=CARTESIAN_POINT('',(1.785,6.965,0.));
#14392=CARTESIAN_POINT('Origin',(1.885,6.865,0.));
#14393=CARTESIAN_POINT('',(1.885,6.865,-8.));
#14394=CARTESIAN_POINT('Origin',(2.11,7.19,-8.));
#14395=CARTESIAN_POINT('Origin',(2.11,17.35,3.5));
#14396=CARTESIAN_POINT('',(1.785,17.125,3.5));
#14397=CARTESIAN_POINT('',(1.885,17.025,3.5));
#14398=CARTESIAN_POINT('',(1.885,17.025,3.5));
#14399=CARTESIAN_POINT('',(2.335,17.025,3.5));
#14400=CARTESIAN_POINT('',(1.885,17.025,3.5));
#14401=CARTESIAN_POINT('',(2.435,17.125,3.5));
#14402=CARTESIAN_POINT('',(2.335,17.025,3.5));
#14403=CARTESIAN_POINT('',(2.435,17.575,3.5));
#14404=CARTESIAN_POINT('',(2.435,17.125,3.5));
#14405=CARTESIAN_POINT('',(2.335,17.675,3.5));
#14406=CARTESIAN_POINT('',(2.435,17.575,3.5));
#14407=CARTESIAN_POINT('',(1.885,17.675,3.5));
#14408=CARTESIAN_POINT('',(2.335,17.675,3.5));
#14409=CARTESIAN_POINT('',(1.785,17.575,3.5));
#14410=CARTESIAN_POINT('',(1.885,17.675,3.5));
#14411=CARTESIAN_POINT('',(1.785,17.575,3.5));
#14412=CARTESIAN_POINT('Origin',(2.335,17.025,0.));
#14413=CARTESIAN_POINT('',(1.885,17.025,-8.));
#14414=CARTESIAN_POINT('',(1.885,17.025,0.));
#14415=CARTESIAN_POINT('',(2.335,17.025,-8.));
#14416=CARTESIAN_POINT('',(1.885,17.025,-8.));
#14417=CARTESIAN_POINT('',(2.335,17.025,0.));
#14418=CARTESIAN_POINT('Origin',(2.435,17.125,0.));
#14419=CARTESIAN_POINT('',(2.435,17.125,-8.));
#14420=CARTESIAN_POINT('',(2.335,17.025,-8.));
#14421=CARTESIAN_POINT('',(2.435,17.125,0.));
#14422=CARTESIAN_POINT('Origin',(2.435,17.575,0.));
#14423=CARTESIAN_POINT('',(2.435,17.575,-8.));
#14424=CARTESIAN_POINT('',(2.435,17.125,-8.));
#14425=CARTESIAN_POINT('',(2.435,17.575,0.));
#14426=CARTESIAN_POINT('Origin',(2.335,17.675,0.));
#14427=CARTESIAN_POINT('',(2.335,17.675,-8.));
#14428=CARTESIAN_POINT('',(2.435,17.575,-8.));
#14429=CARTESIAN_POINT('',(2.335,17.675,0.));
#14430=CARTESIAN_POINT('Origin',(1.885,17.675,0.));
#14431=CARTESIAN_POINT('',(1.885,17.675,-8.));
#14432=CARTESIAN_POINT('',(2.335,17.675,-8.));
#14433=CARTESIAN_POINT('',(1.885,17.675,0.));
#14434=CARTESIAN_POINT('Origin',(1.785,17.575,0.));
#14435=CARTESIAN_POINT('',(1.785,17.575,-8.));
#14436=CARTESIAN_POINT('',(1.885,17.675,-8.));
#14437=CARTESIAN_POINT('',(1.785,17.575,0.));
#14438=CARTESIAN_POINT('Origin',(1.785,17.125,0.));
#14439=CARTESIAN_POINT('',(1.785,17.125,-8.));
#14440=CARTESIAN_POINT('',(1.785,17.575,-8.));
#14441=CARTESIAN_POINT('',(1.785,17.125,0.));
#14442=CARTESIAN_POINT('Origin',(1.885,17.025,0.));
#14443=CARTESIAN_POINT('',(1.885,17.025,-8.));
#14444=CARTESIAN_POINT('Origin',(2.11,17.35,-8.));
#14445=CARTESIAN_POINT('Origin',(17.39,14.81,3.5));
#14446=CARTESIAN_POINT('',(17.165,14.485,3.5));
#14447=CARTESIAN_POINT('',(17.615,14.485,3.5));
#14448=CARTESIAN_POINT('',(17.615,14.485,3.5));
#14449=CARTESIAN_POINT('',(17.715,14.585,3.5));
#14450=CARTESIAN_POINT('',(17.615,14.485,3.5));
#14451=CARTESIAN_POINT('',(17.715,15.035,3.5));
#14452=CARTESIAN_POINT('',(17.715,15.035,3.5));
#14453=CARTESIAN_POINT('',(17.615,15.135,3.5));
#14454=CARTESIAN_POINT('',(17.615,15.135,3.5));
#14455=CARTESIAN_POINT('',(17.165,15.135,3.5));
#14456=CARTESIAN_POINT('',(17.165,15.135,3.5));
#14457=CARTESIAN_POINT('',(17.065,15.035,3.5));
#14458=CARTESIAN_POINT('',(17.065,15.035,3.5));
#14459=CARTESIAN_POINT('',(17.065,14.585,3.5));
#14460=CARTESIAN_POINT('',(17.065,14.585,3.5));
#14461=CARTESIAN_POINT('',(17.165,14.485,3.5));
#14462=CARTESIAN_POINT('Origin',(17.715,14.585,0.));
#14463=CARTESIAN_POINT('',(17.615,14.485,-8.));
#14464=CARTESIAN_POINT('',(17.615,14.485,0.));
#14465=CARTESIAN_POINT('',(17.715,14.585,-8.));
#14466=CARTESIAN_POINT('',(17.615,14.485,-8.));
#14467=CARTESIAN_POINT('',(17.715,14.585,0.));
#14468=CARTESIAN_POINT('Origin',(17.715,15.035,0.));
#14469=CARTESIAN_POINT('',(17.715,15.035,-8.));
#14470=CARTESIAN_POINT('',(17.715,15.035,-8.));
#14471=CARTESIAN_POINT('',(17.715,15.035,0.));
#14472=CARTESIAN_POINT('Origin',(17.615,15.135,0.));
#14473=CARTESIAN_POINT('',(17.615,15.135,-8.));
#14474=CARTESIAN_POINT('',(17.615,15.135,-8.));
#14475=CARTESIAN_POINT('',(17.615,15.135,0.));
#14476=CARTESIAN_POINT('Origin',(17.165,15.135,0.));
#14477=CARTESIAN_POINT('',(17.165,15.135,-8.));
#14478=CARTESIAN_POINT('',(17.165,15.135,-8.));
#14479=CARTESIAN_POINT('',(17.165,15.135,0.));
#14480=CARTESIAN_POINT('Origin',(17.065,15.035,0.));
#14481=CARTESIAN_POINT('',(17.065,15.035,-8.));
#14482=CARTESIAN_POINT('',(17.065,15.035,-8.));
#14483=CARTESIAN_POINT('',(17.065,15.035,0.));
#14484=CARTESIAN_POINT('Origin',(17.065,14.585,0.));
#14485=CARTESIAN_POINT('',(17.065,14.585,-8.));
#14486=CARTESIAN_POINT('',(17.065,14.585,-8.));
#14487=CARTESIAN_POINT('',(17.065,14.585,0.));
#14488=CARTESIAN_POINT('Origin',(17.165,14.485,0.));
#14489=CARTESIAN_POINT('',(17.165,14.485,-8.));
#14490=CARTESIAN_POINT('',(17.165,14.485,-8.));
#14491=CARTESIAN_POINT('',(17.165,14.485,0.));
#14492=CARTESIAN_POINT('Origin',(17.615,14.485,0.));
#14493=CARTESIAN_POINT('',(17.615,14.485,-8.));
#14494=CARTESIAN_POINT('Origin',(17.39,14.81,-8.));
#14495=CARTESIAN_POINT('Origin',(17.39,4.65,3.5));
#14496=CARTESIAN_POINT('',(17.065,4.425,3.5));
#14497=CARTESIAN_POINT('',(17.165,4.325,3.5));
#14498=CARTESIAN_POINT('',(17.165,4.325,3.5));
#14499=CARTESIAN_POINT('',(17.615,4.325,3.5));
#14500=CARTESIAN_POINT('',(17.615,4.325,3.5));
#14501=CARTESIAN_POINT('',(17.715,4.425,3.5));
#14502=CARTESIAN_POINT('',(17.615,4.325,3.5));
#14503=CARTESIAN_POINT('',(17.715,4.875,3.5));
#14504=CARTESIAN_POINT('',(17.715,4.875,3.5));
#14505=CARTESIAN_POINT('',(17.615,4.975,3.5));
#14506=CARTESIAN_POINT('',(17.615,4.975,3.5));
#14507=CARTESIAN_POINT('',(17.165,4.975,3.5));
#14508=CARTESIAN_POINT('',(17.165,4.975,3.5));
#14509=CARTESIAN_POINT('',(17.065,4.875,3.5));
#14510=CARTESIAN_POINT('',(17.065,4.875,3.5));
#14511=CARTESIAN_POINT('',(17.065,4.425,3.5));
#14512=CARTESIAN_POINT('Origin',(17.615,4.325,0.));
#14513=CARTESIAN_POINT('',(17.165,4.325,-8.));
#14514=CARTESIAN_POINT('',(17.165,4.325,0.));
#14515=CARTESIAN_POINT('',(17.615,4.325,-8.));
#14516=CARTESIAN_POINT('',(17.615,4.325,-8.));
#14517=CARTESIAN_POINT('',(17.615,4.325,0.));
#14518=CARTESIAN_POINT('Origin',(17.715,4.425,0.));
#14519=CARTESIAN_POINT('',(17.715,4.425,-8.));
#14520=CARTESIAN_POINT('',(17.615,4.325,-8.));
#14521=CARTESIAN_POINT('',(17.715,4.425,0.));
#14522=CARTESIAN_POINT('Origin',(17.715,4.875,0.));
#14523=CARTESIAN_POINT('',(17.715,4.875,-8.));
#14524=CARTESIAN_POINT('',(17.715,4.875,-8.));
#14525=CARTESIAN_POINT('',(17.715,4.875,0.));
#14526=CARTESIAN_POINT('Origin',(17.615,4.975,0.));
#14527=CARTESIAN_POINT('',(17.615,4.975,-8.));
#14528=CARTESIAN_POINT('',(17.615,4.975,-8.));
#14529=CARTESIAN_POINT('',(17.615,4.975,0.));
#14530=CARTESIAN_POINT('Origin',(17.165,4.975,0.));
#14531=CARTESIAN_POINT('',(17.165,4.975,-8.));
#14532=CARTESIAN_POINT('',(17.165,4.975,-8.));
#14533=CARTESIAN_POINT('',(17.165,4.975,0.));
#14534=CARTESIAN_POINT('Origin',(17.065,4.875,0.));
#14535=CARTESIAN_POINT('',(17.065,4.875,-8.));
#14536=CARTESIAN_POINT('',(17.065,4.875,-8.));
#14537=CARTESIAN_POINT('',(17.065,4.875,0.));
#14538=CARTESIAN_POINT('Origin',(17.065,4.425,0.));
#14539=CARTESIAN_POINT('',(17.065,4.425,-8.));
#14540=CARTESIAN_POINT('',(17.065,4.425,-8.));
#14541=CARTESIAN_POINT('',(17.065,4.425,0.));
#14542=CARTESIAN_POINT('Origin',(17.165,4.325,0.));
#14543=CARTESIAN_POINT('',(17.165,4.325,-8.));
#14544=CARTESIAN_POINT('Origin',(17.39,4.65,-8.));
#14545=CARTESIAN_POINT('Origin',(17.39,9.73,3.5));
#14546=CARTESIAN_POINT('',(17.165,9.405,3.5));
#14547=CARTESIAN_POINT('',(17.615,9.405,3.5));
#14548=CARTESIAN_POINT('',(17.615,9.405,3.5));
#14549=CARTESIAN_POINT('',(17.715,9.505,3.5));
#14550=CARTESIAN_POINT('',(17.615,9.405,3.5));
#14551=CARTESIAN_POINT('',(17.715,9.95500000000001,3.5));
#14552=CARTESIAN_POINT('',(17.715,9.95500000000001,3.5));
#14553=CARTESIAN_POINT('',(17.615,10.055,3.5));
#14554=CARTESIAN_POINT('',(17.615,10.055,3.5));
#14555=CARTESIAN_POINT('',(17.165,10.055,3.5));
#14556=CARTESIAN_POINT('',(17.165,10.055,3.5));
#14557=CARTESIAN_POINT('',(17.065,9.95500000000001,3.5));
#14558=CARTESIAN_POINT('',(17.065,9.95500000000001,3.5));
#14559=CARTESIAN_POINT('',(17.065,9.505,3.5));
#14560=CARTESIAN_POINT('',(17.065,9.505,3.5));
#14561=CARTESIAN_POINT('',(17.165,9.405,3.5));
#14562=CARTESIAN_POINT('Origin',(17.715,9.505,0.));
#14563=CARTESIAN_POINT('',(17.615,9.405,-8.));
#14564=CARTESIAN_POINT('',(17.615,9.405,0.));
#14565=CARTESIAN_POINT('',(17.715,9.505,-8.));
#14566=CARTESIAN_POINT('',(17.615,9.405,-8.));
#14567=CARTESIAN_POINT('',(17.715,9.505,0.));
#14568=CARTESIAN_POINT('Origin',(17.715,9.95500000000001,0.));
#14569=CARTESIAN_POINT('',(17.715,9.95500000000001,-8.));
#14570=CARTESIAN_POINT('',(17.715,9.95500000000001,-8.));
#14571=CARTESIAN_POINT('',(17.715,9.95500000000001,0.));
#14572=CARTESIAN_POINT('Origin',(17.615,10.055,0.));
#14573=CARTESIAN_POINT('',(17.615,10.055,-8.));
#14574=CARTESIAN_POINT('',(17.615,10.055,-8.));
#14575=CARTESIAN_POINT('',(17.615,10.055,0.));
#14576=CARTESIAN_POINT('Origin',(17.165,10.055,0.));
#14577=CARTESIAN_POINT('',(17.165,10.055,-8.));
#14578=CARTESIAN_POINT('',(17.165,10.055,-8.));
#14579=CARTESIAN_POINT('',(17.165,10.055,0.));
#14580=CARTESIAN_POINT('Origin',(17.065,9.95500000000001,0.));
#14581=CARTESIAN_POINT('',(17.065,9.95500000000001,-8.));
#14582=CARTESIAN_POINT('',(17.065,9.95500000000001,-8.));
#14583=CARTESIAN_POINT('',(17.065,9.95500000000001,0.));
#14584=CARTESIAN_POINT('Origin',(17.065,9.505,0.));
#14585=CARTESIAN_POINT('',(17.065,9.505,-8.));
#14586=CARTESIAN_POINT('',(17.065,9.505,-8.));
#14587=CARTESIAN_POINT('',(17.065,9.505,0.));
#14588=CARTESIAN_POINT('Origin',(17.165,9.405,0.));
#14589=CARTESIAN_POINT('',(17.165,9.405,-8.));
#14590=CARTESIAN_POINT('',(17.165,9.405,-8.));
#14591=CARTESIAN_POINT('',(17.165,9.405,0.));
#14592=CARTESIAN_POINT('Origin',(17.615,9.405,0.));
#14593=CARTESIAN_POINT('',(17.615,9.405,-8.));
#14594=CARTESIAN_POINT('Origin',(17.39,9.73,-8.));
#14595=CARTESIAN_POINT('Origin',(17.39,19.89,3.5));
#14596=CARTESIAN_POINT('',(17.165,19.565,3.5));
#14597=CARTESIAN_POINT('',(17.615,19.565,3.5));
#14598=CARTESIAN_POINT('',(17.615,19.565,3.5));
#14599=CARTESIAN_POINT('',(17.715,19.665,3.5));
#14600=CARTESIAN_POINT('',(17.615,19.565,3.5));
#14601=CARTESIAN_POINT('',(17.715,20.115,3.5));
#14602=CARTESIAN_POINT('',(17.715,20.115,3.5));
#14603=CARTESIAN_POINT('',(17.615,20.215,3.5));
#14604=CARTESIAN_POINT('',(17.615,20.215,3.5));
#14605=CARTESIAN_POINT('',(17.165,20.215,3.5));
#14606=CARTESIAN_POINT('',(17.165,20.215,3.5));
#14607=CARTESIAN_POINT('',(17.065,20.115,3.5));
#14608=CARTESIAN_POINT('',(17.065,20.115,3.5));
#14609=CARTESIAN_POINT('',(17.065,19.665,3.5));
#14610=CARTESIAN_POINT('',(17.065,19.665,3.5));
#14611=CARTESIAN_POINT('',(17.165,19.565,3.5));
#14612=CARTESIAN_POINT('Origin',(17.715,19.665,0.));
#14613=CARTESIAN_POINT('',(17.615,19.565,-8.));
#14614=CARTESIAN_POINT('',(17.615,19.565,0.));
#14615=CARTESIAN_POINT('',(17.715,19.665,-8.));
#14616=CARTESIAN_POINT('',(17.615,19.565,-8.));
#14617=CARTESIAN_POINT('',(17.715,19.665,0.));
#14618=CARTESIAN_POINT('Origin',(17.715,20.115,0.));
#14619=CARTESIAN_POINT('',(17.715,20.115,-8.));
#14620=CARTESIAN_POINT('',(17.715,20.115,-8.));
#14621=CARTESIAN_POINT('',(17.715,20.115,0.));
#14622=CARTESIAN_POINT('Origin',(17.615,20.215,0.));
#14623=CARTESIAN_POINT('',(17.615,20.215,-8.));
#14624=CARTESIAN_POINT('',(17.615,20.215,-8.));
#14625=CARTESIAN_POINT('',(17.615,20.215,0.));
#14626=CARTESIAN_POINT('Origin',(17.165,20.215,0.));
#14627=CARTESIAN_POINT('',(17.165,20.215,-8.));
#14628=CARTESIAN_POINT('',(17.165,20.215,-8.));
#14629=CARTESIAN_POINT('',(17.165,20.215,0.));
#14630=CARTESIAN_POINT('Origin',(17.065,20.115,0.));
#14631=CARTESIAN_POINT('',(17.065,20.115,-8.));
#14632=CARTESIAN_POINT('',(17.065,20.115,-8.));
#14633=CARTESIAN_POINT('',(17.065,20.115,0.));
#14634=CARTESIAN_POINT('Origin',(17.065,19.665,0.));
#14635=CARTESIAN_POINT('',(17.065,19.665,-8.));
#14636=CARTESIAN_POINT('',(17.065,19.665,-8.));
#14637=CARTESIAN_POINT('',(17.065,19.665,0.));
#14638=CARTESIAN_POINT('Origin',(17.165,19.565,0.));
#14639=CARTESIAN_POINT('',(17.165,19.565,-8.));
#14640=CARTESIAN_POINT('',(17.165,19.565,-8.));
#14641=CARTESIAN_POINT('',(17.165,19.565,0.));
#14642=CARTESIAN_POINT('Origin',(17.615,19.565,0.));
#14643=CARTESIAN_POINT('',(17.615,19.565,-8.));
#14644=CARTESIAN_POINT('Origin',(17.39,19.89,-8.));
#14645=CARTESIAN_POINT('Origin',(2.11,12.27,3.5));
#14646=CARTESIAN_POINT('',(1.785,12.045,3.5));
#14647=CARTESIAN_POINT('',(1.885,11.945,3.5));
#14648=CARTESIAN_POINT('',(1.885,11.945,3.5));
#14649=CARTESIAN_POINT('',(2.335,11.945,3.5));
#14650=CARTESIAN_POINT('',(1.885,11.945,3.5));
#14651=CARTESIAN_POINT('',(2.435,12.045,3.5));
#14652=CARTESIAN_POINT('',(2.335,11.945,3.5));
#14653=CARTESIAN_POINT('',(2.435,12.495,3.5));
#14654=CARTESIAN_POINT('',(2.435,12.045,3.5));
#14655=CARTESIAN_POINT('',(2.335,12.595,3.5));
#14656=CARTESIAN_POINT('',(2.435,12.495,3.5));
#14657=CARTESIAN_POINT('',(1.885,12.595,3.5));
#14658=CARTESIAN_POINT('',(2.335,12.595,3.5));
#14659=CARTESIAN_POINT('',(1.785,12.495,3.5));
#14660=CARTESIAN_POINT('',(1.885,12.595,3.5));
#14661=CARTESIAN_POINT('',(1.785,12.495,3.5));
#14662=CARTESIAN_POINT('Origin',(2.335,11.945,0.));
#14663=CARTESIAN_POINT('',(1.885,11.945,-8.));
#14664=CARTESIAN_POINT('',(1.885,11.945,0.));
#14665=CARTESIAN_POINT('',(2.335,11.945,-8.));
#14666=CARTESIAN_POINT('',(1.885,11.945,-8.));
#14667=CARTESIAN_POINT('',(2.335,11.945,0.));
#14668=CARTESIAN_POINT('Origin',(2.435,12.045,0.));
#14669=CARTESIAN_POINT('',(2.435,12.045,-8.));
#14670=CARTESIAN_POINT('',(2.335,11.945,-8.));
#14671=CARTESIAN_POINT('',(2.435,12.045,0.));
#14672=CARTESIAN_POINT('Origin',(2.435,12.495,0.));
#14673=CARTESIAN_POINT('',(2.435,12.495,-8.));
#14674=CARTESIAN_POINT('',(2.435,12.045,-8.));
#14675=CARTESIAN_POINT('',(2.435,12.495,0.));
#14676=CARTESIAN_POINT('Origin',(2.335,12.595,0.));
#14677=CARTESIAN_POINT('',(2.335,12.595,-8.));
#14678=CARTESIAN_POINT('',(2.435,12.495,-8.));
#14679=CARTESIAN_POINT('',(2.335,12.595,0.));
#14680=CARTESIAN_POINT('Origin',(1.885,12.595,0.));
#14681=CARTESIAN_POINT('',(1.885,12.595,-8.));
#14682=CARTESIAN_POINT('',(2.335,12.595,-8.));
#14683=CARTESIAN_POINT('',(1.885,12.595,0.));
#14684=CARTESIAN_POINT('Origin',(1.785,12.495,0.));
#14685=CARTESIAN_POINT('',(1.785,12.495,-8.));
#14686=CARTESIAN_POINT('',(1.885,12.595,-8.));
#14687=CARTESIAN_POINT('',(1.785,12.495,0.));
#14688=CARTESIAN_POINT('Origin',(1.785,12.045,0.));
#14689=CARTESIAN_POINT('',(1.785,12.045,-8.));
#14690=CARTESIAN_POINT('',(1.785,12.495,-8.));
#14691=CARTESIAN_POINT('',(1.785,12.045,0.));
#14692=CARTESIAN_POINT('Origin',(1.885,11.945,0.));
#14693=CARTESIAN_POINT('',(1.885,11.945,-8.));
#14694=CARTESIAN_POINT('Origin',(2.11,12.27,-8.));
#14695=CARTESIAN_POINT('Origin',(2.11,2.11,3.5));
#14696=CARTESIAN_POINT('',(1.785,1.885,3.5));
#14697=CARTESIAN_POINT('',(1.885,1.785,3.5));
#14698=CARTESIAN_POINT('',(1.885,1.785,3.5));
#14699=CARTESIAN_POINT('',(2.335,1.785,3.5));
#14700=CARTESIAN_POINT('',(1.885,1.785,3.5));
#14701=CARTESIAN_POINT('',(2.435,1.885,3.5));
#14702=CARTESIAN_POINT('',(2.335,1.785,3.5));
#14703=CARTESIAN_POINT('',(2.435,2.335,3.5));
#14704=CARTESIAN_POINT('',(2.435,1.885,3.5));
#14705=CARTESIAN_POINT('',(2.335,2.435,3.5));
#14706=CARTESIAN_POINT('',(2.435,2.335,3.5));
#14707=CARTESIAN_POINT('',(1.885,2.435,3.5));
#14708=CARTESIAN_POINT('',(2.335,2.435,3.5));
#14709=CARTESIAN_POINT('',(1.785,2.335,3.5));
#14710=CARTESIAN_POINT('',(1.885,2.435,3.5));
#14711=CARTESIAN_POINT('',(1.785,2.335,3.5));
#14712=CARTESIAN_POINT('Origin',(2.335,1.785,0.));
#14713=CARTESIAN_POINT('',(1.885,1.785,-8.));
#14714=CARTESIAN_POINT('',(1.885,1.785,0.));
#14715=CARTESIAN_POINT('',(2.335,1.785,-8.));
#14716=CARTESIAN_POINT('',(1.885,1.785,-8.));
#14717=CARTESIAN_POINT('',(2.335,1.785,0.));
#14718=CARTESIAN_POINT('Origin',(2.435,1.885,0.));
#14719=CARTESIAN_POINT('',(2.435,1.885,-8.));
#14720=CARTESIAN_POINT('',(2.335,1.785,-8.));
#14721=CARTESIAN_POINT('',(2.435,1.885,0.));
#14722=CARTESIAN_POINT('Origin',(2.435,2.335,0.));
#14723=CARTESIAN_POINT('',(2.435,2.335,-8.));
#14724=CARTESIAN_POINT('',(2.435,1.885,-8.));
#14725=CARTESIAN_POINT('',(2.435,2.335,0.));
#14726=CARTESIAN_POINT('Origin',(2.335,2.435,0.));
#14727=CARTESIAN_POINT('',(2.335,2.435,-8.));
#14728=CARTESIAN_POINT('',(2.435,2.335,-8.));
#14729=CARTESIAN_POINT('',(2.335,2.435,0.));
#14730=CARTESIAN_POINT('Origin',(1.885,2.435,0.));
#14731=CARTESIAN_POINT('',(1.885,2.435,-8.));
#14732=CARTESIAN_POINT('',(2.335,2.435,-8.));
#14733=CARTESIAN_POINT('',(1.885,2.435,0.));
#14734=CARTESIAN_POINT('Origin',(1.785,2.335,0.));
#14735=CARTESIAN_POINT('',(1.785,2.335,-8.));
#14736=CARTESIAN_POINT('',(1.885,2.435,-8.));
#14737=CARTESIAN_POINT('',(1.785,2.335,0.));
#14738=CARTESIAN_POINT('Origin',(1.785,1.885,0.));
#14739=CARTESIAN_POINT('',(1.785,1.885,-8.));
#14740=CARTESIAN_POINT('',(1.785,2.335,-8.));
#14741=CARTESIAN_POINT('',(1.785,1.885,0.));
#14742=CARTESIAN_POINT('Origin',(1.885,1.785,0.));
#14743=CARTESIAN_POINT('',(1.885,1.785,-8.));
#14744=CARTESIAN_POINT('Origin',(2.11,2.11,-8.));
#14745=CARTESIAN_POINT('Origin',(2.11,9.73,3.5));
#14746=CARTESIAN_POINT('',(1.785,9.505,3.5));
#14747=CARTESIAN_POINT('',(1.885,9.405,3.5));
#14748=CARTESIAN_POINT('',(1.885,9.405,3.5));
#14749=CARTESIAN_POINT('',(2.335,9.405,3.5));
#14750=CARTESIAN_POINT('',(1.885,9.405,3.5));
#14751=CARTESIAN_POINT('',(2.435,9.505,3.5));
#14752=CARTESIAN_POINT('',(2.335,9.405,3.5));
#14753=CARTESIAN_POINT('',(2.435,9.95500000000001,3.5));
#14754=CARTESIAN_POINT('',(2.435,9.505,3.5));
#14755=CARTESIAN_POINT('',(2.335,10.055,3.5));
#14756=CARTESIAN_POINT('',(2.435,9.95500000000001,3.5));
#14757=CARTESIAN_POINT('',(1.885,10.055,3.5));
#14758=CARTESIAN_POINT('',(2.335,10.055,3.5));
#14759=CARTESIAN_POINT('',(1.785,9.95500000000001,3.5));
#14760=CARTESIAN_POINT('',(1.885,10.055,3.5));
#14761=CARTESIAN_POINT('',(1.785,9.95500000000001,3.5));
#14762=CARTESIAN_POINT('Origin',(2.335,9.405,0.));
#14763=CARTESIAN_POINT('',(1.885,9.405,-8.));
#14764=CARTESIAN_POINT('',(1.885,9.405,0.));
#14765=CARTESIAN_POINT('',(2.335,9.405,-8.));
#14766=CARTESIAN_POINT('',(1.885,9.405,-8.));
#14767=CARTESIAN_POINT('',(2.335,9.405,0.));
#14768=CARTESIAN_POINT('Origin',(2.435,9.505,0.));
#14769=CARTESIAN_POINT('',(2.435,9.505,-8.));
#14770=CARTESIAN_POINT('',(2.335,9.405,-8.));
#14771=CARTESIAN_POINT('',(2.435,9.505,0.));
#14772=CARTESIAN_POINT('Origin',(2.435,9.95500000000001,0.));
#14773=CARTESIAN_POINT('',(2.435,9.95500000000001,-8.));
#14774=CARTESIAN_POINT('',(2.435,9.505,-8.));
#14775=CARTESIAN_POINT('',(2.435,9.95500000000001,0.));
#14776=CARTESIAN_POINT('Origin',(2.335,10.055,0.));
#14777=CARTESIAN_POINT('',(2.335,10.055,-8.));
#14778=CARTESIAN_POINT('',(2.435,9.95500000000001,-8.));
#14779=CARTESIAN_POINT('',(2.335,10.055,0.));
#14780=CARTESIAN_POINT('Origin',(1.885,10.055,0.));
#14781=CARTESIAN_POINT('',(1.885,10.055,-8.));
#14782=CARTESIAN_POINT('',(2.335,10.055,-8.));
#14783=CARTESIAN_POINT('',(1.885,10.055,0.));
#14784=CARTESIAN_POINT('Origin',(1.785,9.95500000000001,0.));
#14785=CARTESIAN_POINT('',(1.785,9.95500000000001,-8.));
#14786=CARTESIAN_POINT('',(1.885,10.055,-8.));
#14787=CARTESIAN_POINT('',(1.785,9.95500000000001,0.));
#14788=CARTESIAN_POINT('Origin',(1.785,9.505,0.));
#14789=CARTESIAN_POINT('',(1.785,9.505,-8.));
#14790=CARTESIAN_POINT('',(1.785,9.95500000000001,-8.));
#14791=CARTESIAN_POINT('',(1.785,9.505,0.));
#14792=CARTESIAN_POINT('Origin',(1.885,9.405,0.));
#14793=CARTESIAN_POINT('',(1.885,9.405,-8.));
#14794=CARTESIAN_POINT('Origin',(2.11,9.73,-8.));
#14795=CARTESIAN_POINT('Origin',(2.11,19.89,3.5));
#14796=CARTESIAN_POINT('',(1.785,19.665,3.5));
#14797=CARTESIAN_POINT('',(1.885,19.565,3.5));
#14798=CARTESIAN_POINT('',(1.885,19.565,3.5));
#14799=CARTESIAN_POINT('',(2.335,19.565,3.5));
#14800=CARTESIAN_POINT('',(1.885,19.565,3.5));
#14801=CARTESIAN_POINT('',(2.435,19.665,3.5));
#14802=CARTESIAN_POINT('',(2.335,19.565,3.5));
#14803=CARTESIAN_POINT('',(2.435,20.115,3.5));
#14804=CARTESIAN_POINT('',(2.435,19.665,3.5));
#14805=CARTESIAN_POINT('',(2.335,20.215,3.5));
#14806=CARTESIAN_POINT('',(2.435,20.115,3.5));
#14807=CARTESIAN_POINT('',(1.885,20.215,3.5));
#14808=CARTESIAN_POINT('',(2.335,20.215,3.5));
#14809=CARTESIAN_POINT('',(1.785,20.115,3.5));
#14810=CARTESIAN_POINT('',(1.885,20.215,3.5));
#14811=CARTESIAN_POINT('',(1.785,20.115,3.5));
#14812=CARTESIAN_POINT('Origin',(2.335,19.565,0.));
#14813=CARTESIAN_POINT('',(1.885,19.565,-8.));
#14814=CARTESIAN_POINT('',(1.885,19.565,0.));
#14815=CARTESIAN_POINT('',(2.335,19.565,-8.));
#14816=CARTESIAN_POINT('',(1.885,19.565,-8.));
#14817=CARTESIAN_POINT('',(2.335,19.565,0.));
#14818=CARTESIAN_POINT('Origin',(2.435,19.665,0.));
#14819=CARTESIAN_POINT('',(2.435,19.665,-8.));
#14820=CARTESIAN_POINT('',(2.335,19.565,-8.));
#14821=CARTESIAN_POINT('',(2.435,19.665,0.));
#14822=CARTESIAN_POINT('Origin',(2.435,20.115,0.));
#14823=CARTESIAN_POINT('',(2.435,20.115,-8.));
#14824=CARTESIAN_POINT('',(2.435,19.665,-8.));
#14825=CARTESIAN_POINT('',(2.435,20.115,0.));
#14826=CARTESIAN_POINT('Origin',(2.335,20.215,0.));
#14827=CARTESIAN_POINT('',(2.335,20.215,-8.));
#14828=CARTESIAN_POINT('',(2.435,20.115,-8.));
#14829=CARTESIAN_POINT('',(2.335,20.215,0.));
#14830=CARTESIAN_POINT('Origin',(1.885,20.215,0.));
#14831=CARTESIAN_POINT('',(1.885,20.215,-8.));
#14832=CARTESIAN_POINT('',(2.335,20.215,-8.));
#14833=CARTESIAN_POINT('',(1.885,20.215,0.));
#14834=CARTESIAN_POINT('Origin',(1.785,20.115,0.));
#14835=CARTESIAN_POINT('',(1.785,20.115,-8.));
#14836=CARTESIAN_POINT('',(1.885,20.215,-8.));
#14837=CARTESIAN_POINT('',(1.785,20.115,0.));
#14838=CARTESIAN_POINT('Origin',(1.785,19.665,0.));
#14839=CARTESIAN_POINT('',(1.785,19.665,-8.));
#14840=CARTESIAN_POINT('',(1.785,20.115,-8.));
#14841=CARTESIAN_POINT('',(1.785,19.665,0.));
#14842=CARTESIAN_POINT('Origin',(1.885,19.565,0.));
#14843=CARTESIAN_POINT('',(1.885,19.565,-8.));
#14844=CARTESIAN_POINT('Origin',(2.11,19.89,-8.));
#14845=CARTESIAN_POINT('Origin',(17.39,12.27,3.5));
#14846=CARTESIAN_POINT('',(17.165,11.945,3.5));
#14847=CARTESIAN_POINT('',(17.615,11.945,3.5));
#14848=CARTESIAN_POINT('',(17.615,11.945,3.5));
#14849=CARTESIAN_POINT('',(17.715,12.045,3.5));
#14850=CARTESIAN_POINT('',(17.615,11.945,3.5));
#14851=CARTESIAN_POINT('',(17.715,12.495,3.5));
#14852=CARTESIAN_POINT('',(17.715,12.495,3.5));
#14853=CARTESIAN_POINT('',(17.615,12.595,3.5));
#14854=CARTESIAN_POINT('',(17.615,12.595,3.5));
#14855=CARTESIAN_POINT('',(17.165,12.595,3.5));
#14856=CARTESIAN_POINT('',(17.165,12.595,3.5));
#14857=CARTESIAN_POINT('',(17.065,12.495,3.5));
#14858=CARTESIAN_POINT('',(17.065,12.495,3.5));
#14859=CARTESIAN_POINT('',(17.065,12.045,3.5));
#14860=CARTESIAN_POINT('',(17.065,12.045,3.5));
#14861=CARTESIAN_POINT('',(17.165,11.945,3.5));
#14862=CARTESIAN_POINT('Origin',(17.715,12.045,0.));
#14863=CARTESIAN_POINT('',(17.615,11.945,-8.));
#14864=CARTESIAN_POINT('',(17.615,11.945,0.));
#14865=CARTESIAN_POINT('',(17.715,12.045,-8.));
#14866=CARTESIAN_POINT('',(17.615,11.945,-8.));
#14867=CARTESIAN_POINT('',(17.715,12.045,0.));
#14868=CARTESIAN_POINT('Origin',(17.715,12.495,0.));
#14869=CARTESIAN_POINT('',(17.715,12.495,-8.));
#14870=CARTESIAN_POINT('',(17.715,12.495,-8.));
#14871=CARTESIAN_POINT('',(17.715,12.495,0.));
#14872=CARTESIAN_POINT('Origin',(17.615,12.595,0.));
#14873=CARTESIAN_POINT('',(17.615,12.595,-8.));
#14874=CARTESIAN_POINT('',(17.615,12.595,-8.));
#14875=CARTESIAN_POINT('',(17.615,12.595,0.));
#14876=CARTESIAN_POINT('Origin',(17.165,12.595,0.));
#14877=CARTESIAN_POINT('',(17.165,12.595,-8.));
#14878=CARTESIAN_POINT('',(17.165,12.595,-8.));
#14879=CARTESIAN_POINT('',(17.165,12.595,0.));
#14880=CARTESIAN_POINT('Origin',(17.065,12.495,0.));
#14881=CARTESIAN_POINT('',(17.065,12.495,-8.));
#14882=CARTESIAN_POINT('',(17.065,12.495,-8.));
#14883=CARTESIAN_POINT('',(17.065,12.495,0.));
#14884=CARTESIAN_POINT('Origin',(17.065,12.045,0.));
#14885=CARTESIAN_POINT('',(17.065,12.045,-8.));
#14886=CARTESIAN_POINT('',(17.065,12.045,-8.));
#14887=CARTESIAN_POINT('',(17.065,12.045,0.));
#14888=CARTESIAN_POINT('Origin',(17.165,11.945,0.));
#14889=CARTESIAN_POINT('',(17.165,11.945,-8.));
#14890=CARTESIAN_POINT('',(17.165,11.945,-8.));
#14891=CARTESIAN_POINT('',(17.165,11.945,0.));
#14892=CARTESIAN_POINT('Origin',(17.615,11.945,0.));
#14893=CARTESIAN_POINT('',(17.615,11.945,-8.));
#14894=CARTESIAN_POINT('Origin',(17.39,12.27,-8.));
#14895=CARTESIAN_POINT('Origin',(17.39,2.11,3.5));
#14896=CARTESIAN_POINT('',(17.165,1.785,3.5));
#14897=CARTESIAN_POINT('',(17.615,1.785,3.5));
#14898=CARTESIAN_POINT('',(17.615,1.785,3.5));
#14899=CARTESIAN_POINT('',(17.715,1.885,3.5));
#14900=CARTESIAN_POINT('',(17.615,1.785,3.5));
#14901=CARTESIAN_POINT('',(17.715,2.335,3.5));
#14902=CARTESIAN_POINT('',(17.715,2.335,3.5));
#14903=CARTESIAN_POINT('',(17.615,2.435,3.5));
#14904=CARTESIAN_POINT('',(17.615,2.435,3.5));
#14905=CARTESIAN_POINT('',(17.165,2.435,3.5));
#14906=CARTESIAN_POINT('',(17.165,2.435,3.5));
#14907=CARTESIAN_POINT('',(17.065,2.335,3.5));
#14908=CARTESIAN_POINT('',(17.065,2.335,3.5));
#14909=CARTESIAN_POINT('',(17.065,1.885,3.5));
#14910=CARTESIAN_POINT('',(17.065,1.885,3.5));
#14911=CARTESIAN_POINT('',(17.165,1.785,3.5));
#14912=CARTESIAN_POINT('Origin',(17.715,1.885,0.));
#14913=CARTESIAN_POINT('',(17.615,1.785,-8.));
#14914=CARTESIAN_POINT('',(17.615,1.785,0.));
#14915=CARTESIAN_POINT('',(17.715,1.885,-8.));
#14916=CARTESIAN_POINT('',(17.615,1.785,-8.));
#14917=CARTESIAN_POINT('',(17.715,1.885,0.));
#14918=CARTESIAN_POINT('Origin',(17.715,2.335,0.));
#14919=CARTESIAN_POINT('',(17.715,2.335,-8.));
#14920=CARTESIAN_POINT('',(17.715,2.335,-8.));
#14921=CARTESIAN_POINT('',(17.715,2.335,0.));
#14922=CARTESIAN_POINT('Origin',(17.615,2.435,0.));
#14923=CARTESIAN_POINT('',(17.615,2.435,-8.));
#14924=CARTESIAN_POINT('',(17.615,2.435,-8.));
#14925=CARTESIAN_POINT('',(17.615,2.435,0.));
#14926=CARTESIAN_POINT('Origin',(17.165,2.435,0.));
#14927=CARTESIAN_POINT('',(17.165,2.435,-8.));
#14928=CARTESIAN_POINT('',(17.165,2.435,-8.));
#14929=CARTESIAN_POINT('',(17.165,2.435,0.));
#14930=CARTESIAN_POINT('Origin',(17.065,2.335,0.));
#14931=CARTESIAN_POINT('',(17.065,2.335,-8.));
#14932=CARTESIAN_POINT('',(17.065,2.335,-8.));
#14933=CARTESIAN_POINT('',(17.065,2.335,0.));
#14934=CARTESIAN_POINT('Origin',(17.065,1.885,0.));
#14935=CARTESIAN_POINT('',(17.065,1.885,-8.));
#14936=CARTESIAN_POINT('',(17.065,1.885,-8.));
#14937=CARTESIAN_POINT('',(17.065,1.885,0.));
#14938=CARTESIAN_POINT('Origin',(17.165,1.785,0.));
#14939=CARTESIAN_POINT('',(17.165,1.785,-8.));
#14940=CARTESIAN_POINT('',(17.165,1.785,-8.));
#14941=CARTESIAN_POINT('',(17.165,1.785,0.));
#14942=CARTESIAN_POINT('Origin',(17.615,1.785,0.));
#14943=CARTESIAN_POINT('',(17.615,1.785,-8.));
#14944=CARTESIAN_POINT('Origin',(17.39,2.11,-8.));
#14945=CARTESIAN_POINT('Origin',(9.75,0.5,1.6));
#14946=CARTESIAN_POINT('',(12.25,0.5,1.6));
#14947=CARTESIAN_POINT('',(9.75,0.5,1.6));
#14948=CARTESIAN_POINT('',(12.25,0.5,1.6));
#14949=CARTESIAN_POINT('',(12.25,0.5,2.6));
#14950=CARTESIAN_POINT('',(12.25,0.5,1.6));
#14951=CARTESIAN_POINT('',(9.75,0.5,2.6));
#14952=CARTESIAN_POINT('',(12.25,0.5,2.6));
#14953=CARTESIAN_POINT('',(9.75,0.5,1.6));
#14954=CARTESIAN_POINT('Origin',(9.75,3.,1.6));
#14955=CARTESIAN_POINT('',(12.25,3.,1.6));
#14956=CARTESIAN_POINT('Origin',(9.75,3.,1.6));
#14957=CARTESIAN_POINT('',(12.25,3.,2.6));
#14958=CARTESIAN_POINT('Origin',(9.75,3.,2.6));
#14959=CARTESIAN_POINT('',(12.25,3.,1.6));
#14960=CARTESIAN_POINT('Origin',(12.25,0.5,1.6));
#14961=CARTESIAN_POINT('',(12.25,5.5,1.6));
#14962=CARTESIAN_POINT('',(12.25,5.5,2.6));
#14963=CARTESIAN_POINT('Origin',(11.,1.75,2.6));
#14964=CARTESIAN_POINT('Origin',(11.,1.75,1.6));
#14965=CARTESIAN_POINT('Origin',(8.5,4.25,1.6));
#14966=CARTESIAN_POINT('',(7.25,5.5,1.6));
#14967=CARTESIAN_POINT('',(9.75,5.5,1.6));
#14968=CARTESIAN_POINT('',(7.25,5.5,1.6));
#14969=CARTESIAN_POINT('',(7.25,3.,1.6));
#14970=CARTESIAN_POINT('Origin',(9.75,3.,1.6));
#14971=CARTESIAN_POINT('',(7.25,0.5,1.6));
#14972=CARTESIAN_POINT('Origin',(8.5,4.25,2.6));
#14973=CARTESIAN_POINT('',(9.75,5.5,2.6));
#14974=CARTESIAN_POINT('',(7.25,5.5,2.6));
#14975=CARTESIAN_POINT('',(7.25,5.5,2.6));
#14976=CARTESIAN_POINT('',(7.25,3.,2.6));
#14977=CARTESIAN_POINT('',(7.25,0.5,2.6));
#14978=CARTESIAN_POINT('Origin',(9.75,3.,2.6));
#14979=CARTESIAN_POINT('Origin',(9.75,5.5,1.6));
#14980=CARTESIAN_POINT('',(7.25,5.5,1.6));
#14981=CARTESIAN_POINT('',(9.75,5.5,1.6));
#14982=CARTESIAN_POINT('Origin',(7.25,5.5,1.6));
#14983=CARTESIAN_POINT('',(7.25,3.,1.6));
#14984=CARTESIAN_POINT('Origin',(9.75,3.,1.6));
#14985=CARTESIAN_POINT('Origin',(12.25,3.,1.6));
#14986=CARTESIAN_POINT('',(12.25,5.5,1.6));
#14987=CARTESIAN_POINT('',(12.25,3.,1.6));
#14988=CARTESIAN_POINT('',(12.25,5.5,1.6));
#14989=CARTESIAN_POINT('',(12.25,5.5,2.6));
#14990=CARTESIAN_POINT('',(12.25,5.5,1.6));
#14991=CARTESIAN_POINT('',(12.25,3.,2.6));
#14992=CARTESIAN_POINT('',(12.25,5.5,2.6));
#14993=CARTESIAN_POINT('',(12.25,3.,1.6));
#14994=CARTESIAN_POINT('Origin',(9.75,3.,1.6));
#14995=CARTESIAN_POINT('',(9.75,5.5,1.6));
#14996=CARTESIAN_POINT('Origin',(9.75,3.,1.6));
#14997=CARTESIAN_POINT('',(9.75,5.5,2.6));
#14998=CARTESIAN_POINT('Origin',(9.75,3.,2.6));
#14999=CARTESIAN_POINT('',(9.75,5.5,1.6));
#15000=CARTESIAN_POINT('Origin',(12.25,5.5,1.6));
#15001=CARTESIAN_POINT('',(7.25,5.5,1.6));
#15002=CARTESIAN_POINT('',(7.25,5.5,2.6));
#15003=CARTESIAN_POINT('Origin',(11.,4.25,2.6));
#15004=CARTESIAN_POINT('Origin',(11.,4.25,1.6));
#15005=CARTESIAN_POINT('Origin',(8.5,1.75,1.6));
#15006=CARTESIAN_POINT('',(9.75,0.5,1.6));
#15007=CARTESIAN_POINT('',(7.25,0.5,1.6));
#15008=CARTESIAN_POINT('',(12.25,0.5,1.6));
#15009=CARTESIAN_POINT('',(7.25,3.,1.6));
#15010=CARTESIAN_POINT('',(7.25,0.5,1.6));
#15011=CARTESIAN_POINT('Origin',(9.75,3.,1.6));
#15012=CARTESIAN_POINT('Origin',(8.5,1.75,2.6));
#15013=CARTESIAN_POINT('',(7.25,0.5,2.6));
#15014=CARTESIAN_POINT('',(9.75,0.5,2.6));
#15015=CARTESIAN_POINT('',(12.25,0.5,2.6));
#15016=CARTESIAN_POINT('',(7.25,3.,2.6));
#15017=CARTESIAN_POINT('Origin',(9.75,3.,2.6));
#15018=CARTESIAN_POINT('',(7.25,0.5,2.6));
#15019=CARTESIAN_POINT('Origin',(7.25,0.5,1.6));
#15020=CARTESIAN_POINT('',(9.75,0.5,1.6));
#15021=CARTESIAN_POINT('',(7.25,0.5,1.6));
#15022=CARTESIAN_POINT('Origin',(9.75,3.,1.6));
#15023=CARTESIAN_POINT('',(7.25,3.,1.6));
#15024=CARTESIAN_POINT('Origin',(7.25,3.,1.6));
#15025=CARTESIAN_POINT('Origin',(9.75,3.,6.25));
#15026=CARTESIAN_POINT('',(10.8054809702631,4.98086486067843,6.62298022741655));
#15027=CARTESIAN_POINT('',(10.95,4.72336879396141,6.65));
#15028=CARTESIAN_POINT('Ctrl Pts',(10.8054809702623,4.98086486067797,6.62298022741652));
#15029=CARTESIAN_POINT('Ctrl Pts',(10.850547723931,4.90578639870966,6.6404422884988));
#15030=CARTESIAN_POINT('Ctrl Pts',(10.8988500225118,4.82109685260867,6.64974452026233));
#15031=CARTESIAN_POINT('Ctrl Pts',(10.9486416132225,4.72596843569736,6.6499982716541));
#15032=CARTESIAN_POINT('Ctrl Pts',(10.9493211092649,4.72466877074738,6.65));
#15033=CARTESIAN_POINT('Ctrl Pts',(10.95,4.72336879396141,6.65));
#15034=CARTESIAN_POINT('',(10.95,1.27663120603859,6.65));
#15035=CARTESIAN_POINT('Origin',(9.75,3.,6.65));
#15036=CARTESIAN_POINT('',(10.8054809702631,1.01913513932157,6.62298022741655));
#15037=CARTESIAN_POINT('Ctrl Pts',(10.95,1.27663120603859,6.65));
#15038=CARTESIAN_POINT('Ctrl Pts',(10.9493211092649,1.27533122925269,6.65));
#15039=CARTESIAN_POINT('Ctrl Pts',(10.9486416132225,1.27403156430257,6.6499982716541));
#15040=CARTESIAN_POINT('Ctrl Pts',(10.8988500225128,1.17890314739326,6.64974452026233));
#15041=CARTESIAN_POINT('Ctrl Pts',(10.850547723932,1.09421360129189,6.64044228849916));
#15042=CARTESIAN_POINT('Ctrl Pts',(10.8054809702623,1.01913513932203,6.62298022741652));
#15043=CARTESIAN_POINT('',(10.6052006906767,0.793660121033033,6.54848348508533));
#15044=CARTESIAN_POINT('Ctrl Pts',(10.8062083430192,1.01975466337644,6.62323241411555));
#15045=CARTESIAN_POINT('Ctrl Pts',(10.8001047183474,1.00942533183531,6.62086041792162));
#15046=CARTESIAN_POINT('Ctrl Pts',(10.7936577143874,0.999185045622293,6.61841325843308));
#15047=CARTESIAN_POINT('Ctrl Pts',(10.7868828746903,0.989099992471568,6.61588353124031));
#15048=CARTESIAN_POINT('Ctrl Pts',(10.780090837151,0.978989338545004,6.61334738236807));
#15049=CARTESIAN_POINT('Ctrl Pts',(10.7729690397987,0.969034515871142,6.61072848452195));
#15050=CARTESIAN_POINT('Ctrl Pts',(10.7655741641604,0.959273678705321,6.60803601662734));
#15051=CARTESIAN_POINT('Ctrl Pts',(10.7580103870756,0.94928990073594,6.60528205186051));
#15052=CARTESIAN_POINT('Ctrl Pts',(10.7501607519024,0.939508950389485,6.60245152831657));
#15053=CARTESIAN_POINT('Ctrl Pts',(10.7421322973487,0.92994406322113,6.59956669777906));
#15054=CARTESIAN_POINT('Ctrl Pts',(10.7370361187463,0.923872611611495,6.59773550952747));
#15055=CARTESIAN_POINT('Ctrl Pts',(10.7318688541644,0.91788766728664,6.59588267091512));
#15056=CARTESIAN_POINT('Ctrl Pts',(10.7266673004275,0.911987437525957,6.59401511891563));
#15057=CARTESIAN_POINT('Ctrl Pts',(10.7160943744555,0.899994349376993,6.59021904373531));
#15058=CARTESIAN_POINT('Ctrl Pts',(10.7050960058866,0.888149391553068,6.58626845600838));
#15059=CARTESIAN_POINT('Ctrl Pts',(10.6937728785069,0.876500309019429,6.58216781023716));
#15060=CARTESIAN_POINT('Ctrl Pts',(10.6817991408791,0.864181887333872,6.5778315473901));
#15061=CARTESIAN_POINT('Ctrl Pts',(10.6694627635518,0.852082154282978,6.57332777878012));
#15062=CARTESIAN_POINT('Ctrl Pts',(10.6569417898449,0.840265497161694,6.56867620151846));
#15063=CARTESIAN_POINT('Ctrl Pts',(10.6422465880518,0.826396914335772,6.56321689235324));
#15064=CARTESIAN_POINT('Ctrl Pts',(10.6272981872015,0.812917686564718,6.55755390953038));
#15065=CARTESIAN_POINT('Ctrl Pts',(10.6124535075099,0.799950878391853,6.55173630483312));
#15066=CARTESIAN_POINT('Ctrl Pts',(10.610006098241,0.79781306961661,6.55077716930749));
#15067=CARTESIAN_POINT('Ctrl Pts',(10.6075616073797,0.795689234606043,6.54981386608979));
#15068=CARTESIAN_POINT('Ctrl Pts',(10.6051217269085,0.793579977255436,6.54884665624367));
#15069=CARTESIAN_POINT('',(10.5499999999974,0.74816795452093,6.52579708688138));
#15070=CARTESIAN_POINT('Ctrl Pts',(10.6052006906767,0.793660121033033,6.54848348508533));
#15071=CARTESIAN_POINT('Ctrl Pts',(10.5871052928256,0.778019288981816,6.5413074512613));
#15072=CARTESIAN_POINT('Ctrl Pts',(10.5686455270612,0.76283160563286,6.53375356982499));
#15073=CARTESIAN_POINT('Ctrl Pts',(10.5499998781977,0.7481676830673,6.52579789344434));
#15074=CARTESIAN_POINT('',(10.55,0.631456143534598,6.25));
#15075=CARTESIAN_POINT('Ctrl Pts',(10.55,0.74816795452909,6.52579708687313));
#15076=CARTESIAN_POINT('Ctrl Pts',(10.55,0.713560617170819,6.49154065900057));
#15077=CARTESIAN_POINT('Ctrl Pts',(10.55,0.681116328011767,6.44410349890829));
#15078=CARTESIAN_POINT('Ctrl Pts',(10.55,0.643201024717481,6.35529524045426));
#15079=CARTESIAN_POINT('Ctrl Pts',(10.55,0.631456143534598,6.29840681010762));
#15080=CARTESIAN_POINT('Ctrl Pts',(10.55,0.631456143534598,6.25));
#15081=CARTESIAN_POINT('',(12.25,3.,6.25));
#15082=CARTESIAN_POINT('Origin',(9.75,3.,6.25));
#15083=CARTESIAN_POINT('',(10.1429269641906,5.46901483831879,6.24996565546439));
#15084=CARTESIAN_POINT('Origin',(9.75,3.,6.25));
#15085=CARTESIAN_POINT('',(10.6052006906767,5.20633987896697,6.54848348508533));
#15086=CARTESIAN_POINT('Ctrl Pts',(10.1429468289897,5.46892543216414,6.24999999978501));
#15087=CARTESIAN_POINT('Ctrl Pts',(10.156830678936,5.4667157199055,6.26298607797518));
#15088=CARTESIAN_POINT('Ctrl Pts',(10.1720789612244,5.46354469354148,6.28023965757654));
#15089=CARTESIAN_POINT('Ctrl Pts',(10.2120501464756,5.45117564612436,6.32065958632627));
#15090=CARTESIAN_POINT('Ctrl Pts',(10.2324975637498,5.44326007823221,6.33922222754274));
#15091=CARTESIAN_POINT('Ctrl Pts',(10.3105464211594,5.40922953307367,6.40248036164988));
#15092=CARTESIAN_POINT('Ctrl Pts',(10.3730987695596,5.37449333782832,6.43991535428228));
#15093=CARTESIAN_POINT('Ctrl Pts',(10.4908627595485,5.29805433700818,6.50095921284595));
#15094=CARTESIAN_POINT('Ctrl Pts',(10.5500203982857,5.25403519315271,6.52660081370802));
#15095=CARTESIAN_POINT('Ctrl Pts',(10.6052006906767,5.20633987896697,6.54848348508533));
#15096=CARTESIAN_POINT('Ctrl Pts',(10.6052006906767,5.20633987896697,6.54848348508533));
#15097=CARTESIAN_POINT('Ctrl Pts',(10.6516750667918,5.16616955955858,6.56691367919858));
#15098=CARTESIAN_POINT('Ctrl Pts',(10.6975363769772,5.1215433392635,6.58346621364513));
#15099=CARTESIAN_POINT('Ctrl Pts',(10.762152278982,5.04524951959074,6.60678762567921));
#15100=CARTESIAN_POINT('Ctrl Pts',(10.7857290859409,5.01377029484192,6.61532694462089));
#15101=CARTESIAN_POINT('Ctrl Pts',(10.8054809702634,4.98086486067622,6.62298022741692));
#15102=CARTESIAN_POINT('Ctrl Pts',(10.4782659742688,0.858134947342104,6.56559796307747));
#15103=CARTESIAN_POINT('Ctrl Pts',(10.5555629381028,0.934689792524378,6.58672628111572));
#15104=CARTESIAN_POINT('Ctrl Pts',(10.6424733360828,1.02491354801389,6.6));
#15105=CARTESIAN_POINT('Ctrl Pts',(10.6716117818585,1.11303637461141,6.6));
#15106=CARTESIAN_POINT('Ctrl Pts',(10.5695569453697,0.817798907348021,6.53560035159566));
#15107=CARTESIAN_POINT('Ctrl Pts',(10.6299709309068,0.9018730377539,6.5718071104445));
#15108=CARTESIAN_POINT('Ctrl Pts',(10.6995771719814,1.00587313100238,6.59653236094183));
#15109=CARTESIAN_POINT('Ctrl Pts',(10.7190012754172,1.1130363746114,6.6));
#15110=CARTESIAN_POINT('Ctrl Pts',(10.6658704268635,0.761312952953038,6.54479095948631));
#15111=CARTESIAN_POINT('Ctrl Pts',(10.7066145371604,0.865055514812341,6.58062947943005));
#15112=CARTESIAN_POINT('Ctrl Pts',(10.7572750839976,0.985566499543439,6.60511389355511));
#15113=CARTESIAN_POINT('Ctrl Pts',(10.766378240718,1.1130363746114,6.60850915416196));
#15114=CARTESIAN_POINT('Ctrl Pts',(10.740254850956,0.704483646288236,6.59059796307746));
#15115=CARTESIAN_POINT('Ctrl Pts',(10.7745644029046,0.828360617850807,6.61172628111572));
#15116=CARTESIAN_POINT('Ctrl Pts',(10.8108058909292,0.965253734238247,6.625));
#15117=CARTESIAN_POINT('Ctrl Pts',(10.8108058909293,1.1130363746114,6.625));
#15118=CARTESIAN_POINT('',(10.8108058909293,1.1130363746114,6.625));
#15119=CARTESIAN_POINT('Ctrl Pts',(10.806208343019,1.01975466337423,6.62323241411546));
#15120=CARTESIAN_POINT('Ctrl Pts',(10.8091489874904,1.05033685621106,6.62439314659347));
#15121=CARTESIAN_POINT('Ctrl Pts',(10.8108058909293,1.08143768951549,6.625));
#15122=CARTESIAN_POINT('Ctrl Pts',(10.8108058909293,1.1130363746114,6.625));
#15123=CARTESIAN_POINT('',(10.6716117818585,1.11303637461141,6.6));
#15124=CARTESIAN_POINT('Origin',(10.6716117818585,1.1130363746114,7.));
#15125=CARTESIAN_POINT('',(10.5499999998575,0.933091232741689,6.58271097308022));
#15126=CARTESIAN_POINT('Ctrl Pts',(10.6716117818585,1.11303637461141,6.6));
#15127=CARTESIAN_POINT('Ctrl Pts',(10.6514707476842,1.05212424238256,6.6));
#15128=CARTESIAN_POINT('Ctrl Pts',(10.6037272522006,0.990208321875108,6.59365804169748));
#15129=CARTESIAN_POINT('Ctrl Pts',(10.5506354895522,0.932496642339563,6.58276380307906));
#15130=CARTESIAN_POINT('',(10.55,0.823757476057485,6.54989042945626));
#15131=CARTESIAN_POINT('Ctrl Pts',(10.55,0.933091233058496,6.58271097313876));
#15132=CARTESIAN_POINT('Ctrl Pts',(10.55,0.897240711333484,6.5725485392081));
#15133=CARTESIAN_POINT('Ctrl Pts',(10.55,0.858898071116783,6.56088254310105));
#15134=CARTESIAN_POINT('Ctrl Pts',(10.55,0.823757476057487,6.54989042945626));
#15135=CARTESIAN_POINT('Origin',(10.530509701912,0.704483646288236,6.93119592615493));
#15136=CARTESIAN_POINT('Origin',(11.4,3.,6.65));
#15137=CARTESIAN_POINT('',(10.95,4.1842719282327,6.65));
#15138=CARTESIAN_POINT('Origin',(10.95,4.1842719282327,6.25));
#15139=CARTESIAN_POINT('',(10.8108058909293,4.88696362538858,6.625));
#15140=CARTESIAN_POINT('Ctrl Pts',(10.8108058909293,4.88696362538858,6.625));
#15141=CARTESIAN_POINT('Ctrl Pts',(10.8108058909293,4.91856231048449,6.625));
#15142=CARTESIAN_POINT('Ctrl Pts',(10.8091489874904,4.94966314378893,6.62439314659347));
#15143=CARTESIAN_POINT('Ctrl Pts',(10.806208343019,4.98024533662576,6.62323241411546));
#15144=CARTESIAN_POINT('',(10.8108058909293,4.1842719282327,6.625));
#15145=CARTESIAN_POINT('Ctrl Pts',(10.740254850956,5.29551635371176,6.59059796307746));
#15146=CARTESIAN_POINT('Ctrl Pts',(10.7745644029046,5.17163938214918,6.61172628111572));
#15147=CARTESIAN_POINT('Ctrl Pts',(10.8108058909293,5.03474626576173,6.625));
#15148=CARTESIAN_POINT('Ctrl Pts',(10.8108058909293,4.88696362538858,6.625));
#15149=CARTESIAN_POINT('Ctrl Pts',(10.6658704268635,5.23868704704696,6.54479095948631));
#15150=CARTESIAN_POINT('Ctrl Pts',(10.7066145371604,5.13494448518765,6.58062947943006));
#15151=CARTESIAN_POINT('Ctrl Pts',(10.7572750839976,5.01443350045654,6.60511389355511));
#15152=CARTESIAN_POINT('Ctrl Pts',(10.766378240718,4.88696362538858,6.60850915416196));
#15153=CARTESIAN_POINT('Ctrl Pts',(10.5695569453697,5.18220109265198,6.53560035159566));
#15154=CARTESIAN_POINT('Ctrl Pts',(10.6299709309068,5.09812696224609,6.57180711044451));
#15155=CARTESIAN_POINT('Ctrl Pts',(10.6995771719814,4.99412686899761,6.59653236094183));
#15156=CARTESIAN_POINT('Ctrl Pts',(10.7190012754172,4.88696362538858,6.6));
#15157=CARTESIAN_POINT('Ctrl Pts',(10.4782659742688,5.1418650526579,6.56559796307747));
#15158=CARTESIAN_POINT('Ctrl Pts',(10.5555629381028,5.06531020747562,6.58672628111572));
#15159=CARTESIAN_POINT('Ctrl Pts',(10.6424733360828,4.9750864519861,6.6));
#15160=CARTESIAN_POINT('Ctrl Pts',(10.6716117818585,4.88696362538858,6.6));
#15161=CARTESIAN_POINT('',(10.4782659742688,5.1418650526579,6.56559796307747));
#15162=CARTESIAN_POINT('Origin',(10.530509701912,5.29551635371176,6.93119592615493));
#15163=CARTESIAN_POINT('',(10.6716117818585,4.88696362538858,6.6));
#15164=CARTESIAN_POINT('Ctrl Pts',(10.4782659742688,5.1418650526579,6.56559796307747));
#15165=CARTESIAN_POINT('Ctrl Pts',(10.5555629381028,5.06531020747562,6.58672628111572));
#15166=CARTESIAN_POINT('Ctrl Pts',(10.6424733360828,4.9750864519861,6.6));
#15167=CARTESIAN_POINT('Ctrl Pts',(10.6716117818585,4.88696362538858,6.6));
#15168=CARTESIAN_POINT('Origin',(10.6716117818585,4.88696362538858,7.));
#15169=CARTESIAN_POINT('Origin',(10.6716117818585,4.1842719282327,7.));
#15170=CARTESIAN_POINT('',(10.6716117818585,4.1842719282327,6.6));
#15171=CARTESIAN_POINT('Ctrl Pts',(10.5090782635785,0.771218021546187,6.52919039868297));
#15172=CARTESIAN_POINT('Ctrl Pts',(10.5226306995578,0.788097305938187,6.53661574997174));
#15173=CARTESIAN_POINT('Ctrl Pts',(10.5363179653938,0.805616302970747,6.5435164481092));
#15174=CARTESIAN_POINT('Ctrl Pts',(10.55,0.823757476057486,6.54989042945626));
#15175=CARTESIAN_POINT('Ctrl Pts',(10.5299123307648,0.76003815373541,6.52616203107074));
#15176=CARTESIAN_POINT('Ctrl Pts',(10.5426914449495,0.777421375153292,6.53392581899348));
#15177=CARTESIAN_POINT('Ctrl Pts',(10.5556205036233,0.795475049137025,6.54115491400663));
#15178=CARTESIAN_POINT('Ctrl Pts',(10.5685570383828,0.81417689900382,6.54784212458355));
#15179=CARTESIAN_POINT('Ctrl Pts',(10.5506200409879,0.748085254550167,6.52512137431224));
#15180=CARTESIAN_POINT('Ctrl Pts',(10.5626451689602,0.766080577220282,6.5330821534705));
#15181=CARTESIAN_POINT('Ctrl Pts',(10.5748306712742,0.784761147694082,6.54050229387049));
#15182=CARTESIAN_POINT('Ctrl Pts',(10.5870332607386,0.804103013750987,6.54737120625407));
#15183=CARTESIAN_POINT('Ctrl Pts',(10.5708720401384,0.735549433684957,6.52608497995161));
#15184=CARTESIAN_POINT('Ctrl Pts',(10.5822007972612,0.754240111884101,6.53409685006243));
#15185=CARTESIAN_POINT('Ctrl Pts',(10.5936909507207,0.773617966318686,6.54156716286164));
#15186=CARTESIAN_POINT('Ctrl Pts',(10.6052006906767,0.793660121033031,6.54848348508533));
#15187=CARTESIAN_POINT('Ctrl Pts',(10.55,0.823757476057485,6.54989042945626));
#15188=CARTESIAN_POINT('Ctrl Pts',(10.55,0.806020272277125,6.54434216371502));
#15189=CARTESIAN_POINT('Ctrl Pts',(10.5499909975671,0.787557800519763,6.53848366574531));
#15190=CARTESIAN_POINT('Ctrl Pts',(10.5499939855,0.768534847444376,6.53237073130462));
#15191=CARTESIAN_POINT('Ctrl Pts',(10.5499950413114,0.761812925226411,6.5302106739428));
#15192=CARTESIAN_POINT('Ctrl Pts',(10.5499971707114,0.7550212295096,6.52801890870338));
#15193=CARTESIAN_POINT('Ctrl Pts',(10.5499998782017,0.748167683062685,6.52579789344353));
#15194=CARTESIAN_POINT('Ctrl Pts',(10.4782659742688,5.1418650526579,6.56559796307746));
#15195=CARTESIAN_POINT('Ctrl Pts',(10.3973534102438,5.22200078509794,6.54348135847601));
#15196=CARTESIAN_POINT('Ctrl Pts',(10.259919641948,5.33918748350794,6.48944715947093));
#15197=CARTESIAN_POINT('Ctrl Pts',(10.1387519050864,5.43552737538459,6.37406891295536));
#15198=CARTESIAN_POINT('Ctrl Pts',(10.0970185922093,5.47074349691183,6.27748822790314));
#15199=CARTESIAN_POINT('Ctrl Pts',(10.0933972688847,5.47630494636133,6.22573516394552));
#15200=CARTESIAN_POINT('Ctrl Pts',(10.0961758869543,5.47591644755864,6.19999999999573));
#15201=CARTESIAN_POINT('Ctrl Pts',(10.5203641611368,5.16046573275484,6.55176477630635));
#15202=CARTESIAN_POINT('Ctrl Pts',(10.4475660388203,5.24428294918223,6.52251904915718));
#15203=CARTESIAN_POINT('Ctrl Pts',(10.3246565659825,5.36234982852404,6.45214086395809));
#15204=CARTESIAN_POINT('Ctrl Pts',(10.2286218084819,5.43723740972624,6.33570446244776));
#15205=CARTESIAN_POINT('Ctrl Pts',(10.1999581000612,5.45807863191578,6.26029228188137));
#15206=CARTESIAN_POINT('Ctrl Pts',(10.1979421057116,5.46137185521179,6.22457470955968));
#15207=CARTESIAN_POINT('Ctrl Pts',(10.2000620225132,5.46139137133701,6.20663277932699));
#15208=CARTESIAN_POINT('Ctrl Pts',(10.5635938743191,5.18242369924104,6.54593615829071));
#15209=CARTESIAN_POINT('Ctrl Pts',(10.4996061450562,5.27250571962079,6.51265907340721));
#15210=CARTESIAN_POINT('Ctrl Pts',(10.3929768243769,5.39905740085111,6.43257875693359));
#15211=CARTESIAN_POINT('Ctrl Pts',(10.323416511475,5.47114653764812,6.31427437614671));
#15212=CARTESIAN_POINT('Ctrl Pts',(10.3081352122638,5.48723747498496,6.25178684236031));
#15213=CARTESIAN_POINT('Ctrl Pts',(10.307820000178,5.4897510213199,6.22625208407272));
#15214=CARTESIAN_POINT('Ctrl Pts',(10.3093144929294,5.48998034656512,6.21322411799834));
#15215=CARTESIAN_POINT('Ctrl Pts',(10.6052006906767,5.20633987896697,6.54848348508533));
#15216=CARTESIAN_POINT('Ctrl Pts',(10.5489647730027,5.30426467716672,6.51469073836259));
#15217=CARTESIAN_POINT('Ctrl Pts',(10.4556418289643,5.44373833543852,6.43343005453495));
#15218=CARTESIAN_POINT('Ctrl Pts',(10.4005958552112,5.52892456283929,6.31516349473551));
#15219=CARTESIAN_POINT('Ctrl Pts',(10.39128891002,5.55003974576157,6.25448326054885));
#15220=CARTESIAN_POINT('Ctrl Pts',(10.3916824036714,5.55334587530723,6.2302901351566));
#15221=CARTESIAN_POINT('Ctrl Pts',(10.3928809724533,5.5535576606779,6.21790059022116));
#15222=CARTESIAN_POINT('',(10.0961758867806,5.47591644758293,6.20000000080205));
#15223=CARTESIAN_POINT('Ctrl Pts',(10.1429255918629,5.4690210147991,6.24996328284227));
#15224=CARTESIAN_POINT('Ctrl Pts',(10.1337691682871,5.47045549941611,6.24138823553484));
#15225=CARTESIAN_POINT('Ctrl Pts',(10.1250226940916,5.47176921578794,6.23261010336888));
#15226=CARTESIAN_POINT('Ctrl Pts',(10.1165841272983,5.4730017658454,6.22349002678804));
#15227=CARTESIAN_POINT('Ctrl Pts',(10.1103884705082,5.47390671301469,6.2167940005815));
#15228=CARTESIAN_POINT('Ctrl Pts',(10.1043592701951,5.47476776897006,6.20991441323259));
#15229=CARTESIAN_POINT('Ctrl Pts',(10.0984731622131,5.47559451540392,6.20279838207665));
#15230=CARTESIAN_POINT('Ctrl Pts',(10.0977040118033,5.4757025481414,6.20186851495619));
#15231=CARTESIAN_POINT('Ctrl Pts',(10.0969382513921,5.4758098558416,6.20093573045988));
#15232=CARTESIAN_POINT('Ctrl Pts',(10.0961758869543,5.47591644755864,6.19999999999574));
#15233=CARTESIAN_POINT('Ctrl Pts',(10.0961758868662,5.47591644757096,6.20000000081147));
#15234=CARTESIAN_POINT('Ctrl Pts',(10.093397268923,5.47630494630257,6.22573516449233));
#15235=CARTESIAN_POINT('Ctrl Pts',(10.0970185923196,5.4707434968188,6.27748822815825));
#15236=CARTESIAN_POINT('Ctrl Pts',(10.1387519050864,5.43552737538459,6.37406891295536));
#15237=CARTESIAN_POINT('Ctrl Pts',(10.259919641948,5.33918748350794,6.48944715947093));
#15238=CARTESIAN_POINT('Ctrl Pts',(10.3973534102438,5.22200078509794,6.54348135847601));
#15239=CARTESIAN_POINT('Ctrl Pts',(10.4782659742688,5.1418650526579,6.56559796307746));
#15240=CARTESIAN_POINT('Origin',(9.75,3.,6.2));
#15241=CARTESIAN_POINT('',(10.55,0.631456143534599,6.2));
#15242=CARTESIAN_POINT('Origin',(9.75,3.,6.2));
#15243=CARTESIAN_POINT('',(10.55,0.634767807239182,6.25000000023726));
#15244=CARTESIAN_POINT('Ctrl Pts',(10.55,0.634767807208175,6.25000000024138));
#15245=CARTESIAN_POINT('Ctrl Pts',(10.55,0.632494748153206,6.23290928996267));
#15246=CARTESIAN_POINT('Ctrl Pts',(10.55,0.631456143534598,6.215975617543));
#15247=CARTESIAN_POINT('Ctrl Pts',(10.55,0.631456143534598,6.2));
#15248=CARTESIAN_POINT('Ctrl Pts',(10.55,0.634767807208175,6.25000000024138));
#15249=CARTESIAN_POINT('Ctrl Pts',(10.55,0.639382215115979,6.28469487914815));
#15250=CARTESIAN_POINT('Ctrl Pts',(10.55,0.649473803161892,6.31998784425574));
#15251=CARTESIAN_POINT('Ctrl Pts',(10.55,0.681751017162442,6.39559011864316));
#15252=CARTESIAN_POINT('Ctrl Pts',(10.55,0.715865380341676,6.44461654482089));
#15253=CARTESIAN_POINT('Ctrl Pts',(10.55,0.788914996729663,6.51522022818946));
#15254=CARTESIAN_POINT('Ctrl Pts',(10.55,0.841342692228543,6.54865949647648));
#15255=CARTESIAN_POINT('Ctrl Pts',(10.55,0.903186239348003,6.57334957643208));
#15256=CARTESIAN_POINT('Ctrl Pts',(10.55,0.917863916983806,6.578394534032));
#15257=CARTESIAN_POINT('Ctrl Pts',(10.55,0.933091232749891,6.58271097305128));
#15258=CARTESIAN_POINT('Origin',(9.75,3.,6.6));
#15259=CARTESIAN_POINT('Origin',(9.75,3.,1.6));
#15260=CARTESIAN_POINT('',(10.55,0.631456143534598,6.6));
#15261=CARTESIAN_POINT('',(12.25,3.,1.6));
#15262=CARTESIAN_POINT('',(12.25,3.,1.6));
#15263=CARTESIAN_POINT('Origin',(9.75,3.,1.6));
#15264=CARTESIAN_POINT('Origin',(10.55,5.3685438564654,6.6));
#15265=CARTESIAN_POINT('Origin',(9.75,3.,6.6));
#15266=CARTESIAN_POINT('Origin',(9.75,3.,1.6));
#15267=CARTESIAN_POINT('Origin',(14.5,10.,1.6));
#15268=CARTESIAN_POINT('',(14.5,18.,1.6));
#15269=CARTESIAN_POINT('',(14.5,10.,1.6));
#15270=CARTESIAN_POINT('',(14.5,18.,1.6));
#15271=CARTESIAN_POINT('',(14.5,18.,3.1));
#15272=CARTESIAN_POINT('',(14.5,18.,1.6));
#15273=CARTESIAN_POINT('',(14.5,10.,3.1));
#15274=CARTESIAN_POINT('',(14.5,18.,3.1));
#15275=CARTESIAN_POINT('',(14.5,10.,1.6));
#15276=CARTESIAN_POINT('Origin',(8.5,10.,1.6));
#15277=CARTESIAN_POINT('',(8.5,10.,1.6));
#15278=CARTESIAN_POINT('',(14.5,10.,1.6));
#15279=CARTESIAN_POINT('',(8.5,10.,3.1));
#15280=CARTESIAN_POINT('',(14.5,10.,3.1));
#15281=CARTESIAN_POINT('',(8.5,10.,1.6));
#15282=CARTESIAN_POINT('Origin',(8.5,18.,1.6));
#15283=CARTESIAN_POINT('',(8.5,18.,1.6));
#15284=CARTESIAN_POINT('',(8.5,10.,1.6));
#15285=CARTESIAN_POINT('',(8.5,18.,3.1));
#15286=CARTESIAN_POINT('',(8.5,10.,3.1));
#15287=CARTESIAN_POINT('',(8.5,18.,1.6));
#15288=CARTESIAN_POINT('Origin',(14.5,18.,1.6));
#15289=CARTESIAN_POINT('',(8.5,18.,1.6));
#15290=CARTESIAN_POINT('',(8.5,18.,3.1));
#15291=CARTESIAN_POINT('Origin',(11.5,14.,3.1));
#15292=CARTESIAN_POINT('Origin',(11.5,14.,1.6));
#15293=UNCERTAINTY_MEASURE_WITH_UNIT(LENGTH_MEASURE(0.01),#15297,
'DISTANCE_ACCURACY_VALUE',
'Maximum model space distance between geometric entities at asserted c
onnectivities');
#15294=UNCERTAINTY_MEASURE_WITH_UNIT(LENGTH_MEASURE(0.01),#15297,
'DISTANCE_ACCURACY_VALUE',
'Maximum model space distance between geometric entities at asserted c
onnectivities');
#15295=(
GEOMETRIC_REPRESENTATION_CONTEXT(3)
GLOBAL_UNCERTAINTY_ASSIGNED_CONTEXT((#15293))
GLOBAL_UNIT_ASSIGNED_CONTEXT((#15297,#15299,#15300))
REPRESENTATION_CONTEXT('','3D')
);
#15296=(
GEOMETRIC_REPRESENTATION_CONTEXT(3)
GLOBAL_UNCERTAINTY_ASSIGNED_CONTEXT((#15294))
GLOBAL_UNIT_ASSIGNED_CONTEXT((#15297,#15299,#15300))
REPRESENTATION_CONTEXT('','3D')
);
#15297=(
LENGTH_UNIT()
NAMED_UNIT(*)
SI_UNIT(.MILLI.,.METRE.)
);
#15298=(
LENGTH_UNIT()
NAMED_UNIT(*)
SI_UNIT($,.METRE.)
);
#15299=(
NAMED_UNIT(*)
PLANE_ANGLE_UNIT()
SI_UNIT($,.RADIAN.)
);
#15300=(
NAMED_UNIT(*)
SI_UNIT($,.STERADIAN.)
SOLID_ANGLE_UNIT()
);
#15301=SHAPE_DEFINITION_REPRESENTATION(#15302,#15303);
#15302=PRODUCT_DEFINITION_SHAPE('',$,#15305);
#15303=SHAPE_REPRESENTATION('',(#9561),#15295);
#15304=PRODUCT_DEFINITION_CONTEXT('part definition',#15309,'design');
#15305=PRODUCT_DEFINITION('\X2\0434044004300439043204350440\X0\',
'\X2\0434044004300439043204350440\X0\ v9',#15306,#15304);
#15306=PRODUCT_DEFINITION_FORMATION('',$,#15311);
#15307=PRODUCT_RELATED_PRODUCT_CATEGORY('\X2\0434044004300439043204350440\X0\ 
v9','\X2\0434044004300439043204350440\X0\ v9',(#15311));
#15308=APPLICATION_PROTOCOL_DEFINITION('international standard',
'automotive_design',2009,#15309);
#15309=APPLICATION_CONTEXT(
'Core Data for Automotive Mechanical Design Process');
#15310=PRODUCT_CONTEXT('part definition',#15309,'mechanical');
#15311=PRODUCT('\X2\0434044004300439043204350440\X0\',
'\X2\0434044004300439043204350440\X0\ v9',$,(#15310));
#15312=PRESENTATION_STYLE_ASSIGNMENT((#15317));
#15313=PRESENTATION_STYLE_ASSIGNMENT((#15318));
#15314=PRESENTATION_STYLE_ASSIGNMENT((#15319));
#15315=PRESENTATION_STYLE_ASSIGNMENT((#15320));
#15316=PRESENTATION_STYLE_ASSIGNMENT((#15321));
#15317=SURFACE_STYLE_USAGE(.BOTH.,#15322);
#15318=SURFACE_STYLE_USAGE(.BOTH.,#15323);
#15319=SURFACE_STYLE_USAGE(.BOTH.,#15324);
#15320=SURFACE_STYLE_USAGE(.BOTH.,#15325);
#15321=SURFACE_STYLE_USAGE(.BOTH.,#15326);
#15322=SURFACE_SIDE_STYLE('',(#15327));
#15323=SURFACE_SIDE_STYLE('',(#15328));
#15324=SURFACE_SIDE_STYLE('',(#15329));
#15325=SURFACE_SIDE_STYLE('',(#15330));
#15326=SURFACE_SIDE_STYLE('',(#15331));
#15327=SURFACE_STYLE_FILL_AREA(#15332);
#15328=SURFACE_STYLE_FILL_AREA(#15333);
#15329=SURFACE_STYLE_FILL_AREA(#15334);
#15330=SURFACE_STYLE_FILL_AREA(#15335);
#15331=SURFACE_STYLE_FILL_AREA(#15336);
#15332=FILL_AREA_STYLE('Steel - Satin',(#15337));
#15333=FILL_AREA_STYLE('Plastic - Translucent Glossy (Blue)',(#15338));
#15334=FILL_AREA_STYLE('ABS (White)',(#15339));
#15335=FILL_AREA_STYLE('ABS (White)',(#15340));
#15336=FILL_AREA_STYLE('Aluminum - Polished',(#15341));
#15337=FILL_AREA_STYLE_COLOUR('Steel - Satin',#15342);
#15338=FILL_AREA_STYLE_COLOUR('Plastic - Translucent Glossy (Blue)',#15343);
#15339=FILL_AREA_STYLE_COLOUR('ABS (White)',#15344);
#15340=FILL_AREA_STYLE_COLOUR('ABS (White)',#15345);
#15341=FILL_AREA_STYLE_COLOUR('Aluminum - Polished',#15346);
#15342=COLOUR_RGB('Steel - Satin',0.627450980392157,0.627450980392157,0.627450980392157);
#15343=COLOUR_RGB('Plastic - Translucent Glossy (Blue)',0.0470588235294118,
0.156862745098039,0.709803921568627);
#15344=COLOUR_RGB('ABS (White)',0.,0.,0.);
#15345=COLOUR_RGB('ABS (White)',0.258823529411765,0.258823529411765,0.243137254901961);
#15346=COLOUR_RGB('Aluminum - Polished',0.96078431372549,0.96078431372549,
0.964705882352941);
ENDSEC;
END-ISO-10303-21;
